<?xml version="1.0" encoding="UTF-8"?>
<gpx xmlns="http://www.topografix.com/GPX/1/1" xmlns:gpxtpx="http://www.garmin.com/xmlschemas/TrackPointExtension/v1" xmlns:xsi="http://www.w3.org/2001/XMLSchema-instance" xsi:schemaLocation="http://www.topografix.com/GPX/1/1 http://www.topografix.com/GPX/1/1/gpx.xsd" version="1.1" creator="gpx.py -- https://github.com/tkrajina/gpxpy">
  <trk>
    <name>gpx from keep</name>
    <type>Walk</type>
    <trkseg>
      <trkpt lat="-33.862500144168735" lon="151.2038492783904">
        <ele>22.0</ele>
        <time>2026-08-28T01:12:27Z</time>
        <extensions>
          <gpxtpx:TrackPointExtension>
            <gpxtpx:hr>91</gpxtpx:hr>
          </gpxtpx:TrackPointExtension>
        </extensions>
      </trkpt>
      <trkpt lat="-33.86247005313635" lon="151.2038241326809">
        <ele>22.0</ele>
        <time>2026-08-28T01:12:30Z</time>
        <extensions>
          <gpxtpx:TrackPointExtension>
            <gpxtpx:hr>91</gpxtpx:hr>
          </gpxtpx:TrackPointExtension>
        </extensions>
      </trkpt>
      <trkpt lat="-33.8624382019043" lon="151.203797981143">
        <ele>22.0</ele>
        <time>2026-08-28T01:12:33Z</time>
        <extensions>
          <gpxtpx:TrackPointExtension>
            <gpxtpx:hr>90</gpxtpx:hr>
          </gpxtpx:TrackPointExtension>
        </extensions>
      </trkpt>
      <trkpt lat="-33.86242856271565" lon="151.2037787027657">
        <ele>23.0</ele>
        <time>2026-08-28T01:12:36Z</time>
        <extensions>
          <gpxtpx:TrackPointExtension>
            <gpxtpx:hr>89</gpxtpx:hr>
          </gpxtpx:TrackPointExtension>
        </extensions>
      </trkpt>
      <trkpt lat="-33.8624345138669" lon="151.20376587845385">
        <ele>23.0</ele>
        <time>2026-08-28T01:12:39Z</time>
        <extensions>
          <gpxtpx:TrackPointExtension>
            <gpxtpx:hr>88</gpxtpx:hr>
          </gpxtpx:TrackPointExtension>
        </extensions>
      </trkpt>
      <trkpt lat="-33.86242956854403" lon="151.20375791564584">
        <ele>23.0</ele>
        <time>2026-08-28T01:12:42Z</time>
        <extensions>
          <gpxtpx:TrackPointExtension>
            <gpxtpx:hr>84</gpxtpx:hr>
          </gpxtpx:TrackPointExtension>
        </extensions>
      </trkpt>
      <trkpt lat="-33.862408781424165" lon="151.20375799946487">
        <ele>23.0</ele>
        <time>2026-08-28T01:12:45Z</time>
        <extensions>
          <gpxtpx:TrackPointExtension>
            <gpxtpx:hr>83</gpxtpx:hr>
          </gpxtpx:TrackPointExtension>
        </extensions>
      </trkpt>
      <trkpt lat="-33.8623932749033" lon="151.20375925675035">
        <ele>23.0</ele>
        <time>2026-08-28T01:12:48Z</time>
        <extensions>
          <gpxtpx:TrackPointExtension>
            <gpxtpx:hr>82</gpxtpx:hr>
          </gpxtpx:TrackPointExtension>
        </extensions>
      </trkpt>
      <trkpt lat="-33.86235874146223" lon="151.2037628609687">
        <ele>23.0</ele>
        <time>2026-08-28T01:12:51Z</time>
        <extensions>
          <gpxtpx:TrackPointExtension>
            <gpxtpx:hr>79</gpxtpx:hr>
          </gpxtpx:TrackPointExtension>
        </extensions>
      </trkpt>
      <trkpt lat="-33.8623221963644" lon="151.20376554317772">
        <ele>23.0</ele>
        <time>2026-08-28T01:12:54Z</time>
        <extensions>
          <gpxtpx:TrackPointExtension>
            <gpxtpx:hr>80</gpxtpx:hr>
          </gpxtpx:TrackPointExtension>
        </extensions>
      </trkpt>
      <trkpt lat="-33.86228489689529" lon="151.203766297549">
        <ele>23.0</ele>
        <time>2026-08-28T01:12:57Z</time>
        <extensions>
          <gpxtpx:TrackPointExtension>
            <gpxtpx:hr>84</gpxtpx:hr>
          </gpxtpx:TrackPointExtension>
        </extensions>
      </trkpt>
      <trkpt lat="-33.862251956015825" lon="151.20376587845385">
        <ele>23.0</ele>
        <time>2026-08-28T01:13:00Z</time>
        <extensions>
          <gpxtpx:TrackPointExtension>
            <gpxtpx:hr>86</gpxtpx:hr>
          </gpxtpx:TrackPointExtension>
        </extensions>
      </trkpt>
      <trkpt lat="-33.86222328990698" lon="151.2037816364318">
        <ele>23.0</ele>
        <time>2026-08-28T01:13:03Z</time>
        <extensions>
          <gpxtpx:TrackPointExtension>
            <gpxtpx:hr>87</gpxtpx:hr>
          </gpxtpx:TrackPointExtension>
        </extensions>
      </trkpt>
      <trkpt lat="-33.86219437234104" lon="151.20380502194166">
        <ele>23.0</ele>
        <time>2026-08-28T01:13:06Z</time>
        <extensions>
          <gpxtpx:TrackPointExtension>
            <gpxtpx:hr>87</gpxtpx:hr>
          </gpxtpx:TrackPointExtension>
        </extensions>
      </trkpt>
      <trkpt lat="-33.86216629296541" lon="151.20381742715836">
        <ele>23.0</ele>
        <time>2026-08-28T01:13:09Z</time>
        <extensions>
          <gpxtpx:TrackPointExtension>
            <gpxtpx:hr>88</gpxtpx:hr>
          </gpxtpx:TrackPointExtension>
        </extensions>
      </trkpt>
      <trkpt lat="-33.86214181780815" lon="151.20381239801645">
        <ele>23.0</ele>
        <time>2026-08-28T01:13:12Z</time>
        <extensions>
          <gpxtpx:TrackPointExtension>
            <gpxtpx:hr>88</gpxtpx:hr>
          </gpxtpx:TrackPointExtension>
        </extensions>
      </trkpt>
      <trkpt lat="-33.86212178505957" lon="151.20378515683115">
        <ele>23.0</ele>
        <time>2026-08-28T01:13:15Z</time>
        <extensions>
          <gpxtpx:TrackPointExtension>
            <gpxtpx:hr>89</gpxtpx:hr>
          </gpxtpx:TrackPointExtension>
        </extensions>
      </trkpt>
      <trkpt lat="-33.86209479533136" lon="151.20374685153365">
        <ele>23.0</ele>
        <time>2026-08-28T01:13:18Z</time>
        <extensions>
          <gpxtpx:TrackPointExtension>
            <gpxtpx:hr>88</gpxtpx:hr>
          </gpxtpx:TrackPointExtension>
        </extensions>
      </trkpt>
      <trkpt lat="-33.862059842795134" lon="151.20370804332197">
        <ele>23.0</ele>
        <time>2026-08-28T01:13:21Z</time>
        <extensions>
          <gpxtpx:TrackPointExtension>
            <gpxtpx:hr>87</gpxtpx:hr>
          </gpxtpx:TrackPointExtension>
        </extensions>
      </trkpt>
      <trkpt lat="-33.86202388443053" lon="151.20368021540344">
        <ele>23.0</ele>
        <time>2026-08-28T01:13:24Z</time>
        <extensions>
          <gpxtpx:TrackPointExtension>
            <gpxtpx:hr>86</gpxtpx:hr>
          </gpxtpx:TrackPointExtension>
        </extensions>
      </trkpt>
      <trkpt lat="-33.8619873393327" lon="151.2036647927016">
        <ele>23.0</ele>
        <time>2026-08-28T01:13:27Z</time>
        <extensions>
          <gpxtpx:TrackPointExtension>
            <gpxtpx:hr>86</gpxtpx:hr>
          </gpxtpx:TrackPointExtension>
        </extensions>
      </trkpt>
      <trkpt lat="-33.86195205152035" lon="151.2036558240652">
        <ele>23.0</ele>
        <time>2026-08-28T01:13:30Z</time>
        <extensions>
          <gpxtpx:TrackPointExtension>
            <gpxtpx:hr>85</gpxtpx:hr>
          </gpxtpx:TrackPointExtension>
        </extensions>
      </trkpt>
      <trkpt lat="-33.86191559024155" lon="151.20365029200912">
        <ele>23.0</ele>
        <time>2026-08-28T01:13:33Z</time>
        <extensions>
          <gpxtpx:TrackPointExtension>
            <gpxtpx:hr>85</gpxtpx:hr>
          </gpxtpx:TrackPointExtension>
        </extensions>
      </trkpt>
      <trkpt lat="-33.8618768658489" lon="151.20364492759109">
        <ele>23.0</ele>
        <time>2026-08-28T01:13:36Z</time>
        <extensions>
          <gpxtpx:TrackPointExtension>
            <gpxtpx:hr>88</gpxtpx:hr>
          </gpxtpx:TrackPointExtension>
        </extensions>
      </trkpt>
      <trkpt lat="-33.86184023693204" lon="151.20364065282047">
        <ele>23.0</ele>
        <time>2026-08-28T01:13:39Z</time>
        <extensions>
          <gpxtpx:TrackPointExtension>
            <gpxtpx:hr>90</gpxtpx:hr>
          </gpxtpx:TrackPointExtension>
        </extensions>
      </trkpt>
      <trkpt lat="-33.86180570349097" lon="151.20363872498274">
        <ele>23.0</ele>
        <time>2026-08-28T01:13:42Z</time>
        <extensions>
          <gpxtpx:TrackPointExtension>
            <gpxtpx:hr>93</gpxtpx:hr>
          </gpxtpx:TrackPointExtension>
        </extensions>
      </trkpt>
      <trkpt lat="-33.861772092059255" lon="151.20363352820277">
        <ele>23.0</ele>
        <time>2026-08-28T01:13:45Z</time>
        <extensions>
          <gpxtpx:TrackPointExtension>
            <gpxtpx:hr>92</gpxtpx:hr>
          </gpxtpx:TrackPointExtension>
        </extensions>
      </trkpt>
      <trkpt lat="-33.86173898354173" lon="151.2036238051951">
        <ele>23.0</ele>
        <time>2026-08-28T01:13:48Z</time>
        <extensions>
          <gpxtpx:TrackPointExtension>
            <gpxtpx:hr>92</gpxtpx:hr>
          </gpxtpx:TrackPointExtension>
        </extensions>
      </trkpt>
      <trkpt lat="-33.86170478537679" lon="151.2036143336445">
        <ele>23.0</ele>
        <time>2026-08-28T01:13:51Z</time>
        <extensions>
          <gpxtpx:TrackPointExtension>
            <gpxtpx:hr>94</gpxtpx:hr>
          </gpxtpx:TrackPointExtension>
        </extensions>
      </trkpt>
      <trkpt lat="-33.861670419573784" lon="151.20360595174134">
        <ele>23.0</ele>
        <time>2026-08-28T01:13:54Z</time>
        <extensions>
          <gpxtpx:TrackPointExtension>
            <gpxtpx:hr>96</gpxtpx:hr>
          </gpxtpx:TrackPointExtension>
        </extensions>
      </trkpt>
      <trkpt lat="-33.86163907125592" lon="151.20360469445586">
        <ele>23.0</ele>
        <time>2026-08-28T01:13:57Z</time>
        <extensions>
          <gpxtpx:TrackPointExtension>
            <gpxtpx:hr>97</gpxtpx:hr>
          </gpxtpx:TrackPointExtension>
        </extensions>
      </trkpt>
      <trkpt lat="-33.86161115951836" lon="151.20361072942615">
        <ele>23.0</ele>
        <time>2026-08-28T01:14:00Z</time>
        <extensions>
          <gpxtpx:TrackPointExtension>
            <gpxtpx:hr>95</gpxtpx:hr>
          </gpxtpx:TrackPointExtension>
        </extensions>
      </trkpt>
      <trkpt lat="-33.861582577228546" lon="151.2036171834916">
        <ele>23.0</ele>
        <time>2026-08-28T01:14:03Z</time>
        <extensions>
          <gpxtpx:TrackPointExtension>
            <gpxtpx:hr>95</gpxtpx:hr>
          </gpxtpx:TrackPointExtension>
        </extensions>
      </trkpt>
      <trkpt lat="-33.86155114509165" lon="151.20361978188157">
        <ele>23.0</ele>
        <time>2026-08-28T01:14:06Z</time>
        <extensions>
          <gpxtpx:TrackPointExtension>
            <gpxtpx:hr>95</gpxtpx:hr>
          </gpxtpx:TrackPointExtension>
        </extensions>
      </trkpt>
      <trkpt lat="-33.8615158572793" lon="151.20361894369125">
        <ele>23.0</ele>
        <time>2026-08-28T01:14:09Z</time>
        <extensions>
          <gpxtpx:TrackPointExtension>
            <gpxtpx:hr>95</gpxtpx:hr>
          </gpxtpx:TrackPointExtension>
        </extensions>
      </trkpt>
      <trkpt lat="-33.86148065328598" lon="151.2036206200719">
        <ele>23.0</ele>
        <time>2026-08-28T01:14:12Z</time>
        <extensions>
          <gpxtpx:TrackPointExtension>
            <gpxtpx:hr>97</gpxtpx:hr>
          </gpxtpx:TrackPointExtension>
        </extensions>
      </trkpt>
      <trkpt lat="-33.86144301854074" lon="151.20363134890795">
        <ele>23.0</ele>
        <time>2026-08-28T01:14:15Z</time>
        <extensions>
          <gpxtpx:TrackPointExtension>
            <gpxtpx:hr>98</gpxtpx:hr>
          </gpxtpx:TrackPointExtension>
        </extensions>
      </trkpt>
      <trkpt lat="-33.86140747927129" lon="151.203636797145">
        <ele>23.0</ele>
        <time>2026-08-28T01:14:18Z</time>
        <extensions>
          <gpxtpx:TrackPointExtension>
            <gpxtpx:hr>99</gpxtpx:hr>
          </gpxtpx:TrackPointExtension>
        </extensions>
      </trkpt>
      <trkpt lat="-33.861374789848924" lon="151.20363662950695">
        <ele>24.0</ele>
        <time>2026-08-28T01:14:21Z</time>
        <extensions>
          <gpxtpx:TrackPointExtension>
            <gpxtpx:hr>102</gpxtpx:hr>
          </gpxtpx:TrackPointExtension>
        </extensions>
      </trkpt>
      <trkpt lat="-33.86134394444525" lon="151.2036336120218">
        <ele>24.0</ele>
        <time>2026-08-28T01:14:24Z</time>
        <extensions>
          <gpxtpx:TrackPointExtension>
            <gpxtpx:hr>104</gpxtpx:hr>
          </gpxtpx:TrackPointExtension>
        </extensions>
      </trkpt>
      <trkpt lat="-33.86131075210869" lon="151.20362975634634">
        <ele>24.0</ele>
        <time>2026-08-28T01:14:27Z</time>
        <extensions>
          <gpxtpx:TrackPointExtension>
            <gpxtpx:hr>106</gpxtpx:hr>
          </gpxtpx:TrackPointExtension>
        </extensions>
      </trkpt>
      <trkpt lat="-33.86127638630569" lon="151.20362950488925">
        <ele>24.0</ele>
        <time>2026-08-28T01:14:30Z</time>
        <extensions>
          <gpxtpx:TrackPointExtension>
            <gpxtpx:hr>104</gpxtpx:hr>
          </gpxtpx:TrackPointExtension>
        </extensions>
      </trkpt>
      <trkpt lat="-33.86124084703624" lon="151.20363562367857">
        <ele>24.0</ele>
        <time>2026-08-28T01:14:33Z</time>
        <extensions>
          <gpxtpx:TrackPointExtension>
            <gpxtpx:hr>100</gpxtpx:hr>
          </gpxtpx:TrackPointExtension>
        </extensions>
      </trkpt>
      <trkpt lat="-33.86120463721454" lon="151.20364090427756">
        <ele>24.0</ele>
        <time>2026-08-28T01:14:36Z</time>
        <extensions>
          <gpxtpx:TrackPointExtension>
            <gpxtpx:hr>97</gpxtpx:hr>
          </gpxtpx:TrackPointExtension>
        </extensions>
      </trkpt>
      <trkpt lat="-33.86116800829768" lon="151.20364140719175">
        <ele>24.0</ele>
        <time>2026-08-28T01:14:39Z</time>
        <extensions>
          <gpxtpx:TrackPointExtension>
            <gpxtpx:hr>96</gpxtpx:hr>
          </gpxtpx:TrackPointExtension>
        </extensions>
      </trkpt>
      <trkpt lat="-33.86112509295344" lon="151.20365372858942">
        <ele>24.0</ele>
        <time>2026-08-28T01:14:42Z</time>
        <extensions>
          <gpxtpx:TrackPointExtension>
            <gpxtpx:hr>94</gpxtpx:hr>
          </gpxtpx:TrackPointExtension>
        </extensions>
      </trkpt>
      <trkpt lat="-33.861100701615214" lon="151.2036528903991">
        <ele>23.0</ele>
        <time>2026-08-28T01:14:48Z</time>
        <extensions>
          <gpxtpx:TrackPointExtension>
            <gpxtpx:hr>89</gpxtpx:hr>
          </gpxtpx:TrackPointExtension>
        </extensions>
      </trkpt>
      <trkpt lat="-33.861090475693345" lon="151.20363025926054">
        <ele>23.0</ele>
        <time>2026-08-28T01:14:51Z</time>
        <extensions>
          <gpxtpx:TrackPointExtension>
            <gpxtpx:hr>86</gpxtpx:hr>
          </gpxtpx:TrackPointExtension>
        </extensions>
      </trkpt>
      <trkpt lat="-33.86109005659819" lon="151.20360301807523">
        <ele>23.0</ele>
        <time>2026-08-28T01:14:54Z</time>
        <extensions>
          <gpxtpx:TrackPointExtension>
            <gpxtpx:hr>86</gpxtpx:hr>
          </gpxtpx:TrackPointExtension>
        </extensions>
      </trkpt>
      <trkpt lat="-33.86109039187431" lon="151.20357141830027">
        <ele>23.0</ele>
        <time>2026-08-28T01:14:57Z</time>
        <extensions>
          <gpxtpx:TrackPointExtension>
            <gpxtpx:hr>87</gpxtpx:hr>
          </gpxtpx:TrackPointExtension>
        </extensions>
      </trkpt>
      <trkpt lat="-33.86107957921922" lon="151.203536381945">
        <ele>23.0</ele>
        <time>2026-08-28T01:15:00Z</time>
        <extensions>
          <gpxtpx:TrackPointExtension>
            <gpxtpx:hr>87</gpxtpx:hr>
          </gpxtpx:TrackPointExtension>
        </extensions>
      </trkpt>
      <trkpt lat="-33.86107513681054" lon="151.20349816046655">
        <ele>23.0</ele>
        <time>2026-08-28T01:15:03Z</time>
        <extensions>
          <gpxtpx:TrackPointExtension>
            <gpxtpx:hr>87</gpxtpx:hr>
          </gpxtpx:TrackPointExtension>
        </extensions>
      </trkpt>
      <trkpt lat="-33.86107848957181" lon="151.203459687531">
        <ele>23.0</ele>
        <time>2026-08-28T01:15:06Z</time>
        <extensions>
          <gpxtpx:TrackPointExtension>
            <gpxtpx:hr>87</gpxtpx:hr>
          </gpxtpx:TrackPointExtension>
        </extensions>
      </trkpt>
      <trkpt lat="-33.86108351871371" lon="151.20342289097607">
        <ele>22.0</ele>
        <time>2026-08-28T01:15:09Z</time>
        <extensions>
          <gpxtpx:TrackPointExtension>
            <gpxtpx:hr>87</gpxtpx:hr>
          </gpxtpx:TrackPointExtension>
        </extensions>
      </trkpt>
      <trkpt lat="-33.86108988896012" lon="151.20338693261147">
        <ele>22.0</ele>
        <time>2026-08-28T01:15:12Z</time>
        <extensions>
          <gpxtpx:TrackPointExtension>
            <gpxtpx:hr>88</gpxtpx:hr>
          </gpxtpx:TrackPointExtension>
        </extensions>
      </trkpt>
      <trkpt lat="-33.86109709739685" lon="151.20334904640913">
        <ele>22.0</ele>
        <time>2026-08-28T01:15:15Z</time>
        <extensions>
          <gpxtpx:TrackPointExtension>
            <gpxtpx:hr>86</gpxtpx:hr>
          </gpxtpx:TrackPointExtension>
        </extensions>
      </trkpt>
      <trkpt lat="-33.861099695786834" lon="151.20331132784486">
        <ele>22.0</ele>
        <time>2026-08-28T01:15:18Z</time>
        <extensions>
          <gpxtpx:TrackPointExtension>
            <gpxtpx:hr>83</gpxtpx:hr>
          </gpxtpx:TrackPointExtension>
        </extensions>
      </trkpt>
      <trkpt lat="-33.86110103689134" lon="151.20327386073768">
        <ele>21.0</ele>
        <time>2026-08-28T01:15:21Z</time>
        <extensions>
          <gpxtpx:TrackPointExtension>
            <gpxtpx:hr>82</gpxtpx:hr>
          </gpxtpx:TrackPointExtension>
        </extensions>
      </trkpt>
      <trkpt lat="-33.861106066033244" lon="151.203235052526">
        <ele>21.0</ele>
        <time>2026-08-28T01:15:24Z</time>
        <extensions>
          <gpxtpx:TrackPointExtension>
            <gpxtpx:hr>81</gpxtpx:hr>
          </gpxtpx:TrackPointExtension>
        </extensions>
      </trkpt>
      <trkpt lat="-33.861106652766466" lon="151.20319775305688">
        <ele>21.0</ele>
        <time>2026-08-28T01:15:27Z</time>
        <extensions>
          <gpxtpx:TrackPointExtension>
            <gpxtpx:hr>80</gpxtpx:hr>
          </gpxtpx:TrackPointExtension>
        </extensions>
      </trkpt>
      <trkpt lat="-33.86110229417682" lon="151.20316313579679">
        <ele>21.0</ele>
        <time>2026-08-28T01:15:30Z</time>
        <extensions>
          <gpxtpx:TrackPointExtension>
            <gpxtpx:hr>81</gpxtpx:hr>
          </gpxtpx:TrackPointExtension>
        </extensions>
      </trkpt>
      <trkpt lat="-33.861097767949104" lon="151.20312742888927">
        <ele>20.0</ele>
        <time>2026-08-28T01:15:33Z</time>
        <extensions>
          <gpxtpx:TrackPointExtension>
            <gpxtpx:hr>82</gpxtpx:hr>
          </gpxtpx:TrackPointExtension>
        </extensions>
      </trkpt>
      <trkpt lat="-33.86109600774944" lon="151.20308660902083">
        <ele>20.0</ele>
        <time>2026-08-28T01:15:36Z</time>
        <extensions>
          <gpxtpx:TrackPointExtension>
            <gpxtpx:hr>88</gpxtpx:hr>
          </gpxtpx:TrackPointExtension>
        </extensions>
      </trkpt>
      <trkpt lat="-33.86109315790236" lon="151.2030429393053">
        <ele>20.0</ele>
        <time>2026-08-28T01:15:39Z</time>
        <extensions>
          <gpxtpx:TrackPointExtension>
            <gpxtpx:hr>89</gpxtpx:hr>
          </gpxtpx:TrackPointExtension>
        </extensions>
      </trkpt>
      <trkpt lat="-33.861087961122394" lon="151.20300102978945">
        <ele>20.0</ele>
        <time>2026-08-28T01:15:42Z</time>
        <extensions>
          <gpxtpx:TrackPointExtension>
            <gpxtpx:hr>91</gpxtpx:hr>
          </gpxtpx:TrackPointExtension>
        </extensions>
      </trkpt>
      <trkpt lat="-33.86108251288533" lon="151.20296465232968">
        <ele>20.0</ele>
        <time>2026-08-28T01:15:45Z</time>
        <extensions>
          <gpxtpx:TrackPointExtension>
            <gpxtpx:hr>94</gpxtpx:hr>
          </gpxtpx:TrackPointExtension>
        </extensions>
      </trkpt>
      <trkpt lat="-33.86107748374343" lon="151.20293154381216">
        <ele>20.0</ele>
        <time>2026-08-28T01:15:48Z</time>
        <extensions>
          <gpxtpx:TrackPointExtension>
            <gpxtpx:hr>95</gpxtpx:hr>
          </gpxtpx:TrackPointExtension>
        </extensions>
      </trkpt>
      <trkpt lat="-33.86107354424894" lon="151.2029173783958">
        <ele>19.0</ele>
        <time>2026-08-28T01:16:03Z</time>
        <extensions>
          <gpxtpx:TrackPointExtension>
            <gpxtpx:hr>92</gpxtpx:hr>
          </gpxtpx:TrackPointExtension>
        </extensions>
      </trkpt>
      <trkpt lat="-33.861055355519056" lon="151.20292073115706">
        <ele>19.0</ele>
        <time>2026-08-28T01:16:06Z</time>
        <extensions>
          <gpxtpx:TrackPointExtension>
            <gpxtpx:hr>91</gpxtpx:hr>
          </gpxtpx:TrackPointExtension>
        </extensions>
      </trkpt>
      <trkpt lat="-33.861027862876654" lon="151.20293975807726">
        <ele>19.0</ele>
        <time>2026-08-28T01:16:09Z</time>
        <extensions>
          <gpxtpx:TrackPointExtension>
            <gpxtpx:hr>90</gpxtpx:hr>
          </gpxtpx:TrackPointExtension>
        </extensions>
      </trkpt>
      <trkpt lat="-33.86099508963525" lon="151.2029530853033">
        <ele>19.0</ele>
        <time>2026-08-28T01:16:12Z</time>
        <extensions>
          <gpxtpx:TrackPointExtension>
            <gpxtpx:hr>89</gpxtpx:hr>
          </gpxtpx:TrackPointExtension>
        </extensions>
      </trkpt>
      <trkpt lat="-33.860960556194186" lon="151.2029535882175">
        <ele>19.0</ele>
        <time>2026-08-28T01:16:15Z</time>
        <extensions>
          <gpxtpx:TrackPointExtension>
            <gpxtpx:hr>88</gpxtpx:hr>
          </gpxtpx:TrackPointExtension>
        </extensions>
      </trkpt>
      <trkpt lat="-33.86092686094344" lon="151.2029475532472">
        <ele>18.0</ele>
        <time>2026-08-28T01:16:18Z</time>
        <extensions>
          <gpxtpx:TrackPointExtension>
            <gpxtpx:hr>88</gpxtpx:hr>
          </gpxtpx:TrackPointExtension>
        </extensions>
      </trkpt>
      <trkpt lat="-33.86089324951172" lon="151.2029425241053">
        <ele>18.0</ele>
        <time>2026-08-28T01:16:21Z</time>
        <extensions>
          <gpxtpx:TrackPointExtension>
            <gpxtpx:hr>85</gpxtpx:hr>
          </gpxtpx:TrackPointExtension>
        </extensions>
      </trkpt>
      <trkpt lat="-33.8608577940613" lon="151.2029419373721">
        <ele>18.0</ele>
        <time>2026-08-28T01:16:24Z</time>
        <extensions>
          <gpxtpx:TrackPointExtension>
            <gpxtpx:hr>85</gpxtpx:hr>
          </gpxtpx:TrackPointExtension>
        </extensions>
      </trkpt>
      <trkpt lat="-33.860819991678" lon="151.20294210501015">
        <ele>18.0</ele>
        <time>2026-08-28T01:16:27Z</time>
        <extensions>
          <gpxtpx:TrackPointExtension>
            <gpxtpx:hr>85</gpxtpx:hr>
          </gpxtpx:TrackPointExtension>
        </extensions>
      </trkpt>
      <trkpt lat="-33.86078177019954" lon="151.2029395904392">
        <ele>18.0</ele>
        <time>2026-08-28T01:16:30Z</time>
        <extensions>
          <gpxtpx:TrackPointExtension>
            <gpxtpx:hr>85</gpxtpx:hr>
          </gpxtpx:TrackPointExtension>
        </extensions>
      </trkpt>
      <trkpt lat="-33.86074514128268" lon="151.20293330401182">
        <ele>17.0</ele>
        <time>2026-08-28T01:16:33Z</time>
        <extensions>
          <gpxtpx:TrackPointExtension>
            <gpxtpx:hr>86</gpxtpx:hr>
          </gpxtpx:TrackPointExtension>
        </extensions>
      </trkpt>
      <trkpt lat="-33.860710356384516" lon="151.20292919687927">
        <ele>17.0</ele>
        <time>2026-08-28T01:16:36Z</time>
        <extensions>
          <gpxtpx:TrackPointExtension>
            <gpxtpx:hr>87</gpxtpx:hr>
          </gpxtpx:TrackPointExtension>
        </extensions>
      </trkpt>
      <trkpt lat="-33.86067884042859" lon="151.2029255926609">
        <ele>17.0</ele>
        <time>2026-08-28T01:16:39Z</time>
        <extensions>
          <gpxtpx:TrackPointExtension>
            <gpxtpx:hr>88</gpxtpx:hr>
          </gpxtpx:TrackPointExtension>
        </extensions>
      </trkpt>
      <trkpt lat="-33.860647743567824" lon="151.2029216531664">
        <ele>16.0</ele>
        <time>2026-08-28T01:16:42Z</time>
        <extensions>
          <gpxtpx:TrackPointExtension>
            <gpxtpx:hr>89</gpxtpx:hr>
          </gpxtpx:TrackPointExtension>
        </extensions>
      </trkpt>
      <trkpt lat="-33.86061564087868" lon="151.20291704311967">
        <ele>16.0</ele>
        <time>2026-08-28T01:16:45Z</time>
        <extensions>
          <gpxtpx:TrackPointExtension>
            <gpxtpx:hr>89</gpxtpx:hr>
          </gpxtpx:TrackPointExtension>
        </extensions>
      </trkpt>
      <trkpt lat="-33.86058739386499" lon="151.2029081583023">
        <ele>16.0</ele>
        <time>2026-08-28T01:16:48Z</time>
        <extensions>
          <gpxtpx:TrackPointExtension>
            <gpxtpx:hr>87</gpxtpx:hr>
          </gpxtpx:TrackPointExtension>
        </extensions>
      </trkpt>
      <trkpt lat="-33.86056878603995" lon="151.2028867006302">
        <ele>16.0</ele>
        <time>2026-08-28T01:16:51Z</time>
        <extensions>
          <gpxtpx:TrackPointExtension>
            <gpxtpx:hr>84</gpxtpx:hr>
          </gpxtpx:TrackPointExtension>
        </extensions>
      </trkpt>
      <trkpt lat="-33.86054506525397" lon="151.2028706073761">
        <ele>16.0</ele>
        <time>2026-08-28T01:16:54Z</time>
        <extensions>
          <gpxtpx:TrackPointExtension>
            <gpxtpx:hr>82</gpxtpx:hr>
          </gpxtpx:TrackPointExtension>
        </extensions>
      </trkpt>
      <trkpt lat="-33.860512962564826" lon="151.2028660811484">
        <ele>15.0</ele>
        <time>2026-08-28T01:16:57Z</time>
        <extensions>
          <gpxtpx:TrackPointExtension>
            <gpxtpx:hr>82</gpxtpx:hr>
          </gpxtpx:TrackPointExtension>
        </extensions>
      </trkpt>
      <trkpt lat="-33.860478261485696" lon="151.20286524295807">
        <ele>15.0</ele>
        <time>2026-08-28T01:17:00Z</time>
        <extensions>
          <gpxtpx:TrackPointExtension>
            <gpxtpx:hr>83</gpxtpx:hr>
          </gpxtpx:TrackPointExtension>
        </extensions>
      </trkpt>
      <trkpt lat="-33.86044506914914" lon="151.20286490768194">
        <ele>15.0</ele>
        <time>2026-08-28T01:17:03Z</time>
        <extensions>
          <gpxtpx:TrackPointExtension>
            <gpxtpx:hr>84</gpxtpx:hr>
          </gpxtpx:TrackPointExtension>
        </extensions>
      </trkpt>
      <trkpt lat="-33.860411709174514" lon="151.20286314748228">
        <ele>15.0</ele>
        <time>2026-08-28T01:17:06Z</time>
        <extensions>
          <gpxtpx:TrackPointExtension>
            <gpxtpx:hr>84</gpxtpx:hr>
          </gpxtpx:TrackPointExtension>
        </extensions>
      </trkpt>
      <trkpt lat="-33.860378013923764" lon="151.2028605490923">
        <ele>14.0</ele>
        <time>2026-08-28T01:17:09Z</time>
        <extensions>
          <gpxtpx:TrackPointExtension>
            <gpxtpx:hr>84</gpxtpx:hr>
          </gpxtpx:TrackPointExtension>
        </extensions>
      </trkpt>
      <trkpt lat="-33.86034448631108" lon="151.20285929180682">
        <ele>14.0</ele>
        <time>2026-08-28T01:17:12Z</time>
        <extensions>
          <gpxtpx:TrackPointExtension>
            <gpxtpx:hr>84</gpxtpx:hr>
          </gpxtpx:TrackPointExtension>
        </extensions>
      </trkpt>
      <trkpt lat="-33.86031037196517" lon="151.2028584536165">
        <ele>14.0</ele>
        <time>2026-08-28T01:17:15Z</time>
        <extensions>
          <gpxtpx:TrackPointExtension>
            <gpxtpx:hr>85</gpxtpx:hr>
          </gpxtpx:TrackPointExtension>
        </extensions>
      </trkpt>
      <trkpt lat="-33.86027625761926" lon="151.20286071673036">
        <ele>14.0</ele>
        <time>2026-08-28T01:17:18Z</time>
        <extensions>
          <gpxtpx:TrackPointExtension>
            <gpxtpx:hr>85</gpxtpx:hr>
          </gpxtpx:TrackPointExtension>
        </extensions>
      </trkpt>
      <trkpt lat="-33.86024281382561" lon="151.20286088436842">
        <ele>13.0</ele>
        <time>2026-08-28T01:17:21Z</time>
        <extensions>
          <gpxtpx:TrackPointExtension>
            <gpxtpx:hr>86</gpxtpx:hr>
          </gpxtpx:TrackPointExtension>
        </extensions>
      </trkpt>
      <trkpt lat="-33.86020987294614" lon="151.20285912416875">
        <ele>13.0</ele>
        <time>2026-08-28T01:17:24Z</time>
        <extensions>
          <gpxtpx:TrackPointExtension>
            <gpxtpx:hr>86</gpxtpx:hr>
          </gpxtpx:TrackPointExtension>
        </extensions>
      </trkpt>
      <trkpt lat="-33.86017659679055" lon="151.20285803452134">
        <ele>13.0</ele>
        <time>2026-08-28T01:17:27Z</time>
        <extensions>
          <gpxtpx:TrackPointExtension>
            <gpxtpx:hr>85</gpxtpx:hr>
          </gpxtpx:TrackPointExtension>
        </extensions>
      </trkpt>
      <trkpt lat="-33.860142566263676" lon="151.20285568758845">
        <ele>13.0</ele>
        <time>2026-08-28T01:17:30Z</time>
        <extensions>
          <gpxtpx:TrackPointExtension>
            <gpxtpx:hr>85</gpxtpx:hr>
          </gpxtpx:TrackPointExtension>
        </extensions>
      </trkpt>
      <trkpt lat="-33.860108284279704" lon="151.20285191573203">
        <ele>12.0</ele>
        <time>2026-08-28T01:17:33Z</time>
        <extensions>
          <gpxtpx:TrackPointExtension>
            <gpxtpx:hr>85</gpxtpx:hr>
          </gpxtpx:TrackPointExtension>
        </extensions>
      </trkpt>
      <trkpt lat="-33.860074672847986" lon="151.202849233523">
        <ele>12.0</ele>
        <time>2026-08-28T01:17:36Z</time>
        <extensions>
          <gpxtpx:TrackPointExtension>
            <gpxtpx:hr>85</gpxtpx:hr>
          </gpxtpx:TrackPointExtension>
        </extensions>
      </trkpt>
      <trkpt lat="-33.86004030704498" lon="151.20284822769463">
        <ele>12.0</ele>
        <time>2026-08-28T01:17:39Z</time>
        <extensions>
          <gpxtpx:TrackPointExtension>
            <gpxtpx:hr>85</gpxtpx:hr>
          </gpxtpx:TrackPointExtension>
        </extensions>
      </trkpt>
      <trkpt lat="-33.86000367812812" lon="151.20284730568528">
        <ele>12.0</ele>
        <time>2026-08-28T01:17:42Z</time>
        <extensions>
          <gpxtpx:TrackPointExtension>
            <gpxtpx:hr>85</gpxtpx:hr>
          </gpxtpx:TrackPointExtension>
        </extensions>
      </trkpt>
      <trkpt lat="-33.85996780358255" lon="151.20284554548562">
        <ele>11.0</ele>
        <time>2026-08-28T01:17:45Z</time>
        <extensions>
          <gpxtpx:TrackPointExtension>
            <gpxtpx:hr>85</gpxtpx:hr>
          </gpxtpx:TrackPointExtension>
        </extensions>
      </trkpt>
      <trkpt lat="-33.85993544943631" lon="151.20284294709563">
        <ele>11.0</ele>
        <time>2026-08-28T01:17:48Z</time>
        <extensions>
          <gpxtpx:TrackPointExtension>
            <gpxtpx:hr>85</gpxtpx:hr>
          </gpxtpx:TrackPointExtension>
        </extensions>
      </trkpt>
      <trkpt lat="-33.85990351438522" lon="151.20284194126725">
        <ele>11.0</ele>
        <time>2026-08-28T01:17:51Z</time>
        <extensions>
          <gpxtpx:TrackPointExtension>
            <gpxtpx:hr>86</gpxtpx:hr>
          </gpxtpx:TrackPointExtension>
        </extensions>
      </trkpt>
      <trkpt lat="-33.85987116023898" lon="151.20283959433436">
        <ele>11.0</ele>
        <time>2026-08-28T01:17:54Z</time>
        <extensions>
          <gpxtpx:TrackPointExtension>
            <gpxtpx:hr>86</gpxtpx:hr>
          </gpxtpx:TrackPointExtension>
        </extensions>
      </trkpt>
      <trkpt lat="-33.859838051721454" lon="151.20283632539213">
        <ele>11.0</ele>
        <time>2026-08-28T01:17:57Z</time>
        <extensions>
          <gpxtpx:TrackPointExtension>
            <gpxtpx:hr>87</gpxtpx:hr>
          </gpxtpx:TrackPointExtension>
        </extensions>
      </trkpt>
      <trkpt lat="-33.85980477556586" lon="151.20283431373537">
        <ele>11.0</ele>
        <time>2026-08-28T01:18:00Z</time>
        <extensions>
          <gpxtpx:TrackPointExtension>
            <gpxtpx:hr>85</gpxtpx:hr>
          </gpxtpx:TrackPointExtension>
        </extensions>
      </trkpt>
      <trkpt lat="-33.85976898483932" lon="151.20283448137343">
        <ele>10.0</ele>
        <time>2026-08-28T01:18:03Z</time>
        <extensions>
          <gpxtpx:TrackPointExtension>
            <gpxtpx:hr>81</gpxtpx:hr>
          </gpxtpx:TrackPointExtension>
        </extensions>
      </trkpt>
      <trkpt lat="-33.85973327793181" lon="151.20283448137343">
        <ele>10.0</ele>
        <time>2026-08-28T01:18:06Z</time>
        <extensions>
          <gpxtpx:TrackPointExtension>
            <gpxtpx:hr>78</gpxtpx:hr>
          </gpxtpx:TrackPointExtension>
        </extensions>
      </trkpt>
      <trkpt lat="-33.85969824157655" lon="151.2028330564499">
        <ele>10.0</ele>
        <time>2026-08-28T01:18:09Z</time>
        <extensions>
          <gpxtpx:TrackPointExtension>
            <gpxtpx:hr>78</gpxtpx:hr>
          </gpxtpx:TrackPointExtension>
        </extensions>
      </trkpt>
      <trkpt lat="-33.8596647977829" lon="151.20282534509897">
        <ele>10.0</ele>
        <time>2026-08-28T01:18:12Z</time>
        <extensions>
          <gpxtpx:TrackPointExtension>
            <gpxtpx:hr>79</gpxtpx:hr>
          </gpxtpx:TrackPointExtension>
        </extensions>
      </trkpt>
      <trkpt lat="-33.85963227599859" lon="151.20281738229096">
        <ele>10.0</ele>
        <time>2026-08-28T01:18:15Z</time>
        <extensions>
          <gpxtpx:TrackPointExtension>
            <gpxtpx:hr>79</gpxtpx:hr>
          </gpxtpx:TrackPointExtension>
        </extensions>
      </trkpt>
      <trkpt lat="-33.85960000567138" lon="151.202809587121">
        <ele>10.0</ele>
        <time>2026-08-28T01:18:18Z</time>
        <extensions>
          <gpxtpx:TrackPointExtension>
            <gpxtpx:hr>77</gpxtpx:hr>
          </gpxtpx:TrackPointExtension>
        </extensions>
      </trkpt>
      <trkpt lat="-33.85956195183098" lon="151.20280489325523">
        <ele>11.0</ele>
        <time>2026-08-28T01:18:21Z</time>
        <extensions>
          <gpxtpx:TrackPointExtension>
            <gpxtpx:hr>76</gpxtpx:hr>
          </gpxtpx:TrackPointExtension>
        </extensions>
      </trkpt>
      <trkpt lat="-33.85952071286738" lon="151.20280338451266">
        <ele>11.0</ele>
        <time>2026-08-28T01:18:24Z</time>
        <extensions>
          <gpxtpx:TrackPointExtension>
            <gpxtpx:hr>76</gpxtpx:hr>
          </gpxtpx:TrackPointExtension>
        </extensions>
      </trkpt>
      <trkpt lat="-33.85948173701763" lon="151.20280145667493">
        <ele>11.0</ele>
        <time>2026-08-28T01:18:27Z</time>
        <extensions>
          <gpxtpx:TrackPointExtension>
            <gpxtpx:hr>75</gpxtpx:hr>
          </gpxtpx:TrackPointExtension>
        </extensions>
      </trkpt>
      <trkpt lat="-33.859442844986916" lon="151.2027981877327">
        <ele>11.0</ele>
        <time>2026-08-28T01:18:30Z</time>
        <extensions>
          <gpxtpx:TrackPointExtension>
            <gpxtpx:hr>75</gpxtpx:hr>
          </gpxtpx:TrackPointExtension>
        </extensions>
      </trkpt>
      <trkpt lat="-33.8594055455178" lon="151.2027950026095">
        <ele>12.0</ele>
        <time>2026-08-28T01:18:33Z</time>
        <extensions>
          <gpxtpx:TrackPointExtension>
            <gpxtpx:hr>75</gpxtpx:hr>
          </gpxtpx:TrackPointExtension>
        </extensions>
      </trkpt>
      <trkpt lat="-33.85937235318124" lon="151.20279123075306">
        <ele>12.0</ele>
        <time>2026-08-28T01:18:36Z</time>
        <extensions>
          <gpxtpx:TrackPointExtension>
            <gpxtpx:hr>75</gpxtpx:hr>
          </gpxtpx:TrackPointExtension>
        </extensions>
      </trkpt>
      <trkpt lat="-33.85934150777757" lon="151.2027876265347">
        <ele>12.0</ele>
        <time>2026-08-28T01:18:39Z</time>
        <extensions>
          <gpxtpx:TrackPointExtension>
            <gpxtpx:hr>76</gpxtpx:hr>
          </gpxtpx:TrackPointExtension>
        </extensions>
      </trkpt>
      <trkpt lat="-33.85930739343166" lon="151.2027855310589">
        <ele>12.0</ele>
        <time>2026-08-28T01:18:42Z</time>
        <extensions>
          <gpxtpx:TrackPointExtension>
            <gpxtpx:hr>75</gpxtpx:hr>
          </gpxtpx:TrackPointExtension>
        </extensions>
      </trkpt>
      <trkpt lat="-33.859270261600614" lon="151.20278519578278">
        <ele>12.0</ele>
        <time>2026-08-28T01:18:45Z</time>
        <extensions>
          <gpxtpx:TrackPointExtension>
            <gpxtpx:hr>74</gpxtpx:hr>
          </gpxtpx:TrackPointExtension>
        </extensions>
      </trkpt>
      <trkpt lat="-33.85923380032182" lon="151.202785782516">
        <ele>13.0</ele>
        <time>2026-08-28T01:18:48Z</time>
        <extensions>
          <gpxtpx:TrackPointExtension>
            <gpxtpx:hr>74</gpxtpx:hr>
          </gpxtpx:TrackPointExtension>
        </extensions>
      </trkpt>
      <trkpt lat="-33.85919733904302" lon="151.20278678834438">
        <ele>13.0</ele>
        <time>2026-08-28T01:18:51Z</time>
        <extensions>
          <gpxtpx:TrackPointExtension>
            <gpxtpx:hr>74</gpxtpx:hr>
          </gpxtpx:TrackPointExtension>
        </extensions>
      </trkpt>
      <trkpt lat="-33.85915953665972" lon="151.2027865368873">
        <ele>13.0</ele>
        <time>2026-08-28T01:18:54Z</time>
        <extensions>
          <gpxtpx:TrackPointExtension>
            <gpxtpx:hr>73</gpxtpx:hr>
          </gpxtpx:TrackPointExtension>
        </extensions>
      </trkpt>
      <trkpt lat="-33.859121315181255" lon="151.20278645306826">
        <ele>13.0</ele>
        <time>2026-08-28T01:18:57Z</time>
        <extensions>
          <gpxtpx:TrackPointExtension>
            <gpxtpx:hr>73</gpxtpx:hr>
          </gpxtpx:TrackPointExtension>
        </extensions>
      </trkpt>
      <trkpt lat="-33.85908359661698" lon="151.2027855310589">
        <ele>14.0</ele>
        <time>2026-08-28T01:19:00Z</time>
        <extensions>
          <gpxtpx:TrackPointExtension>
            <gpxtpx:hr>73</gpxtpx:hr>
          </gpxtpx:TrackPointExtension>
        </extensions>
      </trkpt>
      <trkpt lat="-33.85904864408076" lon="151.20278410613537">
        <ele>14.0</ele>
        <time>2026-08-28T01:19:03Z</time>
        <extensions>
          <gpxtpx:TrackPointExtension>
            <gpxtpx:hr>73</gpxtpx:hr>
          </gpxtpx:TrackPointExtension>
        </extensions>
      </trkpt>
      <trkpt lat="-33.859015703201294" lon="151.20278083719313">
        <ele>14.0</ele>
        <time>2026-08-28T01:19:06Z</time>
        <extensions>
          <gpxtpx:TrackPointExtension>
            <gpxtpx:hr>72</gpxtpx:hr>
          </gpxtpx:TrackPointExtension>
        </extensions>
      </trkpt>
      <trkpt lat="-33.85898024775088" lon="151.20277505367994">
        <ele>14.0</ele>
        <time>2026-08-28T01:19:09Z</time>
        <extensions>
          <gpxtpx:TrackPointExtension>
            <gpxtpx:hr>72</gpxtpx:hr>
          </gpxtpx:TrackPointExtension>
        </extensions>
      </trkpt>
      <trkpt lat="-33.85894026607275" lon="151.20276901870966">
        <ele>15.0</ele>
        <time>2026-08-28T01:19:12Z</time>
        <extensions>
          <gpxtpx:TrackPointExtension>
            <gpxtpx:hr>72</gpxtpx:hr>
          </gpxtpx:TrackPointExtension>
        </extensions>
      </trkpt>
      <trkpt lat="-33.85889885947108" lon="151.2027675099671">
        <ele>15.0</ele>
        <time>2026-08-28T01:19:15Z</time>
        <extensions>
          <gpxtpx:TrackPointExtension>
            <gpxtpx:hr>73</gpxtpx:hr>
          </gpxtpx:TrackPointExtension>
        </extensions>
      </trkpt>
      <trkpt lat="-33.85886047035456" lon="151.2027685996145">
        <ele>15.0</ele>
        <time>2026-08-28T01:19:18Z</time>
        <extensions>
          <gpxtpx:TrackPointExtension>
            <gpxtpx:hr>76</gpxtpx:hr>
          </gpxtpx:TrackPointExtension>
        </extensions>
      </trkpt>
      <trkpt lat="-33.8588235899806" lon="151.20276943780482">
        <ele>15.0</ele>
        <time>2026-08-28T01:19:21Z</time>
        <extensions>
          <gpxtpx:TrackPointExtension>
            <gpxtpx:hr>80</gpxtpx:hr>
          </gpxtpx:TrackPointExtension>
        </extensions>
      </trkpt>
      <trkpt lat="-33.85878981091082" lon="151.20276742614806">
        <ele>15.0</ele>
        <time>2026-08-28T01:19:24Z</time>
        <extensions>
          <gpxtpx:TrackPointExtension>
            <gpxtpx:hr>82</gpxtpx:hr>
          </gpxtpx:TrackPointExtension>
        </extensions>
      </trkpt>
      <trkpt lat="-33.8587561994791" lon="151.20276181027293">
        <ele>15.0</ele>
        <time>2026-08-28T01:19:27Z</time>
        <extensions>
          <gpxtpx:TrackPointExtension>
            <gpxtpx:hr>82</gpxtpx:hr>
          </gpxtpx:TrackPointExtension>
        </extensions>
      </trkpt>
      <trkpt lat="-33.85872510261834" lon="151.20275544002652">
        <ele>16.0</ele>
        <time>2026-08-28T01:19:30Z</time>
        <extensions>
          <gpxtpx:TrackPointExtension>
            <gpxtpx:hr>83</gpxtpx:hr>
          </gpxtpx:TrackPointExtension>
        </extensions>
      </trkpt>
      <trkpt lat="-33.85869266465306" lon="151.20274898596108">
        <ele>16.0</ele>
        <time>2026-08-28T01:19:33Z</time>
        <extensions>
          <gpxtpx:TrackPointExtension>
            <gpxtpx:hr>85</gpxtpx:hr>
          </gpxtpx:TrackPointExtension>
        </extensions>
      </trkpt>
      <trkpt lat="-33.85865779593587" lon="151.20274169370532">
        <ele>16.0</ele>
        <time>2026-08-28T01:19:36Z</time>
        <extensions>
          <gpxtpx:TrackPointExtension>
            <gpxtpx:hr>84</gpxtpx:hr>
          </gpxtpx:TrackPointExtension>
        </extensions>
      </trkpt>
      <trkpt lat="-33.85862125083804" lon="151.2027347367257">
        <ele>16.0</ele>
        <time>2026-08-28T01:19:39Z</time>
        <extensions>
          <gpxtpx:TrackPointExtension>
            <gpxtpx:hr>84</gpxtpx:hr>
          </gpxtpx:TrackPointExtension>
        </extensions>
      </trkpt>
      <trkpt lat="-33.85858126915991" lon="151.20273088105023">
        <ele>17.0</ele>
        <time>2026-08-28T01:19:42Z</time>
        <extensions>
          <gpxtpx:TrackPointExtension>
            <gpxtpx:hr>83</gpxtpx:hr>
          </gpxtpx:TrackPointExtension>
        </extensions>
      </trkpt>
      <trkpt lat="-33.85854061692953" lon="151.20272878557444">
        <ele>17.0</ele>
        <time>2026-08-28T01:19:45Z</time>
        <extensions>
          <gpxtpx:TrackPointExtension>
            <gpxtpx:hr>82</gpxtpx:hr>
          </gpxtpx:TrackPointExtension>
        </extensions>
      </trkpt>
      <trkpt lat="-33.85850155726075" lon="151.20272451080382">
        <ele>17.0</ele>
        <time>2026-08-28T01:19:48Z</time>
        <extensions>
          <gpxtpx:TrackPointExtension>
            <gpxtpx:hr>80</gpxtpx:hr>
          </gpxtpx:TrackPointExtension>
        </extensions>
      </trkpt>
      <trkpt lat="-33.85846400633454" lon="151.20271830819547">
        <ele>17.0</ele>
        <time>2026-08-28T01:19:51Z</time>
        <extensions>
          <gpxtpx:TrackPointExtension>
            <gpxtpx:hr>83</gpxtpx:hr>
          </gpxtpx:TrackPointExtension>
        </extensions>
      </trkpt>
      <trkpt lat="-33.85842653922737" lon="151.20271445252">
        <ele>17.0</ele>
        <time>2026-08-28T01:19:54Z</time>
        <extensions>
          <gpxtpx:TrackPointExtension>
            <gpxtpx:hr>91</gpxtpx:hr>
          </gpxtpx:TrackPointExtension>
        </extensions>
      </trkpt>
      <trkpt lat="-33.85838957503438" lon="151.20271294377744">
        <ele>17.0</ele>
        <time>2026-08-28T01:19:57Z</time>
        <extensions>
          <gpxtpx:TrackPointExtension>
            <gpxtpx:hr>100</gpxtpx:hr>
          </gpxtpx:TrackPointExtension>
        </extensions>
      </trkpt>
      <trkpt lat="-33.858359064906836" lon="151.2027033045888">
        <ele>17.0</ele>
        <time>2026-08-28T01:20:00Z</time>
        <extensions>
          <gpxtpx:TrackPointExtension>
            <gpxtpx:hr>102</gpxtpx:hr>
          </gpxtpx:TrackPointExtension>
        </extensions>
      </trkpt>
      <trkpt lat="-33.858340457081795" lon="151.20268025435507">
        <ele>17.0</ele>
        <time>2026-08-28T01:20:03Z</time>
        <extensions>
          <gpxtpx:TrackPointExtension>
            <gpxtpx:hr>101</gpxtpx:hr>
          </gpxtpx:TrackPointExtension>
        </extensions>
      </trkpt>
      <trkpt lat="-33.858328303322196" lon="151.20264479890466">
        <ele>17.0</ele>
        <time>2026-08-28T01:20:06Z</time>
        <extensions>
          <gpxtpx:TrackPointExtension>
            <gpxtpx:hr>98</gpxtpx:hr>
          </gpxtpx:TrackPointExtension>
        </extensions>
      </trkpt>
      <trkpt lat="-33.858314054086804" lon="151.20260833762586">
        <ele>17.0</ele>
        <time>2026-08-28T01:20:09Z</time>
        <extensions>
          <gpxtpx:TrackPointExtension>
            <gpxtpx:hr>97</gpxtpx:hr>
          </gpxtpx:TrackPointExtension>
        </extensions>
      </trkpt>
      <trkpt lat="-33.858297038823366" lon="151.20257388800383">
        <ele>17.0</ele>
        <time>2026-08-28T01:20:12Z</time>
        <extensions>
          <gpxtpx:TrackPointExtension>
            <gpxtpx:hr>98</gpxtpx:hr>
          </gpxtpx:TrackPointExtension>
        </extensions>
      </trkpt>
      <trkpt lat="-33.85827901773155" lon="151.20254178531468">
        <ele>16.0</ele>
        <time>2026-08-28T01:20:15Z</time>
        <extensions>
          <gpxtpx:TrackPointExtension>
            <gpxtpx:hr>99</gpxtpx:hr>
          </gpxtpx:TrackPointExtension>
        </extensions>
      </trkpt>
      <trkpt lat="-33.858261248096824" lon="151.20251270011067">
        <ele>16.0</ele>
        <time>2026-08-28T01:20:18Z</time>
        <extensions>
          <gpxtpx:TrackPointExtension>
            <gpxtpx:hr>100</gpxtpx:hr>
          </gpxtpx:TrackPointExtension>
        </extensions>
      </trkpt>
      <trkpt lat="-33.85824289172888" lon="151.202484453097">
        <ele>15.0</ele>
        <time>2026-08-28T01:20:21Z</time>
        <extensions>
          <gpxtpx:TrackPointExtension>
            <gpxtpx:hr>99</gpxtpx:hr>
          </gpxtpx:TrackPointExtension>
        </extensions>
      </trkpt>
      <trkpt lat="-33.85822839103639" lon="151.202447488904">
        <ele>15.0</ele>
        <time>2026-08-28T01:20:24Z</time>
        <extensions>
          <gpxtpx:TrackPointExtension>
            <gpxtpx:hr>98</gpxtpx:hr>
          </gpxtpx:TrackPointExtension>
        </extensions>
      </trkpt>
      <trkpt lat="-33.85821891948581" lon="151.20240448974073">
        <ele>15.0</ele>
        <time>2026-08-28T01:20:27Z</time>
        <extensions>
          <gpxtpx:TrackPointExtension>
            <gpxtpx:hr>96</gpxtpx:hr>
          </gpxtpx:TrackPointExtension>
        </extensions>
      </trkpt>
      <trkpt lat="-33.85821456089616" lon="151.20236258022487">
        <ele>14.0</ele>
        <time>2026-08-28T01:20:30Z</time>
        <extensions>
          <gpxtpx:TrackPointExtension>
            <gpxtpx:hr>95</gpxtpx:hr>
          </gpxtpx:TrackPointExtension>
        </extensions>
      </trkpt>
      <trkpt lat="-33.85821447707713" lon="151.20232419110835">
        <ele>14.0</ele>
        <time>2026-08-28T01:20:33Z</time>
        <extensions>
          <gpxtpx:TrackPointExtension>
            <gpxtpx:hr>91</gpxtpx:hr>
          </gpxtpx:TrackPointExtension>
        </extensions>
      </trkpt>
      <trkpt lat="-33.85821741074324" lon="151.20228605344892">
        <ele>14.0</ele>
        <time>2026-08-28T01:20:36Z</time>
        <extensions>
          <gpxtpx:TrackPointExtension>
            <gpxtpx:hr>90</gpxtpx:hr>
          </gpxtpx:TrackPointExtension>
        </extensions>
      </trkpt>
      <trkpt lat="-33.85821715928614" lon="151.20224833488464">
        <ele>14.0</ele>
        <time>2026-08-28T01:20:39Z</time>
        <extensions>
          <gpxtpx:TrackPointExtension>
            <gpxtpx:hr>90</gpxtpx:hr>
          </gpxtpx:TrackPointExtension>
        </extensions>
      </trkpt>
      <trkpt lat="-33.858219254761934" lon="151.2022114545107">
        <ele>14.0</ele>
        <time>2026-08-28T01:20:42Z</time>
        <extensions>
          <gpxtpx:TrackPointExtension>
            <gpxtpx:hr>90</gpxtpx:hr>
          </gpxtpx:TrackPointExtension>
        </extensions>
      </trkpt>
      <trkpt lat="-33.85822897776961" lon="151.20217440649867">
        <ele>14.0</ele>
        <time>2026-08-28T01:20:45Z</time>
        <extensions>
          <gpxtpx:TrackPointExtension>
            <gpxtpx:hr>91</gpxtpx:hr>
          </gpxtpx:TrackPointExtension>
        </extensions>
      </trkpt>
      <trkpt lat="-33.85824205353856" lon="151.20213702321053">
        <ele>14.0</ele>
        <time>2026-08-28T01:20:48Z</time>
        <extensions>
          <gpxtpx:TrackPointExtension>
            <gpxtpx:hr>91</gpxtpx:hr>
          </gpxtpx:TrackPointExtension>
        </extensions>
      </trkpt>
      <trkpt lat="-33.85826007463038" lon="151.20210290886462">
        <ele>14.0</ele>
        <time>2026-08-28T01:20:51Z</time>
        <extensions>
          <gpxtpx:TrackPointExtension>
            <gpxtpx:hr>91</gpxtpx:hr>
          </gpxtpx:TrackPointExtension>
        </extensions>
      </trkpt>
      <trkpt lat="-33.85828547179699" lon="151.20207156054676">
        <ele>13.0</ele>
        <time>2026-08-28T01:20:54Z</time>
        <extensions>
          <gpxtpx:TrackPointExtension>
            <gpxtpx:hr>90</gpxtpx:hr>
          </gpxtpx:TrackPointExtension>
        </extensions>
      </trkpt>
      <trkpt lat="-33.85830567218363" lon="151.20204113423824">
        <ele>13.0</ele>
        <time>2026-08-28T01:20:57Z</time>
        <extensions>
          <gpxtpx:TrackPointExtension>
            <gpxtpx:hr>89</gpxtpx:hr>
          </gpxtpx:TrackPointExtension>
        </extensions>
      </trkpt>
      <trkpt lat="-33.858290668576956" lon="151.20200618170202">
        <ele>13.0</ele>
        <time>2026-08-28T01:21:54Z</time>
        <extensions>
          <gpxtpx:TrackPointExtension>
            <gpxtpx:hr>72</gpxtpx:hr>
          </gpxtpx:TrackPointExtension>
        </extensions>
      </trkpt>
      <trkpt lat="-33.85827926918864" lon="151.20197860524058">
        <ele>13.0</ele>
        <time>2026-08-28T01:21:57Z</time>
        <extensions>
          <gpxtpx:TrackPointExtension>
            <gpxtpx:hr>73</gpxtpx:hr>
          </gpxtpx:TrackPointExtension>
        </extensions>
      </trkpt>
      <trkpt lat="-33.85828454978764" lon="151.20193862356246">
        <ele>13.0</ele>
        <time>2026-08-28T01:22:00Z</time>
        <extensions>
          <gpxtpx:TrackPointExtension>
            <gpxtpx:hr>75</gpxtpx:hr>
          </gpxtpx:TrackPointExtension>
        </extensions>
      </trkpt>
      <trkpt lat="-33.85829729028046" lon="151.20189864188433">
        <ele>13.0</ele>
        <time>2026-08-28T01:22:03Z</time>
        <extensions>
          <gpxtpx:TrackPointExtension>
            <gpxtpx:hr>81</gpxtpx:hr>
          </gpxtpx:TrackPointExtension>
        </extensions>
      </trkpt>
      <trkpt lat="-33.858309192582965" lon="151.2018605042249">
        <ele>13.0</ele>
        <time>2026-08-28T01:22:06Z</time>
        <extensions>
          <gpxtpx:TrackPointExtension>
            <gpxtpx:hr>84</gpxtpx:hr>
          </gpxtpx:TrackPointExtension>
        </extensions>
      </trkpt>
      <trkpt lat="-33.858320005238056" lon="151.201823791489">
        <ele>13.0</ele>
        <time>2026-08-28T01:22:09Z</time>
        <extensions>
          <gpxtpx:TrackPointExtension>
            <gpxtpx:hr>83</gpxtpx:hr>
          </gpxtpx:TrackPointExtension>
        </extensions>
      </trkpt>
      <trkpt lat="-33.858327213674784" lon="151.2017910182476">
        <ele>13.0</ele>
        <time>2026-08-28T01:22:12Z</time>
        <extensions>
          <gpxtpx:TrackPointExtension>
            <gpxtpx:hr>80</gpxtpx:hr>
          </gpxtpx:TrackPointExtension>
        </extensions>
      </trkpt>
      <trkpt lat="-33.85833031497896" lon="151.20176184922457">
        <ele>13.0</ele>
        <time>2026-08-28T01:22:15Z</time>
        <extensions>
          <gpxtpx:TrackPointExtension>
            <gpxtpx:hr>78</gpxtpx:hr>
          </gpxtpx:TrackPointExtension>
        </extensions>
      </trkpt>
      <trkpt lat="-33.85833056643605" lon="151.20173661969602">
        <ele>13.0</ele>
        <time>2026-08-28T01:22:18Z</time>
        <extensions>
          <gpxtpx:TrackPointExtension>
            <gpxtpx:hr>78</gpxtpx:hr>
          </gpxtpx:TrackPointExtension>
        </extensions>
      </trkpt>
      <trkpt lat="-33.85832905769348" lon="151.20171482674778">
        <ele>13.0</ele>
        <time>2026-08-28T01:22:21Z</time>
        <extensions>
          <gpxtpx:TrackPointExtension>
            <gpxtpx:hr>79</gpxtpx:hr>
          </gpxtpx:TrackPointExtension>
        </extensions>
      </trkpt>
      <trkpt lat="-33.85832930915058" lon="151.20169362053275">
        <ele>13.0</ele>
        <time>2026-08-28T01:23:12Z</time>
        <extensions>
          <gpxtpx:TrackPointExtension>
            <gpxtpx:hr>68</gpxtpx:hr>
          </gpxtpx:TrackPointExtension>
        </extensions>
      </trkpt>
      <trkpt lat="-33.85832914151251" lon="151.2016686424613">
        <ele>13.0</ele>
        <time>2026-08-28T01:23:15Z</time>
        <extensions>
          <gpxtpx:TrackPointExtension>
            <gpxtpx:hr>70</gpxtpx:hr>
          </gpxtpx:TrackPointExtension>
        </extensions>
      </trkpt>
      <trkpt lat="-33.85832956060767" lon="151.20163628831506">
        <ele>13.0</ele>
        <time>2026-08-28T01:23:18Z</time>
        <extensions>
          <gpxtpx:TrackPointExtension>
            <gpxtpx:hr>75</gpxtpx:hr>
          </gpxtpx:TrackPointExtension>
        </extensions>
      </trkpt>
      <trkpt lat="-33.8583298958838" lon="151.20160510763526">
        <ele>13.0</ele>
        <time>2026-08-28T01:23:21Z</time>
        <extensions>
          <gpxtpx:TrackPointExtension>
            <gpxtpx:hr>77</gpxtpx:hr>
          </gpxtpx:TrackPointExtension>
        </extensions>
      </trkpt>
      <trkpt lat="-33.85832788422704" lon="151.20158180594444">
        <ele>13.0</ele>
        <time>2026-08-28T01:23:24Z</time>
        <extensions>
          <gpxtpx:TrackPointExtension>
            <gpxtpx:hr>77</gpxtpx:hr>
          </gpxtpx:TrackPointExtension>
        </extensions>
      </trkpt>
      <trkpt lat="-33.85832570493221" lon="151.20155967772007">
        <ele>13.0</ele>
        <time>2026-08-28T01:23:27Z</time>
        <extensions>
          <gpxtpx:TrackPointExtension>
            <gpxtpx:hr>78</gpxtpx:hr>
          </gpxtpx:TrackPointExtension>
        </extensions>
      </trkpt>
      <trkpt lat="-33.858327800408006" lon="151.2015404831618">
        <ele>13.0</ele>
        <time>2026-08-28T01:23:30Z</time>
        <extensions>
          <gpxtpx:TrackPointExtension>
            <gpxtpx:hr>78</gpxtpx:hr>
          </gpxtpx:TrackPointExtension>
        </extensions>
      </trkpt>
      <trkpt lat="-33.85833274573088" lon="151.20153218507767">
        <ele>13.0</ele>
        <time>2026-08-28T01:23:33Z</time>
        <extensions>
          <gpxtpx:TrackPointExtension>
            <gpxtpx:hr>78</gpxtpx:hr>
          </gpxtpx:TrackPointExtension>
        </extensions>
      </trkpt>
      <trkpt lat="-33.85833811014891" lon="151.20152874849737">
        <ele>13.0</ele>
        <time>2026-08-28T01:23:36Z</time>
        <extensions>
          <gpxtpx:TrackPointExtension>
            <gpxtpx:hr>78</gpxtpx:hr>
          </gpxtpx:TrackPointExtension>
        </extensions>
      </trkpt>
      <trkpt lat="-33.85835931636393" lon="151.20152321644127">
        <ele>12.0</ele>
        <time>2026-08-28T01:23:39Z</time>
        <extensions>
          <gpxtpx:TrackPointExtension>
            <gpxtpx:hr>79</gpxtpx:hr>
          </gpxtpx:TrackPointExtension>
        </extensions>
      </trkpt>
      <trkpt lat="-33.858379516750574" lon="151.20152581483126">
        <ele>11.0</ele>
        <time>2026-08-28T01:23:42Z</time>
        <extensions>
          <gpxtpx:TrackPointExtension>
            <gpxtpx:hr>80</gpxtpx:hr>
          </gpxtpx:TrackPointExtension>
        </extensions>
      </trkpt>
      <trkpt lat="-33.85839795693755" lon="151.20153109543025">
        <ele>10.0</ele>
        <time>2026-08-28T01:23:45Z</time>
        <extensions>
          <gpxtpx:TrackPointExtension>
            <gpxtpx:hr>82</gpxtpx:hr>
          </gpxtpx:TrackPointExtension>
        </extensions>
      </trkpt>
      <trkpt lat="-33.85841044597328" lon="151.20153419673443">
        <ele>10.0</ele>
        <time>2026-08-28T01:23:48Z</time>
        <extensions>
          <gpxtpx:TrackPointExtension>
            <gpxtpx:hr>82</gpxtpx:hr>
          </gpxtpx:TrackPointExtension>
        </extensions>
      </trkpt>
      <trkpt lat="-33.858427377417684" lon="151.20153713040054">
        <ele>9.0</ele>
        <time>2026-08-28T01:23:51Z</time>
        <extensions>
          <gpxtpx:TrackPointExtension>
            <gpxtpx:hr>83</gpxtpx:hr>
          </gpxtpx:TrackPointExtension>
        </extensions>
      </trkpt>
      <trkpt lat="-33.85844447650015" lon="151.20153956115246">
        <ele>8.0</ele>
        <time>2026-08-28T01:23:54Z</time>
        <extensions>
          <gpxtpx:TrackPointExtension>
            <gpxtpx:hr>84</gpxtpx:hr>
          </gpxtpx:TrackPointExtension>
        </extensions>
      </trkpt>
      <trkpt lat="-33.85846325196326" lon="151.20153813622892">
        <ele>7.0</ele>
        <time>2026-08-28T01:23:57Z</time>
        <extensions>
          <gpxtpx:TrackPointExtension>
            <gpxtpx:hr>85</gpxtpx:hr>
          </gpxtpx:TrackPointExtension>
        </extensions>
      </trkpt>
      <trkpt lat="-33.8584834523499" lon="151.2015352025628">
        <ele>7.0</ele>
        <time>2026-08-28T01:24:00Z</time>
        <extensions>
          <gpxtpx:TrackPointExtension>
            <gpxtpx:hr>85</gpxtpx:hr>
          </gpxtpx:TrackPointExtension>
        </extensions>
      </trkpt>
      <trkpt lat="-33.85850130580366" lon="151.20153352618217">
        <ele>6.0</ele>
        <time>2026-08-28T01:24:03Z</time>
        <extensions>
          <gpxtpx:TrackPointExtension>
            <gpxtpx:hr>86</gpxtpx:hr>
          </gpxtpx:TrackPointExtension>
        </extensions>
      </trkpt>
      <trkpt lat="-33.85851748287678" lon="151.20153319090605">
        <ele>5.0</ele>
        <time>2026-08-28T01:24:06Z</time>
        <extensions>
          <gpxtpx:TrackPointExtension>
            <gpxtpx:hr>86</gpxtpx:hr>
          </gpxtpx:TrackPointExtension>
        </extensions>
      </trkpt>
      <trkpt lat="-33.85853508487344" lon="151.20153218507767">
        <ele>4.0</ele>
        <time>2026-08-28T01:24:09Z</time>
        <extensions>
          <gpxtpx:TrackPointExtension>
            <gpxtpx:hr>86</gpxtpx:hr>
          </gpxtpx:TrackPointExtension>
        </extensions>
      </trkpt>
      <trkpt lat="-33.8585508428514" lon="151.20153671130538">
        <ele>4.0</ele>
        <time>2026-08-28T01:24:12Z</time>
        <extensions>
          <gpxtpx:TrackPointExtension>
            <gpxtpx:hr>86</gpxtpx:hr>
          </gpxtpx:TrackPointExtension>
        </extensions>
      </trkpt>
      <trkpt lat="-33.85855168104172" lon="151.2015634495765">
        <ele>3.0</ele>
        <time>2026-08-28T01:24:15Z</time>
        <extensions>
          <gpxtpx:TrackPointExtension>
            <gpxtpx:hr>86</gpxtpx:hr>
          </gpxtpx:TrackPointExtension>
        </extensions>
      </trkpt>
      <trkpt lat="-33.858542796224356" lon="151.2016015034169">
        <ele>3.0</ele>
        <time>2026-08-28T01:24:18Z</time>
        <extensions>
          <gpxtpx:TrackPointExtension>
            <gpxtpx:hr>87</gpxtpx:hr>
          </gpxtpx:TrackPointExtension>
        </extensions>
      </trkpt>
      <trkpt lat="-33.85854111984372" lon="151.20163863524795">
        <ele>3.0</ele>
        <time>2026-08-28T01:24:21Z</time>
        <extensions>
          <gpxtpx:TrackPointExtension>
            <gpxtpx:hr>87</gpxtpx:hr>
          </gpxtpx:TrackPointExtension>
        </extensions>
      </trkpt>
      <trkpt lat="-33.85855603963137" lon="151.2016480229795">
        <ele>3.0</ele>
        <time>2026-08-28T01:24:24Z</time>
        <extensions>
          <gpxtpx:TrackPointExtension>
            <gpxtpx:hr>89</gpxtpx:hr>
          </gpxtpx:TrackPointExtension>
        </extensions>
      </trkpt>
      <trkpt lat="-33.858576994389296" lon="151.20162379927933">
        <ele>3.0</ele>
        <time>2026-08-28T01:24:27Z</time>
        <extensions>
          <gpxtpx:TrackPointExtension>
            <gpxtpx:hr>91</gpxtpx:hr>
          </gpxtpx:TrackPointExtension>
        </extensions>
      </trkpt>
      <trkpt lat="-33.858600463718176" lon="151.20159588754177">
        <ele>3.0</ele>
        <time>2026-08-28T01:24:30Z</time>
        <extensions>
          <gpxtpx:TrackPointExtension>
            <gpxtpx:hr>92</gpxtpx:hr>
          </gpxtpx:TrackPointExtension>
        </extensions>
      </trkpt>
      <trkpt lat="-33.85862150229514" lon="151.2015639524907">
        <ele>3.0</ele>
        <time>2026-08-28T01:24:33Z</time>
        <extensions>
          <gpxtpx:TrackPointExtension>
            <gpxtpx:hr>93</gpxtpx:hr>
          </gpxtpx:TrackPointExtension>
        </extensions>
      </trkpt>
      <trkpt lat="-33.8586388528347" lon="151.20152849704027">
        <ele>3.0</ele>
        <time>2026-08-28T01:24:36Z</time>
        <extensions>
          <gpxtpx:TrackPointExtension>
            <gpxtpx:hr>95</gpxtpx:hr>
          </gpxtpx:TrackPointExtension>
        </extensions>
      </trkpt>
      <trkpt lat="-33.85865335352719" lon="151.20149035938084">
        <ele>3.0</ele>
        <time>2026-08-28T01:24:39Z</time>
        <extensions>
          <gpxtpx:TrackPointExtension>
            <gpxtpx:hr>95</gpxtpx:hr>
          </gpxtpx:TrackPointExtension>
        </extensions>
      </trkpt>
      <trkpt lat="-33.8586684409529" lon="151.20145264081657">
        <ele>3.0</ele>
        <time>2026-08-28T01:24:42Z</time>
        <extensions>
          <gpxtpx:TrackPointExtension>
            <gpxtpx:hr>94</gpxtpx:hr>
          </gpxtpx:TrackPointExtension>
        </extensions>
      </trkpt>
      <trkpt lat="-33.85868520475924" lon="151.20141383260489">
        <ele>3.0</ele>
        <time>2026-08-28T01:24:45Z</time>
        <extensions>
          <gpxtpx:TrackPointExtension>
            <gpxtpx:hr>92</gpxtpx:hr>
          </gpxtpx:TrackPointExtension>
        </extensions>
      </trkpt>
      <trkpt lat="-33.85869828052819" lon="151.2013726774603">
        <ele>3.0</ele>
        <time>2026-08-28T01:24:48Z</time>
        <extensions>
          <gpxtpx:TrackPointExtension>
            <gpxtpx:hr>90</gpxtpx:hr>
          </gpxtpx:TrackPointExtension>
        </extensions>
      </trkpt>
      <trkpt lat="-33.85870867408812" lon="151.20133051648736">
        <ele>3.0</ele>
        <time>2026-08-28T01:24:51Z</time>
        <extensions>
          <gpxtpx:TrackPointExtension>
            <gpxtpx:hr>90</gpxtpx:hr>
          </gpxtpx:TrackPointExtension>
        </extensions>
      </trkpt>
      <trkpt lat="-33.85871931910515" lon="151.20128793641925">
        <ele>3.0</ele>
        <time>2026-08-28T01:24:54Z</time>
        <extensions>
          <gpxtpx:TrackPointExtension>
            <gpxtpx:hr>90</gpxtpx:hr>
          </gpxtpx:TrackPointExtension>
        </extensions>
      </trkpt>
      <trkpt lat="-33.85872971266508" lon="151.20124594308436">
        <ele>3.0</ele>
        <time>2026-08-28T01:24:57Z</time>
        <extensions>
          <gpxtpx:TrackPointExtension>
            <gpxtpx:hr>90</gpxtpx:hr>
          </gpxtpx:TrackPointExtension>
        </extensions>
      </trkpt>
      <trkpt lat="-33.85873884893954" lon="151.20120621286333">
        <ele>3.0</ele>
        <time>2026-08-28T01:25:00Z</time>
        <extensions>
          <gpxtpx:TrackPointExtension>
            <gpxtpx:hr>91</gpxtpx:hr>
          </gpxtpx:TrackPointExtension>
        </extensions>
      </trkpt>
      <trkpt lat="-33.858746560290456" lon="151.20116983540356">
        <ele>3.0</ele>
        <time>2026-08-28T01:25:03Z</time>
        <extensions>
          <gpxtpx:TrackPointExtension>
            <gpxtpx:hr>93</gpxtpx:hr>
          </gpxtpx:TrackPointExtension>
        </extensions>
      </trkpt>
      <trkpt lat="-33.8587530143559" lon="151.201133960858">
        <ele>3.0</ele>
        <time>2026-08-28T01:25:06Z</time>
        <extensions>
          <gpxtpx:TrackPointExtension>
            <gpxtpx:hr>93</gpxtpx:hr>
          </gpxtpx:TrackPointExtension>
        </extensions>
      </trkpt>
      <trkpt lat="-33.85875326581299" lon="151.2010977510363">
        <ele>4.0</ele>
        <time>2026-08-28T01:25:09Z</time>
        <extensions>
          <gpxtpx:TrackPointExtension>
            <gpxtpx:hr>94</gpxtpx:hr>
          </gpxtpx:TrackPointExtension>
        </extensions>
      </trkpt>
      <trkpt lat="-33.85874739848077" lon="151.20105852372944">
        <ele>4.0</ele>
        <time>2026-08-28T01:25:12Z</time>
        <extensions>
          <gpxtpx:TrackPointExtension>
            <gpxtpx:hr>95</gpxtpx:hr>
          </gpxtpx:TrackPointExtension>
        </extensions>
      </trkpt>
      <trkpt lat="-33.858737172558904" lon="151.20101518929005">
        <ele>4.0</ele>
        <time>2026-08-28T01:25:15Z</time>
        <extensions>
          <gpxtpx:TrackPointExtension>
            <gpxtpx:hr>94</gpxtpx:hr>
          </gpxtpx:TrackPointExtension>
        </extensions>
      </trkpt>
      <trkpt lat="-33.85872376151383" lon="151.20097428560257">
        <ele>4.0</ele>
        <time>2026-08-28T01:25:18Z</time>
        <extensions>
          <gpxtpx:TrackPointExtension>
            <gpxtpx:hr>94</gpxtpx:hr>
          </gpxtpx:TrackPointExtension>
        </extensions>
      </trkpt>
      <trkpt lat="-33.85870775207877" lon="151.20093690231442">
        <ele>4.0</ele>
        <time>2026-08-28T01:25:21Z</time>
        <extensions>
          <gpxtpx:TrackPointExtension>
            <gpxtpx:hr>94</gpxtpx:hr>
          </gpxtpx:TrackPointExtension>
        </extensions>
      </trkpt>
      <trkpt lat="-33.85869107209146" lon="151.200901446864">
        <ele>4.0</ele>
        <time>2026-08-28T01:25:24Z</time>
        <extensions>
          <gpxtpx:TrackPointExtension>
            <gpxtpx:hr>95</gpxtpx:hr>
          </gpxtpx:TrackPointExtension>
        </extensions>
      </trkpt>
      <trkpt lat="-33.858673218637705" lon="151.20087001472712">
        <ele>3.0</ele>
        <time>2026-08-28T01:25:27Z</time>
        <extensions>
          <gpxtpx:TrackPointExtension>
            <gpxtpx:hr>94</gpxtpx:hr>
          </gpxtpx:TrackPointExtension>
        </extensions>
      </trkpt>
      <trkpt lat="-33.858652682974935" lon="151.20084235444665">
        <ele>3.0</ele>
        <time>2026-08-28T01:25:30Z</time>
        <extensions>
          <gpxtpx:TrackPointExtension>
            <gpxtpx:hr>92</gpxtpx:hr>
          </gpxtpx:TrackPointExtension>
        </extensions>
      </trkpt>
      <trkpt lat="-33.85862904600799" lon="151.20081704109907">
        <ele>4.0</ele>
        <time>2026-08-28T01:25:33Z</time>
        <extensions>
          <gpxtpx:TrackPointExtension>
            <gpxtpx:hr>91</gpxtpx:hr>
          </gpxtpx:TrackPointExtension>
        </extensions>
      </trkpt>
      <trkpt lat="-33.858603397384286" lon="151.20079114101827">
        <ele>4.0</ele>
        <time>2026-08-28T01:25:36Z</time>
        <extensions>
          <gpxtpx:TrackPointExtension>
            <gpxtpx:hr>91</gpxtpx:hr>
          </gpxtpx:TrackPointExtension>
        </extensions>
      </trkpt>
      <trkpt lat="-33.8585767429322" lon="151.20076758787036">
        <ele>3.0</ele>
        <time>2026-08-28T01:25:39Z</time>
        <extensions>
          <gpxtpx:TrackPointExtension>
            <gpxtpx:hr>90</gpxtpx:hr>
          </gpxtpx:TrackPointExtension>
        </extensions>
      </trkpt>
      <trkpt lat="-33.85855067521334" lon="151.20074805803597">
        <ele>3.0</ele>
        <time>2026-08-28T01:25:42Z</time>
        <extensions>
          <gpxtpx:TrackPointExtension>
            <gpxtpx:hr>90</gpxtpx:hr>
          </gpxtpx:TrackPointExtension>
        </extensions>
      </trkpt>
      <trkpt lat="-33.85852578096092" lon="151.20072743855417">
        <ele>4.0</ele>
        <time>2026-08-28T01:25:45Z</time>
        <extensions>
          <gpxtpx:TrackPointExtension>
            <gpxtpx:hr>92</gpxtpx:hr>
          </gpxtpx:TrackPointExtension>
        </extensions>
      </trkpt>
      <trkpt lat="-33.85850138962269" lon="151.20070380158722">
        <ele>4.0</ele>
        <time>2026-08-28T01:25:48Z</time>
        <extensions>
          <gpxtpx:TrackPointExtension>
            <gpxtpx:hr>94</gpxtpx:hr>
          </gpxtpx:TrackPointExtension>
        </extensions>
      </trkpt>
      <trkpt lat="-33.8584818597883" lon="151.20067656040192">
        <ele>4.0</ele>
        <time>2026-08-28T01:25:51Z</time>
        <extensions>
          <gpxtpx:TrackPointExtension>
            <gpxtpx:hr>93</gpxtpx:hr>
          </gpxtpx:TrackPointExtension>
        </extensions>
      </trkpt>
      <trkpt lat="-33.85846761055291" lon="151.20064445771277">
        <ele>4.0</ele>
        <time>2026-08-28T01:25:54Z</time>
        <extensions>
          <gpxtpx:TrackPointExtension>
            <gpxtpx:hr>92</gpxtpx:hr>
          </gpxtpx:TrackPointExtension>
        </extensions>
      </trkpt>
      <trkpt lat="-33.85845168493688" lon="151.20060615241528">
        <ele>4.0</ele>
        <time>2026-08-28T01:25:57Z</time>
        <extensions>
          <gpxtpx:TrackPointExtension>
            <gpxtpx:hr>92</gpxtpx:hr>
          </gpxtpx:TrackPointExtension>
        </extensions>
      </trkpt>
      <trkpt lat="-33.85843358002603" lon="151.20056373998523">
        <ele>4.0</ele>
        <time>2026-08-28T01:26:00Z</time>
        <extensions>
          <gpxtpx:TrackPointExtension>
            <gpxtpx:hr>92</gpxtpx:hr>
          </gpxtpx:TrackPointExtension>
        </extensions>
      </trkpt>
      <trkpt lat="-33.85841555893421" lon="151.2005232553929">
        <ele>4.0</ele>
        <time>2026-08-28T01:26:03Z</time>
        <extensions>
          <gpxtpx:TrackPointExtension>
            <gpxtpx:hr>92</gpxtpx:hr>
          </gpxtpx:TrackPointExtension>
        </extensions>
      </trkpt>
      <trkpt lat="-33.85839820839465" lon="151.20048838667572">
        <ele>4.0</ele>
        <time>2026-08-28T01:26:06Z</time>
        <extensions>
          <gpxtpx:TrackPointExtension>
            <gpxtpx:hr>92</gpxtpx:hr>
          </gpxtpx:TrackPointExtension>
        </extensions>
      </trkpt>
      <trkpt lat="-33.858379013836384" lon="151.20045921765268">
        <ele>4.0</ele>
        <time>2026-08-28T01:26:09Z</time>
        <extensions>
          <gpxtpx:TrackPointExtension>
            <gpxtpx:hr>93</gpxtpx:hr>
          </gpxtpx:TrackPointExtension>
        </extensions>
      </trkpt>
      <trkpt lat="-33.85835479013622" lon="151.2004346586764">
        <ele>4.0</ele>
        <time>2026-08-28T01:26:12Z</time>
        <extensions>
          <gpxtpx:TrackPointExtension>
            <gpxtpx:hr>92</gpxtpx:hr>
          </gpxtpx:TrackPointExtension>
        </extensions>
      </trkpt>
      <trkpt lat="-33.85832469910383" lon="151.20041797868907">
        <ele>4.0</ele>
        <time>2026-08-28T01:26:15Z</time>
        <extensions>
          <gpxtpx:TrackPointExtension>
            <gpxtpx:hr>92</gpxtpx:hr>
          </gpxtpx:TrackPointExtension>
        </extensions>
      </trkpt>
      <trkpt lat="-33.85829586535692" lon="151.20040414854884">
        <ele>4.0</ele>
        <time>2026-08-28T01:26:18Z</time>
        <extensions>
          <gpxtpx:TrackPointExtension>
            <gpxtpx:hr>90</gpxtpx:hr>
          </gpxtpx:TrackPointExtension>
        </extensions>
      </trkpt>
      <trkpt lat="-33.85826845653355" lon="151.20039249770343">
        <ele>4.0</ele>
        <time>2026-08-28T01:26:21Z</time>
        <extensions>
          <gpxtpx:TrackPointExtension>
            <gpxtpx:hr>89</gpxtpx:hr>
          </gpxtpx:TrackPointExtension>
        </extensions>
      </trkpt>
      <trkpt lat="-33.85824071243405" lon="151.20038310997188">
        <ele>4.0</ele>
        <time>2026-08-28T01:26:24Z</time>
        <extensions>
          <gpxtpx:TrackPointExtension>
            <gpxtpx:hr>88</gpxtpx:hr>
          </gpxtpx:TrackPointExtension>
        </extensions>
      </trkpt>
      <trkpt lat="-33.85820835828781" lon="151.20037950575352">
        <ele>4.0</ele>
        <time>2026-08-28T01:26:27Z</time>
        <extensions>
          <gpxtpx:TrackPointExtension>
            <gpxtpx:hr>89</gpxtpx:hr>
          </gpxtpx:TrackPointExtension>
        </extensions>
      </trkpt>
      <trkpt lat="-33.85817441157997" lon="151.2003749795258">
        <ele>4.0</ele>
        <time>2026-08-28T01:26:30Z</time>
        <extensions>
          <gpxtpx:TrackPointExtension>
            <gpxtpx:hr>89</gpxtpx:hr>
          </gpxtpx:TrackPointExtension>
        </extensions>
      </trkpt>
      <trkpt lat="-33.85814381763339" lon="151.20036265812814">
        <ele>4.0</ele>
        <time>2026-08-28T01:26:33Z</time>
        <extensions>
          <gpxtpx:TrackPointExtension>
            <gpxtpx:hr>89</gpxtpx:hr>
          </gpxtpx:TrackPointExtension>
        </extensions>
      </trkpt>
      <trkpt lat="-33.858117666095495" lon="151.2003461457789">
        <ele>4.0</ele>
        <time>2026-08-28T01:26:36Z</time>
        <extensions>
          <gpxtpx:TrackPointExtension>
            <gpxtpx:hr>89</gpxtpx:hr>
          </gpxtpx:TrackPointExtension>
        </extensions>
      </trkpt>
      <trkpt lat="-33.85809738188982" lon="151.2003323994577">
        <ele>4.0</ele>
        <time>2026-08-28T01:26:39Z</time>
        <extensions>
          <gpxtpx:TrackPointExtension>
            <gpxtpx:hr>90</gpxtpx:hr>
          </gpxtpx:TrackPointExtension>
        </extensions>
      </trkpt>
      <trkpt lat="-33.85807575657964" lon="151.20031798258424">
        <ele>4.0</ele>
        <time>2026-08-28T01:26:42Z</time>
        <extensions>
          <gpxtpx:TrackPointExtension>
            <gpxtpx:hr>90</gpxtpx:hr>
          </gpxtpx:TrackPointExtension>
        </extensions>
      </trkpt>
      <trkpt lat="-33.858048263937235" lon="151.2003025598824">
        <ele>4.0</ele>
        <time>2026-08-28T01:26:45Z</time>
        <extensions>
          <gpxtpx:TrackPointExtension>
            <gpxtpx:hr>90</gpxtpx:hr>
          </gpxtpx:TrackPointExtension>
        </extensions>
      </trkpt>
      <trkpt lat="-33.85801867581904" lon="151.20028981938958">
        <ele>4.0</ele>
        <time>2026-08-28T01:26:48Z</time>
        <extensions>
          <gpxtpx:TrackPointExtension>
            <gpxtpx:hr>90</gpxtpx:hr>
          </gpxtpx:TrackPointExtension>
        </extensions>
      </trkpt>
      <trkpt lat="-33.857986237853765" lon="151.2002798449248">
        <ele>4.0</ele>
        <time>2026-08-28T01:26:51Z</time>
        <extensions>
          <gpxtpx:TrackPointExtension>
            <gpxtpx:hr>90</gpxtpx:hr>
          </gpxtpx:TrackPointExtension>
        </extensions>
      </trkpt>
      <trkpt lat="-33.857951955869794" lon="151.20027171447873">
        <ele>4.0</ele>
        <time>2026-08-28T01:26:54Z</time>
        <extensions>
          <gpxtpx:TrackPointExtension>
            <gpxtpx:hr>90</gpxtpx:hr>
          </gpxtpx:TrackPointExtension>
        </extensions>
      </trkpt>
      <trkpt lat="-33.85791750624776" lon="151.2002640031278">
        <ele>4.0</ele>
        <time>2026-08-28T01:26:57Z</time>
        <extensions>
          <gpxtpx:TrackPointExtension>
            <gpxtpx:hr>88</gpxtpx:hr>
          </gpxtpx:TrackPointExtension>
        </extensions>
      </trkpt>
      <trkpt lat="-33.857883056625724" lon="151.20025671087205">
        <ele>4.0</ele>
        <time>2026-08-28T01:27:00Z</time>
        <extensions>
          <gpxtpx:TrackPointExtension>
            <gpxtpx:hr>88</gpxtpx:hr>
          </gpxtpx:TrackPointExtension>
        </extensions>
      </trkpt>
      <trkpt lat="-33.857848858460784" lon="151.20025117881596">
        <ele>4.0</ele>
        <time>2026-08-28T01:27:03Z</time>
        <extensions>
          <gpxtpx:TrackPointExtension>
            <gpxtpx:hr>88</gpxtpx:hr>
          </gpxtpx:TrackPointExtension>
        </extensions>
      </trkpt>
      <trkpt lat="-33.857815079391" lon="151.20024673640728">
        <ele>4.0</ele>
        <time>2026-08-28T01:27:06Z</time>
        <extensions>
          <gpxtpx:TrackPointExtension>
            <gpxtpx:hr>88</gpxtpx:hr>
          </gpxtpx:TrackPointExtension>
        </extensions>
      </trkpt>
      <trkpt lat="-33.8577825576067" lon="151.20024472475052">
        <ele>4.0</ele>
        <time>2026-08-28T01:27:09Z</time>
        <extensions>
          <gpxtpx:TrackPointExtension>
            <gpxtpx:hr>87</gpxtpx:hr>
          </gpxtpx:TrackPointExtension>
        </extensions>
      </trkpt>
      <trkpt lat="-33.85775255039334" lon="151.20024648495018">
        <ele>4.0</ele>
        <time>2026-08-28T01:27:12Z</time>
        <extensions>
          <gpxtpx:TrackPointExtension>
            <gpxtpx:hr>87</gpxtpx:hr>
          </gpxtpx:TrackPointExtension>
        </extensions>
      </trkpt>
      <trkpt lat="-33.857722878456116" lon="151.20024992153049">
        <ele>4.0</ele>
        <time>2026-08-28T01:27:15Z</time>
        <extensions>
          <gpxtpx:TrackPointExtension>
            <gpxtpx:hr>87</gpxtpx:hr>
          </gpxtpx:TrackPointExtension>
        </extensions>
      </trkpt>
      <trkpt lat="-33.85769035667181" lon="151.20025520212948">
        <ele>4.0</ele>
        <time>2026-08-28T01:27:18Z</time>
        <extensions>
          <gpxtpx:TrackPointExtension>
            <gpxtpx:hr>86</gpxtpx:hr>
          </gpxtpx:TrackPointExtension>
        </extensions>
      </trkpt>
      <trkpt lat="-33.8576562423259" lon="151.20026257820427">
        <ele>4.0</ele>
        <time>2026-08-28T01:27:21Z</time>
        <extensions>
          <gpxtpx:TrackPointExtension>
            <gpxtpx:hr>85</gpxtpx:hr>
          </gpxtpx:TrackPointExtension>
        </extensions>
      </trkpt>
      <trkpt lat="-33.8576234690845" lon="151.20027422904968">
        <ele>4.0</ele>
        <time>2026-08-28T01:27:24Z</time>
        <extensions>
          <gpxtpx:TrackPointExtension>
            <gpxtpx:hr>85</gpxtpx:hr>
          </gpxtpx:TrackPointExtension>
        </extensions>
      </trkpt>
      <trkpt lat="-33.85759170167148" lon="151.20028814300895">
        <ele>4.0</ele>
        <time>2026-08-28T01:27:27Z</time>
        <extensions>
          <gpxtpx:TrackPointExtension>
            <gpxtpx:hr>87</gpxtpx:hr>
          </gpxtpx:TrackPointExtension>
        </extensions>
      </trkpt>
      <trkpt lat="-33.857559598982334" lon="151.20030432008207">
        <ele>4.0</ele>
        <time>2026-08-28T01:27:30Z</time>
        <extensions>
          <gpxtpx:TrackPointExtension>
            <gpxtpx:hr>87</gpxtpx:hr>
          </gpxtpx:TrackPointExtension>
        </extensions>
      </trkpt>
      <trkpt lat="-33.8575301785022" lon="151.2003218382597">
        <ele>4.0</ele>
        <time>2026-08-28T01:27:33Z</time>
        <extensions>
          <gpxtpx:TrackPointExtension>
            <gpxtpx:hr>87</gpxtpx:hr>
          </gpxtpx:TrackPointExtension>
        </extensions>
      </trkpt>
      <trkpt lat="-33.85750360786915" lon="151.2003427091986">
        <ele>4.0</ele>
        <time>2026-08-28T01:27:36Z</time>
        <extensions>
          <gpxtpx:TrackPointExtension>
            <gpxtpx:hr>87</gpxtpx:hr>
          </gpxtpx:TrackPointExtension>
        </extensions>
      </trkpt>
      <trkpt lat="-33.85747779160738" lon="151.20036642998457">
        <ele>4.0</ele>
        <time>2026-08-28T01:27:39Z</time>
        <extensions>
          <gpxtpx:TrackPointExtension>
            <gpxtpx:hr>87</gpxtpx:hr>
          </gpxtpx:TrackPointExtension>
        </extensions>
      </trkpt>
      <trkpt lat="-33.8574524782598" lon="151.20039233006537">
        <ele>4.0</ele>
        <time>2026-08-28T01:27:42Z</time>
        <extensions>
          <gpxtpx:TrackPointExtension>
            <gpxtpx:hr>88</gpxtpx:hr>
          </gpxtpx:TrackPointExtension>
        </extensions>
      </trkpt>
      <trkpt lat="-33.85742691345513" lon="151.20041705667973">
        <ele>4.0</ele>
        <time>2026-08-28T01:27:45Z</time>
        <extensions>
          <gpxtpx:TrackPointExtension>
            <gpxtpx:hr>88</gpxtpx:hr>
          </gpxtpx:TrackPointExtension>
        </extensions>
      </trkpt>
      <trkpt lat="-33.85740118101239" lon="151.20043750852346">
        <ele>4.0</ele>
        <time>2026-08-28T01:27:48Z</time>
        <extensions>
          <gpxtpx:TrackPointExtension>
            <gpxtpx:hr>89</gpxtpx:hr>
          </gpxtpx:TrackPointExtension>
        </extensions>
      </trkpt>
      <trkpt lat="-33.85737268254161" lon="151.20045544579625">
        <ele>4.0</ele>
        <time>2026-08-28T01:27:51Z</time>
        <extensions>
          <gpxtpx:TrackPointExtension>
            <gpxtpx:hr>89</gpxtpx:hr>
          </gpxtpx:TrackPointExtension>
        </extensions>
      </trkpt>
      <trkpt lat="-33.857342675328255" lon="151.20047262869775">
        <ele>4.0</ele>
        <time>2026-08-28T01:27:54Z</time>
        <extensions>
          <gpxtpx:TrackPointExtension>
            <gpxtpx:hr>89</gpxtpx:hr>
          </gpxtpx:TrackPointExtension>
        </extensions>
      </trkpt>
      <trkpt lat="-33.85731375776231" lon="151.20048838667572">
        <ele>4.0</ele>
        <time>2026-08-28T01:27:57Z</time>
        <extensions>
          <gpxtpx:TrackPointExtension>
            <gpxtpx:hr>88</gpxtpx:hr>
          </gpxtpx:TrackPointExtension>
        </extensions>
      </trkpt>
      <trkpt lat="-33.857286516577005" lon="151.20050406083465">
        <ele>4.0</ele>
        <time>2026-08-28T01:28:00Z</time>
        <extensions>
          <gpxtpx:TrackPointExtension>
            <gpxtpx:hr>87</gpxtpx:hr>
          </gpxtpx:TrackPointExtension>
        </extensions>
      </trkpt>
      <trkpt lat="-33.85726070031524" lon="151.20052015408874">
        <ele>4.0</ele>
        <time>2026-08-28T01:28:03Z</time>
        <extensions>
          <gpxtpx:TrackPointExtension>
            <gpxtpx:hr>87</gpxtpx:hr>
          </gpxtpx:TrackPointExtension>
        </extensions>
      </trkpt>
      <trkpt lat="-33.85723060928285" lon="151.20053607970476">
        <ele>4.0</ele>
        <time>2026-08-28T01:28:06Z</time>
        <extensions>
          <gpxtpx:TrackPointExtension>
            <gpxtpx:hr>85</gpxtpx:hr>
          </gpxtpx:TrackPointExtension>
        </extensions>
      </trkpt>
      <trkpt lat="-33.85720085352659" lon="151.20055745355785">
        <ele>4.0</ele>
        <time>2026-08-28T01:28:09Z</time>
        <extensions>
          <gpxtpx:TrackPointExtension>
            <gpxtpx:hr>84</gpxtpx:hr>
          </gpxtpx:TrackPointExtension>
        </extensions>
      </trkpt>
      <trkpt lat="-33.85717294178903" lon="151.20057245716453">
        <ele>4.0</ele>
        <time>2026-08-28T01:28:12Z</time>
        <extensions>
          <gpxtpx:TrackPointExtension>
            <gpxtpx:hr>85</gpxtpx:hr>
          </gpxtpx:TrackPointExtension>
        </extensions>
      </trkpt>
      <trkpt lat="-33.85714016854763" lon="151.20057228952646">
        <ele>4.0</ele>
        <time>2026-08-28T01:28:15Z</time>
        <extensions>
          <gpxtpx:TrackPointExtension>
            <gpxtpx:hr>86</gpxtpx:hr>
          </gpxtpx:TrackPointExtension>
        </extensions>
      </trkpt>
      <trkpt lat="-33.85710303671658" lon="151.2005691882223">
        <ele>4.0</ele>
        <time>2026-08-28T01:28:18Z</time>
        <extensions>
          <gpxtpx:TrackPointExtension>
            <gpxtpx:hr>86</gpxtpx:hr>
          </gpxtpx:TrackPointExtension>
        </extensions>
      </trkpt>
      <trkpt lat="-33.857067078351974" lon="151.20056885294616">
        <ele>4.0</ele>
        <time>2026-08-28T01:28:21Z</time>
        <extensions>
          <gpxtpx:TrackPointExtension>
            <gpxtpx:hr>87</gpxtpx:hr>
          </gpxtpx:TrackPointExtension>
        </extensions>
      </trkpt>
      <trkpt lat="-33.85703355073929" lon="151.20056952349842">
        <ele>4.0</ele>
        <time>2026-08-28T01:28:24Z</time>
        <extensions>
          <gpxtpx:TrackPointExtension>
            <gpxtpx:hr>87</gpxtpx:hr>
          </gpxtpx:TrackPointExtension>
        </extensions>
      </trkpt>
      <trkpt lat="-33.85700136423111" lon="151.20058385655284">
        <ele>4.0</ele>
        <time>2026-08-28T01:28:27Z</time>
        <extensions>
          <gpxtpx:TrackPointExtension>
            <gpxtpx:hr>86</gpxtpx:hr>
          </gpxtpx:TrackPointExtension>
        </extensions>
      </trkpt>
      <trkpt lat="-33.85697294957936" lon="151.2006120197475">
        <ele>4.0</ele>
        <time>2026-08-28T01:28:30Z</time>
        <extensions>
          <gpxtpx:TrackPointExtension>
            <gpxtpx:hr>87</gpxtpx:hr>
          </gpxtpx:TrackPointExtension>
        </extensions>
      </trkpt>
      <trkpt lat="-33.85694126598537" lon="151.20063205249608">
        <ele>4.0</ele>
        <time>2026-08-28T01:28:33Z</time>
        <extensions>
          <gpxtpx:TrackPointExtension>
            <gpxtpx:hr>87</gpxtpx:hr>
          </gpxtpx:TrackPointExtension>
        </extensions>
      </trkpt>
      <trkpt lat="-33.85690765455365" lon="151.20063674636185">
        <ele>4.0</ele>
        <time>2026-08-28T01:28:36Z</time>
        <extensions>
          <gpxtpx:TrackPointExtension>
            <gpxtpx:hr>88</gpxtpx:hr>
          </gpxtpx:TrackPointExtension>
        </extensions>
      </trkpt>
      <trkpt lat="-33.85687613859773" lon="151.2006305437535">
        <ele>4.0</ele>
        <time>2026-08-28T01:28:39Z</time>
        <extensions>
          <gpxtpx:TrackPointExtension>
            <gpxtpx:hr>90</gpxtpx:hr>
          </gpxtpx:TrackPointExtension>
        </extensions>
      </trkpt>
      <trkpt lat="-33.85684554465115" lon="151.2006220780313">
        <ele>4.0</ele>
        <time>2026-08-28T01:28:42Z</time>
        <extensions>
          <gpxtpx:TrackPointExtension>
            <gpxtpx:hr>91</gpxtpx:hr>
          </gpxtpx:TrackPointExtension>
        </extensions>
      </trkpt>
      <trkpt lat="-33.85681360960007" lon="151.2006149534136">
        <ele>5.0</ele>
        <time>2026-08-28T01:28:45Z</time>
        <extensions>
          <gpxtpx:TrackPointExtension>
            <gpxtpx:hr>91</gpxtpx:hr>
          </gpxtpx:TrackPointExtension>
        </extensions>
      </trkpt>
      <trkpt lat="-33.85678050108254" lon="151.2006069906056">
        <ele>5.0</ele>
        <time>2026-08-28T01:28:48Z</time>
        <extensions>
          <gpxtpx:TrackPointExtension>
            <gpxtpx:hr>92</gpxtpx:hr>
          </gpxtpx:TrackPointExtension>
        </extensions>
      </trkpt>
      <trkpt lat="-33.85674697346985" lon="151.20059927925467">
        <ele>5.0</ele>
        <time>2026-08-28T01:28:51Z</time>
        <extensions>
          <gpxtpx:TrackPointExtension>
            <gpxtpx:hr>93</gpxtpx:hr>
          </gpxtpx:TrackPointExtension>
        </extensions>
      </trkpt>
      <trkpt lat="-33.85671344585717" lon="151.20059198699892">
        <ele>5.0</ele>
        <time>2026-08-28T01:28:54Z</time>
        <extensions>
          <gpxtpx:TrackPointExtension>
            <gpxtpx:hr>92</gpxtpx:hr>
          </gpxtpx:TrackPointExtension>
        </extensions>
      </trkpt>
      <trkpt lat="-33.856681594625115" lon="151.2005840241909">
        <ele>5.0</ele>
        <time>2026-08-28T01:28:57Z</time>
        <extensions>
          <gpxtpx:TrackPointExtension>
            <gpxtpx:hr>91</gpxtpx:hr>
          </gpxtpx:TrackPointExtension>
        </extensions>
      </trkpt>
      <trkpt lat="-33.85665007866919" lon="151.20057572610676">
        <ele>5.0</ele>
        <time>2026-08-28T01:29:00Z</time>
        <extensions>
          <gpxtpx:TrackPointExtension>
            <gpxtpx:hr>90</gpxtpx:hr>
          </gpxtpx:TrackPointExtension>
        </extensions>
      </trkpt>
      <trkpt lat="-33.856618059799075" lon="151.20056625455618">
        <ele>5.0</ele>
        <time>2026-08-28T01:29:03Z</time>
        <extensions>
          <gpxtpx:TrackPointExtension>
            <gpxtpx:hr>90</gpxtpx:hr>
          </gpxtpx:TrackPointExtension>
        </extensions>
      </trkpt>
      <trkpt lat="-33.85658637620509" lon="151.20055569335818">
        <ele>5.0</ele>
        <time>2026-08-28T01:29:06Z</time>
        <extensions>
          <gpxtpx:TrackPointExtension>
            <gpxtpx:hr>90</gpxtpx:hr>
          </gpxtpx:TrackPointExtension>
        </extensions>
      </trkpt>
      <trkpt lat="-33.85655435733497" lon="151.2005462218076">
        <ele>5.0</ele>
        <time>2026-08-28T01:29:09Z</time>
        <extensions>
          <gpxtpx:TrackPointExtension>
            <gpxtpx:hr>91</gpxtpx:hr>
          </gpxtpx:TrackPointExtension>
        </extensions>
      </trkpt>
      <trkpt lat="-33.8565219193697" lon="151.20053892955184">
        <ele>5.0</ele>
        <time>2026-08-28T01:29:12Z</time>
        <extensions>
          <gpxtpx:TrackPointExtension>
            <gpxtpx:hr>91</gpxtpx:hr>
          </gpxtpx:TrackPointExtension>
        </extensions>
      </trkpt>
      <trkpt lat="-33.856488056480885" lon="151.20053440332413">
        <ele>5.0</ele>
        <time>2026-08-28T01:29:15Z</time>
        <extensions>
          <gpxtpx:TrackPointExtension>
            <gpxtpx:hr>91</gpxtpx:hr>
          </gpxtpx:TrackPointExtension>
        </extensions>
      </trkpt>
      <trkpt lat="-33.85645377449691" lon="151.2005317211151">
        <ele>5.0</ele>
        <time>2026-08-28T01:29:18Z</time>
        <extensions>
          <gpxtpx:TrackPointExtension>
            <gpxtpx:hr>90</gpxtpx:hr>
          </gpxtpx:TrackPointExtension>
        </extensions>
      </trkpt>
      <trkpt lat="-33.856419157236814" lon="151.20053021237254">
        <ele>5.0</ele>
        <time>2026-08-28T01:29:21Z</time>
        <extensions>
          <gpxtpx:TrackPointExtension>
            <gpxtpx:hr>89</gpxtpx:hr>
          </gpxtpx:TrackPointExtension>
        </extensions>
      </trkpt>
      <trkpt lat="-33.85638336651027" lon="151.2005292903632">
        <ele>5.0</ele>
        <time>2026-08-28T01:29:24Z</time>
        <extensions>
          <gpxtpx:TrackPointExtension>
            <gpxtpx:hr>89</gpxtpx:hr>
          </gpxtpx:TrackPointExtension>
        </extensions>
      </trkpt>
      <trkpt lat="-33.85634765960276" lon="151.20053021237254">
        <ele>5.0</ele>
        <time>2026-08-28T01:29:27Z</time>
        <extensions>
          <gpxtpx:TrackPointExtension>
            <gpxtpx:hr>88</gpxtpx:hr>
          </gpxtpx:TrackPointExtension>
        </extensions>
      </trkpt>
      <trkpt lat="-33.8563128747046" lon="151.20053054764867">
        <ele>5.0</ele>
        <time>2026-08-28T01:29:30Z</time>
        <extensions>
          <gpxtpx:TrackPointExtension>
            <gpxtpx:hr>88</gpxtpx:hr>
          </gpxtpx:TrackPointExtension>
        </extensions>
      </trkpt>
      <trkpt lat="-33.856278005987406" lon="151.20052803307772">
        <ele>5.0</ele>
        <time>2026-08-28T01:29:33Z</time>
        <extensions>
          <gpxtpx:TrackPointExtension>
            <gpxtpx:hr>88</gpxtpx:hr>
          </gpxtpx:TrackPointExtension>
        </extensions>
      </trkpt>
      <trkpt lat="-33.85624498128891" lon="151.20052895508707">
        <ele>5.0</ele>
        <time>2026-08-28T01:29:36Z</time>
        <extensions>
          <gpxtpx:TrackPointExtension>
            <gpxtpx:hr>88</gpxtpx:hr>
          </gpxtpx:TrackPointExtension>
        </extensions>
      </trkpt>
      <trkpt lat="-33.85621480643749" lon="151.20053733699024">
        <ele>5.0</ele>
        <time>2026-08-28T01:29:39Z</time>
        <extensions>
          <gpxtpx:TrackPointExtension>
            <gpxtpx:hr>87</gpxtpx:hr>
          </gpxtpx:TrackPointExtension>
        </extensions>
      </trkpt>
      <trkpt lat="-33.8561852183193" lon="151.200547311455">
        <ele>5.0</ele>
        <time>2026-08-28T01:29:42Z</time>
        <extensions>
          <gpxtpx:TrackPointExtension>
            <gpxtpx:hr>87</gpxtpx:hr>
          </gpxtpx:TrackPointExtension>
        </extensions>
      </trkpt>
      <trkpt lat="-33.85615495964885" lon="151.20055669918656">
        <ele>5.0</ele>
        <time>2026-08-28T01:29:45Z</time>
        <extensions>
          <gpxtpx:TrackPointExtension>
            <gpxtpx:hr>87</gpxtpx:hr>
          </gpxtpx:TrackPointExtension>
        </extensions>
      </trkpt>
      <trkpt lat="-33.85612394660711" lon="151.2005639076233">
        <ele>5.0</ele>
        <time>2026-08-28T01:29:48Z</time>
        <extensions>
          <gpxtpx:TrackPointExtension>
            <gpxtpx:hr>87</gpxtpx:hr>
          </gpxtpx:TrackPointExtension>
        </extensions>
      </trkpt>
      <trkpt lat="-33.85609259828925" lon="151.20056751184165">
        <ele>5.0</ele>
        <time>2026-08-28T01:29:51Z</time>
        <extensions>
          <gpxtpx:TrackPointExtension>
            <gpxtpx:hr>87</gpxtpx:hr>
          </gpxtpx:TrackPointExtension>
        </extensions>
      </trkpt>
      <trkpt lat="-33.856059573590755" lon="151.2005670927465">
        <ele>5.0</ele>
        <time>2026-08-28T01:29:54Z</time>
        <extensions>
          <gpxtpx:TrackPointExtension>
            <gpxtpx:hr>87</gpxtpx:hr>
          </gpxtpx:TrackPointExtension>
        </extensions>
      </trkpt>
      <trkpt lat="-33.85602495633066" lon="151.20056373998523">
        <ele>5.0</ele>
        <time>2026-08-28T01:29:57Z</time>
        <extensions>
          <gpxtpx:TrackPointExtension>
            <gpxtpx:hr>88</gpxtpx:hr>
          </gpxtpx:TrackPointExtension>
        </extensions>
      </trkpt>
      <trkpt lat="-33.855989249423146" lon="151.20056223124266">
        <ele>5.0</ele>
        <time>2026-08-28T01:30:00Z</time>
        <extensions>
          <gpxtpx:TrackPointExtension>
            <gpxtpx:hr>91</gpxtpx:hr>
          </gpxtpx:TrackPointExtension>
        </extensions>
      </trkpt>
      <trkpt lat="-33.855954548344016" lon="151.20056902058423">
        <ele>5.0</ele>
        <time>2026-08-28T01:30:03Z</time>
        <extensions>
          <gpxtpx:TrackPointExtension>
            <gpxtpx:hr>91</gpxtpx:hr>
          </gpxtpx:TrackPointExtension>
        </extensions>
      </trkpt>
      <trkpt lat="-33.855922697111964" lon="151.20058234781027">
        <ele>5.0</ele>
        <time>2026-08-28T01:30:06Z</time>
        <extensions>
          <gpxtpx:TrackPointExtension>
            <gpxtpx:hr>90</gpxtpx:hr>
          </gpxtpx:TrackPointExtension>
        </extensions>
      </trkpt>
      <trkpt lat="-33.85589260607958" lon="151.20059332810342">
        <ele>6.0</ele>
        <time>2026-08-28T01:30:09Z</time>
        <extensions>
          <gpxtpx:TrackPointExtension>
            <gpxtpx:hr>89</gpxtpx:hr>
          </gpxtpx:TrackPointExtension>
        </extensions>
      </trkpt>
      <trkpt lat="-33.85586377233267" lon="151.200602799654">
        <ele>6.0</ele>
        <time>2026-08-28T01:30:12Z</time>
        <extensions>
          <gpxtpx:TrackPointExtension>
            <gpxtpx:hr>89</gpxtpx:hr>
          </gpxtpx:TrackPointExtension>
        </extensions>
      </trkpt>
      <trkpt lat="-33.855836195871234" lon="151.20061369612813">
        <ele>6.0</ele>
        <time>2026-08-28T01:30:15Z</time>
        <extensions>
          <gpxtpx:TrackPointExtension>
            <gpxtpx:hr>88</gpxtpx:hr>
          </gpxtpx:TrackPointExtension>
        </extensions>
      </trkpt>
      <trkpt lat="-33.8558102119714" lon="151.20062777772546">
        <ele>6.0</ele>
        <time>2026-08-28T01:30:18Z</time>
        <extensions>
          <gpxtpx:TrackPointExtension>
            <gpxtpx:hr>88</gpxtpx:hr>
          </gpxtpx:TrackPointExtension>
        </extensions>
      </trkpt>
      <trkpt lat="-33.85578623972833" lon="151.2006498221308">
        <ele>6.0</ele>
        <time>2026-08-28T01:30:21Z</time>
        <extensions>
          <gpxtpx:TrackPointExtension>
            <gpxtpx:hr>88</gpxtpx:hr>
          </gpxtpx:TrackPointExtension>
        </extensions>
      </trkpt>
      <trkpt lat="-33.85576310567558" lon="151.2006762251258">
        <ele>6.0</ele>
        <time>2026-08-28T01:30:24Z</time>
        <extensions>
          <gpxtpx:TrackPointExtension>
            <gpxtpx:hr>90</gpxtpx:hr>
          </gpxtpx:TrackPointExtension>
        </extensions>
      </trkpt>
      <trkpt lat="-33.85574013926089" lon="151.20070246048272">
        <ele>6.0</ele>
        <time>2026-08-28T01:30:27Z</time>
        <extensions>
          <gpxtpx:TrackPointExtension>
            <gpxtpx:hr>91</gpxtpx:hr>
          </gpxtpx:TrackPointExtension>
        </extensions>
      </trkpt>
      <trkpt lat="-33.85571809485555" lon="151.20072970166802">
        <ele>6.0</ele>
        <time>2026-08-28T01:30:30Z</time>
        <extensions>
          <gpxtpx:TrackPointExtension>
            <gpxtpx:hr>90</gpxtpx:hr>
          </gpxtpx:TrackPointExtension>
        </extensions>
      </trkpt>
      <trkpt lat="-33.855697978287935" lon="151.2007597927004">
        <ele>6.0</ele>
        <time>2026-08-28T01:30:33Z</time>
        <extensions>
          <gpxtpx:TrackPointExtension>
            <gpxtpx:hr>89</gpxtpx:hr>
          </gpxtpx:TrackPointExtension>
        </extensions>
      </trkpt>
      <trkpt lat="-33.85568146593869" lon="151.20079432614148">
        <ele>6.0</ele>
        <time>2026-08-28T01:30:36Z</time>
        <extensions>
          <gpxtpx:TrackPointExtension>
            <gpxtpx:hr>89</gpxtpx:hr>
          </gpxtpx:TrackPointExtension>
        </extensions>
      </trkpt>
      <trkpt lat="-33.85566730052233" lon="151.20083045214415">
        <ele>6.0</ele>
        <time>2026-08-28T01:30:39Z</time>
        <extensions>
          <gpxtpx:TrackPointExtension>
            <gpxtpx:hr>89</gpxtpx:hr>
          </gpxtpx:TrackPointExtension>
        </extensions>
      </trkpt>
      <trkpt lat="-33.855656906962395" lon="151.20086884126067">
        <ele>6.0</ele>
        <time>2026-08-28T01:30:42Z</time>
        <extensions>
          <gpxtpx:TrackPointExtension>
            <gpxtpx:hr>90</gpxtpx:hr>
          </gpxtpx:TrackPointExtension>
        </extensions>
      </trkpt>
      <trkpt lat="-33.85565288364887" lon="151.200909325853">
        <ele>6.0</ele>
        <time>2026-08-28T01:30:45Z</time>
        <extensions>
          <gpxtpx:TrackPointExtension>
            <gpxtpx:hr>90</gpxtpx:hr>
          </gpxtpx:TrackPointExtension>
        </extensions>
      </trkpt>
      <trkpt lat="-33.855653973296285" lon="151.20095022954047">
        <ele>6.0</ele>
        <time>2026-08-28T01:30:48Z</time>
        <extensions>
          <gpxtpx:TrackPointExtension>
            <gpxtpx:hr>90</gpxtpx:hr>
          </gpxtpx:TrackPointExtension>
        </extensions>
      </trkpt>
      <trkpt lat="-33.85566000826657" lon="151.200991300866">
        <ele>6.0</ele>
        <time>2026-08-28T01:30:51Z</time>
        <extensions>
          <gpxtpx:TrackPointExtension>
            <gpxtpx:hr>90</gpxtpx:hr>
          </gpxtpx:TrackPointExtension>
        </extensions>
      </trkpt>
      <trkpt lat="-33.85566780343652" lon="151.20103262364864">
        <ele>6.0</ele>
        <time>2026-08-28T01:30:54Z</time>
        <extensions>
          <gpxtpx:TrackPointExtension>
            <gpxtpx:hr>90</gpxtpx:hr>
          </gpxtpx:TrackPointExtension>
        </extensions>
      </trkpt>
      <trkpt lat="-33.85567476041615" lon="151.20107335969806">
        <ele>6.0</ele>
        <time>2026-08-28T01:30:57Z</time>
        <extensions>
          <gpxtpx:TrackPointExtension>
            <gpxtpx:hr>92</gpxtpx:hr>
          </gpxtpx:TrackPointExtension>
        </extensions>
      </trkpt>
      <trkpt lat="-33.85567928664386" lon="151.2011139281094">
        <ele>6.0</ele>
        <time>2026-08-28T01:31:00Z</time>
        <extensions>
          <gpxtpx:TrackPointExtension>
            <gpxtpx:hr>93</gpxtpx:hr>
          </gpxtpx:TrackPointExtension>
        </extensions>
      </trkpt>
      <trkpt lat="-33.85568196885288" lon="151.2011559214443">
        <ele>6.0</ele>
        <time>2026-08-28T01:31:03Z</time>
        <extensions>
          <gpxtpx:TrackPointExtension>
            <gpxtpx:hr>90</gpxtpx:hr>
          </gpxtpx:TrackPointExtension>
        </extensions>
      </trkpt>
      <trkpt lat="-33.85568875819445" lon="151.20119757950306">
        <ele>6.0</ele>
        <time>2026-08-28T01:31:06Z</time>
        <extensions>
          <gpxtpx:TrackPointExtension>
            <gpxtpx:hr>89</gpxtpx:hr>
          </gpxtpx:TrackPointExtension>
        </extensions>
      </trkpt>
      <trkpt lat="-33.85569663718343" lon="151.2012373097241">
        <ele>6.0</ele>
        <time>2026-08-28T01:31:09Z</time>
        <extensions>
          <gpxtpx:TrackPointExtension>
            <gpxtpx:hr>90</gpxtpx:hr>
          </gpxtpx:TrackPointExtension>
        </extensions>
      </trkpt>
      <trkpt lat="-33.85569370351732" lon="151.20127419009805">
        <ele>6.0</ele>
        <time>2026-08-28T01:31:12Z</time>
        <extensions>
          <gpxtpx:TrackPointExtension>
            <gpxtpx:hr>91</gpxtpx:hr>
          </gpxtpx:TrackPointExtension>
        </extensions>
      </trkpt>
      <trkpt lat="-33.85567685589194" lon="151.20130679570138">
        <ele>5.0</ele>
        <time>2026-08-28T01:31:15Z</time>
        <extensions>
          <gpxtpx:TrackPointExtension>
            <gpxtpx:hr>92</gpxtpx:hr>
          </gpxtpx:TrackPointExtension>
        </extensions>
      </trkpt>
      <trkpt lat="-33.855658415704966" lon="151.20133940130472">
        <ele>5.0</ele>
        <time>2026-08-28T01:31:18Z</time>
        <extensions>
          <gpxtpx:TrackPointExtension>
            <gpxtpx:hr>91</gpxtpx:hr>
          </gpxtpx:TrackPointExtension>
        </extensions>
      </trkpt>
      <trkpt lat="-33.855645256116986" lon="151.20137703604996">
        <ele>5.0</ele>
        <time>2026-08-28T01:31:21Z</time>
        <extensions>
          <gpxtpx:TrackPointExtension>
            <gpxtpx:hr>91</gpxtpx:hr>
          </gpxtpx:TrackPointExtension>
        </extensions>
      </trkpt>
      <trkpt lat="-33.85563628748059" lon="151.2014154251665">
        <ele>5.0</ele>
        <time>2026-08-28T01:31:24Z</time>
        <extensions>
          <gpxtpx:TrackPointExtension>
            <gpxtpx:hr>91</gpxtpx:hr>
          </gpxtpx:TrackPointExtension>
        </extensions>
      </trkpt>
      <trkpt lat="-33.85563117451966" lon="151.20145398192108">
        <ele>5.0</ele>
        <time>2026-08-28T01:31:27Z</time>
        <extensions>
          <gpxtpx:TrackPointExtension>
            <gpxtpx:hr>90</gpxtpx:hr>
          </gpxtpx:TrackPointExtension>
        </extensions>
      </trkpt>
      <trkpt lat="-33.855629079043865" lon="151.20149429887533">
        <ele>5.0</ele>
        <time>2026-08-28T01:31:30Z</time>
        <extensions>
          <gpxtpx:TrackPointExtension>
            <gpxtpx:hr>89</gpxtpx:hr>
          </gpxtpx:TrackPointExtension>
        </extensions>
      </trkpt>
      <trkpt lat="-33.85562966577709" lon="151.2015352025628">
        <ele>5.0</ele>
        <time>2026-08-28T01:31:33Z</time>
        <extensions>
          <gpxtpx:TrackPointExtension>
            <gpxtpx:hr>90</gpxtpx:hr>
          </gpxtpx:TrackPointExtension>
        </extensions>
      </trkpt>
      <trkpt lat="-33.855634946376085" lon="151.20157493278384">
        <ele>5.0</ele>
        <time>2026-08-28T01:31:36Z</time>
        <extensions>
          <gpxtpx:TrackPointExtension>
            <gpxtpx:hr>90</gpxtpx:hr>
          </gpxtpx:TrackPointExtension>
        </extensions>
      </trkpt>
      <trkpt lat="-33.85564684867859" lon="151.20161147788167">
        <ele>5.0</ele>
        <time>2026-08-28T01:31:39Z</time>
        <extensions>
          <gpxtpx:TrackPointExtension>
            <gpxtpx:hr>91</gpxtpx:hr>
          </gpxtpx:TrackPointExtension>
        </extensions>
      </trkpt>
      <trkpt lat="-33.85566051118076" lon="151.20164500549436">
        <ele>5.0</ele>
        <time>2026-08-28T01:31:42Z</time>
        <extensions>
          <gpxtpx:TrackPointExtension>
            <gpxtpx:hr>92</gpxtpx:hr>
          </gpxtpx:TrackPointExtension>
        </extensions>
      </trkpt>
      <trkpt lat="-33.855672078207135" lon="151.20167744345963">
        <ele>5.0</ele>
        <time>2026-08-28T01:31:45Z</time>
        <extensions>
          <gpxtpx:TrackPointExtension>
            <gpxtpx:hr>90</gpxtpx:hr>
          </gpxtpx:TrackPointExtension>
        </extensions>
      </trkpt>
      <trkpt lat="-33.85569194331765" lon="151.20170585811138">
        <ele>5.0</ele>
        <time>2026-08-28T01:31:48Z</time>
        <extensions>
          <gpxtpx:TrackPointExtension>
            <gpxtpx:hr>87</gpxtpx:hr>
          </gpxtpx:TrackPointExtension>
        </extensions>
      </trkpt>
      <trkpt lat="-33.85572270490229" lon="151.20172647759318">
        <ele>5.0</ele>
        <time>2026-08-28T01:31:51Z</time>
        <extensions>
          <gpxtpx:TrackPointExtension>
            <gpxtpx:hr>85</gpxtpx:hr>
          </gpxtpx:TrackPointExtension>
        </extensions>
      </trkpt>
      <trkpt lat="-33.85575455613434" lon="151.20174542069435">
        <ele>5.0</ele>
        <time>2026-08-28T01:31:54Z</time>
        <extensions>
          <gpxtpx:TrackPointExtension>
            <gpxtpx:hr>85</gpxtpx:hr>
          </gpxtpx:TrackPointExtension>
        </extensions>
      </trkpt>
      <trkpt lat="-33.85577484034002" lon="151.2017685547471">
        <ele>5.0</ele>
        <time>2026-08-28T01:31:57Z</time>
        <extensions>
          <gpxtpx:TrackPointExtension>
            <gpxtpx:hr>85</gpxtpx:hr>
          </gpxtpx:TrackPointExtension>
        </extensions>
      </trkpt>
      <trkpt lat="-33.85578556917608" lon="151.20180141180754">
        <ele>5.0</ele>
        <time>2026-08-28T01:32:00Z</time>
        <extensions>
          <gpxtpx:TrackPointExtension>
            <gpxtpx:hr>85</gpxtpx:hr>
          </gpxtpx:TrackPointExtension>
        </extensions>
      </trkpt>
      <trkpt lat="-33.85580409318209" lon="151.20183049701154">
        <ele>5.0</ele>
        <time>2026-08-28T01:32:03Z</time>
        <extensions>
          <gpxtpx:TrackPointExtension>
            <gpxtpx:hr>86</gpxtpx:hr>
          </gpxtpx:TrackPointExtension>
        </extensions>
      </trkpt>
      <trkpt lat="-33.85582865215838" lon="151.20185673236847">
        <ele>5.0</ele>
        <time>2026-08-28T01:32:06Z</time>
        <extensions>
          <gpxtpx:TrackPointExtension>
            <gpxtpx:hr>87</gpxtpx:hr>
          </gpxtpx:TrackPointExtension>
        </extensions>
      </trkpt>
      <trkpt lat="-33.855853378772736" lon="151.20188313536346">
        <ele>5.0</ele>
        <time>2026-08-28T01:32:09Z</time>
        <extensions>
          <gpxtpx:TrackPointExtension>
            <gpxtpx:hr>87</gpxtpx:hr>
          </gpxtpx:TrackPointExtension>
        </extensions>
      </trkpt>
      <trkpt lat="-33.85587517172098" lon="151.20190794579685">
        <ele>5.0</ele>
        <time>2026-08-28T01:32:12Z</time>
        <extensions>
          <gpxtpx:TrackPointExtension>
            <gpxtpx:hr>87</gpxtpx:hr>
          </gpxtpx:TrackPointExtension>
        </extensions>
      </trkpt>
      <trkpt lat="-33.85589419864118" lon="151.2019340135157">
        <ele>5.0</ele>
        <time>2026-08-28T01:32:15Z</time>
        <extensions>
          <gpxtpx:TrackPointExtension>
            <gpxtpx:hr>88</gpxtpx:hr>
          </gpxtpx:TrackPointExtension>
        </extensions>
      </trkpt>
      <trkpt lat="-33.85591129772365" lon="151.2019617576152">
        <ele>5.0</ele>
        <time>2026-08-28T01:32:18Z</time>
        <extensions>
          <gpxtpx:TrackPointExtension>
            <gpxtpx:hr>88</gpxtpx:hr>
          </gpxtpx:TrackPointExtension>
        </extensions>
      </trkpt>
      <trkpt lat="-33.8559294026345" lon="151.20199142955244">
        <ele>5.0</ele>
        <time>2026-08-28T01:32:21Z</time>
        <extensions>
          <gpxtpx:TrackPointExtension>
            <gpxtpx:hr>88</gpxtpx:hr>
          </gpxtpx:TrackPointExtension>
        </extensions>
      </trkpt>
      <trkpt lat="-33.85594750754535" lon="151.20202453806996">
        <ele>5.0</ele>
        <time>2026-08-28T01:32:24Z</time>
        <extensions>
          <gpxtpx:TrackPointExtension>
            <gpxtpx:hr>88</gpxtpx:hr>
          </gpxtpx:TrackPointExtension>
        </extensions>
      </trkpt>
      <trkpt lat="-33.85596703737974" lon="151.20205882005394">
        <ele>5.0</ele>
        <time>2026-08-28T01:32:27Z</time>
        <extensions>
          <gpxtpx:TrackPointExtension>
            <gpxtpx:hr>89</gpxtpx:hr>
          </gpxtpx:TrackPointExtension>
        </extensions>
      </trkpt>
      <trkpt lat="-33.85598748922348" lon="151.20209251530468">
        <ele>5.0</ele>
        <time>2026-08-28T01:32:30Z</time>
        <extensions>
          <gpxtpx:TrackPointExtension>
            <gpxtpx:hr>89</gpxtpx:hr>
          </gpxtpx:TrackPointExtension>
        </extensions>
      </trkpt>
      <trkpt lat="-33.856009198352695" lon="151.20212461799383">
        <ele>5.0</ele>
        <time>2026-08-28T01:32:33Z</time>
        <extensions>
          <gpxtpx:TrackPointExtension>
            <gpxtpx:hr>88</gpxtpx:hr>
          </gpxtpx:TrackPointExtension>
        </extensions>
      </trkpt>
      <trkpt lat="-33.856034679338336" lon="151.2021552119404">
        <ele>5.0</ele>
        <time>2026-08-28T01:32:36Z</time>
        <extensions>
          <gpxtpx:TrackPointExtension>
            <gpxtpx:hr>89</gpxtpx:hr>
          </gpxtpx:TrackPointExtension>
        </extensions>
      </trkpt>
      <trkpt lat="-33.85606334544718" lon="151.20218069292605">
        <ele>5.0</ele>
        <time>2026-08-28T01:32:39Z</time>
        <extensions>
          <gpxtpx:TrackPointExtension>
            <gpxtpx:hr>90</gpxtpx:hr>
          </gpxtpx:TrackPointExtension>
        </extensions>
      </trkpt>
      <trkpt lat="-33.85609050281346" lon="151.20220650918782">
        <ele>5.0</ele>
        <time>2026-08-28T01:32:42Z</time>
        <extensions>
          <gpxtpx:TrackPointExtension>
            <gpxtpx:hr>90</gpxtpx:hr>
          </gpxtpx:TrackPointExtension>
        </extensions>
      </trkpt>
      <trkpt lat="-33.856115313246846" lon="151.20223458856344">
        <ele>5.0</ele>
        <time>2026-08-28T01:32:45Z</time>
        <extensions>
          <gpxtpx:TrackPointExtension>
            <gpxtpx:hr>90</gpxtpx:hr>
          </gpxtpx:TrackPointExtension>
        </extensions>
      </trkpt>
      <trkpt lat="-33.85614079423249" lon="151.20226082392037">
        <ele>5.0</ele>
        <time>2026-08-28T01:32:48Z</time>
        <extensions>
          <gpxtpx:TrackPointExtension>
            <gpxtpx:hr>89</gpxtpx:hr>
          </gpxtpx:TrackPointExtension>
        </extensions>
      </trkpt>
      <trkpt lat="-33.856165939942" lon="151.20228664018214">
        <ele>5.0</ele>
        <time>2026-08-28T01:32:51Z</time>
        <extensions>
          <gpxtpx:TrackPointExtension>
            <gpxtpx:hr>89</gpxtpx:hr>
          </gpxtpx:TrackPointExtension>
        </extensions>
      </trkpt>
      <trkpt lat="-33.85619259439409" lon="151.2023106124252">
        <ele>5.0</ele>
        <time>2026-08-28T01:32:54Z</time>
        <extensions>
          <gpxtpx:TrackPointExtension>
            <gpxtpx:hr>90</gpxtpx:hr>
          </gpxtpx:TrackPointExtension>
        </extensions>
      </trkpt>
      <trkpt lat="-33.856220254674554" lon="151.20233005844057">
        <ele>5.0</ele>
        <time>2026-08-28T01:32:57Z</time>
        <extensions>
          <gpxtpx:TrackPointExtension>
            <gpxtpx:hr>91</gpxtpx:hr>
          </gpxtpx:TrackPointExtension>
        </extensions>
      </trkpt>
      <trkpt lat="-33.85624196380377" lon="151.20235034264624">
        <ele>6.0</ele>
        <time>2026-08-28T01:33:00Z</time>
        <extensions>
          <gpxtpx:TrackPointExtension>
            <gpxtpx:hr>91</gpxtpx:hr>
          </gpxtpx:TrackPointExtension>
        </extensions>
      </trkpt>
      <trkpt lat="-33.85624338872731" lon="151.20238093659282">
        <ele>6.0</ele>
        <time>2026-08-28T01:33:03Z</time>
        <extensions>
          <gpxtpx:TrackPointExtension>
            <gpxtpx:hr>90</gpxtpx:hr>
          </gpxtpx:TrackPointExtension>
        </extensions>
      </trkpt>
      <trkpt lat="-33.85623911395669" lon="151.20241572149098">
        <ele>6.0</ele>
        <time>2026-08-28T01:33:06Z</time>
        <extensions>
          <gpxtpx:TrackPointExtension>
            <gpxtpx:hr>91</gpxtpx:hr>
          </gpxtpx:TrackPointExtension>
        </extensions>
      </trkpt>
      <trkpt lat="-33.856239868327975" lon="151.20245360769331">
        <ele>6.0</ele>
        <time>2026-08-28T01:33:09Z</time>
        <extensions>
          <gpxtpx:TrackPointExtension>
            <gpxtpx:hr>93</gpxtpx:hr>
          </gpxtpx:TrackPointExtension>
        </extensions>
      </trkpt>
      <trkpt lat="-33.856245651841164" lon="151.20249325409532">
        <ele>6.0</ele>
        <time>2026-08-28T01:33:12Z</time>
        <extensions>
          <gpxtpx:TrackPointExtension>
            <gpxtpx:hr>93</gpxtpx:hr>
          </gpxtpx:TrackPointExtension>
        </extensions>
      </trkpt>
      <trkpt lat="-33.85624699294567" lon="151.20253331959248">
        <ele>6.0</ele>
        <time>2026-08-28T01:33:15Z</time>
        <extensions>
          <gpxtpx:TrackPointExtension>
            <gpxtpx:hr>93</gpxtpx:hr>
          </gpxtpx:TrackPointExtension>
        </extensions>
      </trkpt>
      <trkpt lat="-33.8562539499253" lon="151.20257162488997">
        <ele>6.0</ele>
        <time>2026-08-28T01:33:18Z</time>
        <extensions>
          <gpxtpx:TrackPointExtension>
            <gpxtpx:hr>94</gpxtpx:hr>
          </gpxtpx:TrackPointExtension>
        </extensions>
      </trkpt>
      <trkpt lat="-33.856274988502264" lon="151.2026047334075">
        <ele>6.0</ele>
        <time>2026-08-28T01:33:21Z</time>
        <extensions>
          <gpxtpx:TrackPointExtension>
            <gpxtpx:hr>95</gpxtpx:hr>
          </gpxtpx:TrackPointExtension>
        </extensions>
      </trkpt>
      <trkpt lat="-33.85628948919475" lon="151.20263943448663">
        <ele>6.0</ele>
        <time>2026-08-28T01:33:24Z</time>
        <extensions>
          <gpxtpx:TrackPointExtension>
            <gpxtpx:hr>94</gpxtpx:hr>
          </gpxtpx:TrackPointExtension>
        </extensions>
      </trkpt>
      <trkpt lat="-33.85629619471729" lon="151.20267681777477">
        <ele>6.0</ele>
        <time>2026-08-28T01:33:27Z</time>
        <extensions>
          <gpxtpx:TrackPointExtension>
            <gpxtpx:hr>91</gpxtpx:hr>
          </gpxtpx:TrackPointExtension>
        </extensions>
      </trkpt>
      <trkpt lat="-33.856308767572045" lon="151.20271118357778">
        <ele>5.0</ele>
        <time>2026-08-28T01:33:30Z</time>
        <extensions>
          <gpxtpx:TrackPointExtension>
            <gpxtpx:hr>87</gpxtpx:hr>
          </gpxtpx:TrackPointExtension>
        </extensions>
      </trkpt>
      <trkpt lat="-33.856327291578054" lon="151.20274353772402">
        <ele>5.0</ele>
        <time>2026-08-28T01:33:33Z</time>
        <extensions>
          <gpxtpx:TrackPointExtension>
            <gpxtpx:hr>85</gpxtpx:hr>
          </gpxtpx:TrackPointExtension>
        </extensions>
      </trkpt>
      <trkpt lat="-33.85634430684149" lon="151.20277505367994">
        <ele>5.0</ele>
        <time>2026-08-28T01:33:36Z</time>
        <extensions>
          <gpxtpx:TrackPointExtension>
            <gpxtpx:hr>85</gpxtpx:hr>
          </gpxtpx:TrackPointExtension>
        </extensions>
      </trkpt>
      <trkpt lat="-33.85635545477271" lon="151.20280237868428">
        <ele>5.0</ele>
        <time>2026-08-28T01:33:39Z</time>
        <extensions>
          <gpxtpx:TrackPointExtension>
            <gpxtpx:hr>86</gpxtpx:hr>
          </gpxtpx:TrackPointExtension>
        </extensions>
      </trkpt>
      <trkpt lat="-33.856365010142326" lon="151.20282978750765">
        <ele>5.0</ele>
        <time>2026-08-28T01:33:42Z</time>
        <extensions>
          <gpxtpx:TrackPointExtension>
            <gpxtpx:hr>86</gpxtpx:hr>
          </gpxtpx:TrackPointExtension>
        </extensions>
      </trkpt>
      <trkpt lat="-33.85637800209224" lon="151.2028582021594">
        <ele>5.0</ele>
        <time>2026-08-28T01:33:45Z</time>
        <extensions>
          <gpxtpx:TrackPointExtension>
            <gpxtpx:hr>86</gpxtpx:hr>
          </gpxtpx:TrackPointExtension>
        </extensions>
      </trkpt>
      <trkpt lat="-33.85639149695635" lon="151.2028846051544">
        <ele>5.0</ele>
        <time>2026-08-28T01:33:48Z</time>
        <extensions>
          <gpxtpx:TrackPointExtension>
            <gpxtpx:hr>86</gpxtpx:hr>
          </gpxtpx:TrackPointExtension>
        </extensions>
      </trkpt>
      <trkpt lat="-33.85640331543982" lon="151.20290908031166">
        <ele>5.0</ele>
        <time>2026-08-28T01:33:51Z</time>
        <extensions>
          <gpxtpx:TrackPointExtension>
            <gpxtpx:hr>86</gpxtpx:hr>
          </gpxtpx:TrackPointExtension>
        </extensions>
      </trkpt>
      <trkpt lat="-33.856411362066865" lon="151.202936405316">
        <ele>5.0</ele>
        <time>2026-08-28T01:33:54Z</time>
        <extensions>
          <gpxtpx:TrackPointExtension>
            <gpxtpx:hr>86</gpxtpx:hr>
          </gpxtpx:TrackPointExtension>
        </extensions>
      </trkpt>
      <trkpt lat="-33.85641798377037" lon="151.20296741835773">
        <ele>5.0</ele>
        <time>2026-08-28T01:33:57Z</time>
        <extensions>
          <gpxtpx:TrackPointExtension>
            <gpxtpx:hr>86</gpxtpx:hr>
          </gpxtpx:TrackPointExtension>
        </extensions>
      </trkpt>
      <trkpt lat="-33.85642980225384" lon="151.20299817994237">
        <ele>5.0</ele>
        <time>2026-08-28T01:34:00Z</time>
        <extensions>
          <gpxtpx:TrackPointExtension>
            <gpxtpx:hr>86</gpxtpx:hr>
          </gpxtpx:TrackPointExtension>
        </extensions>
      </trkpt>
      <trkpt lat="-33.856446566060185" lon="151.20302961207926">
        <ele>5.0</ele>
        <time>2026-08-28T01:34:03Z</time>
        <extensions>
          <gpxtpx:TrackPointExtension>
            <gpxtpx:hr>86</gpxtpx:hr>
          </gpxtpx:TrackPointExtension>
        </extensions>
      </trkpt>
      <trkpt lat="-33.85646475479007" lon="151.20306121185422">
        <ele>5.0</ele>
        <time>2026-08-28T01:34:06Z</time>
        <extensions>
          <gpxtpx:TrackPointExtension>
            <gpxtpx:hr>86</gpxtpx:hr>
          </gpxtpx:TrackPointExtension>
        </extensions>
      </trkpt>
      <trkpt lat="-33.85647808201611" lon="151.20309348218143">
        <ele>5.0</ele>
        <time>2026-08-28T01:34:09Z</time>
        <extensions>
          <gpxtpx:TrackPointExtension>
            <gpxtpx:hr>88</gpxtpx:hr>
          </gpxtpx:TrackPointExtension>
        </extensions>
      </trkpt>
      <trkpt lat="-33.856488056480885" lon="151.20312633924186">
        <ele>5.0</ele>
        <time>2026-08-28T01:34:12Z</time>
        <extensions>
          <gpxtpx:TrackPointExtension>
            <gpxtpx:hr>88</gpxtpx:hr>
          </gpxtpx:TrackPointExtension>
        </extensions>
      </trkpt>
      <trkpt lat="-33.85649777948856" lon="151.2031591963023">
        <ele>4.0</ele>
        <time>2026-08-28T01:34:15Z</time>
        <extensions>
          <gpxtpx:TrackPointExtension>
            <gpxtpx:hr>87</gpxtpx:hr>
          </gpxtpx:TrackPointExtension>
        </extensions>
      </trkpt>
      <trkpt lat="-33.856510603800416" lon="151.20319020934403">
        <ele>4.0</ele>
        <time>2026-08-28T01:34:18Z</time>
        <extensions>
          <gpxtpx:TrackPointExtension>
            <gpxtpx:hr>86</gpxtpx:hr>
          </gpxtpx:TrackPointExtension>
        </extensions>
      </trkpt>
      <trkpt lat="-33.85652686469257" lon="151.20321652852">
        <ele>4.0</ele>
        <time>2026-08-28T01:34:21Z</time>
        <extensions>
          <gpxtpx:TrackPointExtension>
            <gpxtpx:hr>84</gpxtpx:hr>
          </gpxtpx:TrackPointExtension>
        </extensions>
      </trkpt>
      <trkpt lat="-33.8565459754318" lon="151.20323932729661">
        <ele>4.0</ele>
        <time>2026-08-28T01:34:24Z</time>
        <extensions>
          <gpxtpx:TrackPointExtension>
            <gpxtpx:hr>84</gpxtpx:hr>
          </gpxtpx:TrackPointExtension>
        </extensions>
      </trkpt>
      <trkpt lat="-33.856567768380046" lon="151.2032607011497">
        <ele>4.0</ele>
        <time>2026-08-28T01:34:27Z</time>
        <extensions>
          <gpxtpx:TrackPointExtension>
            <gpxtpx:hr>84</gpxtpx:hr>
          </gpxtpx:TrackPointExtension>
        </extensions>
      </trkpt>
      <trkpt lat="-33.85658738203347" lon="151.20328567922115">
        <ele>4.0</ele>
        <time>2026-08-28T01:34:30Z</time>
        <extensions>
          <gpxtpx:TrackPointExtension>
            <gpxtpx:hr>83</gpxtpx:hr>
          </gpxtpx:TrackPointExtension>
        </extensions>
      </trkpt>
      <trkpt lat="-33.85660397820175" lon="151.20331375859678">
        <ele>4.0</ele>
        <time>2026-08-28T01:34:33Z</time>
        <extensions>
          <gpxtpx:TrackPointExtension>
            <gpxtpx:hr>83</gpxtpx:hr>
          </gpxtpx:TrackPointExtension>
        </extensions>
      </trkpt>
      <trkpt lat="-33.856619987636805" lon="151.20334435254335">
        <ele>4.0</ele>
        <time>2026-08-28T01:34:36Z</time>
        <extensions>
          <gpxtpx:TrackPointExtension>
            <gpxtpx:hr>82</gpxtpx:hr>
          </gpxtpx:TrackPointExtension>
        </extensions>
      </trkpt>
      <trkpt lat="-33.85663733817637" lon="151.20337494648993">
        <ele>4.0</ele>
        <time>2026-08-28T01:34:39Z</time>
        <extensions>
          <gpxtpx:TrackPointExtension>
            <gpxtpx:hr>82</gpxtpx:hr>
          </gpxtpx:TrackPointExtension>
        </extensions>
      </trkpt>
      <trkpt lat="-33.85665401816368" lon="151.2034039478749">
        <ele>4.0</ele>
        <time>2026-08-28T01:34:42Z</time>
        <extensions>
          <gpxtpx:TrackPointExtension>
            <gpxtpx:hr>81</gpxtpx:hr>
          </gpxtpx:TrackPointExtension>
        </extensions>
      </trkpt>
      <trkpt lat="-33.856671368703246" lon="151.2034337874502">
        <ele>4.0</ele>
        <time>2026-08-28T01:34:45Z</time>
        <extensions>
          <gpxtpx:TrackPointExtension>
            <gpxtpx:hr>82</gpxtpx:hr>
          </gpxtpx:TrackPointExtension>
        </extensions>
      </trkpt>
      <trkpt lat="-33.85669223964214" lon="151.20346572250128">
        <ele>4.0</ele>
        <time>2026-08-28T01:34:48Z</time>
        <extensions>
          <gpxtpx:TrackPointExtension>
            <gpxtpx:hr>83</gpxtpx:hr>
          </gpxtpx:TrackPointExtension>
        </extensions>
      </trkpt>
      <trkpt lat="-33.85670757852495" lon="151.2035004235804">
        <ele>4.0</ele>
        <time>2026-08-28T01:34:51Z</time>
        <extensions>
          <gpxtpx:TrackPointExtension>
            <gpxtpx:hr>84</gpxtpx:hr>
          </gpxtpx:TrackPointExtension>
        </extensions>
      </trkpt>
      <trkpt lat="-33.856719648465514" lon="151.20353705249727">
        <ele>4.0</ele>
        <time>2026-08-28T01:34:54Z</time>
        <extensions>
          <gpxtpx:TrackPointExtension>
            <gpxtpx:hr>85</gpxtpx:hr>
          </gpxtpx:TrackPointExtension>
        </extensions>
      </trkpt>
      <trkpt lat="-33.8567325565964" lon="151.20357317849994">
        <ele>4.0</ele>
        <time>2026-08-28T01:34:57Z</time>
        <extensions>
          <gpxtpx:TrackPointExtension>
            <gpxtpx:hr>87</gpxtpx:hr>
          </gpxtpx:TrackPointExtension>
        </extensions>
      </trkpt>
      <trkpt lat="-33.85674864985049" lon="151.20360553264618">
        <ele>4.0</ele>
        <time>2026-08-28T01:35:00Z</time>
        <extensions>
          <gpxtpx:TrackPointExtension>
            <gpxtpx:hr>87</gpxtpx:hr>
          </gpxtpx:TrackPointExtension>
        </extensions>
      </trkpt>
      <trkpt lat="-33.856766084209085" lon="151.20363512076437">
        <ele>4.0</ele>
        <time>2026-08-28T01:35:03Z</time>
        <extensions>
          <gpxtpx:TrackPointExtension>
            <gpxtpx:hr>87</gpxtpx:hr>
          </gpxtpx:TrackPointExtension>
        </extensions>
      </trkpt>
      <trkpt lat="-33.8567825127393" lon="151.20366512797773">
        <ele>4.0</ele>
        <time>2026-08-28T01:35:06Z</time>
        <extensions>
          <gpxtpx:TrackPointExtension>
            <gpxtpx:hr>87</gpxtpx:hr>
          </gpxtpx:TrackPointExtension>
        </extensions>
      </trkpt>
      <trkpt lat="-33.85679567232728" lon="151.20369404554367">
        <ele>4.0</ele>
        <time>2026-08-28T01:35:09Z</time>
        <extensions>
          <gpxtpx:TrackPointExtension>
            <gpxtpx:hr>88</gpxtpx:hr>
          </gpxtpx:TrackPointExtension>
        </extensions>
      </trkpt>
      <trkpt lat="-33.856805143877864" lon="151.20372338220477">
        <ele>4.0</ele>
        <time>2026-08-28T01:35:12Z</time>
        <extensions>
          <gpxtpx:TrackPointExtension>
            <gpxtpx:hr>88</gpxtpx:hr>
          </gpxtpx:TrackPointExtension>
        </extensions>
      </trkpt>
      <trkpt lat="-33.85681218467653" lon="151.20375204831362">
        <ele>4.0</ele>
        <time>2026-08-28T01:35:15Z</time>
        <extensions>
          <gpxtpx:TrackPointExtension>
            <gpxtpx:hr>87</gpxtpx:hr>
          </gpxtpx:TrackPointExtension>
        </extensions>
      </trkpt>
      <trkpt lat="-33.856820901855826" lon="151.2037805467844">
        <ele>4.0</ele>
        <time>2026-08-28T01:35:18Z</time>
        <extensions>
          <gpxtpx:TrackPointExtension>
            <gpxtpx:hr>86</gpxtpx:hr>
          </gpxtpx:TrackPointExtension>
        </extensions>
      </trkpt>
      <trkpt lat="-33.85683196596801" lon="151.2038101349026">
        <ele>4.0</ele>
        <time>2026-08-28T01:35:21Z</time>
        <extensions>
          <gpxtpx:TrackPointExtension>
            <gpxtpx:hr>86</gpxtpx:hr>
          </gpxtpx:TrackPointExtension>
        </extensions>
      </trkpt>
      <trkpt lat="-33.85684504173696" lon="151.20383905246854">
        <ele>4.0</ele>
        <time>2026-08-28T01:35:24Z</time>
        <extensions>
          <gpxtpx:TrackPointExtension>
            <gpxtpx:hr>86</gpxtpx:hr>
          </gpxtpx:TrackPointExtension>
        </extensions>
      </trkpt>
      <trkpt lat="-33.85685627348721" lon="151.2038698978722">
        <ele>4.0</ele>
        <time>2026-08-28T01:35:27Z</time>
        <extensions>
          <gpxtpx:TrackPointExtension>
            <gpxtpx:hr>85</gpxtpx:hr>
          </gpxtpx:TrackPointExtension>
        </extensions>
      </trkpt>
      <trkpt lat="-33.85686608031392" lon="151.20390619151294">
        <ele>4.0</ele>
        <time>2026-08-28T01:35:30Z</time>
        <extensions>
          <gpxtpx:TrackPointExtension>
            <gpxtpx:hr>84</gpxtpx:hr>
          </gpxtpx:TrackPointExtension>
        </extensions>
      </trkpt>
      <trkpt lat="-33.85687286965549" lon="151.20394432917237">
        <ele>4.0</ele>
        <time>2026-08-28T01:35:33Z</time>
        <extensions>
          <gpxtpx:TrackPointExtension>
            <gpxtpx:hr>85</gpxtpx:hr>
          </gpxtpx:TrackPointExtension>
        </extensions>
      </trkpt>
      <trkpt lat="-33.856880497187376" lon="151.20398053899407">
        <ele>4.0</ele>
        <time>2026-08-28T01:35:36Z</time>
        <extensions>
          <gpxtpx:TrackPointExtension>
            <gpxtpx:hr>86</gpxtpx:hr>
          </gpxtpx:TrackPointExtension>
        </extensions>
      </trkpt>
      <trkpt lat="-33.856891645118594" lon="151.20401624590158">
        <ele>4.0</ele>
        <time>2026-08-28T01:35:39Z</time>
        <extensions>
          <gpxtpx:TrackPointExtension>
            <gpxtpx:hr>87</gpxtpx:hr>
          </gpxtpx:TrackPointExtension>
        </extensions>
      </trkpt>
      <trkpt lat="-33.856905894353986" lon="151.20404683984816">
        <ele>4.0</ele>
        <time>2026-08-28T01:35:42Z</time>
        <extensions>
          <gpxtpx:TrackPointExtension>
            <gpxtpx:hr>88</gpxtpx:hr>
          </gpxtpx:TrackPointExtension>
        </extensions>
      </trkpt>
      <trkpt lat="-33.856914192438126" lon="151.20405413210392">
        <ele>4.0</ele>
        <time>2026-08-28T01:35:45Z</time>
        <extensions>
          <gpxtpx:TrackPointExtension>
            <gpxtpx:hr>88</gpxtpx:hr>
          </gpxtpx:TrackPointExtension>
        </extensions>
      </trkpt>
      <trkpt lat="-33.85691821575165" lon="151.20407198555768">
        <ele>4.0</ele>
        <time>2026-08-28T01:35:48Z</time>
        <extensions>
          <gpxtpx:TrackPointExtension>
            <gpxtpx:hr>88</gpxtpx:hr>
          </gpxtpx:TrackPointExtension>
        </extensions>
      </trkpt>
      <trkpt lat="-33.85690715163946" lon="151.20410433970392">
        <ele>4.0</ele>
        <time>2026-08-28T01:35:51Z</time>
        <extensions>
          <gpxtpx:TrackPointExtension>
            <gpxtpx:hr>89</gpxtpx:hr>
          </gpxtpx:TrackPointExtension>
        </extensions>
      </trkpt>
      <trkpt lat="-33.85689583607018" lon="151.20414256118238">
        <ele>4.0</ele>
        <time>2026-08-28T01:35:54Z</time>
        <extensions>
          <gpxtpx:TrackPointExtension>
            <gpxtpx:hr>89</gpxtpx:hr>
          </gpxtpx:TrackPointExtension>
        </extensions>
      </trkpt>
      <trkpt lat="-33.85688410140574" lon="151.20419553481042">
        <ele>4.0</ele>
        <time>2026-08-28T01:35:57Z</time>
        <extensions>
          <gpxtpx:TrackPointExtension>
            <gpxtpx:hr>88</gpxtpx:hr>
          </gpxtpx:TrackPointExtension>
        </extensions>
      </trkpt>
      <trkpt lat="-33.85687178000808" lon="151.20425471104681">
        <ele>4.0</ele>
        <time>2026-08-28T01:36:00Z</time>
        <extensions>
          <gpxtpx:TrackPointExtension>
            <gpxtpx:hr>87</gpxtpx:hr>
          </gpxtpx:TrackPointExtension>
        </extensions>
      </trkpt>
      <trkpt lat="-33.85685954242945" lon="151.20431338436902">
        <ele>4.0</ele>
        <time>2026-08-28T01:36:03Z</time>
        <extensions>
          <gpxtpx:TrackPointExtension>
            <gpxtpx:hr>85</gpxtpx:hr>
          </gpxtpx:TrackPointExtension>
        </extensions>
      </trkpt>
      <trkpt lat="-33.85685266926885" lon="151.20436602272093">
        <ele>4.0</ele>
        <time>2026-08-28T01:36:06Z</time>
        <extensions>
          <gpxtpx:TrackPointExtension>
            <gpxtpx:hr>85</gpxtpx:hr>
          </gpxtpx:TrackPointExtension>
        </extensions>
      </trkpt>
      <trkpt lat="-33.856850573793054" lon="151.20441229082644">
        <ele>4.0</ele>
        <time>2026-08-28T01:36:09Z</time>
        <extensions>
          <gpxtpx:TrackPointExtension>
            <gpxtpx:hr>85</gpxtpx:hr>
          </gpxtpx:TrackPointExtension>
        </extensions>
      </trkpt>
      <trkpt lat="-33.8568499032408" lon="151.20445964857936">
        <ele>4.0</ele>
        <time>2026-08-28T01:36:12Z</time>
        <extensions>
          <gpxtpx:TrackPointExtension>
            <gpxtpx:hr>86</gpxtpx:hr>
          </gpxtpx:TrackPointExtension>
        </extensions>
      </trkpt>
      <trkpt lat="-33.85684780776501" lon="151.2045060005039">
        <ele>4.0</ele>
        <time>2026-08-28T01:36:15Z</time>
        <extensions>
          <gpxtpx:TrackPointExtension>
            <gpxtpx:hr>87</gpxtpx:hr>
          </gpxtpx:TrackPointExtension>
        </extensions>
      </trkpt>
      <trkpt lat="-33.85684420354664" lon="151.20455151423812">
        <ele>4.0</ele>
        <time>2026-08-28T01:36:18Z</time>
        <extensions>
          <gpxtpx:TrackPointExtension>
            <gpxtpx:hr>88</gpxtpx:hr>
          </gpxtpx:TrackPointExtension>
        </extensions>
      </trkpt>
      <trkpt lat="-33.856843868270516" lon="151.20459308847785">
        <ele>4.0</ele>
        <time>2026-08-28T01:36:21Z</time>
        <extensions>
          <gpxtpx:TrackPointExtension>
            <gpxtpx:hr>88</gpxtpx:hr>
          </gpxtpx:TrackPointExtension>
        </extensions>
      </trkpt>
      <trkpt lat="-33.8568514958024" lon="151.20463239960372">
        <ele>4.0</ele>
        <time>2026-08-28T01:36:24Z</time>
        <extensions>
          <gpxtpx:TrackPointExtension>
            <gpxtpx:hr>87</gpxtpx:hr>
          </gpxtpx:TrackPointExtension>
        </extensions>
      </trkpt>
      <trkpt lat="-33.85686490684748" lon="151.20467422530055">
        <ele>4.0</ele>
        <time>2026-08-28T01:36:27Z</time>
        <extensions>
          <gpxtpx:TrackPointExtension>
            <gpxtpx:hr>89</gpxtpx:hr>
          </gpxtpx:TrackPointExtension>
        </extensions>
      </trkpt>
      <trkpt lat="-33.856871193274856" lon="151.2047182302922">
        <ele>4.0</ele>
        <time>2026-08-28T01:36:30Z</time>
        <extensions>
          <gpxtpx:TrackPointExtension>
            <gpxtpx:hr>90</gpxtpx:hr>
          </gpxtpx:TrackPointExtension>
        </extensions>
      </trkpt>
      <trkpt lat="-33.856868678703904" lon="151.2047592177987">
        <ele>4.0</ele>
        <time>2026-08-28T01:36:33Z</time>
        <extensions>
          <gpxtpx:TrackPointExtension>
            <gpxtpx:hr>90</gpxtpx:hr>
          </gpxtpx:TrackPointExtension>
        </extensions>
      </trkpt>
      <trkpt lat="-33.856863314285874" lon="151.20479861274362">
        <ele>5.0</ele>
        <time>2026-08-28T01:36:36Z</time>
        <extensions>
          <gpxtpx:TrackPointExtension>
            <gpxtpx:hr>90</gpxtpx:hr>
          </gpxtpx:TrackPointExtension>
        </extensions>
      </trkpt>
      <trkpt lat="-33.85685828514397" lon="151.20483892969787">
        <ele>4.0</ele>
        <time>2026-08-28T01:36:39Z</time>
        <extensions>
          <gpxtpx:TrackPointExtension>
            <gpxtpx:hr>91</gpxtpx:hr>
          </gpxtpx:TrackPointExtension>
        </extensions>
      </trkpt>
      <trkpt lat="-33.85685568675399" lon="151.20487991720438">
        <ele>4.0</ele>
        <time>2026-08-28T01:36:42Z</time>
        <extensions>
          <gpxtpx:TrackPointExtension>
            <gpxtpx:hr>91</gpxtpx:hr>
          </gpxtpx:TrackPointExtension>
        </extensions>
      </trkpt>
      <trkpt lat="-33.85685367509723" lon="151.2049190606922">
        <ele>4.0</ele>
        <time>2026-08-28T01:36:45Z</time>
        <extensions>
          <gpxtpx:TrackPointExtension>
            <gpxtpx:hr>92</gpxtpx:hr>
          </gpxtpx:TrackPointExtension>
        </extensions>
      </trkpt>
      <trkpt lat="-33.856853088364005" lon="151.20495703071356">
        <ele>5.0</ele>
        <time>2026-08-28T01:36:48Z</time>
        <extensions>
          <gpxtpx:TrackPointExtension>
            <gpxtpx:hr>92</gpxtpx:hr>
          </gpxtpx:TrackPointExtension>
        </extensions>
      </trkpt>
      <trkpt lat="-33.85685191489756" lon="151.20499407872558">
        <ele>5.0</ele>
        <time>2026-08-28T01:36:51Z</time>
        <extensions>
          <gpxtpx:TrackPointExtension>
            <gpxtpx:hr>91</gpxtpx:hr>
          </gpxtpx:TrackPointExtension>
        </extensions>
      </trkpt>
      <trkpt lat="-33.85684797540307" lon="151.2050285283476">
        <ele>5.0</ele>
        <time>2026-08-28T01:36:54Z</time>
        <extensions>
          <gpxtpx:TrackPointExtension>
            <gpxtpx:hr>89</gpxtpx:hr>
          </gpxtpx:TrackPointExtension>
        </extensions>
      </trkpt>
      <trkpt lat="-33.85684101842344" lon="151.2050607148558">
        <ele>5.0</ele>
        <time>2026-08-28T01:36:57Z</time>
        <extensions>
          <gpxtpx:TrackPointExtension>
            <gpxtpx:hr>88</gpxtpx:hr>
          </gpxtpx:TrackPointExtension>
        </extensions>
      </trkpt>
      <trkpt lat="-33.85683171451092" lon="151.20509441010654">
        <ele>5.0</ele>
        <time>2026-08-28T01:37:00Z</time>
        <extensions>
          <gpxtpx:TrackPointExtension>
            <gpxtpx:hr>88</gpxtpx:hr>
          </gpxtpx:TrackPointExtension>
        </extensions>
      </trkpt>
      <trkpt lat="-33.85682165622711" lon="151.20512475259602">
        <ele>5.0</ele>
        <time>2026-08-28T01:37:03Z</time>
        <extensions>
          <gpxtpx:TrackPointExtension>
            <gpxtpx:hr>89</gpxtpx:hr>
          </gpxtpx:TrackPointExtension>
        </extensions>
      </trkpt>
      <trkpt lat="-33.856813944876194" lon="151.20514780282974">
        <ele>5.0</ele>
        <time>2026-08-28T01:37:06Z</time>
        <extensions>
          <gpxtpx:TrackPointExtension>
            <gpxtpx:hr>89</gpxtpx:hr>
          </gpxtpx:TrackPointExtension>
        </extensions>
      </trkpt>
      <trkpt lat="-33.85680707171559" lon="151.2051730323583">
        <ele>5.0</ele>
        <time>2026-08-28T01:37:09Z</time>
        <extensions>
          <gpxtpx:TrackPointExtension>
            <gpxtpx:hr>87</gpxtpx:hr>
          </gpxtpx:TrackPointExtension>
        </extensions>
      </trkpt>
      <trkpt lat="-33.85679718106985" lon="151.20520086027682">
        <ele>5.0</ele>
        <time>2026-08-28T01:37:12Z</time>
        <extensions>
          <gpxtpx:TrackPointExtension>
            <gpxtpx:hr>87</gpxtpx:hr>
          </gpxtpx:TrackPointExtension>
        </extensions>
      </trkpt>
      <trkpt lat="-33.85678284801543" lon="151.2052293587476">
        <ele>5.0</ele>
        <time>2026-08-28T01:37:15Z</time>
        <extensions>
          <gpxtpx:TrackPointExtension>
            <gpxtpx:hr>87</gpxtpx:hr>
          </gpxtpx:TrackPointExtension>
        </extensions>
      </trkpt>
      <trkpt lat="-33.85676993988454" lon="151.20525685139">
        <ele>5.0</ele>
        <time>2026-08-28T01:37:18Z</time>
        <extensions>
          <gpxtpx:TrackPointExtension>
            <gpxtpx:hr>86</gpxtpx:hr>
          </gpxtpx:TrackPointExtension>
        </extensions>
      </trkpt>
      <trkpt lat="-33.85675594210625" lon="151.20528174564242">
        <ele>5.0</ele>
        <time>2026-08-28T01:37:21Z</time>
        <extensions>
          <gpxtpx:TrackPointExtension>
            <gpxtpx:hr>86</gpxtpx:hr>
          </gpxtpx:TrackPointExtension>
        </extensions>
      </trkpt>
      <trkpt lat="-33.8567444588989" lon="151.20530270040035">
        <ele>5.0</ele>
        <time>2026-08-28T01:37:24Z</time>
        <extensions>
          <gpxtpx:TrackPointExtension>
            <gpxtpx:hr>86</gpxtpx:hr>
          </gpxtpx:TrackPointExtension>
        </extensions>
      </trkpt>
      <trkpt lat="-33.856733813881874" lon="151.20532482862473">
        <ele>5.0</ele>
        <time>2026-08-28T01:37:27Z</time>
        <extensions>
          <gpxtpx:TrackPointExtension>
            <gpxtpx:hr>86</gpxtpx:hr>
          </gpxtpx:TrackPointExtension>
        </extensions>
      </trkpt>
      <trkpt lat="-33.856725096702576" lon="151.2053472083062">
        <ele>5.0</ele>
        <time>2026-08-28T01:37:30Z</time>
        <extensions>
          <gpxtpx:TrackPointExtension>
            <gpxtpx:hr>86</gpxtpx:hr>
          </gpxtpx:TrackPointExtension>
        </extensions>
      </trkpt>
      <trkpt lat="-33.85671587660909" lon="151.2053699232638">
        <ele>5.0</ele>
        <time>2026-08-28T01:37:33Z</time>
        <extensions>
          <gpxtpx:TrackPointExtension>
            <gpxtpx:hr>86</gpxtpx:hr>
          </gpxtpx:TrackPointExtension>
        </extensions>
      </trkpt>
      <trkpt lat="-33.85670539923012" lon="151.2053902912885">
        <ele>5.0</ele>
        <time>2026-08-28T01:37:36Z</time>
        <extensions>
          <gpxtpx:TrackPointExtension>
            <gpxtpx:hr>86</gpxtpx:hr>
          </gpxtpx:TrackPointExtension>
        </extensions>
      </trkpt>
      <trkpt lat="-33.85669601149857" lon="151.2054088152945">
        <ele>5.0</ele>
        <time>2026-08-28T01:37:39Z</time>
        <extensions>
          <gpxtpx:TrackPointExtension>
            <gpxtpx:hr>85</gpxtpx:hr>
          </gpxtpx:TrackPointExtension>
        </extensions>
      </trkpt>
      <trkpt lat="-33.85668779723346" lon="151.20542960241437">
        <ele>5.0</ele>
        <time>2026-08-28T01:37:42Z</time>
        <extensions>
          <gpxtpx:TrackPointExtension>
            <gpxtpx:hr>86</gpxtpx:hr>
          </gpxtpx:TrackPointExtension>
        </extensions>
      </trkpt>
      <trkpt lat="-33.85668410919607" lon="151.20543982833624">
        <ele>5.0</ele>
        <time>2026-08-28T01:37:45Z</time>
        <extensions>
          <gpxtpx:TrackPointExtension>
            <gpxtpx:hr>86</gpxtpx:hr>
          </gpxtpx:TrackPointExtension>
        </extensions>
      </trkpt>
      <trkpt lat="-33.856678158044815" lon="151.20545441284776">
        <ele>5.0</ele>
        <time>2026-08-28T01:37:48Z</time>
        <extensions>
          <gpxtpx:TrackPointExtension>
            <gpxtpx:hr>83</gpxtpx:hr>
          </gpxtpx:TrackPointExtension>
        </extensions>
      </trkpt>
      <trkpt lat="-33.85666617192328" lon="151.20548240840435">
        <ele>5.0</ele>
        <time>2026-08-28T01:37:51Z</time>
        <extensions>
          <gpxtpx:TrackPointExtension>
            <gpxtpx:hr>80</gpxtpx:hr>
          </gpxtpx:TrackPointExtension>
        </extensions>
      </trkpt>
      <trkpt lat="-33.85665200650692" lon="151.20551811531186">
        <ele>5.0</ele>
        <time>2026-08-28T01:37:54Z</time>
        <extensions>
          <gpxtpx:TrackPointExtension>
            <gpxtpx:hr>80</gpxtpx:hr>
          </gpxtpx:TrackPointExtension>
        </extensions>
      </trkpt>
      <trkpt lat="-33.85663834400475" lon="151.20555222965777">
        <ele>5.0</ele>
        <time>2026-08-28T01:37:57Z</time>
        <extensions>
          <gpxtpx:TrackPointExtension>
            <gpxtpx:hr>81</gpxtpx:hr>
          </gpxtpx:TrackPointExtension>
        </extensions>
      </trkpt>
      <trkpt lat="-33.856623005121946" lon="151.20558357797563">
        <ele>5.0</ele>
        <time>2026-08-28T01:38:00Z</time>
        <extensions>
          <gpxtpx:TrackPointExtension>
            <gpxtpx:hr>81</gpxtpx:hr>
          </gpxtpx:TrackPointExtension>
        </extensions>
      </trkpt>
      <trkpt lat="-33.85660565458238" lon="151.20561425574124">
        <ele>5.0</ele>
        <time>2026-08-28T01:38:03Z</time>
        <extensions>
          <gpxtpx:TrackPointExtension>
            <gpxtpx:hr>83</gpxtpx:hr>
          </gpxtpx:TrackPointExtension>
        </extensions>
      </trkpt>
      <trkpt lat="-33.85659174062312" lon="151.20564593933523">
        <ele>5.0</ele>
        <time>2026-08-28T01:38:06Z</time>
        <extensions>
          <gpxtpx:TrackPointExtension>
            <gpxtpx:hr>84</gpxtpx:hr>
          </gpxtpx:TrackPointExtension>
        </extensions>
      </trkpt>
      <trkpt lat="-33.85658025741577" lon="151.20567871257663">
        <ele>5.0</ele>
        <time>2026-08-28T01:38:09Z</time>
        <extensions>
          <gpxtpx:TrackPointExtension>
            <gpxtpx:hr>85</gpxtpx:hr>
          </gpxtpx:TrackPointExtension>
        </extensions>
      </trkpt>
      <trkpt lat="-33.856568271294236" lon="151.20571232400835">
        <ele>5.0</ele>
        <time>2026-08-28T01:38:12Z</time>
        <extensions>
          <gpxtpx:TrackPointExtension>
            <gpxtpx:hr>86</gpxtpx:hr>
          </gpxtpx:TrackPointExtension>
        </extensions>
      </trkpt>
      <trkpt lat="-33.856553100049496" lon="151.20574543252587">
        <ele>5.0</ele>
        <time>2026-08-28T01:38:15Z</time>
        <extensions>
          <gpxtpx:TrackPointExtension>
            <gpxtpx:hr>86</gpxtpx:hr>
          </gpxtpx:TrackPointExtension>
        </extensions>
      </trkpt>
      <trkpt lat="-33.856531055644155" lon="151.2057746015489">
        <ele>5.0</ele>
        <time>2026-08-28T01:38:18Z</time>
        <extensions>
          <gpxtpx:TrackPointExtension>
            <gpxtpx:hr>87</gpxtpx:hr>
          </gpxtpx:TrackPointExtension>
        </extensions>
      </trkpt>
      <trkpt lat="-33.856504652649164" lon="151.20579949580133">
        <ele>5.0</ele>
        <time>2026-08-28T01:38:21Z</time>
        <extensions>
          <gpxtpx:TrackPointExtension>
            <gpxtpx:hr>85</gpxtpx:hr>
          </gpxtpx:TrackPointExtension>
        </extensions>
      </trkpt>
      <trkpt lat="-33.856476908549666" lon="151.20582539588213">
        <ele>5.0</ele>
        <time>2026-08-28T01:38:24Z</time>
        <extensions>
          <gpxtpx:TrackPointExtension>
            <gpxtpx:hr>85</gpxtpx:hr>
          </gpxtpx:TrackPointExtension>
        </extensions>
      </trkpt>
      <trkpt lat="-33.85645360685885" lon="151.20585473254323">
        <ele>5.0</ele>
        <time>2026-08-28T01:38:27Z</time>
        <extensions>
          <gpxtpx:TrackPointExtension>
            <gpxtpx:hr>86</gpxtpx:hr>
          </gpxtpx:TrackPointExtension>
        </extensions>
      </trkpt>
      <trkpt lat="-33.856439189985394" lon="151.20588675141335">
        <ele>5.0</ele>
        <time>2026-08-28T01:38:30Z</time>
        <extensions>
          <gpxtpx:TrackPointExtension>
            <gpxtpx:hr>88</gpxtpx:hr>
          </gpxtpx:TrackPointExtension>
        </extensions>
      </trkpt>
      <trkpt lat="-33.85642569512129" lon="151.20589069090784">
        <ele>5.0</ele>
        <time>2026-08-28T01:38:33Z</time>
        <extensions>
          <gpxtpx:TrackPointExtension>
            <gpxtpx:hr>89</gpxtpx:hr>
          </gpxtpx:TrackPointExtension>
        </extensions>
      </trkpt>
      <trkpt lat="-33.856406500563025" lon="151.205864707008">
        <ele>5.0</ele>
        <time>2026-08-28T01:38:36Z</time>
        <extensions>
          <gpxtpx:TrackPointExtension>
            <gpxtpx:hr>90</gpxtpx:hr>
          </gpxtpx:TrackPointExtension>
        </extensions>
      </trkpt>
      <trkpt lat="-33.85638244450092" lon="151.20583302341402">
        <ele>5.0</ele>
        <time>2026-08-28T01:38:39Z</time>
        <extensions>
          <gpxtpx:TrackPointExtension>
            <gpxtpx:hr>90</gpxtpx:hr>
          </gpxtpx:TrackPointExtension>
        </extensions>
      </trkpt>
      <trkpt lat="-33.85635704733431" lon="151.20580192655325">
        <ele>5.0</ele>
        <time>2026-08-28T01:38:42Z</time>
        <extensions>
          <gpxtpx:TrackPointExtension>
            <gpxtpx:hr>90</gpxtpx:hr>
          </gpxtpx:TrackPointExtension>
        </extensions>
      </trkpt>
      <trkpt lat="-33.8563319016248" lon="151.2057803850621">
        <ele>5.0</ele>
        <time>2026-08-28T01:38:45Z</time>
        <extensions>
          <gpxtpx:TrackPointExtension>
            <gpxtpx:hr>91</gpxtpx:hr>
          </gpxtpx:TrackPointExtension>
        </extensions>
      </trkpt>
      <trkpt lat="-33.85632611811161" lon="151.20578122325242">
        <ele>5.0</ele>
        <time>2026-08-28T01:38:48Z</time>
        <extensions>
          <gpxtpx:TrackPointExtension>
            <gpxtpx:hr>92</gpxtpx:hr>
          </gpxtpx:TrackPointExtension>
        </extensions>
      </trkpt>
      <trkpt lat="-33.85633885860443" lon="151.20580343529582">
        <ele>5.0</ele>
        <time>2026-08-28T01:38:51Z</time>
        <extensions>
          <gpxtpx:TrackPointExtension>
            <gpxtpx:hr>93</gpxtpx:hr>
          </gpxtpx:TrackPointExtension>
        </extensions>
      </trkpt>
      <trkpt lat="-33.85636241175234" lon="151.20583704672754">
        <ele>5.0</ele>
        <time>2026-08-28T01:38:54Z</time>
        <extensions>
          <gpxtpx:TrackPointExtension>
            <gpxtpx:hr>93</gpxtpx:hr>
          </gpxtpx:TrackPointExtension>
        </extensions>
      </trkpt>
      <trkpt lat="-33.856387389823794" lon="151.20586981996894">
        <ele>5.0</ele>
        <time>2026-08-28T01:38:57Z</time>
        <extensions>
          <gpxtpx:TrackPointExtension>
            <gpxtpx:hr>93</gpxtpx:hr>
          </gpxtpx:TrackPointExtension>
        </extensions>
      </trkpt>
      <trkpt lat="-33.856409937143326" lon="151.20589848607779">
        <ele>5.0</ele>
        <time>2026-08-28T01:39:00Z</time>
        <extensions>
          <gpxtpx:TrackPointExtension>
            <gpxtpx:hr>93</gpxtpx:hr>
          </gpxtpx:TrackPointExtension>
        </extensions>
      </trkpt>
      <trkpt lat="-33.85642318055034" lon="151.2059289123863">
        <ele>5.0</ele>
        <time>2026-08-28T01:39:03Z</time>
        <extensions>
          <gpxtpx:TrackPointExtension>
            <gpxtpx:hr>92</gpxtpx:hr>
          </gpxtpx:TrackPointExtension>
        </extensions>
      </trkpt>
      <trkpt lat="-33.85640859603882" lon="151.20596319437027">
        <ele>5.0</ele>
        <time>2026-08-28T01:39:06Z</time>
        <extensions>
          <gpxtpx:TrackPointExtension>
            <gpxtpx:hr>92</gpxtpx:hr>
          </gpxtpx:TrackPointExtension>
        </extensions>
      </trkpt>
      <trkpt lat="-33.85638470761478" lon="151.20599848218262">
        <ele>5.0</ele>
        <time>2026-08-28T01:39:09Z</time>
        <extensions>
          <gpxtpx:TrackPointExtension>
            <gpxtpx:hr>91</gpxtpx:hr>
          </gpxtpx:TrackPointExtension>
        </extensions>
      </trkpt>
      <trkpt lat="-33.8563662674278" lon="151.206039134413">
        <ele>5.0</ele>
        <time>2026-08-28T01:39:12Z</time>
        <extensions>
          <gpxtpx:TrackPointExtension>
            <gpxtpx:hr>90</gpxtpx:hr>
          </gpxtpx:TrackPointExtension>
        </extensions>
      </trkpt>
      <trkpt lat="-33.856344893574715" lon="151.20608439669013">
        <ele>5.0</ele>
        <time>2026-08-28T01:39:15Z</time>
        <extensions>
          <gpxtpx:TrackPointExtension>
            <gpxtpx:hr>89</gpxtpx:hr>
          </gpxtpx:TrackPointExtension>
        </extensions>
      </trkpt>
      <trkpt lat="-33.85631279088557" lon="151.20612781494856">
        <ele>5.0</ele>
        <time>2026-08-28T01:39:18Z</time>
        <extensions>
          <gpxtpx:TrackPointExtension>
            <gpxtpx:hr>88</gpxtpx:hr>
          </gpxtpx:TrackPointExtension>
        </extensions>
      </trkpt>
      <trkpt lat="-33.85628370568156" lon="151.20616670697927">
        <ele>5.0</ele>
        <time>2026-08-28T01:39:21Z</time>
        <extensions>
          <gpxtpx:TrackPointExtension>
            <gpxtpx:hr>87</gpxtpx:hr>
          </gpxtpx:TrackPointExtension>
        </extensions>
      </trkpt>
      <trkpt lat="-33.856255458667874" lon="151.2062037549913">
        <ele>5.0</ele>
        <time>2026-08-28T01:39:24Z</time>
        <extensions>
          <gpxtpx:TrackPointExtension>
            <gpxtpx:hr>87</gpxtpx:hr>
          </gpxtpx:TrackPointExtension>
        </extensions>
      </trkpt>
      <trkpt lat="-33.85622545145452" lon="151.20623594149947">
        <ele>5.0</ele>
        <time>2026-08-28T01:39:27Z</time>
        <extensions>
          <gpxtpx:TrackPointExtension>
            <gpxtpx:hr>87</gpxtpx:hr>
          </gpxtpx:TrackPointExtension>
        </extensions>
      </trkpt>
      <trkpt lat="-33.85619770735502" lon="151.20626410469413">
        <ele>5.0</ele>
        <time>2026-08-28T01:39:30Z</time>
        <extensions>
          <gpxtpx:TrackPointExtension>
            <gpxtpx:hr>87</gpxtpx:hr>
          </gpxtpx:TrackPointExtension>
        </extensions>
      </trkpt>
      <trkpt lat="-33.85617256164551" lon="151.20629218406975">
        <ele>5.0</ele>
        <time>2026-08-28T01:39:33Z</time>
        <extensions>
          <gpxtpx:TrackPointExtension>
            <gpxtpx:hr>88</gpxtpx:hr>
          </gpxtpx:TrackPointExtension>
        </extensions>
      </trkpt>
      <trkpt lat="-33.85615009814501" lon="151.20631624013186">
        <ele>5.0</ele>
        <time>2026-08-28T01:39:36Z</time>
        <extensions>
          <gpxtpx:TrackPointExtension>
            <gpxtpx:hr>87</gpxtpx:hr>
          </gpxtpx:TrackPointExtension>
        </extensions>
      </trkpt>
      <trkpt lat="-33.856129394844174" lon="151.20633895508945">
        <ele>5.0</ele>
        <time>2026-08-28T01:39:39Z</time>
        <extensions>
          <gpxtpx:TrackPointExtension>
            <gpxtpx:hr>87</gpxtpx:hr>
          </gpxtpx:TrackPointExtension>
        </extensions>
      </trkpt>
      <trkpt lat="-33.85610969737172" lon="151.2063650228083">
        <ele>5.0</ele>
        <time>2026-08-28T01:39:42Z</time>
        <extensions>
          <gpxtpx:TrackPointExtension>
            <gpxtpx:hr>87</gpxtpx:hr>
          </gpxtpx:TrackPointExtension>
        </extensions>
      </trkpt>
      <trkpt lat="-33.856091257184744" lon="151.20639209635556">
        <ele>5.0</ele>
        <time>2026-08-28T01:39:45Z</time>
        <extensions>
          <gpxtpx:TrackPointExtension>
            <gpxtpx:hr>86</gpxtpx:hr>
          </gpxtpx:TrackPointExtension>
        </extensions>
      </trkpt>
      <trkpt lat="-33.8560729008168" lon="151.20641313493252">
        <ele>5.0</ele>
        <time>2026-08-28T01:39:48Z</time>
        <extensions>
          <gpxtpx:TrackPointExtension>
            <gpxtpx:hr>86</gpxtpx:hr>
          </gpxtpx:TrackPointExtension>
        </extensions>
      </trkpt>
      <trkpt lat="-33.856052281334996" lon="151.20643903501332">
        <ele>5.0</ele>
        <time>2026-08-28T01:39:51Z</time>
        <extensions>
          <gpxtpx:TrackPointExtension>
            <gpxtpx:hr>87</gpxtpx:hr>
          </gpxtpx:TrackPointExtension>
        </extensions>
      </trkpt>
      <trkpt lat="-33.85602646507323" lon="151.2064677849412">
        <ele>5.0</ele>
        <time>2026-08-28T01:39:54Z</time>
        <extensions>
          <gpxtpx:TrackPointExtension>
            <gpxtpx:hr>88</gpxtpx:hr>
          </gpxtpx:TrackPointExtension>
        </extensions>
      </trkpt>
      <trkpt lat="-33.85599905624986" lon="151.20649670250714">
        <ele>5.0</ele>
        <time>2026-08-28T01:39:57Z</time>
        <extensions>
          <gpxtpx:TrackPointExtension>
            <gpxtpx:hr>88</gpxtpx:hr>
          </gpxtpx:TrackPointExtension>
        </extensions>
      </trkpt>
      <trkpt lat="-33.855971647426486" lon="151.2065269611776">
        <ele>5.0</ele>
        <time>2026-08-28T01:40:00Z</time>
        <extensions>
          <gpxtpx:TrackPointExtension>
            <gpxtpx:hr>88</gpxtpx:hr>
          </gpxtpx:TrackPointExtension>
        </extensions>
      </trkpt>
      <trkpt lat="-33.85594700463116" lon="151.20655822567642">
        <ele>5.0</ele>
        <time>2026-08-28T01:40:03Z</time>
        <extensions>
          <gpxtpx:TrackPointExtension>
            <gpxtpx:hr>88</gpxtpx:hr>
          </gpxtpx:TrackPointExtension>
        </extensions>
      </trkpt>
      <trkpt lat="-33.85592554695904" lon="151.20658521540463">
        <ele>5.0</ele>
        <time>2026-08-28T01:40:06Z</time>
        <extensions>
          <gpxtpx:TrackPointExtension>
            <gpxtpx:hr>89</gpxtpx:hr>
          </gpxtpx:TrackPointExtension>
        </extensions>
      </trkpt>
      <trkpt lat="-33.855903167277575" lon="151.20660751126707">
        <ele>5.0</ele>
        <time>2026-08-28T01:40:09Z</time>
        <extensions>
          <gpxtpx:TrackPointExtension>
            <gpxtpx:hr>89</gpxtpx:hr>
          </gpxtpx:TrackPointExtension>
        </extensions>
      </trkpt>
      <trkpt lat="-33.85587701573968" lon="151.20663098059595">
        <ele>5.0</ele>
        <time>2026-08-28T01:40:12Z</time>
        <extensions>
          <gpxtpx:TrackPointExtension>
            <gpxtpx:hr>89</gpxtpx:hr>
          </gpxtpx:TrackPointExtension>
        </extensions>
      </trkpt>
      <trkpt lat="-33.85584868490696" lon="151.20665905997157">
        <ele>5.0</ele>
        <time>2026-08-28T01:40:15Z</time>
        <extensions>
          <gpxtpx:TrackPointExtension>
            <gpxtpx:hr>87</gpxtpx:hr>
          </gpxtpx:TrackPointExtension>
        </extensions>
      </trkpt>
      <trkpt lat="-33.85582286864519" lon="151.20668814517558">
        <ele>5.0</ele>
        <time>2026-08-28T01:40:18Z</time>
        <extensions>
          <gpxtpx:TrackPointExtension>
            <gpxtpx:hr>88</gpxtpx:hr>
          </gpxtpx:TrackPointExtension>
        </extensions>
      </trkpt>
      <trkpt lat="-33.855798142030835" lon="151.20671421289444">
        <ele>5.0</ele>
        <time>2026-08-28T01:40:21Z</time>
        <extensions>
          <gpxtpx:TrackPointExtension>
            <gpxtpx:hr>89</gpxtpx:hr>
          </gpxtpx:TrackPointExtension>
        </extensions>
      </trkpt>
      <trkpt lat="-33.855772661045194" lon="151.20673810131848">
        <ele>5.0</ele>
        <time>2026-08-28T01:40:24Z</time>
        <extensions>
          <gpxtpx:TrackPointExtension>
            <gpxtpx:hr>90</gpxtpx:hr>
          </gpxtpx:TrackPointExtension>
        </extensions>
      </trkpt>
      <trkpt lat="-33.855746341869235" lon="151.20676198974252">
        <ele>5.0</ele>
        <time>2026-08-28T01:40:27Z</time>
        <extensions>
          <gpxtpx:TrackPointExtension>
            <gpxtpx:hr>90</gpxtpx:hr>
          </gpxtpx:TrackPointExtension>
        </extensions>
      </trkpt>
      <trkpt lat="-33.855721447616816" lon="151.2067902367562">
        <ele>5.0</ele>
        <time>2026-08-28T01:40:30Z</time>
        <extensions>
          <gpxtpx:TrackPointExtension>
            <gpxtpx:hr>91</gpxtpx:hr>
          </gpxtpx:TrackPointExtension>
        </extensions>
      </trkpt>
      <trkpt lat="-33.85569906793535" lon="151.20682384818792">
        <ele>5.0</ele>
        <time>2026-08-28T01:40:33Z</time>
        <extensions>
          <gpxtpx:TrackPointExtension>
            <gpxtpx:hr>92</gpxtpx:hr>
          </gpxtpx:TrackPointExtension>
        </extensions>
      </trkpt>
      <trkpt lat="-33.855678951367736" lon="151.20685980655253">
        <ele>5.0</ele>
        <time>2026-08-28T01:40:36Z</time>
        <extensions>
          <gpxtpx:TrackPointExtension>
            <gpxtpx:hr>92</gpxtpx:hr>
          </gpxtpx:TrackPointExtension>
        </extensions>
      </trkpt>
      <trkpt lat="-33.8556619361043" lon="151.2068938370794">
        <ele>5.0</ele>
        <time>2026-08-28T01:40:39Z</time>
        <extensions>
          <gpxtpx:TrackPointExtension>
            <gpxtpx:hr>93</gpxtpx:hr>
          </gpxtpx:TrackPointExtension>
        </extensions>
      </trkpt>
      <trkpt lat="-33.855646178126335" lon="151.2069282028824">
        <ele>5.0</ele>
        <time>2026-08-28T01:40:42Z</time>
        <extensions>
          <gpxtpx:TrackPointExtension>
            <gpxtpx:hr>92</gpxtpx:hr>
          </gpxtpx:TrackPointExtension>
        </extensions>
      </trkpt>
      <trkpt lat="-33.855634946376085" lon="151.20696399360895">
        <ele>5.0</ele>
        <time>2026-08-28T01:40:45Z</time>
        <extensions>
          <gpxtpx:TrackPointExtension>
            <gpxtpx:hr>92</gpxtpx:hr>
          </gpxtpx:TrackPointExtension>
        </extensions>
      </trkpt>
      <trkpt lat="-33.855617763474584" lon="151.2069908156991">
        <ele>5.0</ele>
        <time>2026-08-28T01:40:48Z</time>
        <extensions>
          <gpxtpx:TrackPointExtension>
            <gpxtpx:hr>89</gpxtpx:hr>
          </gpxtpx:TrackPointExtension>
        </extensions>
      </trkpt>
      <trkpt lat="-33.85559379123151" lon="151.20701051317155">
        <ele>5.0</ele>
        <time>2026-08-28T01:40:51Z</time>
        <extensions>
          <gpxtpx:TrackPointExtension>
            <gpxtpx:hr>89</gpxtpx:hr>
          </gpxtpx:TrackPointExtension>
        </extensions>
      </trkpt>
      <trkpt lat="-33.85556537657976" lon="151.20702669024467">
        <ele>5.0</ele>
        <time>2026-08-28T01:40:54Z</time>
        <extensions>
          <gpxtpx:TrackPointExtension>
            <gpxtpx:hr>88</gpxtpx:hr>
          </gpxtpx:TrackPointExtension>
        </extensions>
      </trkpt>
      <trkpt lat="-33.855541152879596" lon="151.20704873465002">
        <ele>5.0</ele>
        <time>2026-08-28T01:40:57Z</time>
        <extensions>
          <gpxtpx:TrackPointExtension>
            <gpxtpx:hr>87</gpxtpx:hr>
          </gpxtpx:TrackPointExtension>
        </extensions>
      </trkpt>
      <trkpt lat="-33.85552137158811" lon="151.2070595473051">
        <ele>5.0</ele>
        <time>2026-08-28T01:41:00Z</time>
        <extensions>
          <gpxtpx:TrackPointExtension>
            <gpxtpx:hr>87</gpxtpx:hr>
          </gpxtpx:TrackPointExtension>
        </extensions>
      </trkpt>
      <trkpt lat="-33.855500500649214" lon="151.20705409906805">
        <ele>5.0</ele>
        <time>2026-08-28T01:41:03Z</time>
        <extensions>
          <gpxtpx:TrackPointExtension>
            <gpxtpx:hr>89</gpxtpx:hr>
          </gpxtpx:TrackPointExtension>
        </extensions>
      </trkpt>
      <trkpt lat="-33.85549144819379" lon="151.20704940520227">
        <ele>5.0</ele>
        <time>2026-08-28T01:41:06Z</time>
        <extensions>
          <gpxtpx:TrackPointExtension>
            <gpxtpx:hr>90</gpxtpx:hr>
          </gpxtpx:TrackPointExtension>
        </extensions>
      </trkpt>
      <trkpt lat="-33.855480048805475" lon="151.20703984983265">
        <ele>5.0</ele>
        <time>2026-08-28T01:41:09Z</time>
        <extensions>
          <gpxtpx:TrackPointExtension>
            <gpxtpx:hr>91</gpxtpx:hr>
          </gpxtpx:TrackPointExtension>
        </extensions>
      </trkpt>
      <trkpt lat="-33.85546856559813" lon="151.20701730251312">
        <ele>5.0</ele>
        <time>2026-08-28T01:41:12Z</time>
        <extensions>
          <gpxtpx:TrackPointExtension>
            <gpxtpx:hr>89</gpxtpx:hr>
          </gpxtpx:TrackPointExtension>
        </extensions>
      </trkpt>
      <trkpt lat="-33.85548088699579" lon="151.2070151232183">
        <ele>5.0</ele>
        <time>2026-08-28T01:41:15Z</time>
        <extensions>
          <gpxtpx:TrackPointExtension>
            <gpxtpx:hr>89</gpxtpx:hr>
          </gpxtpx:TrackPointExtension>
        </extensions>
      </trkpt>
      <trkpt lat="-33.85550427250564" lon="151.20703113265336">
        <ele>5.0</ele>
        <time>2026-08-28T01:41:18Z</time>
        <extensions>
          <gpxtpx:TrackPointExtension>
            <gpxtpx:hr>90</gpxtpx:hr>
          </gpxtpx:TrackPointExtension>
        </extensions>
      </trkpt>
      <trkpt lat="-33.8555255625397" lon="151.2070465553552">
        <ele>5.0</ele>
        <time>2026-08-28T01:41:21Z</time>
        <extensions>
          <gpxtpx:TrackPointExtension>
            <gpxtpx:hr>91</gpxtpx:hr>
          </gpxtpx:TrackPointExtension>
        </extensions>
      </trkpt>
      <trkpt lat="-33.85553000494838" lon="151.20705728419125">
        <ele>5.0</ele>
        <time>2026-08-28T01:41:24Z</time>
        <extensions>
          <gpxtpx:TrackPointExtension>
            <gpxtpx:hr>93</gpxtpx:hr>
          </gpxtpx:TrackPointExtension>
        </extensions>
      </trkpt>
      <trkpt lat="-33.85549287311733" lon="151.20707161724567">
        <ele>5.0</ele>
        <time>2026-08-28T01:41:27Z</time>
        <extensions>
          <gpxtpx:TrackPointExtension>
            <gpxtpx:hr>93</gpxtpx:hr>
          </gpxtpx:TrackPointExtension>
        </extensions>
      </trkpt>
      <trkpt lat="-33.855448784306645" lon="151.2070996966213">
        <ele>5.0</ele>
        <time>2026-08-28T01:41:30Z</time>
        <extensions>
          <gpxtpx:TrackPointExtension>
            <gpxtpx:hr>91</gpxtpx:hr>
          </gpxtpx:TrackPointExtension>
        </extensions>
      </trkpt>
      <trkpt lat="-33.855415005236864" lon="151.20713925920427">
        <ele>5.0</ele>
        <time>2026-08-28T01:41:33Z</time>
        <extensions>
          <gpxtpx:TrackPointExtension>
            <gpxtpx:hr>90</gpxtpx:hr>
          </gpxtpx:TrackPointExtension>
        </extensions>
      </trkpt>
      <trkpt lat="-33.85538684204221" lon="151.20718468911946">
        <ele>5.0</ele>
        <time>2026-08-28T01:41:36Z</time>
        <extensions>
          <gpxtpx:TrackPointExtension>
            <gpxtpx:hr>89</gpxtpx:hr>
          </gpxtpx:TrackPointExtension>
        </extensions>
      </trkpt>
      <trkpt lat="-33.855368569493294" lon="151.207231041044">
        <ele>5.0</ele>
        <time>2026-08-28T01:41:39Z</time>
        <extensions>
          <gpxtpx:TrackPointExtension>
            <gpxtpx:hr>86</gpxtpx:hr>
          </gpxtpx:TrackPointExtension>
        </extensions>
      </trkpt>
      <trkpt lat="-33.855360355228186" lon="151.20728292502463">
        <ele>5.0</ele>
        <time>2026-08-28T01:41:42Z</time>
        <extensions>
          <gpxtpx:TrackPointExtension>
            <gpxtpx:hr>85</gpxtpx:hr>
          </gpxtpx:TrackPointExtension>
        </extensions>
      </trkpt>
      <trkpt lat="-33.855349039658904" lon="151.2073275167495">
        <ele>5.0</ele>
        <time>2026-08-28T01:41:45Z</time>
        <extensions>
          <gpxtpx:TrackPointExtension>
            <gpxtpx:hr>83</gpxtpx:hr>
          </gpxtpx:TrackPointExtension>
        </extensions>
      </trkpt>
      <trkpt lat="-33.85532925836742" lon="151.2073637265712">
        <ele>5.0</ele>
        <time>2026-08-28T01:41:48Z</time>
        <extensions>
          <gpxtpx:TrackPointExtension>
            <gpxtpx:hr>82</gpxtpx:hr>
          </gpxtpx:TrackPointExtension>
        </extensions>
      </trkpt>
      <trkpt lat="-33.855303106829524" lon="151.20739180594683">
        <ele>5.0</ele>
        <time>2026-08-28T01:41:51Z</time>
        <extensions>
          <gpxtpx:TrackPointExtension>
            <gpxtpx:hr>84</gpxtpx:hr>
          </gpxtpx:TrackPointExtension>
        </extensions>
      </trkpt>
      <trkpt lat="-33.855277709662914" lon="151.20741820894182">
        <ele>5.0</ele>
        <time>2026-08-28T01:41:54Z</time>
        <extensions>
          <gpxtpx:TrackPointExtension>
            <gpxtpx:hr>85</gpxtpx:hr>
          </gpxtpx:TrackPointExtension>
        </extensions>
      </trkpt>
      <trkpt lat="-33.85525348596275" lon="151.20744729414582">
        <ele>5.0</ele>
        <time>2026-08-28T01:41:57Z</time>
        <extensions>
          <gpxtpx:TrackPointExtension>
            <gpxtpx:hr>87</gpxtpx:hr>
          </gpxtpx:TrackPointExtension>
        </extensions>
      </trkpt>
      <trkpt lat="-33.855231357738376" lon="151.2074778880924">
        <ele>5.0</ele>
        <time>2026-08-28T01:42:00Z</time>
        <extensions>
          <gpxtpx:TrackPointExtension>
            <gpxtpx:hr>89</gpxtpx:hr>
          </gpxtpx:TrackPointExtension>
        </extensions>
      </trkpt>
      <trkpt lat="-33.85520914569497" lon="151.2075101584196">
        <ele>5.0</ele>
        <time>2026-08-28T01:42:03Z</time>
        <extensions>
          <gpxtpx:TrackPointExtension>
            <gpxtpx:hr>90</gpxtpx:hr>
          </gpxtpx:TrackPointExtension>
        </extensions>
      </trkpt>
      <trkpt lat="-33.8551870174706" lon="151.20754259638488">
        <ele>5.0</ele>
        <time>2026-08-28T01:42:06Z</time>
        <extensions>
          <gpxtpx:TrackPointExtension>
            <gpxtpx:hr>90</gpxtpx:hr>
          </gpxtpx:TrackPointExtension>
        </extensions>
      </trkpt>
      <trkpt lat="-33.85516421869397" lon="151.20757369324565">
        <ele>5.0</ele>
        <time>2026-08-28T01:42:09Z</time>
        <extensions>
          <gpxtpx:TrackPointExtension>
            <gpxtpx:hr>89</gpxtpx:hr>
          </gpxtpx:TrackPointExtension>
        </extensions>
      </trkpt>
      <trkpt lat="-33.855141839012504" lon="151.2076050415635">
        <ele>5.0</ele>
        <time>2026-08-28T01:42:12Z</time>
        <extensions>
          <gpxtpx:TrackPointExtension>
            <gpxtpx:hr>89</gpxtpx:hr>
          </gpxtpx:TrackPointExtension>
        </extensions>
      </trkpt>
      <trkpt lat="-33.855120465159416" lon="151.20763773098588">
        <ele>5.0</ele>
        <time>2026-08-28T01:42:15Z</time>
        <extensions>
          <gpxtpx:TrackPointExtension>
            <gpxtpx:hr>89</gpxtpx:hr>
          </gpxtpx:TrackPointExtension>
        </extensions>
      </trkpt>
      <trkpt lat="-33.855105713009834" lon="151.20767310261726">
        <ele>5.0</ele>
        <time>2026-08-28T01:42:18Z</time>
        <extensions>
          <gpxtpx:TrackPointExtension>
            <gpxtpx:hr>90</gpxtpx:hr>
          </gpxtpx:TrackPointExtension>
        </extensions>
      </trkpt>
      <trkpt lat="-33.855106299743056" lon="151.20771241374314">
        <ele>5.0</ele>
        <time>2026-08-28T01:42:21Z</time>
        <extensions>
          <gpxtpx:TrackPointExtension>
            <gpxtpx:hr>91</gpxtpx:hr>
          </gpxtpx:TrackPointExtension>
        </extensions>
      </trkpt>
      <trkpt lat="-33.85511719621718" lon="151.20774870738387">
        <ele>5.0</ele>
        <time>2026-08-28T01:42:24Z</time>
        <extensions>
          <gpxtpx:TrackPointExtension>
            <gpxtpx:hr>91</gpxtpx:hr>
          </gpxtpx:TrackPointExtension>
        </extensions>
      </trkpt>
      <trkpt lat="-33.855134043842554" lon="151.20778030715883">
        <ele>5.0</ele>
        <time>2026-08-28T01:42:27Z</time>
        <extensions>
          <gpxtpx:TrackPointExtension>
            <gpxtpx:hr>93</gpxtpx:hr>
          </gpxtpx:TrackPointExtension>
        </extensions>
      </trkpt>
      <trkpt lat="-33.85514670051634" lon="151.20780712924898">
        <ele>5.0</ele>
        <time>2026-08-28T01:42:30Z</time>
        <extensions>
          <gpxtpx:TrackPointExtension>
            <gpxtpx:hr>94</gpxtpx:hr>
          </gpxtpx:TrackPointExtension>
        </extensions>
      </trkpt>
      <trkpt lat="-33.85514460504055" lon="151.20782774873078">
        <ele>5.0</ele>
        <time>2026-08-28T01:42:33Z</time>
        <extensions>
          <gpxtpx:TrackPointExtension>
            <gpxtpx:hr>94</gpxtpx:hr>
          </gpxtpx:TrackPointExtension>
        </extensions>
      </trkpt>
      <trkpt lat="-33.855140917003155" lon="151.20784719474614">
        <ele>5.0</ele>
        <time>2026-08-28T01:42:36Z</time>
        <extensions>
          <gpxtpx:TrackPointExtension>
            <gpxtpx:hr>94</gpxtpx:hr>
          </gpxtpx:TrackPointExtension>
        </extensions>
      </trkpt>
      <trkpt lat="-33.85514644905925" lon="151.20787234045565">
        <ele>5.0</ele>
        <time>2026-08-28T01:42:39Z</time>
        <extensions>
          <gpxtpx:TrackPointExtension>
            <gpxtpx:hr>92</gpxtpx:hr>
          </gpxtpx:TrackPointExtension>
        </extensions>
      </trkpt>
      <trkpt lat="-33.855164386332035" lon="151.2078978214413">
        <ele>5.0</ele>
        <time>2026-08-28T01:42:42Z</time>
        <extensions>
          <gpxtpx:TrackPointExtension>
            <gpxtpx:hr>91</gpxtpx:hr>
          </gpxtpx:TrackPointExtension>
        </extensions>
      </trkpt>
      <trkpt lat="-33.85518986731768" lon="151.20792103931308">
        <ele>5.0</ele>
        <time>2026-08-28T01:42:45Z</time>
        <extensions>
          <gpxtpx:TrackPointExtension>
            <gpxtpx:hr>89</gpxtpx:hr>
          </gpxtpx:TrackPointExtension>
        </extensions>
      </trkpt>
      <trkpt lat="-33.85521559976041" lon="151.2079409044236">
        <ele>5.0</ele>
        <time>2026-08-28T01:42:48Z</time>
        <extensions>
          <gpxtpx:TrackPointExtension>
            <gpxtpx:hr>89</gpxtpx:hr>
          </gpxtpx:TrackPointExtension>
        </extensions>
      </trkpt>
      <trkpt lat="-33.855239655822515" lon="151.20795875787735">
        <ele>5.0</ele>
        <time>2026-08-28T01:42:51Z</time>
        <extensions>
          <gpxtpx:TrackPointExtension>
            <gpxtpx:hr>89</gpxtpx:hr>
          </gpxtpx:TrackPointExtension>
        </extensions>
      </trkpt>
      <trkpt lat="-33.85525566525757" lon="151.20797602459788">
        <ele>5.0</ele>
        <time>2026-08-28T01:42:54Z</time>
        <extensions>
          <gpxtpx:TrackPointExtension>
            <gpxtpx:hr>90</gpxtpx:hr>
          </gpxtpx:TrackPointExtension>
        </extensions>
      </trkpt>
      <trkpt lat="-33.85526429861784" lon="151.20799371041358">
        <ele>5.0</ele>
        <time>2026-08-28T01:42:57Z</time>
        <extensions>
          <gpxtpx:TrackPointExtension>
            <gpxtpx:hr>91</gpxtpx:hr>
          </gpxtpx:TrackPointExtension>
        </extensions>
      </trkpt>
      <trkpt lat="-33.855272848159075" lon="151.2080144137144">
        <ele>6.0</ele>
        <time>2026-08-28T01:43:00Z</time>
        <extensions>
          <gpxtpx:TrackPointExtension>
            <gpxtpx:hr>92</gpxtpx:hr>
          </gpxtpx:TrackPointExtension>
        </extensions>
      </trkpt>
      <trkpt lat="-33.85528089478612" lon="151.20803402736783">
        <ele>6.0</ele>
        <time>2026-08-28T01:43:03Z</time>
        <extensions>
          <gpxtpx:TrackPointExtension>
            <gpxtpx:hr>92</gpxtpx:hr>
          </gpxtpx:TrackPointExtension>
        </extensions>
      </trkpt>
      <trkpt lat="-33.855295395478606" lon="151.20808532461524">
        <ele>9.0</ele>
        <time>2026-08-28T01:43:15Z</time>
        <extensions>
          <gpxtpx:TrackPointExtension>
            <gpxtpx:hr>93</gpxtpx:hr>
          </gpxtpx:TrackPointExtension>
        </extensions>
      </trkpt>
      <trkpt lat="-33.85530679486692" lon="151.20810912922025">
        <ele>9.0</ele>
        <time>2026-08-28T01:43:18Z</time>
        <extensions>
          <gpxtpx:TrackPointExtension>
            <gpxtpx:hr>91</gpxtpx:hr>
          </gpxtpx:TrackPointExtension>
        </extensions>
      </trkpt>
      <trkpt lat="-33.85534049011767" lon="151.2081547267735">
        <ele>14.0</ele>
        <time>2026-08-28T01:43:36Z</time>
        <extensions>
          <gpxtpx:TrackPointExtension>
            <gpxtpx:hr>96</gpxtpx:hr>
          </gpxtpx:TrackPointExtension>
        </extensions>
      </trkpt>
      <trkpt lat="-33.85536496527493" lon="151.208185153082">
        <ele>15.0</ele>
        <time>2026-08-28T01:43:39Z</time>
        <extensions>
          <gpxtpx:TrackPointExtension>
            <gpxtpx:hr>97</gpxtpx:hr>
          </gpxtpx:TrackPointExtension>
        </extensions>
      </trkpt>
      <trkpt lat="-33.855381309986115" lon="151.20820107869804">
        <ele>16.0</ele>
        <time>2026-08-28T01:43:42Z</time>
        <extensions>
          <gpxtpx:TrackPointExtension>
            <gpxtpx:hr>97</gpxtpx:hr>
          </gpxtpx:TrackPointExtension>
        </extensions>
      </trkpt>
      <trkpt lat="-33.8554026838392" lon="151.2082258053124">
        <ele>19.0</ele>
        <time>2026-08-28T01:43:54Z</time>
        <extensions>
          <gpxtpx:TrackPointExtension>
            <gpxtpx:hr>98</gpxtpx:hr>
          </gpxtpx:TrackPointExtension>
        </extensions>
      </trkpt>
      <trkpt lat="-33.85542246513069" lon="151.20825002901256">
        <ele>19.0</ele>
        <time>2026-08-28T01:43:57Z</time>
        <extensions>
          <gpxtpx:TrackPointExtension>
            <gpxtpx:hr>100</gpxtpx:hr>
          </gpxtpx:TrackPointExtension>
        </extensions>
      </trkpt>
      <trkpt lat="-33.85544425807893" lon="151.2082525435835">
        <ele>20.0</ele>
        <time>2026-08-28T01:44:00Z</time>
        <extensions>
          <gpxtpx:TrackPointExtension>
            <gpxtpx:hr>109</gpxtpx:hr>
          </gpxtpx:TrackPointExtension>
        </extensions>
      </trkpt>
      <trkpt lat="-33.8554719183594" lon="151.20824022218585">
        <ele>20.0</ele>
        <time>2026-08-28T01:44:03Z</time>
        <extensions>
          <gpxtpx:TrackPointExtension>
            <gpxtpx:hr>114</gpxtpx:hr>
          </gpxtpx:TrackPointExtension>
        </extensions>
      </trkpt>
      <trkpt lat="-33.855490358546376" lon="151.20823334902525">
        <ele>20.0</ele>
        <time>2026-08-28T01:44:06Z</time>
        <extensions>
          <gpxtpx:TrackPointExtension>
            <gpxtpx:hr>120</gpxtpx:hr>
          </gpxtpx:TrackPointExtension>
        </extensions>
      </trkpt>
      <trkpt lat="-33.855507457628846" lon="151.20822773315012">
        <ele>20.0</ele>
        <time>2026-08-28T01:44:09Z</time>
        <extensions>
          <gpxtpx:TrackPointExtension>
            <gpxtpx:hr>124</gpxtpx:hr>
          </gpxtpx:TrackPointExtension>
        </extensions>
      </trkpt>
      <trkpt lat="-33.85552673600614" lon="151.20821641758084">
        <ele>20.0</ele>
        <time>2026-08-28T01:44:12Z</time>
        <extensions>
          <gpxtpx:TrackPointExtension>
            <gpxtpx:hr>126</gpxtpx:hr>
          </gpxtpx:TrackPointExtension>
        </extensions>
      </trkpt>
      <trkpt lat="-33.85554911568761" lon="151.2081991508603">
        <ele>20.0</ele>
        <time>2026-08-28T01:44:15Z</time>
        <extensions>
          <gpxtpx:TrackPointExtension>
            <gpxtpx:hr>128</gpxtpx:hr>
          </gpxtpx:TrackPointExtension>
        </extensions>
      </trkpt>
      <trkpt lat="-33.85556931607425" lon="151.20817685499787">
        <ele>21.0</ele>
        <time>2026-08-28T01:44:18Z</time>
        <extensions>
          <gpxtpx:TrackPointExtension>
            <gpxtpx:hr>128</gpxtpx:hr>
          </gpxtpx:TrackPointExtension>
        </extensions>
      </trkpt>
      <trkpt lat="-33.85558566078544" lon="151.20814911089838">
        <ele>21.0</ele>
        <time>2026-08-28T01:44:21Z</time>
        <extensions>
          <gpxtpx:TrackPointExtension>
            <gpxtpx:hr>127</gpxtpx:hr>
          </gpxtpx:TrackPointExtension>
        </extensions>
      </trkpt>
      <trkpt lat="-33.85560016147792" lon="151.20812606066465">
        <ele>21.0</ele>
        <time>2026-08-28T01:44:24Z</time>
        <extensions>
          <gpxtpx:TrackPointExtension>
            <gpxtpx:hr>124</gpxtpx:hr>
          </gpxtpx:TrackPointExtension>
        </extensions>
      </trkpt>
      <trkpt lat="-33.855612482875586" lon="151.20811725966632">
        <ele>22.0</ele>
        <time>2026-08-28T01:44:42Z</time>
        <extensions>
          <gpxtpx:TrackPointExtension>
            <gpxtpx:hr>109</gpxtpx:hr>
          </gpxtpx:TrackPointExtension>
        </extensions>
      </trkpt>
      <trkpt lat="-33.85562648065388" lon="151.20810669846833">
        <ele>22.0</ele>
        <time>2026-08-28T01:44:45Z</time>
        <extensions>
          <gpxtpx:TrackPointExtension>
            <gpxtpx:hr>107</gpxtpx:hr>
          </gpxtpx:TrackPointExtension>
        </extensions>
      </trkpt>
      <trkpt lat="-33.85564559139311" lon="151.20808993466198">
        <ele>22.0</ele>
        <time>2026-08-28T01:44:48Z</time>
        <extensions>
          <gpxtpx:TrackPointExtension>
            <gpxtpx:hr>104</gpxtpx:hr>
          </gpxtpx:TrackPointExtension>
        </extensions>
      </trkpt>
      <trkpt lat="-33.85566906072199" lon="151.2080704048276">
        <ele>22.0</ele>
        <time>2026-08-28T01:44:51Z</time>
        <extensions>
          <gpxtpx:TrackPointExtension>
            <gpxtpx:hr>103</gpxtpx:hr>
          </gpxtpx:TrackPointExtension>
        </extensions>
      </trkpt>
      <trkpt lat="-33.85571247898042" lon="151.2080511264503">
        <ele>23.0</ele>
        <time>2026-08-28T01:45:36Z</time>
        <extensions>
          <gpxtpx:TrackPointExtension>
            <gpxtpx:hr>76</gpxtpx:hr>
          </gpxtpx:TrackPointExtension>
        </extensions>
      </trkpt>
      <trkpt lat="-33.85573184117675" lon="151.20806269347668">
        <ele>23.0</ele>
        <time>2026-08-28T01:45:39Z</time>
        <extensions>
          <gpxtpx:TrackPointExtension>
            <gpxtpx:hr>74</gpxtpx:hr>
          </gpxtpx:TrackPointExtension>
        </extensions>
      </trkpt>
      <trkpt lat="-33.855755561962724" lon="151.2080880906433">
        <ele>23.0</ele>
        <time>2026-08-28T01:45:42Z</time>
        <extensions>
          <gpxtpx:TrackPointExtension>
            <gpxtpx:hr>73</gpxtpx:hr>
          </gpxtpx:TrackPointExtension>
        </extensions>
      </trkpt>
      <trkpt lat="-33.855779618024826" lon="151.20811784639955">
        <ele>23.0</ele>
        <time>2026-08-28T01:45:45Z</time>
        <extensions>
          <gpxtpx:TrackPointExtension>
            <gpxtpx:hr>75</gpxtpx:hr>
          </gpxtpx:TrackPointExtension>
        </extensions>
      </trkpt>
      <trkpt lat="-33.855795208364725" lon="151.20814500376582">
        <ele>23.0</ele>
        <time>2026-08-28T01:45:48Z</time>
        <extensions>
          <gpxtpx:TrackPointExtension>
            <gpxtpx:hr>76</gpxtpx:hr>
          </gpxtpx:TrackPointExtension>
        </extensions>
      </trkpt>
      <trkpt lat="-33.85579998604953" lon="151.20816059410572">
        <ele>23.0</ele>
        <time>2026-08-28T01:45:57Z</time>
        <extensions>
          <gpxtpx:TrackPointExtension>
            <gpxtpx:hr>82</gpxtpx:hr>
          </gpxtpx:TrackPointExtension>
        </extensions>
      </trkpt>
      <trkpt lat="-33.85579478926957" lon="151.20817492716014">
        <ele>23.0</ele>
        <time>2026-08-28T01:46:00Z</time>
        <extensions>
          <gpxtpx:TrackPointExtension>
            <gpxtpx:hr>84</gpxtpx:hr>
          </gpxtpx:TrackPointExtension>
        </extensions>
      </trkpt>
      <trkpt lat="-33.85577970184386" lon="151.2081890925765">
        <ele>23.0</ele>
        <time>2026-08-28T01:46:03Z</time>
        <extensions>
          <gpxtpx:TrackPointExtension>
            <gpxtpx:hr>83</gpxtpx:hr>
          </gpxtpx:TrackPointExtension>
        </extensions>
      </trkpt>
      <trkpt lat="-33.85575941763818" lon="151.20820895768702">
        <ele>23.0</ele>
        <time>2026-08-28T01:46:06Z</time>
        <extensions>
          <gpxtpx:TrackPointExtension>
            <gpxtpx:hr>82</gpxtpx:hr>
          </gpxtpx:TrackPointExtension>
        </extensions>
      </trkpt>
      <trkpt lat="-33.8557343557477" lon="151.20823938399553">
        <ele>23.0</ele>
        <time>2026-08-28T01:46:09Z</time>
        <extensions>
          <gpxtpx:TrackPointExtension>
            <gpxtpx:hr>81</gpxtpx:hr>
          </gpxtpx:TrackPointExtension>
        </extensions>
      </trkpt>
      <trkpt lat="-33.855718011036515" lon="151.20826955884695">
        <ele>23.0</ele>
        <time>2026-08-28T01:46:12Z</time>
        <extensions>
          <gpxtpx:TrackPointExtension>
            <gpxtpx:hr>81</gpxtpx:hr>
          </gpxtpx:TrackPointExtension>
        </extensions>
      </trkpt>
      <trkpt lat="-33.855721950531006" lon="151.20830082334578">
        <ele>22.0</ele>
        <time>2026-08-28T01:46:15Z</time>
        <extensions>
          <gpxtpx:TrackPointExtension>
            <gpxtpx:hr>82</gpxtpx:hr>
          </gpxtpx:TrackPointExtension>
        </extensions>
      </trkpt>
      <trkpt lat="-33.855742486193776" lon="151.20832395739853">
        <ele>22.0</ele>
        <time>2026-08-28T01:46:18Z</time>
        <extensions>
          <gpxtpx:TrackPointExtension>
            <gpxtpx:hr>85</gpxtpx:hr>
          </gpxtpx:TrackPointExtension>
        </extensions>
      </trkpt>
      <trkpt lat="-33.85576645843685" lon="151.2083392124623">
        <ele>22.0</ele>
        <time>2026-08-28T01:46:21Z</time>
        <extensions>
          <gpxtpx:TrackPointExtension>
            <gpxtpx:hr>92</gpxtpx:hr>
          </gpxtpx:TrackPointExtension>
        </extensions>
      </trkpt>
      <trkpt lat="-33.85579478926957" lon="151.20834885165095">
        <ele>22.0</ele>
        <time>2026-08-28T01:46:24Z</time>
        <extensions>
          <gpxtpx:TrackPointExtension>
            <gpxtpx:hr>100</gpxtpx:hr>
          </gpxtpx:TrackPointExtension>
        </extensions>
      </trkpt>
      <trkpt lat="-33.85582479648292" lon="151.20835337787867">
        <ele>22.0</ele>
        <time>2026-08-28T01:46:27Z</time>
        <extensions>
          <gpxtpx:TrackPointExtension>
            <gpxtpx:hr>101</gpxtpx:hr>
          </gpxtpx:TrackPointExtension>
        </extensions>
      </trkpt>
      <trkpt lat="-33.855851450935006" lon="151.20835622772574">
        <ele>21.0</ele>
        <time>2026-08-28T01:46:30Z</time>
        <extensions>
          <gpxtpx:TrackPointExtension>
            <gpxtpx:hr>100</gpxtpx:hr>
          </gpxtpx:TrackPointExtension>
        </extensions>
      </trkpt>
      <trkpt lat="-33.85587609373033" lon="151.20835580863059">
        <ele>21.0</ele>
        <time>2026-08-28T01:46:42Z</time>
        <extensions>
          <gpxtpx:TrackPointExtension>
            <gpxtpx:hr>88</gpxtpx:hr>
          </gpxtpx:TrackPointExtension>
        </extensions>
      </trkpt>
      <trkpt lat="-33.855892438441515" lon="151.20834809727967">
        <ele>21.0</ele>
        <time>2026-08-28T01:46:45Z</time>
        <extensions>
          <gpxtpx:TrackPointExtension>
            <gpxtpx:hr>85</gpxtpx:hr>
          </gpxtpx:TrackPointExtension>
        </extensions>
      </trkpt>
      <trkpt lat="-33.85594381950796" lon="151.20836704038084">
        <ele>21.0</ele>
        <time>2026-08-28T01:48:12Z</time>
        <extensions>
          <gpxtpx:TrackPointExtension>
            <gpxtpx:hr>75</gpxtpx:hr>
          </gpxtpx:TrackPointExtension>
        </extensions>
      </trkpt>
      <trkpt lat="-33.85597491636872" lon="151.20836553163826">
        <ele>21.0</ele>
        <time>2026-08-28T01:48:15Z</time>
        <extensions>
          <gpxtpx:TrackPointExtension>
            <gpxtpx:hr>76</gpxtpx:hr>
          </gpxtpx:TrackPointExtension>
        </extensions>
      </trkpt>
      <trkpt lat="-33.856008192524314" lon="151.20836125686765">
        <ele>21.0</ele>
        <time>2026-08-28T01:48:18Z</time>
        <extensions>
          <gpxtpx:TrackPointExtension>
            <gpxtpx:hr>76</gpxtpx:hr>
          </gpxtpx:TrackPointExtension>
        </extensions>
      </trkpt>
      <trkpt lat="-33.856040462851524" lon="151.20835128240287">
        <ele>21.0</ele>
        <time>2026-08-28T01:48:21Z</time>
        <extensions>
          <gpxtpx:TrackPointExtension>
            <gpxtpx:hr>76</gpxtpx:hr>
          </gpxtpx:TrackPointExtension>
        </extensions>
      </trkpt>
      <trkpt lat="-33.856074744835496" lon="151.20833661407232">
        <ele>21.0</ele>
        <time>2026-08-28T01:48:24Z</time>
        <extensions>
          <gpxtpx:TrackPointExtension>
            <gpxtpx:hr>76</gpxtpx:hr>
          </gpxtpx:TrackPointExtension>
        </extensions>
      </trkpt>
      <trkpt lat="-33.856108943000436" lon="151.20832144282758">
        <ele>21.0</ele>
        <time>2026-08-28T01:48:27Z</time>
        <extensions>
          <gpxtpx:TrackPointExtension>
            <gpxtpx:hr>80</gpxtpx:hr>
          </gpxtpx:TrackPointExtension>
        </extensions>
      </trkpt>
      <trkpt lat="-33.856141213327646" lon="151.20830409228802">
        <ele>21.0</ele>
        <time>2026-08-28T01:48:30Z</time>
        <extensions>
          <gpxtpx:TrackPointExtension>
            <gpxtpx:hr>82</gpxtpx:hr>
          </gpxtpx:TrackPointExtension>
        </extensions>
      </trkpt>
      <trkpt lat="-33.856171388179064" lon="151.20828774757683">
        <ele>21.0</ele>
        <time>2026-08-28T01:48:33Z</time>
        <extensions>
          <gpxtpx:TrackPointExtension>
            <gpxtpx:hr>84</gpxtpx:hr>
          </gpxtpx:TrackPointExtension>
        </extensions>
      </trkpt>
      <trkpt lat="-33.85619938373566" lon="151.20827609673142">
        <ele>21.0</ele>
        <time>2026-08-28T01:48:36Z</time>
        <extensions>
          <gpxtpx:TrackPointExtension>
            <gpxtpx:hr>85</gpxtpx:hr>
          </gpxtpx:TrackPointExtension>
        </extensions>
      </trkpt>
      <trkpt lat="-33.85622679255903" lon="151.20826050639153">
        <ele>21.0</ele>
        <time>2026-08-28T01:48:39Z</time>
        <extensions>
          <gpxtpx:TrackPointExtension>
            <gpxtpx:hr>86</gpxtpx:hr>
          </gpxtpx:TrackPointExtension>
        </extensions>
      </trkpt>
      <trkpt lat="-33.85625344701111" lon="151.20823938399553">
        <ele>21.0</ele>
        <time>2026-08-28T01:48:42Z</time>
        <extensions>
          <gpxtpx:TrackPointExtension>
            <gpxtpx:hr>86</gpxtpx:hr>
          </gpxtpx:TrackPointExtension>
        </extensions>
      </trkpt>
      <trkpt lat="-33.856285717338324" lon="151.20822840370238">
        <ele>21.0</ele>
        <time>2026-08-28T01:48:45Z</time>
        <extensions>
          <gpxtpx:TrackPointExtension>
            <gpxtpx:hr>88</gpxtpx:hr>
          </gpxtpx:TrackPointExtension>
        </extensions>
      </trkpt>
      <trkpt lat="-33.85632058605552" lon="151.20822974480689">
        <ele>21.0</ele>
        <time>2026-08-28T01:48:48Z</time>
        <extensions>
          <gpxtpx:TrackPointExtension>
            <gpxtpx:hr>88</gpxtpx:hr>
          </gpxtpx:TrackPointExtension>
        </extensions>
      </trkpt>
      <trkpt lat="-33.85634891688824" lon="151.20822991244495">
        <ele>20.0</ele>
        <time>2026-08-28T01:48:51Z</time>
        <extensions>
          <gpxtpx:TrackPointExtension>
            <gpxtpx:hr>86</gpxtpx:hr>
          </gpxtpx:TrackPointExtension>
        </extensions>
      </trkpt>
      <trkpt lat="-33.85636945255101" lon="151.20823209173977">
        <ele>20.0</ele>
        <time>2026-08-28T01:48:54Z</time>
        <extensions>
          <gpxtpx:TrackPointExtension>
            <gpxtpx:hr>85</gpxtpx:hr>
          </gpxtpx:TrackPointExtension>
        </extensions>
      </trkpt>
      <trkpt lat="-33.8563956040889" lon="151.20824173092842">
        <ele>20.0</ele>
        <time>2026-08-28T01:48:57Z</time>
        <extensions>
          <gpxtpx:TrackPointExtension>
            <gpxtpx:hr>85</gpxtpx:hr>
          </gpxtpx:TrackPointExtension>
        </extensions>
      </trkpt>
      <trkpt lat="-33.856432819738984" lon="151.20826184749603">
        <ele>20.0</ele>
        <time>2026-08-28T01:49:00Z</time>
        <extensions>
          <gpxtpx:TrackPointExtension>
            <gpxtpx:hr>86</gpxtpx:hr>
          </gpxtpx:TrackPointExtension>
        </extensions>
      </trkpt>
      <trkpt lat="-33.856465173885226" lon="151.20828280225396">
        <ele>20.0</ele>
        <time>2026-08-28T01:49:03Z</time>
        <extensions>
          <gpxtpx:TrackPointExtension>
            <gpxtpx:hr>86</gpxtpx:hr>
          </gpxtpx:TrackPointExtension>
        </extensions>
      </trkpt>
      <trkpt lat="-33.85649174451828" lon="151.2082929443568">
        <ele>20.0</ele>
        <time>2026-08-28T01:49:06Z</time>
        <extensions>
          <gpxtpx:TrackPointExtension>
            <gpxtpx:hr>86</gpxtpx:hr>
          </gpxtpx:TrackPointExtension>
        </extensions>
      </trkpt>
      <trkpt lat="-33.85652594268322" lon="151.20829612948">
        <ele>20.0</ele>
        <time>2026-08-28T01:49:09Z</time>
        <extensions>
          <gpxtpx:TrackPointExtension>
            <gpxtpx:hr>86</gpxtpx:hr>
          </gpxtpx:TrackPointExtension>
        </extensions>
      </trkpt>
      <trkpt lat="-33.8565615657717" lon="151.20829017832875">
        <ele>20.0</ele>
        <time>2026-08-28T01:49:12Z</time>
        <extensions>
          <gpxtpx:TrackPointExtension>
            <gpxtpx:hr>86</gpxtpx:hr>
          </gpxtpx:TrackPointExtension>
        </extensions>
      </trkpt>
      <trkpt lat="-33.856596015393734" lon="151.20827190577984">
        <ele>19.0</ele>
        <time>2026-08-28T01:49:15Z</time>
        <extensions>
          <gpxtpx:TrackPointExtension>
            <gpxtpx:hr>86</gpxtpx:hr>
          </gpxtpx:TrackPointExtension>
        </extensions>
      </trkpt>
      <trkpt lat="-33.85663599707186" lon="151.20825455524027">
        <ele>19.0</ele>
        <time>2026-08-28T01:49:18Z</time>
        <extensions>
          <gpxtpx:TrackPointExtension>
            <gpxtpx:hr>87</gpxtpx:hr>
          </gpxtpx:TrackPointExtension>
        </extensions>
      </trkpt>
      <trkpt lat="-33.85667011141777" lon="151.2082535494119">
        <ele>19.0</ele>
        <time>2026-08-28T01:49:21Z</time>
        <extensions>
          <gpxtpx:TrackPointExtension>
            <gpxtpx:hr>87</gpxtpx:hr>
          </gpxtpx:TrackPointExtension>
        </extensions>
      </trkpt>
      <trkpt lat="-33.85669827461243" lon="151.20827274397016">
        <ele>19.0</ele>
        <time>2026-08-28T01:49:24Z</time>
        <extensions>
          <gpxtpx:TrackPointExtension>
            <gpxtpx:hr>87</gpxtpx:hr>
          </gpxtpx:TrackPointExtension>
        </extensions>
      </trkpt>
      <trkpt lat="-33.85672333650291" lon="151.20829939842224">
        <ele>19.0</ele>
        <time>2026-08-28T01:49:27Z</time>
        <extensions>
          <gpxtpx:TrackPointExtension>
            <gpxtpx:hr>87</gpxtpx:hr>
          </gpxtpx:TrackPointExtension>
        </extensions>
      </trkpt>
      <trkpt lat="-33.856754852458835" lon="151.20832923799753">
        <ele>19.0</ele>
        <time>2026-08-28T01:49:30Z</time>
        <extensions>
          <gpxtpx:TrackPointExtension>
            <gpxtpx:hr>87</gpxtpx:hr>
          </gpxtpx:TrackPointExtension>
        </extensions>
      </trkpt>
      <trkpt lat="-33.85679273866117" lon="151.20835564099252">
        <ele>18.0</ele>
        <time>2026-08-28T01:49:33Z</time>
        <extensions>
          <gpxtpx:TrackPointExtension>
            <gpxtpx:hr>88</gpxtpx:hr>
          </gpxtpx:TrackPointExtension>
        </extensions>
      </trkpt>
      <trkpt lat="-33.85682970285416" lon="151.20837735012174">
        <ele>18.0</ele>
        <time>2026-08-28T01:49:36Z</time>
        <extensions>
          <gpxtpx:TrackPointExtension>
            <gpxtpx:hr>87</gpxtpx:hr>
          </gpxtpx:TrackPointExtension>
        </extensions>
      </trkpt>
      <trkpt lat="-33.85686247609556" lon="151.20839687995613">
        <ele>18.0</ele>
        <time>2026-08-28T01:49:39Z</time>
        <extensions>
          <gpxtpx:TrackPointExtension>
            <gpxtpx:hr>87</gpxtpx:hr>
          </gpxtpx:TrackPointExtension>
        </extensions>
      </trkpt>
      <trkpt lat="-33.85689374059439" lon="151.20841515250504">
        <ele>18.0</ele>
        <time>2026-08-28T01:49:42Z</time>
        <extensions>
          <gpxtpx:TrackPointExtension>
            <gpxtpx:hr>86</gpxtpx:hr>
          </gpxtpx:TrackPointExtension>
        </extensions>
      </trkpt>
      <trkpt lat="-33.85692274197936" lon="151.20843015611172">
        <ele>18.0</ele>
        <time>2026-08-28T01:49:45Z</time>
        <extensions>
          <gpxtpx:TrackPointExtension>
            <gpxtpx:hr>86</gpxtpx:hr>
          </gpxtpx:TrackPointExtension>
        </extensions>
      </trkpt>
      <trkpt lat="-33.856954257935286" lon="151.20844239369035">
        <ele>18.0</ele>
        <time>2026-08-28T01:49:48Z</time>
        <extensions>
          <gpxtpx:TrackPointExtension>
            <gpxtpx:hr>86</gpxtpx:hr>
          </gpxtpx:TrackPointExtension>
        </extensions>
      </trkpt>
      <trkpt lat="-33.85698577389121" lon="151.20845555327833">
        <ele>18.0</ele>
        <time>2026-08-28T01:49:51Z</time>
        <extensions>
          <gpxtpx:TrackPointExtension>
            <gpxtpx:hr>85</gpxtpx:hr>
          </gpxtpx:TrackPointExtension>
        </extensions>
      </trkpt>
      <trkpt lat="-33.8570137694478" lon="151.20846804231405">
        <ele>17.0</ele>
        <time>2026-08-28T01:49:54Z</time>
        <extensions>
          <gpxtpx:TrackPointExtension>
            <gpxtpx:hr>85</gpxtpx:hr>
          </gpxtpx:TrackPointExtension>
        </extensions>
      </trkpt>
      <trkpt lat="-33.85704101063311" lon="151.20848044753075">
        <ele>17.0</ele>
        <time>2026-08-28T01:49:57Z</time>
        <extensions>
          <gpxtpx:TrackPointExtension>
            <gpxtpx:hr>86</gpxtpx:hr>
          </gpxtpx:TrackPointExtension>
        </extensions>
      </trkpt>
      <trkpt lat="-33.8570708502084" lon="151.20849528349936">
        <ele>17.0</ele>
        <time>2026-08-28T01:50:00Z</time>
        <extensions>
          <gpxtpx:TrackPointExtension>
            <gpxtpx:hr>85</gpxtpx:hr>
          </gpxtpx:TrackPointExtension>
        </extensions>
      </trkpt>
      <trkpt lat="-33.85710236616433" lon="151.20851062238216">
        <ele>17.0</ele>
        <time>2026-08-28T01:50:03Z</time>
        <extensions>
          <gpxtpx:TrackPointExtension>
            <gpxtpx:hr>85</gpxtpx:hr>
          </gpxtpx:TrackPointExtension>
        </extensions>
      </trkpt>
      <trkpt lat="-33.85713270865381" lon="151.2085278891027">
        <ele>17.0</ele>
        <time>2026-08-28T01:50:06Z</time>
        <extensions>
          <gpxtpx:TrackPointExtension>
            <gpxtpx:hr>85</gpxtpx:hr>
          </gpxtpx:TrackPointExtension>
        </extensions>
      </trkpt>
      <trkpt lat="-33.85715668089688" lon="151.20854951441288">
        <ele>16.0</ele>
        <time>2026-08-28T01:50:09Z</time>
        <extensions>
          <gpxtpx:TrackPointExtension>
            <gpxtpx:hr>85</gpxtpx:hr>
          </gpxtpx:TrackPointExtension>
        </extensions>
      </trkpt>
      <trkpt lat="-33.85717839002609" lon="151.20856896042824">
        <ele>16.0</ele>
        <time>2026-08-28T01:50:12Z</time>
        <extensions>
          <gpxtpx:TrackPointExtension>
            <gpxtpx:hr>86</gpxtpx:hr>
          </gpxtpx:TrackPointExtension>
        </extensions>
      </trkpt>
      <trkpt lat="-33.85719926096499" lon="151.20858212001622">
        <ele>16.0</ele>
        <time>2026-08-28T01:50:15Z</time>
        <extensions>
          <gpxtpx:TrackPointExtension>
            <gpxtpx:hr>89</gpxtpx:hr>
          </gpxtpx:TrackPointExtension>
        </extensions>
      </trkpt>
      <trkpt lat="-33.85722088627517" lon="151.20859100483358">
        <ele>16.0</ele>
        <time>2026-08-28T01:50:18Z</time>
        <extensions>
          <gpxtpx:TrackPointExtension>
            <gpxtpx:hr>91</gpxtpx:hr>
          </gpxtpx:TrackPointExtension>
        </extensions>
      </trkpt>
      <trkpt lat="-33.857245948165655" lon="151.2086117081344">
        <ele>16.0</ele>
        <time>2026-08-28T01:50:21Z</time>
        <extensions>
          <gpxtpx:TrackPointExtension>
            <gpxtpx:hr>91</gpxtpx:hr>
          </gpxtpx:TrackPointExtension>
        </extensions>
      </trkpt>
      <trkpt lat="-33.8572748657316" lon="151.20864758268">
        <ele>16.0</ele>
        <time>2026-08-28T01:50:24Z</time>
        <extensions>
          <gpxtpx:TrackPointExtension>
            <gpxtpx:hr>91</gpxtpx:hr>
          </gpxtpx:TrackPointExtension>
        </extensions>
      </trkpt>
      <trkpt lat="-33.85730478912592" lon="151.208679350093">
        <ele>16.0</ele>
        <time>2026-08-28T01:50:27Z</time>
        <extensions>
          <gpxtpx:TrackPointExtension>
            <gpxtpx:hr>93</gpxtpx:hr>
          </gpxtpx:TrackPointExtension>
        </extensions>
      </trkpt>
      <trkpt lat="-33.8573332875967" lon="151.20870432816446">
        <ele>16.0</ele>
        <time>2026-08-28T01:50:30Z</time>
        <extensions>
          <gpxtpx:TrackPointExtension>
            <gpxtpx:hr>95</gpxtpx:hr>
          </gpxtpx:TrackPointExtension>
        </extensions>
      </trkpt>
      <trkpt lat="-33.857365641742945" lon="151.20872804895043">
        <ele>16.0</ele>
        <time>2026-08-28T01:50:33Z</time>
        <extensions>
          <gpxtpx:TrackPointExtension>
            <gpxtpx:hr>95</gpxtpx:hr>
          </gpxtpx:TrackPointExtension>
        </extensions>
      </trkpt>
      <trkpt lat="-33.857401851564646" lon="151.20875009335577">
        <ele>16.0</ele>
        <time>2026-08-28T01:50:36Z</time>
        <extensions>
          <gpxtpx:TrackPointExtension>
            <gpxtpx:hr>93</gpxtpx:hr>
          </gpxtpx:TrackPointExtension>
        </extensions>
      </trkpt>
      <trkpt lat="-33.857439402490854" lon="151.20876870118082">
        <ele>15.0</ele>
        <time>2026-08-28T01:50:39Z</time>
        <extensions>
          <gpxtpx:TrackPointExtension>
            <gpxtpx:hr>91</gpxtpx:hr>
          </gpxtpx:TrackPointExtension>
        </extensions>
      </trkpt>
      <trkpt lat="-33.857473181560636" lon="151.2087868899107">
        <ele>15.0</ele>
        <time>2026-08-28T01:50:42Z</time>
        <extensions>
          <gpxtpx:TrackPointExtension>
            <gpxtpx:hr>88</gpxtpx:hr>
          </gpxtpx:TrackPointExtension>
        </extensions>
      </trkpt>
      <trkpt lat="-33.85750561952591" lon="151.20880055241287">
        <ele>15.0</ele>
        <time>2026-08-28T01:50:45Z</time>
        <extensions>
          <gpxtpx:TrackPointExtension>
            <gpxtpx:hr>86</gpxtpx:hr>
          </gpxtpx:TrackPointExtension>
        </extensions>
      </trkpt>
      <trkpt lat="-33.85753897950053" lon="151.20881471782923">
        <ele>15.0</ele>
        <time>2026-08-28T01:50:48Z</time>
        <extensions>
          <gpxtpx:TrackPointExtension>
            <gpxtpx:hr>87</gpxtpx:hr>
          </gpxtpx:TrackPointExtension>
        </extensions>
      </trkpt>
      <trkpt lat="-33.85756915435195" lon="151.20883148163557">
        <ele>15.0</ele>
        <time>2026-08-28T01:50:51Z</time>
        <extensions>
          <gpxtpx:TrackPointExtension>
            <gpxtpx:hr>87</gpxtpx:hr>
          </gpxtpx:TrackPointExtension>
        </extensions>
      </trkpt>
      <trkpt lat="-33.85759798809886" lon="151.20884774252772">
        <ele>15.0</ele>
        <time>2026-08-28T01:50:54Z</time>
        <extensions>
          <gpxtpx:TrackPointExtension>
            <gpxtpx:hr>87</gpxtpx:hr>
          </gpxtpx:TrackPointExtension>
        </extensions>
      </trkpt>
      <trkpt lat="-33.85763227008283" lon="151.20886492542922">
        <ele>15.0</ele>
        <time>2026-08-28T01:50:57Z</time>
        <extensions>
          <gpxtpx:TrackPointExtension>
            <gpxtpx:hr>85</gpxtpx:hr>
          </gpxtpx:TrackPointExtension>
        </extensions>
      </trkpt>
      <trkpt lat="-33.85767124593258" lon="151.20888671837747">
        <ele>15.0</ele>
        <time>2026-08-28T01:51:00Z</time>
        <extensions>
          <gpxtpx:TrackPointExtension>
            <gpxtpx:hr>84</gpxtpx:hr>
          </gpxtpx:TrackPointExtension>
        </extensions>
      </trkpt>
      <trkpt lat="-33.85770728811622" lon="151.2089182343334">
        <ele>15.0</ele>
        <time>2026-08-28T01:51:03Z</time>
        <extensions>
          <gpxtpx:TrackPointExtension>
            <gpxtpx:hr>83</gpxtpx:hr>
          </gpxtpx:TrackPointExtension>
        </extensions>
      </trkpt>
      <trkpt lat="-33.857737043872476" lon="151.20895251631737">
        <ele>15.0</ele>
        <time>2026-08-28T01:51:06Z</time>
        <extensions>
          <gpxtpx:TrackPointExtension>
            <gpxtpx:hr>84</gpxtpx:hr>
          </gpxtpx:TrackPointExtension>
        </extensions>
      </trkpt>
      <trkpt lat="-33.85776428505778" lon="151.20897883549333">
        <ele>15.0</ele>
        <time>2026-08-28T01:51:09Z</time>
        <extensions>
          <gpxtpx:TrackPointExtension>
            <gpxtpx:hr>83</gpxtpx:hr>
          </gpxtpx:TrackPointExtension>
        </extensions>
      </trkpt>
      <trkpt lat="-33.85779378935695" lon="151.20898252353072">
        <ele>15.0</ele>
        <time>2026-08-28T01:51:12Z</time>
        <extensions>
          <gpxtpx:TrackPointExtension>
            <gpxtpx:hr>82</gpxtpx:hr>
          </gpxtpx:TrackPointExtension>
        </extensions>
      </trkpt>
      <trkpt lat="-33.85782279074192" lon="151.2089618202299">
        <ele>15.0</ele>
        <time>2026-08-28T01:51:15Z</time>
        <extensions>
          <gpxtpx:TrackPointExtension>
            <gpxtpx:hr>81</gpxtpx:hr>
          </gpxtpx:TrackPointExtension>
        </extensions>
      </trkpt>
      <trkpt lat="-33.85785598307848" lon="151.20893893763423">
        <ele>15.0</ele>
        <time>2026-08-28T01:51:18Z</time>
        <extensions>
          <gpxtpx:TrackPointExtension>
            <gpxtpx:hr>81</gpxtpx:hr>
          </gpxtpx:TrackPointExtension>
        </extensions>
      </trkpt>
      <trkpt lat="-33.857891438528895" lon="151.20892795734107">
        <ele>14.0</ele>
        <time>2026-08-28T01:51:21Z</time>
        <extensions>
          <gpxtpx:TrackPointExtension>
            <gpxtpx:hr>82</gpxtpx:hr>
          </gpxtpx:TrackPointExtension>
        </extensions>
      </trkpt>
      <trkpt lat="-33.857927564531565" lon="151.20892745442688">
        <ele>14.0</ele>
        <time>2026-08-28T01:51:24Z</time>
        <extensions>
          <gpxtpx:TrackPointExtension>
            <gpxtpx:hr>82</gpxtpx:hr>
          </gpxtpx:TrackPointExtension>
        </extensions>
      </trkpt>
      <trkpt lat="-33.85796251706779" lon="151.20894195511937">
        <ele>14.0</ele>
        <time>2026-08-28T01:51:27Z</time>
        <extensions>
          <gpxtpx:TrackPointExtension>
            <gpxtpx:hr>84</gpxtpx:hr>
          </gpxtpx:TrackPointExtension>
        </extensions>
      </trkpt>
      <trkpt lat="-33.85799344629049" lon="151.2089681904763">
        <ele>14.0</ele>
        <time>2026-08-28T01:51:30Z</time>
        <extensions>
          <gpxtpx:TrackPointExtension>
            <gpxtpx:hr>86</gpxtpx:hr>
          </gpxtpx:TrackPointExtension>
        </extensions>
      </trkpt>
      <trkpt lat="-33.85802160948515" lon="151.20899995788932">
        <ele>14.0</ele>
        <time>2026-08-28T01:51:33Z</time>
        <extensions>
          <gpxtpx:TrackPointExtension>
            <gpxtpx:hr>88</gpxtpx:hr>
          </gpxtpx:TrackPointExtension>
        </extensions>
      </trkpt>
      <trkpt lat="-33.858050275593996" lon="151.20902225375175">
        <ele>14.0</ele>
        <time>2026-08-28T01:51:36Z</time>
        <extensions>
          <gpxtpx:TrackPointExtension>
            <gpxtpx:hr>88</gpxtpx:hr>
          </gpxtpx:TrackPointExtension>
        </extensions>
      </trkpt>
      <trkpt lat="-33.85807894170284" lon="151.20903273113072">
        <ele>14.0</ele>
        <time>2026-08-28T01:51:39Z</time>
        <extensions>
          <gpxtpx:TrackPointExtension>
            <gpxtpx:hr>88</gpxtpx:hr>
          </gpxtpx:TrackPointExtension>
        </extensions>
      </trkpt>
      <trkpt lat="-33.85810844600201" lon="151.20903843082488">
        <ele>14.0</ele>
        <time>2026-08-28T01:51:42Z</time>
        <extensions>
          <gpxtpx:TrackPointExtension>
            <gpxtpx:hr>88</gpxtpx:hr>
          </gpxtpx:TrackPointExtension>
        </extensions>
      </trkpt>
      <trkpt lat="-33.858138201758265" lon="151.20904739946127">
        <ele>14.0</ele>
        <time>2026-08-28T01:51:45Z</time>
        <extensions>
          <gpxtpx:TrackPointExtension>
            <gpxtpx:hr>86</gpxtpx:hr>
          </gpxtpx:TrackPointExtension>
        </extensions>
      </trkpt>
      <trkpt lat="-33.85816971771419" lon="151.20906290598214">
        <ele>14.0</ele>
        <time>2026-08-28T01:51:48Z</time>
        <extensions>
          <gpxtpx:TrackPointExtension>
            <gpxtpx:hr>85</gpxtpx:hr>
          </gpxtpx:TrackPointExtension>
        </extensions>
      </trkpt>
      <trkpt lat="-33.85820341296494" lon="151.2090779095888">
        <ele>14.0</ele>
        <time>2026-08-28T01:51:51Z</time>
        <extensions>
          <gpxtpx:TrackPointExtension>
            <gpxtpx:hr>83</gpxtpx:hr>
          </gpxtpx:TrackPointExtension>
        </extensions>
      </trkpt>
      <trkpt lat="-33.85823870077729" lon="151.20908855460584">
        <ele>14.0</ele>
        <time>2026-08-28T01:51:54Z</time>
        <extensions>
          <gpxtpx:TrackPointExtension>
            <gpxtpx:hr>82</gpxtpx:hr>
          </gpxtpx:TrackPointExtension>
        </extensions>
      </trkpt>
      <trkpt lat="-33.858271054923534" lon="151.20909324847162">
        <ele>13.0</ele>
        <time>2026-08-28T01:51:57Z</time>
        <extensions>
          <gpxtpx:TrackPointExtension>
            <gpxtpx:hr>83</gpxtpx:hr>
          </gpxtpx:TrackPointExtension>
        </extensions>
      </trkpt>
      <trkpt lat="-33.85830097831786" lon="151.20910900644958">
        <ele>13.0</ele>
        <time>2026-08-28T01:52:00Z</time>
        <extensions>
          <gpxtpx:TrackPointExtension>
            <gpxtpx:hr>84</gpxtpx:hr>
          </gpxtpx:TrackPointExtension>
        </extensions>
      </trkpt>
      <trkpt lat="-33.858333081007004" lon="151.20913172140718">
        <ele>13.0</ele>
        <time>2026-08-28T01:52:03Z</time>
        <extensions>
          <gpxtpx:TrackPointExtension>
            <gpxtpx:hr>84</gpxtpx:hr>
          </gpxtpx:TrackPointExtension>
        </extensions>
      </trkpt>
      <trkpt lat="-33.858365854248405" lon="151.20913540944457">
        <ele>13.0</ele>
        <time>2026-08-28T01:52:06Z</time>
        <extensions>
          <gpxtpx:TrackPointExtension>
            <gpxtpx:hr>83</gpxtpx:hr>
          </gpxtpx:TrackPointExtension>
        </extensions>
      </trkpt>
      <trkpt lat="-33.85839820839465" lon="151.2091167178005">
        <ele>13.0</ele>
        <time>2026-08-28T01:52:09Z</time>
        <extensions>
          <gpxtpx:TrackPointExtension>
            <gpxtpx:hr>83</gpxtpx:hr>
          </gpxtpx:TrackPointExtension>
        </extensions>
      </trkpt>
      <trkpt lat="-33.85842997580767" lon="151.20909735560417">
        <ele>13.0</ele>
        <time>2026-08-28T01:52:12Z</time>
        <extensions>
          <gpxtpx:TrackPointExtension>
            <gpxtpx:hr>83</gpxtpx:hr>
          </gpxtpx:TrackPointExtension>
        </extensions>
      </trkpt>
      <trkpt lat="-33.85845797136426" lon="151.2090852856636">
        <ele>12.0</ele>
        <time>2026-08-28T01:52:15Z</time>
        <extensions>
          <gpxtpx:TrackPointExtension>
            <gpxtpx:hr>83</gpxtpx:hr>
          </gpxtpx:TrackPointExtension>
        </extensions>
      </trkpt>
      <trkpt lat="-33.85849024169147" lon="151.2090654205531">
        <ele>12.0</ele>
        <time>2026-08-28T01:52:18Z</time>
        <extensions>
          <gpxtpx:TrackPointExtension>
            <gpxtpx:hr>83</gpxtpx:hr>
          </gpxtpx:TrackPointExtension>
        </extensions>
      </trkpt>
      <trkpt lat="-33.858524691313505" lon="151.2090442981571">
        <ele>12.0</ele>
        <time>2026-08-28T01:52:21Z</time>
        <extensions>
          <gpxtpx:TrackPointExtension>
            <gpxtpx:hr>83</gpxtpx:hr>
          </gpxtpx:TrackPointExtension>
        </extensions>
      </trkpt>
      <trkpt lat="-33.85855805128813" lon="151.2090295460075">
        <ele>12.0</ele>
        <time>2026-08-28T01:52:24Z</time>
        <extensions>
          <gpxtpx:TrackPointExtension>
            <gpxtpx:hr>84</gpxtpx:hr>
          </gpxtpx:TrackPointExtension>
        </extensions>
      </trkpt>
      <trkpt lat="-33.85858805850148" lon="151.20902175083756">
        <ele>12.0</ele>
        <time>2026-08-28T01:52:27Z</time>
        <extensions>
          <gpxtpx:TrackPointExtension>
            <gpxtpx:hr>83</gpxtpx:hr>
          </gpxtpx:TrackPointExtension>
        </extensions>
      </trkpt>
      <trkpt lat="-33.85861588642001" lon="151.20901328511536">
        <ele>12.0</ele>
        <time>2026-08-28T01:52:30Z</time>
        <extensions>
          <gpxtpx:TrackPointExtension>
            <gpxtpx:hr>82</gpxtpx:hr>
          </gpxtpx:TrackPointExtension>
        </extensions>
      </trkpt>
      <trkpt lat="-33.85864321142435" lon="151.20900792069733">
        <ele>12.0</ele>
        <time>2026-08-28T01:52:33Z</time>
        <extensions>
          <gpxtpx:TrackPointExtension>
            <gpxtpx:hr>82</gpxtpx:hr>
          </gpxtpx:TrackPointExtension>
        </extensions>
      </trkpt>
      <trkpt lat="-33.8586718775332" lon="151.2090083397925">
        <ele>12.0</ele>
        <time>2026-08-28T01:52:36Z</time>
        <extensions>
          <gpxtpx:TrackPointExtension>
            <gpxtpx:hr>83</gpxtpx:hr>
          </gpxtpx:TrackPointExtension>
        </extensions>
      </trkpt>
      <trkpt lat="-33.85869970545173" lon="151.2090099323541">
        <ele>12.0</ele>
        <time>2026-08-28T01:52:39Z</time>
        <extensions>
          <gpxtpx:TrackPointExtension>
            <gpxtpx:hr>84</gpxtpx:hr>
          </gpxtpx:TrackPointExtension>
        </extensions>
      </trkpt>
      <trkpt lat="-33.85872283950448" lon="151.2090073339641">
        <ele>12.0</ele>
        <time>2026-08-28T01:52:42Z</time>
        <extensions>
          <gpxtpx:TrackPointExtension>
            <gpxtpx:hr>85</gpxtpx:hr>
          </gpxtpx:TrackPointExtension>
        </extensions>
      </trkpt>
      <trkpt lat="-33.858750499784946" lon="151.20899660512805">
        <ele>12.0</ele>
        <time>2026-08-28T01:52:45Z</time>
        <extensions>
          <gpxtpx:TrackPointExtension>
            <gpxtpx:hr>86</gpxtpx:hr>
          </gpxtpx:TrackPointExtension>
        </extensions>
      </trkpt>
      <trkpt lat="-33.85878100991249" lon="151.20898235589266">
        <ele>12.0</ele>
        <time>2026-08-28T01:52:48Z</time>
        <extensions>
          <gpxtpx:TrackPointExtension>
            <gpxtpx:hr>86</gpxtpx:hr>
          </gpxtpx:TrackPointExtension>
        </extensions>
      </trkpt>
      <trkpt lat="-33.85881110094488" lon="151.20896718464792">
        <ele>12.0</ele>
        <time>2026-08-28T01:52:51Z</time>
        <extensions>
          <gpxtpx:TrackPointExtension>
            <gpxtpx:hr>87</gpxtpx:hr>
          </gpxtpx:TrackPointExtension>
        </extensions>
      </trkpt>
      <trkpt lat="-33.85884001851082" lon="151.2089546956122">
        <ele>12.0</ele>
        <time>2026-08-28T01:52:54Z</time>
        <extensions>
          <gpxtpx:TrackPointExtension>
            <gpxtpx:hr>87</gpxtpx:hr>
          </gpxtpx:TrackPointExtension>
        </extensions>
      </trkpt>
      <trkpt lat="-33.85886935517192" lon="151.20894773863256">
        <ele>12.0</ele>
        <time>2026-08-28T01:52:57Z</time>
        <extensions>
          <gpxtpx:TrackPointExtension>
            <gpxtpx:hr>84</gpxtpx:hr>
          </gpxtpx:TrackPointExtension>
        </extensions>
      </trkpt>
      <trkpt lat="-33.858901960775256" lon="151.20893969200552">
        <ele>12.0</ele>
        <time>2026-08-28T01:53:00Z</time>
        <extensions>
          <gpxtpx:TrackPointExtension>
            <gpxtpx:hr>82</gpxtpx:hr>
          </gpxtpx:TrackPointExtension>
        </extensions>
      </trkpt>
      <trkpt lat="-33.8589359074831" lon="151.2089230120182">
        <ele>12.0</ele>
        <time>2026-08-28T01:53:03Z</time>
        <extensions>
          <gpxtpx:TrackPointExtension>
            <gpxtpx:hr>83</gpxtpx:hr>
          </gpxtpx:TrackPointExtension>
        </extensions>
      </trkpt>
      <trkpt lat="-33.858968345448375" lon="151.20890364982188">
        <ele>12.0</ele>
        <time>2026-08-28T01:53:06Z</time>
        <extensions>
          <gpxtpx:TrackPointExtension>
            <gpxtpx:hr>84</gpxtpx:hr>
          </gpxtpx:TrackPointExtension>
        </extensions>
      </trkpt>
      <trkpt lat="-33.85900069959462" lon="151.20888604782522">
        <ele>12.0</ele>
        <time>2026-08-28T01:53:09Z</time>
        <extensions>
          <gpxtpx:TrackPointExtension>
            <gpxtpx:hr>84</gpxtpx:hr>
          </gpxtpx:TrackPointExtension>
        </extensions>
      </trkpt>
      <trkpt lat="-33.859033891931176" lon="151.20887263678014">
        <ele>12.0</ele>
        <time>2026-08-28T01:53:12Z</time>
        <extensions>
          <gpxtpx:TrackPointExtension>
            <gpxtpx:hr>85</gpxtpx:hr>
          </gpxtpx:TrackPointExtension>
        </extensions>
      </trkpt>
      <trkpt lat="-33.85906741954386" lon="151.20886358432472">
        <ele>12.0</ele>
        <time>2026-08-28T01:53:15Z</time>
        <extensions>
          <gpxtpx:TrackPointExtension>
            <gpxtpx:hr>86</gpxtpx:hr>
          </gpxtpx:TrackPointExtension>
        </extensions>
      </trkpt>
      <trkpt lat="-33.85910237208009" lon="151.20883885771036">
        <ele>12.0</ele>
        <time>2026-08-28T01:53:18Z</time>
        <extensions>
          <gpxtpx:TrackPointExtension>
            <gpxtpx:hr>86</gpxtpx:hr>
          </gpxtpx:TrackPointExtension>
        </extensions>
      </trkpt>
      <trkpt lat="-33.85913824662566" lon="151.20880072005093">
        <ele>12.0</ele>
        <time>2026-08-28T01:53:21Z</time>
        <extensions>
          <gpxtpx:TrackPointExtension>
            <gpxtpx:hr>86</gpxtpx:hr>
          </gpxtpx:TrackPointExtension>
        </extensions>
      </trkpt>
      <trkpt lat="-33.859170600771904" lon="151.20877347886562">
        <ele>12.0</ele>
        <time>2026-08-28T01:53:24Z</time>
        <extensions>
          <gpxtpx:TrackPointExtension>
            <gpxtpx:hr>87</gpxtpx:hr>
          </gpxtpx:TrackPointExtension>
        </extensions>
      </trkpt>
      <trkpt lat="-33.85919616557658" lon="151.20876090601087">
        <ele>12.0</ele>
        <time>2026-08-28T01:53:27Z</time>
        <extensions>
          <gpxtpx:TrackPointExtension>
            <gpxtpx:hr>88</gpxtpx:hr>
          </gpxtpx:TrackPointExtension>
        </extensions>
      </trkpt>
      <trkpt lat="-33.85921695269644" lon="151.20875218883157">
        <ele>12.0</ele>
        <time>2026-08-28T01:56:42Z</time>
        <extensions>
          <gpxtpx:TrackPointExtension>
            <gpxtpx:hr>77</gpxtpx:hr>
          </gpxtpx:TrackPointExtension>
        </extensions>
      </trkpt>
      <trkpt lat="-33.859235644340515" lon="151.20875143446028">
        <ele>12.0</ele>
        <time>2026-08-28T01:56:45Z</time>
        <extensions>
          <gpxtpx:TrackPointExtension>
            <gpxtpx:hr>77</gpxtpx:hr>
          </gpxtpx:TrackPointExtension>
        </extensions>
      </trkpt>
      <trkpt lat="-33.85926095768809" lon="151.20875478722155">
        <ele>12.0</ele>
        <time>2026-08-28T01:56:48Z</time>
        <extensions>
          <gpxtpx:TrackPointExtension>
            <gpxtpx:hr>77</gpxtpx:hr>
          </gpxtpx:TrackPointExtension>
        </extensions>
      </trkpt>
      <trkpt lat="-33.859291383996606" lon="151.20874891988933">
        <ele>12.0</ele>
        <time>2026-08-28T01:56:51Z</time>
        <extensions>
          <gpxtpx:TrackPointExtension>
            <gpxtpx:hr>80</gpxtpx:hr>
          </gpxtpx:TrackPointExtension>
        </extensions>
      </trkpt>
      <trkpt lat="-33.859322145581245" lon="151.20874070562422">
        <ele>12.0</ele>
        <time>2026-08-28T01:56:54Z</time>
        <extensions>
          <gpxtpx:TrackPointExtension>
            <gpxtpx:hr>88</gpxtpx:hr>
          </gpxtpx:TrackPointExtension>
        </extensions>
      </trkpt>
      <trkpt lat="-33.8593539968133" lon="151.20873969979584">
        <ele>12.0</ele>
        <time>2026-08-28T01:56:57Z</time>
        <extensions>
          <gpxtpx:TrackPointExtension>
            <gpxtpx:hr>92</gpxtpx:hr>
          </gpxtpx:TrackPointExtension>
        </extensions>
      </trkpt>
      <trkpt lat="-33.85938459075987" lon="151.2087443098426">
        <ele>12.0</ele>
        <time>2026-08-28T01:57:00Z</time>
        <extensions>
          <gpxtpx:TrackPointExtension>
            <gpxtpx:hr>93</gpxtpx:hr>
          </gpxtpx:TrackPointExtension>
        </extensions>
      </trkpt>
      <trkpt lat="-33.85941560380161" lon="151.20875713415444">
        <ele>12.0</ele>
        <time>2026-08-28T01:57:03Z</time>
        <extensions>
          <gpxtpx:TrackPointExtension>
            <gpxtpx:hr>92</gpxtpx:hr>
          </gpxtpx:TrackPointExtension>
        </extensions>
      </trkpt>
      <trkpt lat="-33.859447706490755" lon="151.2087707966566">
        <ele>12.0</ele>
        <time>2026-08-28T01:57:06Z</time>
        <extensions>
          <gpxtpx:TrackPointExtension>
            <gpxtpx:hr>89</gpxtpx:hr>
          </gpxtpx:TrackPointExtension>
        </extensions>
      </trkpt>
      <trkpt lat="-33.85948198847473" lon="151.20877775363624">
        <ele>12.0</ele>
        <time>2026-08-28T01:57:09Z</time>
        <extensions>
          <gpxtpx:TrackPointExtension>
            <gpxtpx:hr>89</gpxtpx:hr>
          </gpxtpx:TrackPointExtension>
        </extensions>
      </trkpt>
      <trkpt lat="-33.85951979085803" lon="151.20877414941788">
        <ele>12.0</ele>
        <time>2026-08-28T01:57:12Z</time>
        <extensions>
          <gpxtpx:TrackPointExtension>
            <gpxtpx:hr>89</gpxtpx:hr>
          </gpxtpx:TrackPointExtension>
        </extensions>
      </trkpt>
      <trkpt lat="-33.85955784469843" lon="151.208761241287">
        <ele>12.0</ele>
        <time>2026-08-28T01:57:15Z</time>
        <extensions>
          <gpxtpx:TrackPointExtension>
            <gpxtpx:hr>89</gpxtpx:hr>
          </gpxtpx:TrackPointExtension>
        </extensions>
      </trkpt>
      <trkpt lat="-33.85959246195853" lon="151.20874900370836">
        <ele>12.0</ele>
        <time>2026-08-28T01:57:18Z</time>
        <extensions>
          <gpxtpx:TrackPointExtension>
            <gpxtpx:hr>89</gpxtpx:hr>
          </gpxtpx:TrackPointExtension>
        </extensions>
      </trkpt>
      <trkpt lat="-33.85962431319058" lon="151.2087422143668">
        <ele>12.0</ele>
        <time>2026-08-28T01:57:21Z</time>
        <extensions>
          <gpxtpx:TrackPointExtension>
            <gpxtpx:hr>88</gpxtpx:hr>
          </gpxtpx:TrackPointExtension>
        </extensions>
      </trkpt>
      <trkpt lat="-33.85965717025101" lon="151.208740118891">
        <ele>12.0</ele>
        <time>2026-08-28T01:57:24Z</time>
        <extensions>
          <gpxtpx:TrackPointExtension>
            <gpxtpx:hr>89</gpxtpx:hr>
          </gpxtpx:TrackPointExtension>
        </extensions>
      </trkpt>
      <trkpt lat="-33.85969128459692" lon="151.2087417114526">
        <ele>12.0</ele>
        <time>2026-08-28T01:57:27Z</time>
        <extensions>
          <gpxtpx:TrackPointExtension>
            <gpxtpx:hr>92</gpxtpx:hr>
          </gpxtpx:TrackPointExtension>
        </extensions>
      </trkpt>
      <trkpt lat="-33.85972548276186" lon="151.2087451480329">
        <ele>12.0</ele>
        <time>2026-08-28T01:57:30Z</time>
        <extensions>
          <gpxtpx:TrackPointExtension>
            <gpxtpx:hr>93</gpxtpx:hr>
          </gpxtpx:TrackPointExtension>
        </extensions>
      </trkpt>
      <trkpt lat="-33.8597596809268" lon="151.2087448965758">
        <ele>12.0</ele>
        <time>2026-08-28T01:57:33Z</time>
        <extensions>
          <gpxtpx:TrackPointExtension>
            <gpxtpx:hr>93</gpxtpx:hr>
          </gpxtpx:TrackPointExtension>
        </extensions>
      </trkpt>
      <trkpt lat="-33.85979488492012" lon="151.20873978361487">
        <ele>13.0</ele>
        <time>2026-08-28T01:57:36Z</time>
        <extensions>
          <gpxtpx:TrackPointExtension>
            <gpxtpx:hr>94</gpxtpx:hr>
          </gpxtpx:TrackPointExtension>
        </extensions>
      </trkpt>
      <trkpt lat="-33.85982849635184" lon="151.20873735286295">
        <ele>13.0</ele>
        <time>2026-08-28T01:57:39Z</time>
        <extensions>
          <gpxtpx:TrackPointExtension>
            <gpxtpx:hr>93</gpxtpx:hr>
          </gpxtpx:TrackPointExtension>
        </extensions>
      </trkpt>
      <trkpt lat="-33.85985976085067" lon="151.20874020271003">
        <ele>12.0</ele>
        <time>2026-08-28T01:57:42Z</time>
        <extensions>
          <gpxtpx:TrackPointExtension>
            <gpxtpx:hr>92</gpxtpx:hr>
          </gpxtpx:TrackPointExtension>
        </extensions>
      </trkpt>
      <trkpt lat="-33.85989010334015" lon="151.20874891988933">
        <ele>12.0</ele>
        <time>2026-08-28T01:57:45Z</time>
        <extensions>
          <gpxtpx:TrackPointExtension>
            <gpxtpx:hr>92</gpxtpx:hr>
          </gpxtpx:TrackPointExtension>
        </extensions>
      </trkpt>
      <trkpt lat="-33.859920194372535" lon="151.20876065455377">
        <ele>12.0</ele>
        <time>2026-08-28T01:57:48Z</time>
        <extensions>
          <gpxtpx:TrackPointExtension>
            <gpxtpx:hr>92</gpxtpx:hr>
          </gpxtpx:TrackPointExtension>
        </extensions>
      </trkpt>
      <trkpt lat="-33.85995254851878" lon="151.2087731435895">
        <ele>12.0</ele>
        <time>2026-08-28T01:57:51Z</time>
        <extensions>
          <gpxtpx:TrackPointExtension>
            <gpxtpx:hr>91</gpxtpx:hr>
          </gpxtpx:TrackPointExtension>
        </extensions>
      </trkpt>
      <trkpt lat="-33.85998649522662" lon="151.2087826989591">
        <ele>12.0</ele>
        <time>2026-08-28T01:57:54Z</time>
        <extensions>
          <gpxtpx:TrackPointExtension>
            <gpxtpx:hr>90</gpxtpx:hr>
          </gpxtpx:TrackPointExtension>
        </extensions>
      </trkpt>
      <trkpt lat="-33.860019436106086" lon="151.20879627764225">
        <ele>12.0</ele>
        <time>2026-08-28T01:57:57Z</time>
        <extensions>
          <gpxtpx:TrackPointExtension>
            <gpxtpx:hr>89</gpxtpx:hr>
          </gpxtpx:TrackPointExtension>
        </extensions>
      </trkpt>
      <trkpt lat="-33.86005128733814" lon="151.208808850497">
        <ele>12.0</ele>
        <time>2026-08-28T01:58:00Z</time>
        <extensions>
          <gpxtpx:TrackPointExtension>
            <gpxtpx:hr>89</gpxtpx:hr>
          </gpxtpx:TrackPointExtension>
        </extensions>
      </trkpt>
      <trkpt lat="-33.86008313857019" lon="151.20880709029734">
        <ele>12.0</ele>
        <time>2026-08-28T01:58:03Z</time>
        <extensions>
          <gpxtpx:TrackPointExtension>
            <gpxtpx:hr>89</gpxtpx:hr>
          </gpxtpx:TrackPointExtension>
        </extensions>
      </trkpt>
      <trkpt lat="-33.86011691763997" lon="151.2087887339294">
        <ele>12.0</ele>
        <time>2026-08-28T01:58:06Z</time>
        <extensions>
          <gpxtpx:TrackPointExtension>
            <gpxtpx:hr>90</gpxtpx:hr>
          </gpxtpx:TrackPointExtension>
        </extensions>
      </trkpt>
      <trkpt lat="-33.86014969088137" lon="151.2087702099234">
        <ele>12.0</ele>
        <time>2026-08-28T01:58:09Z</time>
        <extensions>
          <gpxtpx:TrackPointExtension>
            <gpxtpx:hr>89</gpxtpx:hr>
          </gpxtpx:TrackPointExtension>
        </extensions>
      </trkpt>
      <trkpt lat="-33.860179195180535" lon="151.20875612832606">
        <ele>12.0</ele>
        <time>2026-08-28T01:58:12Z</time>
        <extensions>
          <gpxtpx:TrackPointExtension>
            <gpxtpx:hr>88</gpxtpx:hr>
          </gpxtpx:TrackPointExtension>
        </extensions>
      </trkpt>
      <trkpt lat="-33.86020911857486" lon="151.20874372310936">
        <ele>12.0</ele>
        <time>2026-08-28T01:58:15Z</time>
        <extensions>
          <gpxtpx:TrackPointExtension>
            <gpxtpx:hr>88</gpxtpx:hr>
          </gpxtpx:TrackPointExtension>
        </extensions>
      </trkpt>
      <trkpt lat="-33.860240802168846" lon="151.20873173698783">
        <ele>12.0</ele>
        <time>2026-08-28T01:58:18Z</time>
        <extensions>
          <gpxtpx:TrackPointExtension>
            <gpxtpx:hr>87</gpxtpx:hr>
          </gpxtpx:TrackPointExtension>
        </extensions>
      </trkpt>
      <trkpt lat="-33.86027290485799" lon="151.20872092433274">
        <ele>12.0</ele>
        <time>2026-08-28T01:58:21Z</time>
        <extensions>
          <gpxtpx:TrackPointExtension>
            <gpxtpx:hr>87</gpxtpx:hr>
          </gpxtpx:TrackPointExtension>
        </extensions>
      </trkpt>
      <trkpt lat="-33.860303750261664" lon="151.20871782302856">
        <ele>12.0</ele>
        <time>2026-08-28T01:58:24Z</time>
        <extensions>
          <gpxtpx:TrackPointExtension>
            <gpxtpx:hr>88</gpxtpx:hr>
          </gpxtpx:TrackPointExtension>
        </extensions>
      </trkpt>
      <trkpt lat="-33.86033325456083" lon="151.20872494764626">
        <ele>12.0</ele>
        <time>2026-08-28T01:58:27Z</time>
        <extensions>
          <gpxtpx:TrackPointExtension>
            <gpxtpx:hr>89</gpxtpx:hr>
          </gpxtpx:TrackPointExtension>
        </extensions>
      </trkpt>
      <trkpt lat="-33.86036108247936" lon="151.20873601175845">
        <ele>12.0</ele>
        <time>2026-08-28T01:58:30Z</time>
        <extensions>
          <gpxtpx:TrackPointExtension>
            <gpxtpx:hr>90</gpxtpx:hr>
          </gpxtpx:TrackPointExtension>
        </extensions>
      </trkpt>
      <trkpt lat="-33.86039251461625" lon="151.20873844251037">
        <ele>12.0</ele>
        <time>2026-08-28T01:58:33Z</time>
        <extensions>
          <gpxtpx:TrackPointExtension>
            <gpxtpx:hr>89</gpxtpx:hr>
          </gpxtpx:TrackPointExtension>
        </extensions>
      </trkpt>
      <trkpt lat="-33.86043190956116" lon="151.20872704312205">
        <ele>12.0</ele>
        <time>2026-08-28T01:58:36Z</time>
        <extensions>
          <gpxtpx:TrackPointExtension>
            <gpxtpx:hr>89</gpxtpx:hr>
          </gpxtpx:TrackPointExtension>
        </extensions>
      </trkpt>
      <trkpt lat="-33.86048194952309" lon="151.2086769193411">
        <ele>12.0</ele>
        <time>2026-08-28T01:58:39Z</time>
        <extensions>
          <gpxtpx:TrackPointExtension>
            <gpxtpx:hr>86</gpxtpx:hr>
          </gpxtpx:TrackPointExtension>
        </extensions>
      </trkpt>
      <trkpt lat="-33.86052989400923" lon="151.2086209282279">
        <ele>12.0</ele>
        <time>2026-08-28T01:58:42Z</time>
        <extensions>
          <gpxtpx:TrackPointExtension>
            <gpxtpx:hr>84</gpxtpx:hr>
          </gpxtpx:TrackPointExtension>
        </extensions>
      </trkpt>
      <trkpt lat="-33.860562751069665" lon="151.20860525406897">
        <ele>12.0</ele>
        <time>2026-08-28T01:58:45Z</time>
        <extensions>
          <gpxtpx:TrackPointExtension>
            <gpxtpx:hr>83</gpxtpx:hr>
          </gpxtpx:TrackPointExtension>
        </extensions>
      </trkpt>
      <trkpt lat="-33.86058454401791" lon="151.20862319134176">
        <ele>12.0</ele>
        <time>2026-08-28T01:58:48Z</time>
        <extensions>
          <gpxtpx:TrackPointExtension>
            <gpxtpx:hr>83</gpxtpx:hr>
          </gpxtpx:TrackPointExtension>
        </extensions>
      </trkpt>
      <trkpt lat="-33.86059761978686" lon="151.2086441460997">
        <ele>12.0</ele>
        <time>2026-08-28T01:58:51Z</time>
        <extensions>
          <gpxtpx:TrackPointExtension>
            <gpxtpx:hr>84</gpxtpx:hr>
          </gpxtpx:TrackPointExtension>
        </extensions>
      </trkpt>
      <trkpt lat="-33.860604744404554" lon="151.20866074226797">
        <ele>11.0</ele>
        <time>2026-08-28T01:58:54Z</time>
        <extensions>
          <gpxtpx:TrackPointExtension>
            <gpxtpx:hr>84</gpxtpx:hr>
          </gpxtpx:TrackPointExtension>
        </extensions>
      </trkpt>
      <trkpt lat="-33.8605990447104" lon="151.2086790986359">
        <ele>11.0</ele>
        <time>2026-08-28T01:58:57Z</time>
        <extensions>
          <gpxtpx:TrackPointExtension>
            <gpxtpx:hr>85</gpxtpx:hr>
          </gpxtpx:TrackPointExtension>
        </extensions>
      </trkpt>
      <trkpt lat="-33.86058680713177" lon="151.20870005339384">
        <ele>12.0</ele>
        <time>2026-08-28T01:59:00Z</time>
        <extensions>
          <gpxtpx:TrackPointExtension>
            <gpxtpx:hr>85</gpxtpx:hr>
          </gpxtpx:TrackPointExtension>
        </extensions>
      </trkpt>
      <trkpt lat="-33.86057146824896" lon="151.20872033759952">
        <ele>12.0</ele>
        <time>2026-08-28T01:59:03Z</time>
        <extensions>
          <gpxtpx:TrackPointExtension>
            <gpxtpx:hr>86</gpxtpx:hr>
          </gpxtpx:TrackPointExtension>
        </extensions>
      </trkpt>
      <trkpt lat="-33.86055579409003" lon="151.20874095708132">
        <ele>12.0</ele>
        <time>2026-08-28T01:59:06Z</time>
        <extensions>
          <gpxtpx:TrackPointExtension>
            <gpxtpx:hr>87</gpxtpx:hr>
          </gpxtpx:TrackPointExtension>
        </extensions>
      </trkpt>
      <trkpt lat="-33.860550010576844" lon="151.20875998400152">
        <ele>12.0</ele>
        <time>2026-08-28T01:59:09Z</time>
        <extensions>
          <gpxtpx:TrackPointExtension>
            <gpxtpx:hr>89</gpxtpx:hr>
          </gpxtpx:TrackPointExtension>
        </extensions>
      </trkpt>
      <trkpt lat="-33.86054506525397" lon="151.20877205394208">
        <ele>12.0</ele>
        <time>2026-08-28T01:59:12Z</time>
        <extensions>
          <gpxtpx:TrackPointExtension>
            <gpxtpx:hr>90</gpxtpx:hr>
          </gpxtpx:TrackPointExtension>
        </extensions>
      </trkpt>
      <trkpt lat="-33.860540706664324" lon="151.20878772810102">
        <ele>12.0</ele>
        <time>2026-08-28T01:59:15Z</time>
        <extensions>
          <gpxtpx:TrackPointExtension>
            <gpxtpx:hr>91</gpxtpx:hr>
          </gpxtpx:TrackPointExtension>
        </extensions>
      </trkpt>
      <trkpt lat="-33.860541712492704" lon="151.2088120356202">
        <ele>11.0</ele>
        <time>2026-08-28T01:59:18Z</time>
        <extensions>
          <gpxtpx:TrackPointExtension>
            <gpxtpx:hr>92</gpxtpx:hr>
          </gpxtpx:TrackPointExtension>
        </extensions>
      </trkpt>
      <trkpt lat="-33.86054866947234" lon="151.2088450603187">
        <ele>10.0</ele>
        <time>2026-08-28T01:59:21Z</time>
        <extensions>
          <gpxtpx:TrackPointExtension>
            <gpxtpx:hr>92</gpxtpx:hr>
          </gpxtpx:TrackPointExtension>
        </extensions>
      </trkpt>
      <trkpt lat="-33.86056350544095" lon="151.20887875556946">
        <ele>10.0</ele>
        <time>2026-08-28T01:59:24Z</time>
        <extensions>
          <gpxtpx:TrackPointExtension>
            <gpxtpx:hr>92</gpxtpx:hr>
          </gpxtpx:TrackPointExtension>
        </extensions>
      </trkpt>
      <trkpt lat="-33.86058311909437" lon="151.2089074216783">
        <ele>10.0</ele>
        <time>2026-08-28T01:59:27Z</time>
        <extensions>
          <gpxtpx:TrackPointExtension>
            <gpxtpx:hr>91</gpxtpx:hr>
          </gpxtpx:TrackPointExtension>
        </extensions>
      </trkpt>
      <trkpt lat="-33.86059728451073" lon="151.20894212275743">
        <ele>10.0</ele>
        <time>2026-08-28T01:59:30Z</time>
        <extensions>
          <gpxtpx:TrackPointExtension>
            <gpxtpx:hr>90</gpxtpx:hr>
          </gpxtpx:TrackPointExtension>
        </extensions>
      </trkpt>
      <trkpt lat="-33.860600385814905" lon="151.20898319408298">
        <ele>10.0</ele>
        <time>2026-08-28T01:59:33Z</time>
        <extensions>
          <gpxtpx:TrackPointExtension>
            <gpxtpx:hr>89</gpxtpx:hr>
          </gpxtpx:TrackPointExtension>
        </extensions>
      </trkpt>
      <trkpt lat="-33.860595356673" lon="151.209022924304">
        <ele>10.0</ele>
        <time>2026-08-28T01:59:36Z</time>
        <extensions>
          <gpxtpx:TrackPointExtension>
            <gpxtpx:hr>88</gpxtpx:hr>
          </gpxtpx:TrackPointExtension>
        </extensions>
      </trkpt>
      <trkpt lat="-33.8605781737715" lon="151.20905519463122">
        <ele>10.0</ele>
        <time>2026-08-28T01:59:39Z</time>
        <extensions>
          <gpxtpx:TrackPointExtension>
            <gpxtpx:hr>88</gpxtpx:hr>
          </gpxtpx:TrackPointExtension>
        </extensions>
      </trkpt>
      <trkpt lat="-33.86055327951908" lon="151.20908545330167">
        <ele>10.0</ele>
        <time>2026-08-28T01:59:42Z</time>
        <extensions>
          <gpxtpx:TrackPointExtension>
            <gpxtpx:hr>89</gpxtpx:hr>
          </gpxtpx:TrackPointExtension>
        </extensions>
      </trkpt>
      <trkpt lat="-33.86053659953177" lon="151.2091230880469">
        <ele>10.0</ele>
        <time>2026-08-28T01:59:45Z</time>
        <extensions>
          <gpxtpx:TrackPointExtension>
            <gpxtpx:hr>89</gpxtpx:hr>
          </gpxtpx:TrackPointExtension>
        </extensions>
      </trkpt>
      <trkpt lat="-33.8605298101902" lon="151.20916130952537">
        <ele>10.0</ele>
        <time>2026-08-28T01:59:48Z</time>
        <extensions>
          <gpxtpx:TrackPointExtension>
            <gpxtpx:hr>88</gpxtpx:hr>
          </gpxtpx:TrackPointExtension>
        </extensions>
      </trkpt>
      <trkpt lat="-33.86052846908569" lon="151.2091955076903">
        <ele>10.0</ele>
        <time>2026-08-28T01:59:51Z</time>
        <extensions>
          <gpxtpx:TrackPointExtension>
            <gpxtpx:hr>87</gpxtpx:hr>
          </gpxtpx:TrackPointExtension>
        </extensions>
      </trkpt>
      <trkpt lat="-33.86053031310439" lon="151.2092274427414">
        <ele>10.0</ele>
        <time>2026-08-28T01:59:54Z</time>
        <extensions>
          <gpxtpx:TrackPointExtension>
            <gpxtpx:hr>86</gpxtpx:hr>
          </gpxtpx:TrackPointExtension>
        </extensions>
      </trkpt>
      <trkpt lat="-33.86053307913244" lon="151.20926247909665">
        <ele>10.0</ele>
        <time>2026-08-28T01:59:57Z</time>
        <extensions>
          <gpxtpx:TrackPointExtension>
            <gpxtpx:hr>85</gpxtpx:hr>
          </gpxtpx:TrackPointExtension>
        </extensions>
      </trkpt>
      <trkpt lat="-33.86053794063628" lon="151.20930044911802">
        <ele>10.0</ele>
        <time>2026-08-28T02:00:00Z</time>
        <extensions>
          <gpxtpx:TrackPointExtension>
            <gpxtpx:hr>86</gpxtpx:hr>
          </gpxtpx:TrackPointExtension>
        </extensions>
      </trkpt>
      <trkpt lat="-33.86054431088269" lon="151.209337413311">
        <ele>10.0</ele>
        <time>2026-08-28T02:00:03Z</time>
        <extensions>
          <gpxtpx:TrackPointExtension>
            <gpxtpx:hr>87</gpxtpx:hr>
          </gpxtpx:TrackPointExtension>
        </extensions>
      </trkpt>
      <trkpt lat="-33.8605506811291" lon="151.20937580242753">
        <ele>10.0</ele>
        <time>2026-08-28T02:00:06Z</time>
        <extensions>
          <gpxtpx:TrackPointExtension>
            <gpxtpx:hr>88</gpxtpx:hr>
          </gpxtpx:TrackPointExtension>
        </extensions>
      </trkpt>
      <trkpt lat="-33.860559398308396" lon="151.20941519737244">
        <ele>9.0</ele>
        <time>2026-08-28T02:00:09Z</time>
        <extensions>
          <gpxtpx:TrackPointExtension>
            <gpxtpx:hr>88</gpxtpx:hr>
          </gpxtpx:TrackPointExtension>
        </extensions>
      </trkpt>
      <trkpt lat="-33.860565684735775" lon="151.20945534668863">
        <ele>9.0</ele>
        <time>2026-08-28T02:00:12Z</time>
        <extensions>
          <gpxtpx:TrackPointExtension>
            <gpxtpx:hr>89</gpxtpx:hr>
          </gpxtpx:TrackPointExtension>
        </extensions>
      </trkpt>
      <trkpt lat="-33.8605697080493" lon="151.20948954485357">
        <ele>9.0</ele>
        <time>2026-08-28T02:00:15Z</time>
        <extensions>
          <gpxtpx:TrackPointExtension>
            <gpxtpx:hr>91</gpxtpx:hr>
          </gpxtpx:TrackPointExtension>
        </extensions>
      </trkpt>
      <trkpt lat="-33.86057230643928" lon="151.20950823649764">
        <ele>9.0</ele>
        <time>2026-08-28T02:00:18Z</time>
        <extensions>
          <gpxtpx:TrackPointExtension>
            <gpxtpx:hr>92</gpxtpx:hr>
          </gpxtpx:TrackPointExtension>
        </extensions>
      </trkpt>
      <trkpt lat="-33.8605678640306" lon="151.20953413657844">
        <ele>9.0</ele>
        <time>2026-08-28T02:01:00Z</time>
        <extensions>
          <gpxtpx:TrackPointExtension>
            <gpxtpx:hr>80</gpxtpx:hr>
          </gpxtpx:TrackPointExtension>
        </extensions>
      </trkpt>
      <trkpt lat="-33.860574485734105" lon="151.2095403391868">
        <ele>9.0</ele>
        <time>2026-08-28T02:01:03Z</time>
        <extensions>
          <gpxtpx:TrackPointExtension>
            <gpxtpx:hr>80</gpxtpx:hr>
          </gpxtpx:TrackPointExtension>
        </extensions>
      </trkpt>
      <trkpt lat="-33.860600637272" lon="151.2095416802913">
        <ele>9.0</ele>
        <time>2026-08-28T02:01:06Z</time>
        <extensions>
          <gpxtpx:TrackPointExtension>
            <gpxtpx:hr>80</gpxtpx:hr>
          </gpxtpx:TrackPointExtension>
        </extensions>
      </trkpt>
      <trkpt lat="-33.86063139885664" lon="151.2095372378826">
        <ele>9.0</ele>
        <time>2026-08-28T02:01:09Z</time>
        <extensions>
          <gpxtpx:TrackPointExtension>
            <gpxtpx:hr>82</gpxtpx:hr>
          </gpxtpx:TrackPointExtension>
        </extensions>
      </trkpt>
      <trkpt lat="-33.860661992803216" lon="151.20953354984522">
        <ele>9.0</ele>
        <time>2026-08-28T02:01:12Z</time>
        <extensions>
          <gpxtpx:TrackPointExtension>
            <gpxtpx:hr>83</gpxtpx:hr>
          </gpxtpx:TrackPointExtension>
        </extensions>
      </trkpt>
      <trkpt lat="-33.860693173483014" lon="151.2095345556736">
        <ele>9.0</ele>
        <time>2026-08-28T02:01:15Z</time>
        <extensions>
          <gpxtpx:TrackPointExtension>
            <gpxtpx:hr>82</gpxtpx:hr>
          </gpxtpx:TrackPointExtension>
        </extensions>
      </trkpt>
      <trkpt lat="-33.860722510144114" lon="151.20953841134906">
        <ele>9.0</ele>
        <time>2026-08-28T02:01:18Z</time>
        <extensions>
          <gpxtpx:TrackPointExtension>
            <gpxtpx:hr>82</gpxtpx:hr>
          </gpxtpx:TrackPointExtension>
        </extensions>
      </trkpt>
      <trkpt lat="-33.860750338062644" lon="151.20954100973904">
        <ele>9.0</ele>
        <time>2026-08-28T02:01:21Z</time>
        <extensions>
          <gpxtpx:TrackPointExtension>
            <gpxtpx:hr>81</gpxtpx:hr>
          </gpxtpx:TrackPointExtension>
        </extensions>
      </trkpt>
      <trkpt lat="-33.86077749542892" lon="151.2095451168716">
        <ele>9.0</ele>
        <time>2026-08-28T02:01:24Z</time>
        <extensions>
          <gpxtpx:TrackPointExtension>
            <gpxtpx:hr>81</gpxtpx:hr>
          </gpxtpx:TrackPointExtension>
        </extensions>
      </trkpt>
      <trkpt lat="-33.86080523952842" lon="151.20955341495574">
        <ele>9.0</ele>
        <time>2026-08-28T02:01:27Z</time>
        <extensions>
          <gpxtpx:TrackPointExtension>
            <gpxtpx:hr>83</gpxtpx:hr>
          </gpxtpx:TrackPointExtension>
        </extensions>
      </trkpt>
      <trkpt lat="-33.86083063669503" lon="151.20956330560148">
        <ele>9.0</ele>
        <time>2026-08-28T02:01:30Z</time>
        <extensions>
          <gpxtpx:TrackPointExtension>
            <gpxtpx:hr>84</gpxtpx:hr>
          </gpxtpx:TrackPointExtension>
        </extensions>
      </trkpt>
      <trkpt lat="-33.8608546089381" lon="151.20957520790398">
        <ele>9.0</ele>
        <time>2026-08-28T02:01:33Z</time>
        <extensions>
          <gpxtpx:TrackPointExtension>
            <gpxtpx:hr>85</gpxtpx:hr>
          </gpxtpx:TrackPointExtension>
        </extensions>
      </trkpt>
      <trkpt lat="-33.86087975464761" lon="151.20958811603487">
        <ele>9.0</ele>
        <time>2026-08-28T02:01:36Z</time>
        <extensions>
          <gpxtpx:TrackPointExtension>
            <gpxtpx:hr>85</gpxtpx:hr>
          </gpxtpx:TrackPointExtension>
        </extensions>
      </trkpt>
      <trkpt lat="-33.86090607382357" lon="151.2096032872796">
        <ele>9.0</ele>
        <time>2026-08-28T02:01:39Z</time>
        <extensions>
          <gpxtpx:TrackPointExtension>
            <gpxtpx:hr>86</gpxtpx:hr>
          </gpxtpx:TrackPointExtension>
        </extensions>
      </trkpt>
      <trkpt lat="-33.86093448847532" lon="151.20961870998144">
        <ele>9.0</ele>
        <time>2026-08-28T02:01:42Z</time>
        <extensions>
          <gpxtpx:TrackPointExtension>
            <gpxtpx:hr>86</gpxtpx:hr>
          </gpxtpx:TrackPointExtension>
        </extensions>
      </trkpt>
      <trkpt lat="-33.86096265166998" lon="151.20963723398745">
        <ele>9.0</ele>
        <time>2026-08-28T02:01:45Z</time>
        <extensions>
          <gpxtpx:TrackPointExtension>
            <gpxtpx:hr>87</gpxtpx:hr>
          </gpxtpx:TrackPointExtension>
        </extensions>
      </trkpt>
      <trkpt lat="-33.860990311950445" lon="151.2096635531634">
        <ele>9.0</ele>
        <time>2026-08-28T02:01:48Z</time>
        <extensions>
          <gpxtpx:TrackPointExtension>
            <gpxtpx:hr>87</gpxtpx:hr>
          </gpxtpx:TrackPointExtension>
        </extensions>
      </trkpt>
      <trkpt lat="-33.86101679876447" lon="151.2096886150539">
        <ele>9.0</ele>
        <time>2026-08-28T02:01:51Z</time>
        <extensions>
          <gpxtpx:TrackPointExtension>
            <gpxtpx:hr>87</gpxtpx:hr>
          </gpxtpx:TrackPointExtension>
        </extensions>
      </trkpt>
      <trkpt lat="-33.86103800497949" lon="151.20971384458244">
        <ele>9.0</ele>
        <time>2026-08-28T02:01:54Z</time>
        <extensions>
          <gpxtpx:TrackPointExtension>
            <gpxtpx:hr>88</gpxtpx:hr>
          </gpxtpx:TrackPointExtension>
        </extensions>
      </trkpt>
      <trkpt lat="-33.86104831472039" lon="151.2097428459674">
        <ele>9.0</ele>
        <time>2026-08-28T02:01:57Z</time>
        <extensions>
          <gpxtpx:TrackPointExtension>
            <gpxtpx:hr>89</gpxtpx:hr>
          </gpxtpx:TrackPointExtension>
        </extensions>
      </trkpt>
      <trkpt lat="-33.861046051606536" lon="151.2097782175988">
        <ele>9.0</ele>
        <time>2026-08-28T02:02:00Z</time>
        <extensions>
          <gpxtpx:TrackPointExtension>
            <gpxtpx:hr>90</gpxtpx:hr>
          </gpxtpx:TrackPointExtension>
        </extensions>
      </trkpt>
      <trkpt lat="-33.861045548692346" lon="151.2098165228963">
        <ele>8.0</ele>
        <time>2026-08-28T02:02:03Z</time>
        <extensions>
          <gpxtpx:TrackPointExtension>
            <gpxtpx:hr>91</gpxtpx:hr>
          </gpxtpx:TrackPointExtension>
        </extensions>
      </trkpt>
      <trkpt lat="-33.861047979444265" lon="151.20985315181315">
        <ele>8.0</ele>
        <time>2026-08-28T02:02:06Z</time>
        <extensions>
          <gpxtpx:TrackPointExtension>
            <gpxtpx:hr>91</gpxtpx:hr>
          </gpxtpx:TrackPointExtension>
        </extensions>
      </trkpt>
      <trkpt lat="-33.86105007492006" lon="151.2098855059594">
        <ele>8.0</ele>
        <time>2026-08-28T02:02:09Z</time>
        <extensions>
          <gpxtpx:TrackPointExtension>
            <gpxtpx:hr>92</gpxtpx:hr>
          </gpxtpx:TrackPointExtension>
        </extensions>
      </trkpt>
      <trkpt lat="-33.86104906909168" lon="151.2099196203053">
        <ele>8.0</ele>
        <time>2026-08-28T02:02:12Z</time>
        <extensions>
          <gpxtpx:TrackPointExtension>
            <gpxtpx:hr>93</gpxtpx:hr>
          </gpxtpx:TrackPointExtension>
        </extensions>
      </trkpt>
      <trkpt lat="-33.86104085482657" lon="151.2099600210786">
        <ele>8.0</ele>
        <time>2026-08-28T02:02:15Z</time>
        <extensions>
          <gpxtpx:TrackPointExtension>
            <gpxtpx:hr>92</gpxtpx:hr>
          </gpxtpx:TrackPointExtension>
        </extensions>
      </trkpt>
      <trkpt lat="-33.86103875935078" lon="151.2100020982325">
        <ele>8.0</ele>
        <time>2026-08-28T02:02:18Z</time>
        <extensions>
          <gpxtpx:TrackPointExtension>
            <gpxtpx:hr>89</gpxtpx:hr>
          </gpxtpx:TrackPointExtension>
        </extensions>
      </trkpt>
      <trkpt lat="-33.86104831472039" lon="151.21003570966423">
        <ele>8.0</ele>
        <time>2026-08-28T02:02:21Z</time>
        <extensions>
          <gpxtpx:TrackPointExtension>
            <gpxtpx:hr>88</gpxtpx:hr>
          </gpxtpx:TrackPointExtension>
        </extensions>
      </trkpt>
      <trkpt lat="-33.861057283356786" lon="151.21007041074336">
        <ele>8.0</ele>
        <time>2026-08-28T02:02:24Z</time>
        <extensions>
          <gpxtpx:TrackPointExtension>
            <gpxtpx:hr>89</gpxtpx:hr>
          </gpxtpx:TrackPointExtension>
        </extensions>
      </trkpt>
      <trkpt lat="-33.86106491088867" lon="151.21011039242148">
        <ele>8.0</ele>
        <time>2026-08-28T02:02:27Z</time>
        <extensions>
          <gpxtpx:TrackPointExtension>
            <gpxtpx:hr>90</gpxtpx:hr>
          </gpxtpx:TrackPointExtension>
        </extensions>
      </trkpt>
      <trkpt lat="-33.86107278987765" lon="151.2101538106799">
        <ele>8.0</ele>
        <time>2026-08-28T02:02:30Z</time>
        <extensions>
          <gpxtpx:TrackPointExtension>
            <gpxtpx:hr>90</gpxtpx:hr>
          </gpxtpx:TrackPointExtension>
        </extensions>
      </trkpt>
      <trkpt lat="-33.861078238114715" lon="151.21019798330963">
        <ele>8.0</ele>
        <time>2026-08-28T02:02:33Z</time>
        <extensions>
          <gpxtpx:TrackPointExtension>
            <gpxtpx:hr>89</gpxtpx:hr>
          </gpxtpx:TrackPointExtension>
        </extensions>
      </trkpt>
      <trkpt lat="-33.86108175851405" lon="151.2102396413684">
        <ele>8.0</ele>
        <time>2026-08-28T02:02:36Z</time>
        <extensions>
          <gpxtpx:TrackPointExtension>
            <gpxtpx:hr>88</gpxtpx:hr>
          </gpxtpx:TrackPointExtension>
        </extensions>
      </trkpt>
      <trkpt lat="-33.86108326725662" lon="151.21027920395136">
        <ele>8.0</ele>
        <time>2026-08-28T02:02:39Z</time>
        <extensions>
          <gpxtpx:TrackPointExtension>
            <gpxtpx:hr>88</gpxtpx:hr>
          </gpxtpx:TrackPointExtension>
        </extensions>
      </trkpt>
      <trkpt lat="-33.86108326725662" lon="151.21031507849693">
        <ele>8.0</ele>
        <time>2026-08-28T02:02:42Z</time>
        <extensions>
          <gpxtpx:TrackPointExtension>
            <gpxtpx:hr>89</gpxtpx:hr>
          </gpxtpx:TrackPointExtension>
        </extensions>
      </trkpt>
      <trkpt lat="-33.86108469218016" lon="151.21034684590995">
        <ele>8.0</ele>
        <time>2026-08-28T02:02:45Z</time>
        <extensions>
          <gpxtpx:TrackPointExtension>
            <gpxtpx:hr>90</gpxtpx:hr>
          </gpxtpx:TrackPointExtension>
        </extensions>
      </trkpt>
      <trkpt lat="-33.86108477599919" lon="151.2103744223714">
        <ele>8.0</ele>
        <time>2026-08-28T02:02:48Z</time>
        <extensions>
          <gpxtpx:TrackPointExtension>
            <gpxtpx:hr>91</gpxtpx:hr>
          </gpxtpx:TrackPointExtension>
        </extensions>
      </trkpt>
      <trkpt lat="-33.86108133941889" lon="151.21040979400277">
        <ele>8.0</ele>
        <time>2026-08-28T02:02:51Z</time>
        <extensions>
          <gpxtpx:TrackPointExtension>
            <gpxtpx:hr>91</gpxtpx:hr>
          </gpxtpx:TrackPointExtension>
        </extensions>
      </trkpt>
      <trkpt lat="-33.861075304448605" lon="151.2104555591941">
        <ele>8.0</ele>
        <time>2026-08-28T02:02:54Z</time>
        <extensions>
          <gpxtpx:TrackPointExtension>
            <gpxtpx:hr>91</gpxtpx:hr>
          </gpxtpx:TrackPointExtension>
        </extensions>
      </trkpt>
      <trkpt lat="-33.86107840575278" lon="151.21050643734634">
        <ele>8.0</ele>
        <time>2026-08-28T02:02:57Z</time>
        <extensions>
          <gpxtpx:TrackPointExtension>
            <gpxtpx:hr>89</gpxtpx:hr>
          </gpxtpx:TrackPointExtension>
        </extensions>
      </trkpt>
      <trkpt lat="-33.861089469864964" lon="151.21054591611028">
        <ele>8.0</ele>
        <time>2026-08-28T02:03:00Z</time>
        <extensions>
          <gpxtpx:TrackPointExtension>
            <gpxtpx:hr>89</gpxtpx:hr>
          </gpxtpx:TrackPointExtension>
        </extensions>
      </trkpt>
      <trkpt lat="-33.86110061779618" lon="151.21058011427522">
        <ele>8.0</ele>
        <time>2026-08-28T02:03:03Z</time>
        <extensions>
          <gpxtpx:TrackPointExtension>
            <gpxtpx:hr>89</gpxtpx:hr>
          </gpxtpx:TrackPointExtension>
        </extensions>
      </trkpt>
      <trkpt lat="-33.86111008934677" lon="151.21061950922012">
        <ele>8.0</ele>
        <time>2026-08-28T02:03:06Z</time>
        <extensions>
          <gpxtpx:TrackPointExtension>
            <gpxtpx:hr>88</gpxtpx:hr>
          </gpxtpx:TrackPointExtension>
        </extensions>
      </trkpt>
      <trkpt lat="-33.861119812354445" lon="151.21066452004015">
        <ele>8.0</ele>
        <time>2026-08-28T02:03:09Z</time>
        <extensions>
          <gpxtpx:TrackPointExtension>
            <gpxtpx:hr>88</gpxtpx:hr>
          </gpxtpx:TrackPointExtension>
        </extensions>
      </trkpt>
      <trkpt lat="-33.861127607524395" lon="151.21070886030793">
        <ele>8.0</ele>
        <time>2026-08-28T02:03:12Z</time>
        <extensions>
          <gpxtpx:TrackPointExtension>
            <gpxtpx:hr>88</gpxtpx:hr>
          </gpxtpx:TrackPointExtension>
        </extensions>
      </trkpt>
      <trkpt lat="-33.86113188229501" lon="151.21075152419508">
        <ele>8.0</ele>
        <time>2026-08-28T02:03:15Z</time>
        <extensions>
          <gpxtpx:TrackPointExtension>
            <gpxtpx:hr>89</gpxtpx:hr>
          </gpxtpx:TrackPointExtension>
        </extensions>
      </trkpt>
      <trkpt lat="-33.86113649234176" lon="151.210791002959">
        <ele>8.0</ele>
        <time>2026-08-28T02:03:18Z</time>
        <extensions>
          <gpxtpx:TrackPointExtension>
            <gpxtpx:hr>89</gpxtpx:hr>
          </gpxtpx:TrackPointExtension>
        </extensions>
      </trkpt>
      <trkpt lat="-33.861140348017216" lon="151.2108303140849">
        <ele>8.0</ele>
        <time>2026-08-28T02:03:21Z</time>
        <extensions>
          <gpxtpx:TrackPointExtension>
            <gpxtpx:hr>89</gpxtpx:hr>
          </gpxtpx:TrackPointExtension>
        </extensions>
      </trkpt>
      <trkpt lat="-33.861147640272975" lon="151.21086644008756">
        <ele>8.0</ele>
        <time>2026-08-28T02:03:24Z</time>
        <extensions>
          <gpxtpx:TrackPointExtension>
            <gpxtpx:hr>89</gpxtpx:hr>
          </gpxtpx:TrackPointExtension>
        </extensions>
      </trkpt>
      <trkpt lat="-33.86115359142423" lon="151.21090139262378">
        <ele>8.0</ele>
        <time>2026-08-28T02:03:27Z</time>
        <extensions>
          <gpxtpx:TrackPointExtension>
            <gpxtpx:hr>90</gpxtpx:hr>
          </gpxtpx:TrackPointExtension>
        </extensions>
      </trkpt>
      <trkpt lat="-33.86114596389234" lon="151.21093584224582">
        <ele>8.0</ele>
        <time>2026-08-28T02:03:30Z</time>
        <extensions>
          <gpxtpx:TrackPointExtension>
            <gpxtpx:hr>91</gpxtpx:hr>
          </gpxtpx:TrackPointExtension>
        </extensions>
      </trkpt>
      <trkpt lat="-33.861131463199854" lon="151.21097163297236">
        <ele>7.0</ele>
        <time>2026-08-28T02:03:33Z</time>
        <extensions>
          <gpxtpx:TrackPointExtension>
            <gpxtpx:hr>91</gpxtpx:hr>
          </gpxtpx:TrackPointExtension>
        </extensions>
      </trkpt>
      <trkpt lat="-33.86113967746496" lon="151.21102175675333">
        <ele>7.0</ele>
        <time>2026-08-28T02:03:36Z</time>
        <extensions>
          <gpxtpx:TrackPointExtension>
            <gpxtpx:hr>91</gpxtpx:hr>
          </gpxtpx:TrackPointExtension>
        </extensions>
      </trkpt>
      <trkpt lat="-33.86114898137748" lon="151.2110743112862">
        <ele>7.0</ele>
        <time>2026-08-28T02:03:39Z</time>
        <extensions>
          <gpxtpx:TrackPointExtension>
            <gpxtpx:hr>91</gpxtpx:hr>
          </gpxtpx:TrackPointExtension>
        </extensions>
      </trkpt>
      <trkpt lat="-33.86115266941488" lon="151.21112435124815">
        <ele>7.0</ele>
        <time>2026-08-28T02:03:42Z</time>
        <extensions>
          <gpxtpx:TrackPointExtension>
            <gpxtpx:hr>89</gpxtpx:hr>
          </gpxtpx:TrackPointExtension>
        </extensions>
      </trkpt>
      <trkpt lat="-33.86115560308099" lon="151.21116844005883">
        <ele>7.0</ele>
        <time>2026-08-28T02:03:45Z</time>
        <extensions>
          <gpxtpx:TrackPointExtension>
            <gpxtpx:hr>88</gpxtpx:hr>
          </gpxtpx:TrackPointExtension>
        </extensions>
      </trkpt>
      <trkpt lat="-33.86116021312773" lon="151.2112090922892">
        <ele>7.0</ele>
        <time>2026-08-28T02:03:48Z</time>
        <extensions>
          <gpxtpx:TrackPointExtension>
            <gpxtpx:hr>87</gpxtpx:hr>
          </gpxtpx:TrackPointExtension>
        </extensions>
      </trkpt>
      <trkpt lat="-33.86116465553641" lon="151.211248151958">
        <ele>7.0</ele>
        <time>2026-08-28T02:03:51Z</time>
        <extensions>
          <gpxtpx:TrackPointExtension>
            <gpxtpx:hr>87</gpxtpx:hr>
          </gpxtpx:TrackPointExtension>
        </extensions>
      </trkpt>
      <trkpt lat="-33.86116591282189" lon="151.21128645725548">
        <ele>7.0</ele>
        <time>2026-08-28T02:03:54Z</time>
        <extensions>
          <gpxtpx:TrackPointExtension>
            <gpxtpx:hr>87</gpxtpx:hr>
          </gpxtpx:TrackPointExtension>
        </extensions>
      </trkpt>
      <trkpt lat="-33.861167170107365" lon="151.21132660657167">
        <ele>7.0</ele>
        <time>2026-08-28T02:03:57Z</time>
        <extensions>
          <gpxtpx:TrackPointExtension>
            <gpxtpx:hr>87</gpxtpx:hr>
          </gpxtpx:TrackPointExtension>
        </extensions>
      </trkpt>
      <trkpt lat="-33.86117035523057" lon="151.21136331930757">
        <ele>7.0</ele>
        <time>2026-08-28T02:04:00Z</time>
        <extensions>
          <gpxtpx:TrackPointExtension>
            <gpxtpx:hr>87</gpxtpx:hr>
          </gpxtpx:TrackPointExtension>
        </extensions>
      </trkpt>
      <trkpt lat="-33.86117429472506" lon="151.21138963848352">
        <ele>7.0</ele>
        <time>2026-08-28T02:04:03Z</time>
        <extensions>
          <gpxtpx:TrackPointExtension>
            <gpxtpx:hr>87</gpxtpx:hr>
          </gpxtpx:TrackPointExtension>
        </extensions>
      </trkpt>
      <trkpt lat="-33.86117488145828" lon="151.2114083301276">
        <ele>7.0</ele>
        <time>2026-08-28T02:04:06Z</time>
        <extensions>
          <gpxtpx:TrackPointExtension>
            <gpxtpx:hr>87</gpxtpx:hr>
          </gpxtpx:TrackPointExtension>
        </extensions>
      </trkpt>
      <trkpt lat="-33.86117119342089" lon="151.21144495904446">
        <ele>7.0</ele>
        <time>2026-08-28T02:04:09Z</time>
        <extensions>
          <gpxtpx:TrackPointExtension>
            <gpxtpx:hr>87</gpxtpx:hr>
          </gpxtpx:TrackPointExtension>
        </extensions>
      </trkpt>
      <trkpt lat="-33.861165661364794" lon="151.21148334816098">
        <ele>7.0</ele>
        <time>2026-08-28T02:04:12Z</time>
        <extensions>
          <gpxtpx:TrackPointExtension>
            <gpxtpx:hr>88</gpxtpx:hr>
          </gpxtpx:TrackPointExtension>
        </extensions>
      </trkpt>
      <trkpt lat="-33.86117714457214" lon="151.21152282692492">
        <ele>7.0</ele>
        <time>2026-08-28T02:04:15Z</time>
        <extensions>
          <gpxtpx:TrackPointExtension>
            <gpxtpx:hr>89</gpxtpx:hr>
          </gpxtpx:TrackPointExtension>
        </extensions>
      </trkpt>
      <trkpt lat="-33.861205307766795" lon="151.2115597911179">
        <ele>7.0</ele>
        <time>2026-08-28T02:04:18Z</time>
        <extensions>
          <gpxtpx:TrackPointExtension>
            <gpxtpx:hr>89</gpxtpx:hr>
          </gpxtpx:TrackPointExtension>
        </extensions>
      </trkpt>
      <trkpt lat="-33.861234141513705" lon="151.21159365400672">
        <ele>7.0</ele>
        <time>2026-08-28T02:04:21Z</time>
        <extensions>
          <gpxtpx:TrackPointExtension>
            <gpxtpx:hr>88</gpxtpx:hr>
          </gpxtpx:TrackPointExtension>
        </extensions>
      </trkpt>
      <trkpt lat="-33.86125979013741" lon="151.21162734925747">
        <ele>7.0</ele>
        <time>2026-08-28T02:04:24Z</time>
        <extensions>
          <gpxtpx:TrackPointExtension>
            <gpxtpx:hr>88</gpxtpx:hr>
          </gpxtpx:TrackPointExtension>
        </extensions>
      </trkpt>
      <trkpt lat="-33.86128267273307" lon="151.21165878139436">
        <ele>7.0</ele>
        <time>2026-08-28T02:04:27Z</time>
        <extensions>
          <gpxtpx:TrackPointExtension>
            <gpxtpx:hr>89</gpxtpx:hr>
          </gpxtpx:TrackPointExtension>
        </extensions>
      </trkpt>
      <trkpt lat="-33.86129801161587" lon="151.21168434619904">
        <ele>8.0</ele>
        <time>2026-08-28T02:04:30Z</time>
        <extensions>
          <gpxtpx:TrackPointExtension>
            <gpxtpx:hr>88</gpxtpx:hr>
          </gpxtpx:TrackPointExtension>
        </extensions>
      </trkpt>
      <trkpt lat="-33.86130371131003" lon="151.21170018799603">
        <ele>8.0</ele>
        <time>2026-08-28T02:04:33Z</time>
        <extensions>
          <gpxtpx:TrackPointExtension>
            <gpxtpx:hr>87</gpxtpx:hr>
          </gpxtpx:TrackPointExtension>
        </extensions>
      </trkpt>
      <trkpt lat="-33.86130429804325" lon="151.21170739643276">
        <ele>8.0</ele>
        <time>2026-08-28T02:04:57Z</time>
        <extensions>
          <gpxtpx:TrackPointExtension>
            <gpxtpx:hr>78</gpxtpx:hr>
          </gpxtpx:TrackPointExtension>
        </extensions>
      </trkpt>
      <trkpt lat="-33.861294742673635" lon="151.21170739643276">
        <ele>8.0</ele>
        <time>2026-08-28T02:05:00Z</time>
        <extensions>
          <gpxtpx:TrackPointExtension>
            <gpxtpx:hr>76</gpxtpx:hr>
          </gpxtpx:TrackPointExtension>
        </extensions>
      </trkpt>
      <trkpt lat="-33.861276218667626" lon="151.2117093242705">
        <ele>8.0</ele>
        <time>2026-08-28T02:05:03Z</time>
        <extensions>
          <gpxtpx:TrackPointExtension>
            <gpxtpx:hr>76</gpxtpx:hr>
          </gpxtpx:TrackPointExtension>
        </extensions>
      </trkpt>
      <trkpt lat="-33.861255683004856" lon="151.2117228191346">
        <ele>8.0</ele>
        <time>2026-08-28T02:05:18Z</time>
        <extensions>
          <gpxtpx:TrackPointExtension>
            <gpxtpx:hr>78</gpxtpx:hr>
          </gpxtpx:TrackPointExtension>
        </extensions>
      </trkpt>
      <trkpt lat="-33.861244367435575" lon="151.21173908002675">
        <ele>8.0</ele>
        <time>2026-08-28T02:05:21Z</time>
        <extensions>
          <gpxtpx:TrackPointExtension>
            <gpxtpx:hr>78</gpxtpx:hr>
          </gpxtpx:TrackPointExtension>
        </extensions>
      </trkpt>
      <trkpt lat="-33.86124034412205" lon="151.2117627169937">
        <ele>8.0</ele>
        <time>2026-08-28T02:05:24Z</time>
        <extensions>
          <gpxtpx:TrackPointExtension>
            <gpxtpx:hr>78</gpxtpx:hr>
          </gpxtpx:TrackPointExtension>
        </extensions>
      </trkpt>
      <trkpt lat="-33.86123791337013" lon="151.21179272420704">
        <ele>8.0</ele>
        <time>2026-08-28T02:05:27Z</time>
        <extensions>
          <gpxtpx:TrackPointExtension>
            <gpxtpx:hr>79</gpxtpx:hr>
          </gpxtpx:TrackPointExtension>
        </extensions>
      </trkpt>
      <trkpt lat="-33.86124076321721" lon="151.21182600036263">
        <ele>8.0</ele>
        <time>2026-08-28T02:05:30Z</time>
        <extensions>
          <gpxtpx:TrackPointExtension>
            <gpxtpx:hr>79</gpxtpx:hr>
          </gpxtpx:TrackPointExtension>
        </extensions>
      </trkpt>
      <trkpt lat="-33.861248139292" lon="151.21185910888016">
        <ele>8.0</ele>
        <time>2026-08-28T02:05:33Z</time>
        <extensions>
          <gpxtpx:TrackPointExtension>
            <gpxtpx:hr>77</gpxtpx:hr>
          </gpxtpx:TrackPointExtension>
        </extensions>
      </trkpt>
      <trkpt lat="-33.86125677265227" lon="151.2118909601122">
        <ele>8.0</ele>
        <time>2026-08-28T02:05:36Z</time>
        <extensions>
          <gpxtpx:TrackPointExtension>
            <gpxtpx:hr>77</gpxtpx:hr>
          </gpxtpx:TrackPointExtension>
        </extensions>
      </trkpt>
      <trkpt lat="-33.861266411840916" lon="151.2119215540588">
        <ele>8.0</ele>
        <time>2026-08-28T02:05:39Z</time>
        <extensions>
          <gpxtpx:TrackPointExtension>
            <gpxtpx:hr>78</gpxtpx:hr>
          </gpxtpx:TrackPointExtension>
        </extensions>
      </trkpt>
      <trkpt lat="-33.86127445846796" lon="151.2119498848915">
        <ele>8.0</ele>
        <time>2026-08-28T02:05:42Z</time>
        <extensions>
          <gpxtpx:TrackPointExtension>
            <gpxtpx:hr>78</gpxtpx:hr>
          </gpxtpx:TrackPointExtension>
        </extensions>
      </trkpt>
      <trkpt lat="-33.86128040961921" lon="151.2119741924107">
        <ele>8.0</ele>
        <time>2026-08-28T02:05:45Z</time>
        <extensions>
          <gpxtpx:TrackPointExtension>
            <gpxtpx:hr>78</gpxtpx:hr>
          </gpxtpx:TrackPointExtension>
        </extensions>
      </trkpt>
      <trkpt lat="-33.86128175072372" lon="151.21199598535895">
        <ele>8.0</ele>
        <time>2026-08-28T02:05:48Z</time>
        <extensions>
          <gpxtpx:TrackPointExtension>
            <gpxtpx:hr>78</gpxtpx:hr>
          </gpxtpx:TrackPointExtension>
        </extensions>
      </trkpt>
      <trkpt lat="-33.861281583085656" lon="151.21202046051621">
        <ele>8.0</ele>
        <time>2026-08-28T02:05:51Z</time>
        <extensions>
          <gpxtpx:TrackPointExtension>
            <gpxtpx:hr>79</gpxtpx:hr>
          </gpxtpx:TrackPointExtension>
        </extensions>
      </trkpt>
      <trkpt lat="-33.861284013837576" lon="151.212048958987">
        <ele>8.0</ele>
        <time>2026-08-28T02:05:54Z</time>
        <extensions>
          <gpxtpx:TrackPointExtension>
            <gpxtpx:hr>80</gpxtpx:hr>
          </gpxtpx:TrackPointExtension>
        </extensions>
      </trkpt>
      <trkpt lat="-33.86128820478916" lon="151.21207770891488">
        <ele>8.0</ele>
        <time>2026-08-28T02:05:57Z</time>
        <extensions>
          <gpxtpx:TrackPointExtension>
            <gpxtpx:hr>81</gpxtpx:hr>
          </gpxtpx:TrackPointExtension>
        </extensions>
      </trkpt>
      <trkpt lat="-33.86128895916045" lon="151.2121068779379">
        <ele>8.0</ele>
        <time>2026-08-28T02:06:00Z</time>
        <extensions>
          <gpxtpx:TrackPointExtension>
            <gpxtpx:hr>83</gpxtpx:hr>
          </gpxtpx:TrackPointExtension>
        </extensions>
      </trkpt>
      <trkpt lat="-33.86128418147564" lon="151.21213738806546">
        <ele>8.0</ele>
        <time>2026-08-28T02:06:03Z</time>
        <extensions>
          <gpxtpx:TrackPointExtension>
            <gpxtpx:hr>83</gpxtpx:hr>
          </gpxtpx:TrackPointExtension>
        </extensions>
      </trkpt>
      <trkpt lat="-33.86127093806863" lon="151.21216613799334">
        <ele>8.0</ele>
        <time>2026-08-28T02:06:06Z</time>
        <extensions>
          <gpxtpx:TrackPointExtension>
            <gpxtpx:hr>83</gpxtpx:hr>
          </gpxtpx:TrackPointExtension>
        </extensions>
      </trkpt>
      <trkpt lat="-33.86125107295811" lon="151.21219622902572">
        <ele>8.0</ele>
        <time>2026-08-28T02:06:09Z</time>
        <extensions>
          <gpxtpx:TrackPointExtension>
            <gpxtpx:hr>83</gpxtpx:hr>
          </gpxtpx:TrackPointExtension>
        </extensions>
      </trkpt>
      <trkpt lat="-33.861233219504356" lon="151.21222883462906">
        <ele>8.0</ele>
        <time>2026-08-28T02:06:12Z</time>
        <extensions>
          <gpxtpx:TrackPointExtension>
            <gpxtpx:hr>84</gpxtpx:hr>
          </gpxtpx:TrackPointExtension>
        </extensions>
      </trkpt>
      <trkpt lat="-33.861214611679316" lon="151.21225314214826">
        <ele>8.0</ele>
        <time>2026-08-28T02:06:15Z</time>
        <extensions>
          <gpxtpx:TrackPointExtension>
            <gpxtpx:hr>84</gpxtpx:hr>
          </gpxtpx:TrackPointExtension>
        </extensions>
      </trkpt>
      <trkpt lat="-33.861196003854275" lon="151.21227242052555">
        <ele>8.0</ele>
        <time>2026-08-28T02:06:18Z</time>
        <extensions>
          <gpxtpx:TrackPointExtension>
            <gpxtpx:hr>85</gpxtpx:hr>
          </gpxtpx:TrackPointExtension>
        </extensions>
      </trkpt>
      <trkpt lat="-33.8611775636673" lon="151.21229622513056">
        <ele>8.0</ele>
        <time>2026-08-28T02:06:21Z</time>
        <extensions>
          <gpxtpx:TrackPointExtension>
            <gpxtpx:hr>85</gpxtpx:hr>
          </gpxtpx:TrackPointExtension>
        </extensions>
      </trkpt>
      <trkpt lat="-33.86116314679384" lon="151.21232522651553">
        <ele>8.0</ele>
        <time>2026-08-28T02:06:24Z</time>
        <extensions>
          <gpxtpx:TrackPointExtension>
            <gpxtpx:hr>85</gpxtpx:hr>
          </gpxtpx:TrackPointExtension>
        </extensions>
      </trkpt>
      <trkpt lat="-33.86115174740553" lon="151.2123574130237">
        <ele>8.0</ele>
        <time>2026-08-28T02:06:27Z</time>
        <extensions>
          <gpxtpx:TrackPointExtension>
            <gpxtpx:hr>84</gpxtpx:hr>
          </gpxtpx:TrackPointExtension>
        </extensions>
      </trkpt>
      <trkpt lat="-33.86114445514977" lon="151.21238951571286">
        <ele>8.0</ele>
        <time>2026-08-28T02:06:30Z</time>
        <extensions>
          <gpxtpx:TrackPointExtension>
            <gpxtpx:hr>86</gpxtpx:hr>
          </gpxtpx:TrackPointExtension>
        </extensions>
      </trkpt>
      <trkpt lat="-33.86113598942757" lon="151.21241960674524">
        <ele>8.0</ele>
        <time>2026-08-28T02:06:33Z</time>
        <extensions>
          <gpxtpx:TrackPointExtension>
            <gpxtpx:hr>87</gpxtpx:hr>
          </gpxtpx:TrackPointExtension>
        </extensions>
      </trkpt>
      <trkpt lat="-33.8611255120486" lon="151.21244869194925">
        <ele>8.0</ele>
        <time>2026-08-28T02:06:36Z</time>
        <extensions>
          <gpxtpx:TrackPointExtension>
            <gpxtpx:hr>88</gpxtpx:hr>
          </gpxtpx:TrackPointExtension>
        </extensions>
      </trkpt>
      <trkpt lat="-33.861113442108035" lon="151.21247651986778">
        <ele>8.0</ele>
        <time>2026-08-28T02:06:39Z</time>
        <extensions>
          <gpxtpx:TrackPointExtension>
            <gpxtpx:hr>88</gpxtpx:hr>
          </gpxtpx:TrackPointExtension>
        </extensions>
      </trkpt>
      <trkpt lat="-33.86110187508166" lon="151.21250761672854">
        <ele>8.0</ele>
        <time>2026-08-28T02:06:42Z</time>
        <extensions>
          <gpxtpx:TrackPointExtension>
            <gpxtpx:hr>95</gpxtpx:hr>
          </gpxtpx:TrackPointExtension>
        </extensions>
      </trkpt>
      <trkpt lat="-33.86109215207398" lon="151.21254005469382">
        <ele>8.0</ele>
        <time>2026-08-28T02:06:45Z</time>
        <extensions>
          <gpxtpx:TrackPointExtension>
            <gpxtpx:hr>95</gpxtpx:hr>
          </gpxtpx:TrackPointExtension>
        </extensions>
      </trkpt>
      <trkpt lat="-33.86108008213341" lon="151.21256922371686">
        <ele>8.0</ele>
        <time>2026-08-28T02:06:48Z</time>
        <extensions>
          <gpxtpx:TrackPointExtension>
            <gpxtpx:hr>93</gpxtpx:hr>
          </gpxtpx:TrackPointExtension>
        </extensions>
      </trkpt>
      <trkpt lat="-33.8610634021461" lon="151.21259378269315">
        <ele>8.0</ele>
        <time>2026-08-28T02:06:51Z</time>
        <extensions>
          <gpxtpx:TrackPointExtension>
            <gpxtpx:hr>89</gpxtpx:hr>
          </gpxtpx:TrackPointExtension>
        </extensions>
      </trkpt>
      <trkpt lat="-33.861042615026236" lon="151.21261205524206">
        <ele>8.0</ele>
        <time>2026-08-28T02:06:54Z</time>
        <extensions>
          <gpxtpx:TrackPointExtension>
            <gpxtpx:hr>87</gpxtpx:hr>
          </gpxtpx:TrackPointExtension>
        </extensions>
      </trkpt>
      <trkpt lat="-33.86102098971605" lon="151.21262831613421">
        <ele>8.0</ele>
        <time>2026-08-28T02:06:57Z</time>
        <extensions>
          <gpxtpx:TrackPointExtension>
            <gpxtpx:hr>87</gpxtpx:hr>
          </gpxtpx:TrackPointExtension>
        </extensions>
      </trkpt>
      <trkpt lat="-33.86099559254944" lon="151.2126446608454">
        <ele>8.0</ele>
        <time>2026-08-28T02:07:00Z</time>
        <extensions>
          <gpxtpx:TrackPointExtension>
            <gpxtpx:hr>86</gpxtpx:hr>
          </gpxtpx:TrackPointExtension>
        </extensions>
      </trkpt>
      <trkpt lat="-33.860968854278326" lon="151.21266243048012">
        <ele>8.0</ele>
        <time>2026-08-28T02:07:03Z</time>
        <extensions>
          <gpxtpx:TrackPointExtension>
            <gpxtpx:hr>86</gpxtpx:hr>
          </gpxtpx:TrackPointExtension>
        </extensions>
      </trkpt>
      <trkpt lat="-33.860939014703035" lon="151.21267626062036">
        <ele>8.0</ele>
        <time>2026-08-28T02:07:06Z</time>
        <extensions>
          <gpxtpx:TrackPointExtension>
            <gpxtpx:hr>86</gpxtpx:hr>
          </gpxtpx:TrackPointExtension>
        </extensions>
      </trkpt>
      <trkpt lat="-33.860907666385174" lon="151.2126853968948">
        <ele>8.0</ele>
        <time>2026-08-28T02:07:09Z</time>
        <extensions>
          <gpxtpx:TrackPointExtension>
            <gpxtpx:hr>86</gpxtpx:hr>
          </gpxtpx:TrackPointExtension>
        </extensions>
      </trkpt>
      <trkpt lat="-33.8608770724386" lon="151.21269428171217">
        <ele>8.0</ele>
        <time>2026-08-28T02:07:12Z</time>
        <extensions>
          <gpxtpx:TrackPointExtension>
            <gpxtpx:hr>86</gpxtpx:hr>
          </gpxtpx:TrackPointExtension>
        </extensions>
      </trkpt>
      <trkpt lat="-33.86084790341556" lon="151.21270475909114">
        <ele>8.0</ele>
        <time>2026-08-28T02:07:15Z</time>
        <extensions>
          <gpxtpx:TrackPointExtension>
            <gpxtpx:hr>86</gpxtpx:hr>
          </gpxtpx:TrackPointExtension>
        </extensions>
      </trkpt>
      <trkpt lat="-33.86081756092608" lon="151.2127210199833">
        <ele>8.0</ele>
        <time>2026-08-28T02:07:18Z</time>
        <extensions>
          <gpxtpx:TrackPointExtension>
            <gpxtpx:hr>86</gpxtpx:hr>
          </gpxtpx:TrackPointExtension>
        </extensions>
      </trkpt>
      <trkpt lat="-33.860785039141774" lon="151.21273325756192">
        <ele>9.0</ele>
        <time>2026-08-28T02:07:21Z</time>
        <extensions>
          <gpxtpx:TrackPointExtension>
            <gpxtpx:hr>87</gpxtpx:hr>
          </gpxtpx:TrackPointExtension>
        </extensions>
      </trkpt>
      <trkpt lat="-33.86075151152909" lon="151.21273761615157">
        <ele>9.0</ele>
        <time>2026-08-28T02:07:24Z</time>
        <extensions>
          <gpxtpx:TrackPointExtension>
            <gpxtpx:hr>87</gpxtpx:hr>
          </gpxtpx:TrackPointExtension>
        </extensions>
      </trkpt>
      <trkpt lat="-33.86071731336415" lon="151.21273811906576">
        <ele>9.0</ele>
        <time>2026-08-28T02:07:27Z</time>
        <extensions>
          <gpxtpx:TrackPointExtension>
            <gpxtpx:hr>88</gpxtpx:hr>
          </gpxtpx:TrackPointExtension>
        </extensions>
      </trkpt>
      <trkpt lat="-33.86068479157984" lon="151.21274021454155">
        <ele>9.0</ele>
        <time>2026-08-28T02:07:30Z</time>
        <extensions>
          <gpxtpx:TrackPointExtension>
            <gpxtpx:hr>88</gpxtpx:hr>
          </gpxtpx:TrackPointExtension>
        </extensions>
      </trkpt>
      <trkpt lat="-33.86065377853811" lon="151.21274264529347">
        <ele>8.0</ele>
        <time>2026-08-28T02:07:33Z</time>
        <extensions>
          <gpxtpx:TrackPointExtension>
            <gpxtpx:hr>89</gpxtpx:hr>
          </gpxtpx:TrackPointExtension>
        </extensions>
      </trkpt>
      <trkpt lat="-33.86061907745898" lon="151.2127453275025">
        <ele>8.0</ele>
        <time>2026-08-28T02:07:36Z</time>
        <extensions>
          <gpxtpx:TrackPointExtension>
            <gpxtpx:hr>90</gpxtpx:hr>
          </gpxtpx:TrackPointExtension>
        </extensions>
      </trkpt>
      <trkpt lat="-33.86058211326599" lon="151.21275320649147">
        <ele>8.0</ele>
        <time>2026-08-28T02:07:39Z</time>
        <extensions>
          <gpxtpx:TrackPointExtension>
            <gpxtpx:hr>90</gpxtpx:hr>
          </gpxtpx:TrackPointExtension>
        </extensions>
      </trkpt>
      <trkpt lat="-33.86055160313845" lon="151.2127734068781">
        <ele>8.0</ele>
        <time>2026-08-28T02:07:42Z</time>
        <extensions>
          <gpxtpx:TrackPointExtension>
            <gpxtpx:hr>89</gpxtpx:hr>
          </gpxtpx:TrackPointExtension>
        </extensions>
      </trkpt>
      <trkpt lat="-33.86053358204663" lon="151.21280022896826">
        <ele>8.0</ele>
        <time>2026-08-28T02:07:45Z</time>
        <extensions>
          <gpxtpx:TrackPointExtension>
            <gpxtpx:hr>88</gpxtpx:hr>
          </gpxtpx:TrackPointExtension>
        </extensions>
      </trkpt>
      <trkpt lat="-33.86052545160055" lon="151.21282654814422">
        <ele>8.0</ele>
        <time>2026-08-28T02:07:48Z</time>
        <extensions>
          <gpxtpx:TrackPointExtension>
            <gpxtpx:hr>86</gpxtpx:hr>
          </gpxtpx:TrackPointExtension>
        </extensions>
      </trkpt>
      <trkpt lat="-33.86051723733544" lon="151.21285563334823">
        <ele>8.0</ele>
        <time>2026-08-28T02:07:51Z</time>
        <extensions>
          <gpxtpx:TrackPointExtension>
            <gpxtpx:hr>85</gpxtpx:hr>
          </gpxtpx:TrackPointExtension>
        </extensions>
      </trkpt>
      <trkpt lat="-33.86051665060222" lon="151.2128899153322">
        <ele>9.0</ele>
        <time>2026-08-28T02:07:54Z</time>
        <extensions>
          <gpxtpx:TrackPointExtension>
            <gpxtpx:hr>87</gpxtpx:hr>
          </gpxtpx:TrackPointExtension>
        </extensions>
      </trkpt>
      <trkpt lat="-33.860522182658315" lon="151.21292570605874">
        <ele>9.0</ele>
        <time>2026-08-28T02:07:57Z</time>
        <extensions>
          <gpxtpx:TrackPointExtension>
            <gpxtpx:hr>87</gpxtpx:hr>
          </gpxtpx:TrackPointExtension>
        </extensions>
      </trkpt>
      <trkpt lat="-33.860523607581854" lon="151.21295303106308">
        <ele>9.0</ele>
        <time>2026-08-28T02:08:00Z</time>
        <extensions>
          <gpxtpx:TrackPointExtension>
            <gpxtpx:hr>89</gpxtpx:hr>
          </gpxtpx:TrackPointExtension>
        </extensions>
      </trkpt>
      <trkpt lat="-33.86052863672376" lon="151.21297725476325">
        <ele>9.0</ele>
        <time>2026-08-28T02:08:03Z</time>
        <extensions>
          <gpxtpx:TrackPointExtension>
            <gpxtpx:hr>91</gpxtpx:hr>
          </gpxtpx:TrackPointExtension>
        </extensions>
      </trkpt>
      <trkpt lat="-33.860533917322755" lon="151.21300457976758">
        <ele>10.0</ele>
        <time>2026-08-28T02:08:06Z</time>
        <extensions>
          <gpxtpx:TrackPointExtension>
            <gpxtpx:hr>91</gpxtpx:hr>
          </gpxtpx:TrackPointExtension>
        </extensions>
      </trkpt>
      <trkpt lat="-33.860533917322755" lon="151.21303508989513">
        <ele>11.0</ele>
        <time>2026-08-28T02:08:09Z</time>
        <extensions>
          <gpxtpx:TrackPointExtension>
            <gpxtpx:hr>89</gpxtpx:hr>
          </gpxtpx:TrackPointExtension>
        </extensions>
      </trkpt>
      <trkpt lat="-33.86053961701691" lon="151.21305713430047">
        <ele>12.0</ele>
        <time>2026-08-28T02:08:12Z</time>
        <extensions>
          <gpxtpx:TrackPointExtension>
            <gpxtpx:hr>89</gpxtpx:hr>
          </gpxtpx:TrackPointExtension>
        </extensions>
      </trkpt>
      <trkpt lat="-33.860555458813906" lon="151.21306928806007">
        <ele>12.0</ele>
        <time>2026-08-28T02:08:15Z</time>
        <extensions>
          <gpxtpx:TrackPointExtension>
            <gpxtpx:hr>88</gpxtpx:hr>
          </gpxtpx:TrackPointExtension>
        </extensions>
      </trkpt>
      <trkpt lat="-33.860572474077344" lon="151.21307708323002">
        <ele>15.0</ele>
        <time>2026-08-28T02:08:21Z</time>
        <extensions>
          <gpxtpx:TrackPointExtension>
            <gpxtpx:hr>88</gpxtpx:hr>
          </gpxtpx:TrackPointExtension>
        </extensions>
      </trkpt>
      <trkpt lat="-33.8605800177902" lon="151.21309351176023">
        <ele>16.0</ele>
        <time>2026-08-28T02:08:24Z</time>
        <extensions>
          <gpxtpx:TrackPointExtension>
            <gpxtpx:hr>88</gpxtpx:hr>
          </gpxtpx:TrackPointExtension>
        </extensions>
      </trkpt>
      <trkpt lat="-33.860584711655974" lon="151.21311698108912">
        <ele>17.0</ele>
        <time>2026-08-28T02:08:33Z</time>
        <extensions>
          <gpxtpx:TrackPointExtension>
            <gpxtpx:hr>90</gpxtpx:hr>
          </gpxtpx:TrackPointExtension>
        </extensions>
      </trkpt>
      <trkpt lat="-33.86059954762459" lon="151.21311974711716">
        <ele>17.0</ele>
        <time>2026-08-28T02:08:36Z</time>
        <extensions>
          <gpxtpx:TrackPointExtension>
            <gpxtpx:hr>95</gpxtpx:hr>
          </gpxtpx:TrackPointExtension>
        </extensions>
      </trkpt>
      <trkpt lat="-33.86062301695347" lon="151.2131243571639">
        <ele>17.0</ele>
        <time>2026-08-28T02:08:39Z</time>
        <extensions>
          <gpxtpx:TrackPointExtension>
            <gpxtpx:hr>99</gpxtpx:hr>
          </gpxtpx:TrackPointExtension>
        </extensions>
      </trkpt>
      <trkpt lat="-33.86064120568335" lon="151.21314958669245">
        <ele>17.0</ele>
        <time>2026-08-28T02:08:42Z</time>
        <extensions>
          <gpxtpx:TrackPointExtension>
            <gpxtpx:hr>101</gpxtpx:hr>
          </gpxtpx:TrackPointExtension>
        </extensions>
      </trkpt>
      <trkpt lat="-33.86064648628235" lon="151.21319241821766">
        <ele>17.0</ele>
        <time>2026-08-28T02:08:45Z</time>
        <extensions>
          <gpxtpx:TrackPointExtension>
            <gpxtpx:hr>103</gpxtpx:hr>
          </gpxtpx:TrackPointExtension>
        </extensions>
      </trkpt>
      <trkpt lat="-33.86064589954913" lon="151.21323910541832">
        <ele>17.0</ele>
        <time>2026-08-28T02:08:48Z</time>
        <extensions>
          <gpxtpx:TrackPointExtension>
            <gpxtpx:hr>107</gpxtpx:hr>
          </gpxtpx:TrackPointExtension>
        </extensions>
      </trkpt>
      <trkpt lat="-33.86064589954913" lon="151.21328193694353">
        <ele>17.0</ele>
        <time>2026-08-28T02:08:51Z</time>
        <extensions>
          <gpxtpx:TrackPointExtension>
            <gpxtpx:hr>110</gpxtpx:hr>
          </gpxtpx:TrackPointExtension>
        </extensions>
      </trkpt>
      <trkpt lat="-33.86065394617617" lon="151.2133196555078">
        <ele>17.0</ele>
        <time>2026-08-28T02:08:54Z</time>
        <extensions>
          <gpxtpx:TrackPointExtension>
            <gpxtpx:hr>117</gpxtpx:hr>
          </gpxtpx:TrackPointExtension>
        </extensions>
      </trkpt>
      <trkpt lat="-33.86066794395447" lon="151.21335008181632">
        <ele>17.0</ele>
        <time>2026-08-28T02:08:57Z</time>
        <extensions>
          <gpxtpx:TrackPointExtension>
            <gpxtpx:hr>120</gpxtpx:hr>
          </gpxtpx:TrackPointExtension>
        </extensions>
      </trkpt>
      <trkpt lat="-33.86066609993577" lon="151.21337690390646">
        <ele>17.0</ele>
        <time>2026-08-28T02:09:00Z</time>
        <extensions>
          <gpxtpx:TrackPointExtension>
            <gpxtpx:hr>122</gpxtpx:hr>
          </gpxtpx:TrackPointExtension>
        </extensions>
      </trkpt>
      <trkpt lat="-33.86064405553043" lon="151.21340380981565">
        <ele>17.0</ele>
        <time>2026-08-28T02:09:03Z</time>
        <extensions>
          <gpxtpx:TrackPointExtension>
            <gpxtpx:hr>122</gpxtpx:hr>
          </gpxtpx:TrackPointExtension>
        </extensions>
      </trkpt>
      <trkpt lat="-33.86062067002058" lon="151.21342392638326">
        <ele>17.0</ele>
        <time>2026-08-28T02:09:06Z</time>
        <extensions>
          <gpxtpx:TrackPointExtension>
            <gpxtpx:hr>122</gpxtpx:hr>
          </gpxtpx:TrackPointExtension>
        </extensions>
      </trkpt>
      <trkpt lat="-33.86061874218285" lon="151.21342124417424">
        <ele>17.0</ele>
        <time>2026-08-28T02:09:09Z</time>
        <extensions>
          <gpxtpx:TrackPointExtension>
            <gpxtpx:hr>121</gpxtpx:hr>
          </gpxtpx:TrackPointExtension>
        </extensions>
      </trkpt>
      <trkpt lat="-33.86063106358051" lon="151.21340649202466">
        <ele>17.0</ele>
        <time>2026-08-28T02:09:12Z</time>
        <extensions>
          <gpxtpx:TrackPointExtension>
            <gpxtpx:hr>120</gpxtpx:hr>
          </gpxtpx:TrackPointExtension>
        </extensions>
      </trkpt>
      <trkpt lat="-33.86065294034779" lon="151.21338956058025">
        <ele>17.0</ele>
        <time>2026-08-28T02:09:15Z</time>
        <extensions>
          <gpxtpx:TrackPointExtension>
            <gpxtpx:hr>115</gpxtpx:hr>
          </gpxtpx:TrackPointExtension>
        </extensions>
      </trkpt>
      <trkpt lat="-33.86068948544562" lon="151.2133955117315">
        <ele>17.0</ele>
        <time>2026-08-28T02:09:18Z</time>
        <extensions>
          <gpxtpx:TrackPointExtension>
            <gpxtpx:hr>110</gpxtpx:hr>
          </gpxtpx:TrackPointExtension>
        </extensions>
      </trkpt>
      <trkpt lat="-33.86072896420956" lon="151.21342979371548">
        <ele>17.0</ele>
        <time>2026-08-28T02:09:21Z</time>
        <extensions>
          <gpxtpx:TrackPointExtension>
            <gpxtpx:hr>109</gpxtpx:hr>
          </gpxtpx:TrackPointExtension>
        </extensions>
      </trkpt>
      <trkpt lat="-33.86076299473643" lon="151.2134729605168">
        <ele>18.0</ele>
        <time>2026-08-28T02:09:24Z</time>
        <extensions>
          <gpxtpx:TrackPointExtension>
            <gpxtpx:hr>109</gpxtpx:hr>
          </gpxtpx:TrackPointExtension>
        </extensions>
      </trkpt>
      <trkpt lat="-33.86079124175012" lon="151.2135126069188">
        <ele>18.0</ele>
        <time>2026-08-28T02:09:27Z</time>
        <extensions>
          <gpxtpx:TrackPointExtension>
            <gpxtpx:hr>107</gpxtpx:hr>
          </gpxtpx:TrackPointExtension>
        </extensions>
      </trkpt>
      <trkpt lat="-33.860810436308384" lon="151.21355292387307">
        <ele>18.0</ele>
        <time>2026-08-28T02:09:30Z</time>
        <extensions>
          <gpxtpx:TrackPointExtension>
            <gpxtpx:hr>106</gpxtpx:hr>
          </gpxtpx:TrackPointExtension>
        </extensions>
      </trkpt>
      <trkpt lat="-33.86082837358117" lon="151.21359332464635">
        <ele>18.0</ele>
        <time>2026-08-28T02:09:33Z</time>
        <extensions>
          <gpxtpx:TrackPointExtension>
            <gpxtpx:hr>106</gpxtpx:hr>
          </gpxtpx:TrackPointExtension>
        </extensions>
      </trkpt>
      <trkpt lat="-33.860847065225244" lon="151.21362903155386">
        <ele>18.0</ele>
        <time>2026-08-28T02:09:36Z</time>
        <extensions>
          <gpxtpx:TrackPointExtension>
            <gpxtpx:hr>106</gpxtpx:hr>
          </gpxtpx:TrackPointExtension>
        </extensions>
      </trkpt>
      <trkpt lat="-33.86086701415479" lon="151.21366205625236">
        <ele>18.0</ele>
        <time>2026-08-28T02:09:39Z</time>
        <extensions>
          <gpxtpx:TrackPointExtension>
            <gpxtpx:hr>106</gpxtpx:hr>
          </gpxtpx:TrackPointExtension>
        </extensions>
      </trkpt>
      <trkpt lat="-33.86088880710304" lon="151.213692817837">
        <ele>19.0</ele>
        <time>2026-08-28T02:09:42Z</time>
        <extensions>
          <gpxtpx:TrackPointExtension>
            <gpxtpx:hr>107</gpxtpx:hr>
          </gpxtpx:TrackPointExtension>
        </extensions>
      </trkpt>
      <trkpt lat="-33.860911605879664" lon="151.2137232441455">
        <ele>19.0</ele>
        <time>2026-08-28T02:09:45Z</time>
        <extensions>
          <gpxtpx:TrackPointExtension>
            <gpxtpx:hr>107</gpxtpx:hr>
          </gpxtpx:TrackPointExtension>
        </extensions>
      </trkpt>
      <trkpt lat="-33.860933566465974" lon="151.2137522455305">
        <ele>19.0</ele>
        <time>2026-08-28T02:09:48Z</time>
        <extensions>
          <gpxtpx:TrackPointExtension>
            <gpxtpx:hr>108</gpxtpx:hr>
          </gpxtpx:TrackPointExtension>
        </extensions>
      </trkpt>
      <trkpt lat="-33.86095586232841" lon="151.21378091163933">
        <ele>19.0</ele>
        <time>2026-08-28T02:09:51Z</time>
        <extensions>
          <gpxtpx:TrackPointExtension>
            <gpxtpx:hr>109</gpxtpx:hr>
          </gpxtpx:TrackPointExtension>
        </extensions>
      </trkpt>
      <trkpt lat="-33.86098109185696" lon="151.21380915865302">
        <ele>20.0</ele>
        <time>2026-08-28T02:09:54Z</time>
        <extensions>
          <gpxtpx:TrackPointExtension>
            <gpxtpx:hr>110</gpxtpx:hr>
          </gpxtpx:TrackPointExtension>
        </extensions>
      </trkpt>
      <trkpt lat="-33.86100531555712" lon="151.213838160038">
        <ele>20.0</ele>
        <time>2026-08-28T02:09:57Z</time>
        <extensions>
          <gpxtpx:TrackPointExtension>
            <gpxtpx:hr>111</gpxtpx:hr>
          </gpxtpx:TrackPointExtension>
        </extensions>
      </trkpt>
      <trkpt lat="-33.8610253483057" lon="151.21386992745101">
        <ele>20.0</ele>
        <time>2026-08-28T02:10:00Z</time>
        <extensions>
          <gpxtpx:TrackPointExtension>
            <gpxtpx:hr>111</gpxtpx:hr>
          </gpxtpx:TrackPointExtension>
        </extensions>
      </trkpt>
      <trkpt lat="-33.86104336939752" lon="151.21390379033983">
        <ele>20.0</ele>
        <time>2026-08-28T02:10:03Z</time>
        <extensions>
          <gpxtpx:TrackPointExtension>
            <gpxtpx:hr>110</gpxtpx:hr>
          </gpxtpx:TrackPointExtension>
        </extensions>
      </trkpt>
      <trkpt lat="-33.86106055229902" lon="151.2139369826764">
        <ele>20.0</ele>
        <time>2026-08-28T02:10:06Z</time>
        <extensions>
          <gpxtpx:TrackPointExtension>
            <gpxtpx:hr>109</gpxtpx:hr>
          </gpxtpx:TrackPointExtension>
        </extensions>
      </trkpt>
      <trkpt lat="-33.86107589118183" lon="151.2139705941081">
        <ele>20.0</ele>
        <time>2026-08-28T02:10:09Z</time>
        <extensions>
          <gpxtpx:TrackPointExtension>
            <gpxtpx:hr>109</gpxtpx:hr>
          </gpxtpx:TrackPointExtension>
        </extensions>
      </trkpt>
      <trkpt lat="-33.86108988896012" lon="151.21400345116854">
        <ele>21.0</ele>
        <time>2026-08-28T02:10:12Z</time>
        <extensions>
          <gpxtpx:TrackPointExtension>
            <gpxtpx:hr>108</gpxtpx:hr>
          </gpxtpx:TrackPointExtension>
        </extensions>
      </trkpt>
      <trkpt lat="-33.861097348853946" lon="151.2140353024006">
        <ele>21.0</ele>
        <time>2026-08-28T02:10:15Z</time>
        <extensions>
          <gpxtpx:TrackPointExtension>
            <gpxtpx:hr>110</gpxtpx:hr>
          </gpxtpx:TrackPointExtension>
        </extensions>
      </trkpt>
      <trkpt lat="-33.86108234524727" lon="151.21406002901495">
        <ele>21.0</ele>
        <time>2026-08-28T02:10:18Z</time>
        <extensions>
          <gpxtpx:TrackPointExtension>
            <gpxtpx:hr>110</gpxtpx:hr>
          </gpxtpx:TrackPointExtension>
        </extensions>
      </trkpt>
      <trkpt lat="-33.86105158366263" lon="151.21406983584166">
        <ele>21.0</ele>
        <time>2026-08-28T02:10:21Z</time>
        <extensions>
          <gpxtpx:TrackPointExtension>
            <gpxtpx:hr>110</gpxtpx:hr>
          </gpxtpx:TrackPointExtension>
        </extensions>
      </trkpt>
      <trkpt lat="-33.86101193726063" lon="151.214070757851">
        <ele>21.0</ele>
        <time>2026-08-28T02:10:24Z</time>
        <extensions>
          <gpxtpx:TrackPointExtension>
            <gpxtpx:hr>109</gpxtpx:hr>
          </gpxtpx:TrackPointExtension>
        </extensions>
      </trkpt>
      <trkpt lat="-33.86097346432507" lon="151.21407360769808">
        <ele>21.0</ele>
        <time>2026-08-28T02:10:27Z</time>
        <extensions>
          <gpxtpx:TrackPointExtension>
            <gpxtpx:hr>112</gpxtpx:hr>
          </gpxtpx:TrackPointExtension>
        </extensions>
      </trkpt>
      <trkpt lat="-33.86093884706497" lon="151.21408014558256">
        <ele>21.0</ele>
        <time>2026-08-28T02:10:30Z</time>
        <extensions>
          <gpxtpx:TrackPointExtension>
            <gpxtpx:hr>113</gpxtpx:hr>
          </gpxtpx:TrackPointExtension>
        </extensions>
      </trkpt>
      <trkpt lat="-33.860907750204206" lon="151.21408693492413">
        <ele>21.0</ele>
        <time>2026-08-28T02:10:33Z</time>
        <extensions>
          <gpxtpx:TrackPointExtension>
            <gpxtpx:hr>112</gpxtpx:hr>
          </gpxtpx:TrackPointExtension>
        </extensions>
      </trkpt>
      <trkpt lat="-33.860877491533756" lon="151.21409020386636">
        <ele>21.0</ele>
        <time>2026-08-28T02:10:36Z</time>
        <extensions>
          <gpxtpx:TrackPointExtension>
            <gpxtpx:hr>109</gpxtpx:hr>
          </gpxtpx:TrackPointExtension>
        </extensions>
      </trkpt>
      <trkpt lat="-33.860847651958466" lon="151.2140932213515">
        <ele>21.0</ele>
        <time>2026-08-28T02:10:39Z</time>
        <extensions>
          <gpxtpx:TrackPointExtension>
            <gpxtpx:hr>100</gpxtpx:hr>
          </gpxtpx:TrackPointExtension>
        </extensions>
      </trkpt>
      <trkpt lat="-33.86081848293543" lon="151.21409724466503">
        <ele>21.0</ele>
        <time>2026-08-28T02:10:42Z</time>
        <extensions>
          <gpxtpx:TrackPointExtension>
            <gpxtpx:hr>93</gpxtpx:hr>
          </gpxtpx:TrackPointExtension>
        </extensions>
      </trkpt>
      <trkpt lat="-33.86078956536949" lon="151.2140990048647">
        <ele>21.0</ele>
        <time>2026-08-28T02:10:45Z</time>
        <extensions>
          <gpxtpx:TrackPointExtension>
            <gpxtpx:hr>91</gpxtpx:hr>
          </gpxtpx:TrackPointExtension>
        </extensions>
      </trkpt>
      <trkpt lat="-33.8607594743371" lon="151.21409540064633">
        <ele>21.0</ele>
        <time>2026-08-28T02:10:48Z</time>
        <extensions>
          <gpxtpx:TrackPointExtension>
            <gpxtpx:hr>90</gpxtpx:hr>
          </gpxtpx:TrackPointExtension>
        </extensions>
      </trkpt>
      <trkpt lat="-33.860730389133096" lon="151.2140905391425">
        <ele>21.0</ele>
        <time>2026-08-28T02:10:51Z</time>
        <extensions>
          <gpxtpx:TrackPointExtension>
            <gpxtpx:hr>89</gpxtpx:hr>
          </gpxtpx:TrackPointExtension>
        </extensions>
      </trkpt>
      <trkpt lat="-33.86070356704295" lon="151.21408735401928">
        <ele>21.0</ele>
        <time>2026-08-28T02:10:54Z</time>
        <extensions>
          <gpxtpx:TrackPointExtension>
            <gpxtpx:hr>90</gpxtpx:hr>
          </gpxtpx:TrackPointExtension>
        </extensions>
      </trkpt>
      <trkpt lat="-33.860676577314734" lon="151.21408970095217">
        <ele>21.0</ele>
        <time>2026-08-28T02:10:57Z</time>
        <extensions>
          <gpxtpx:TrackPointExtension>
            <gpxtpx:hr>91</gpxtpx:hr>
          </gpxtpx:TrackPointExtension>
        </extensions>
      </trkpt>
      <trkpt lat="-33.86064791120589" lon="151.21409355662763">
        <ele>21.0</ele>
        <time>2026-08-28T02:11:00Z</time>
        <extensions>
          <gpxtpx:TrackPointExtension>
            <gpxtpx:hr>92</gpxtpx:hr>
          </gpxtpx:TrackPointExtension>
        </extensions>
      </trkpt>
      <trkpt lat="-33.860615557059646" lon="151.21409473009408">
        <ele>21.0</ele>
        <time>2026-08-28T02:11:03Z</time>
        <extensions>
          <gpxtpx:TrackPointExtension>
            <gpxtpx:hr>92</gpxtpx:hr>
          </gpxtpx:TrackPointExtension>
        </extensions>
      </trkpt>
      <trkpt lat="-33.86058018542826" lon="151.2140987534076">
        <ele>21.0</ele>
        <time>2026-08-28T02:11:06Z</time>
        <extensions>
          <gpxtpx:TrackPointExtension>
            <gpxtpx:hr>93</gpxtpx:hr>
          </gpxtpx:TrackPointExtension>
        </extensions>
      </trkpt>
      <trkpt lat="-33.86054439470172" lon="151.21410319581628">
        <ele>21.0</ele>
        <time>2026-08-28T02:11:09Z</time>
        <extensions>
          <gpxtpx:TrackPointExtension>
            <gpxtpx:hr>94</gpxtpx:hr>
          </gpxtpx:TrackPointExtension>
        </extensions>
      </trkpt>
      <trkpt lat="-33.860507011413574" lon="151.21410814113915">
        <ele>21.0</ele>
        <time>2026-08-28T02:11:12Z</time>
        <extensions>
          <gpxtpx:TrackPointExtension>
            <gpxtpx:hr>95</gpxtpx:hr>
          </gpxtpx:TrackPointExtension>
        </extensions>
      </trkpt>
      <trkpt lat="-33.860469376668334" lon="151.2141124997288">
        <ele>21.0</ele>
        <time>2026-08-28T02:11:15Z</time>
        <extensions>
          <gpxtpx:TrackPointExtension>
            <gpxtpx:hr>94</gpxtpx:hr>
          </gpxtpx:TrackPointExtension>
        </extensions>
      </trkpt>
      <trkpt lat="-33.86043258011341" lon="151.21411610394716">
        <ele>21.0</ele>
        <time>2026-08-28T02:11:18Z</time>
        <extensions>
          <gpxtpx:TrackPointExtension>
            <gpxtpx:hr>93</gpxtpx:hr>
          </gpxtpx:TrackPointExtension>
        </extensions>
      </trkpt>
      <trkpt lat="-33.86039720848203" lon="151.21412155218422">
        <ele>21.0</ele>
        <time>2026-08-28T02:11:21Z</time>
        <extensions>
          <gpxtpx:TrackPointExtension>
            <gpxtpx:hr>94</gpxtpx:hr>
          </gpxtpx:TrackPointExtension>
        </extensions>
      </trkpt>
      <trkpt lat="-33.86036116629839" lon="151.2141249049455">
        <ele>21.0</ele>
        <time>2026-08-28T02:11:24Z</time>
        <extensions>
          <gpxtpx:TrackPointExtension>
            <gpxtpx:hr>94</gpxtpx:hr>
          </gpxtpx:TrackPointExtension>
        </extensions>
      </trkpt>
      <trkpt lat="-33.8603244535625" lon="151.2141251564026">
        <ele>21.0</ele>
        <time>2026-08-28T02:11:27Z</time>
        <extensions>
          <gpxtpx:TrackPointExtension>
            <gpxtpx:hr>94</gpxtpx:hr>
          </gpxtpx:TrackPointExtension>
        </extensions>
      </trkpt>
      <trkpt lat="-33.860289668664336" lon="151.21412180364132">
        <ele>21.0</ele>
        <time>2026-08-28T02:11:30Z</time>
        <extensions>
          <gpxtpx:TrackPointExtension>
            <gpxtpx:hr>94</gpxtpx:hr>
          </gpxtpx:TrackPointExtension>
        </extensions>
      </trkpt>
      <trkpt lat="-33.86025630868971" lon="151.2141180317849">
        <ele>22.0</ele>
        <time>2026-08-28T02:11:33Z</time>
        <extensions>
          <gpxtpx:TrackPointExtension>
            <gpxtpx:hr>94</gpxtpx:hr>
          </gpxtpx:TrackPointExtension>
        </extensions>
      </trkpt>
      <trkpt lat="-33.86022420600057" lon="151.2141164392233">
        <ele>22.0</ele>
        <time>2026-08-28T02:11:36Z</time>
        <extensions>
          <gpxtpx:TrackPointExtension>
            <gpxtpx:hr>95</gpxtpx:hr>
          </gpxtpx:TrackPointExtension>
        </extensions>
      </trkpt>
      <trkpt lat="-33.86019025929272" lon="151.2141154333949">
        <ele>22.0</ele>
        <time>2026-08-28T02:11:39Z</time>
        <extensions>
          <gpxtpx:TrackPointExtension>
            <gpxtpx:hr>95</gpxtpx:hr>
          </gpxtpx:TrackPointExtension>
        </extensions>
      </trkpt>
      <trkpt lat="-33.86015446856618" lon="151.2141170259565">
        <ele>22.0</ele>
        <time>2026-08-28T02:11:42Z</time>
        <extensions>
          <gpxtpx:TrackPointExtension>
            <gpxtpx:hr>95</gpxtpx:hr>
          </gpxtpx:TrackPointExtension>
        </extensions>
      </trkpt>
      <trkpt lat="-33.86011817492545" lon="151.21411895379424">
        <ele>22.0</ele>
        <time>2026-08-28T02:11:45Z</time>
        <extensions>
          <gpxtpx:TrackPointExtension>
            <gpxtpx:hr>95</gpxtpx:hr>
          </gpxtpx:TrackPointExtension>
        </extensions>
      </trkpt>
      <trkpt lat="-33.86007928289473" lon="151.21412163600326">
        <ele>22.0</ele>
        <time>2026-08-28T02:11:48Z</time>
        <extensions>
          <gpxtpx:TrackPointExtension>
            <gpxtpx:hr>95</gpxtpx:hr>
          </gpxtpx:TrackPointExtension>
        </extensions>
      </trkpt>
      <trkpt lat="-33.86004131287336" lon="151.2141267489642">
        <ele>22.0</ele>
        <time>2026-08-28T02:11:51Z</time>
        <extensions>
          <gpxtpx:TrackPointExtension>
            <gpxtpx:hr>95</gpxtpx:hr>
          </gpxtpx:TrackPointExtension>
        </extensions>
      </trkpt>
      <trkpt lat="-33.860004181042314" lon="151.21413278393447">
        <ele>22.0</ele>
        <time>2026-08-28T02:11:54Z</time>
        <extensions>
          <gpxtpx:TrackPointExtension>
            <gpxtpx:hr>96</gpxtpx:hr>
          </gpxtpx:TrackPointExtension>
        </extensions>
      </trkpt>
      <trkpt lat="-33.859968055039644" lon="151.2141389027238">
        <ele>22.0</ele>
        <time>2026-08-28T02:11:57Z</time>
        <extensions>
          <gpxtpx:TrackPointExtension>
            <gpxtpx:hr>96</gpxtpx:hr>
          </gpxtpx:TrackPointExtension>
        </extensions>
      </trkpt>
      <trkpt lat="-33.859938718378544" lon="151.21414124965668">
        <ele>22.0</ele>
        <time>2026-08-28T02:12:00Z</time>
        <extensions>
          <gpxtpx:TrackPointExtension>
            <gpxtpx:hr>95</gpxtpx:hr>
          </gpxtpx:TrackPointExtension>
        </extensions>
      </trkpt>
      <trkpt lat="-33.859919188544154" lon="151.2141225580126">
        <ele>22.0</ele>
        <time>2026-08-28T02:12:03Z</time>
        <extensions>
          <gpxtpx:TrackPointExtension>
            <gpxtpx:hr>94</gpxtpx:hr>
          </gpxtpx:TrackPointExtension>
        </extensions>
      </trkpt>
      <trkpt lat="-33.8599201105535" lon="151.21408400125802">
        <ele>22.0</ele>
        <time>2026-08-28T02:12:06Z</time>
        <extensions>
          <gpxtpx:TrackPointExtension>
            <gpxtpx:hr>93</gpxtpx:hr>
          </gpxtpx:TrackPointExtension>
        </extensions>
      </trkpt>
      <trkpt lat="-33.85993645526469" lon="151.21404653415084">
        <ele>21.0</ele>
        <time>2026-08-28T02:12:09Z</time>
        <extensions>
          <gpxtpx:TrackPointExtension>
            <gpxtpx:hr>92</gpxtpx:hr>
          </gpxtpx:TrackPointExtension>
        </extensions>
      </trkpt>
      <trkpt lat="-33.8599616009742" lon="151.21401200070977">
        <ele>21.0</ele>
        <time>2026-08-28T02:12:12Z</time>
        <extensions>
          <gpxtpx:TrackPointExtension>
            <gpxtpx:hr>93</gpxtpx:hr>
          </gpxtpx:TrackPointExtension>
        </extensions>
      </trkpt>
      <trkpt lat="-33.85998825542629" lon="151.21397713199258">
        <ele>21.0</ele>
        <time>2026-08-28T02:12:15Z</time>
        <extensions>
          <gpxtpx:TrackPointExtension>
            <gpxtpx:hr>93</gpxtpx:hr>
          </gpxtpx:TrackPointExtension>
        </extensions>
      </trkpt>
      <trkpt lat="-33.86001465842128" lon="151.21394217945635">
        <ele>21.0</ele>
        <time>2026-08-28T02:12:18Z</time>
        <extensions>
          <gpxtpx:TrackPointExtension>
            <gpxtpx:hr>92</gpxtpx:hr>
          </gpxtpx:TrackPointExtension>
        </extensions>
      </trkpt>
      <trkpt lat="-33.86004164814949" lon="151.21391049586236">
        <ele>21.0</ele>
        <time>2026-08-28T02:12:21Z</time>
        <extensions>
          <gpxtpx:TrackPointExtension>
            <gpxtpx:hr>93</gpxtpx:hr>
          </gpxtpx:TrackPointExtension>
        </extensions>
      </trkpt>
      <trkpt lat="-33.8600688893348" lon="151.21388618834317">
        <ele>21.0</ele>
        <time>2026-08-28T02:12:24Z</time>
        <extensions>
          <gpxtpx:TrackPointExtension>
            <gpxtpx:hr>93</gpxtpx:hr>
          </gpxtpx:TrackPointExtension>
        </extensions>
      </trkpt>
      <trkpt lat="-33.8600929453969" lon="151.21386280283332">
        <ele>20.0</ele>
        <time>2026-08-28T02:12:27Z</time>
        <extensions>
          <gpxtpx:TrackPointExtension>
            <gpxtpx:hr>92</gpxtpx:hr>
          </gpxtpx:TrackPointExtension>
        </extensions>
      </trkpt>
      <trkpt lat="-33.86011599563062" lon="151.21383690275252">
        <ele>20.0</ele>
        <time>2026-08-28T02:12:30Z</time>
        <extensions>
          <gpxtpx:TrackPointExtension>
            <gpxtpx:hr>89</gpxtpx:hr>
          </gpxtpx:TrackPointExtension>
        </extensions>
      </trkpt>
      <trkpt lat="-33.860123036429286" lon="151.21380454860628">
        <ele>19.0</ele>
        <time>2026-08-28T02:12:33Z</time>
        <extensions>
          <gpxtpx:TrackPointExtension>
            <gpxtpx:hr>88</gpxtpx:hr>
          </gpxtpx:TrackPointExtension>
        </extensions>
      </trkpt>
      <trkpt lat="-33.86010258458555" lon="151.21377278119326">
        <ele>19.0</ele>
        <time>2026-08-28T02:12:36Z</time>
        <extensions>
          <gpxtpx:TrackPointExtension>
            <gpxtpx:hr>87</gpxtpx:hr>
          </gpxtpx:TrackPointExtension>
        </extensions>
      </trkpt>
      <trkpt lat="-33.86007199063897" lon="151.21374738402665">
        <ele>19.0</ele>
        <time>2026-08-28T02:12:39Z</time>
        <extensions>
          <gpxtpx:TrackPointExtension>
            <gpxtpx:hr>87</gpxtpx:hr>
          </gpxtpx:TrackPointExtension>
        </extensions>
      </trkpt>
      <trkpt lat="-33.86004013940692" lon="151.2137301173061">
        <ele>19.0</ele>
        <time>2026-08-28T02:12:42Z</time>
        <extensions>
          <gpxtpx:TrackPointExtension>
            <gpxtpx:hr>87</gpxtpx:hr>
          </gpxtpx:TrackPointExtension>
        </extensions>
      </trkpt>
      <trkpt lat="-33.86000937782228" lon="151.21371746063232">
        <ele>19.0</ele>
        <time>2026-08-28T02:12:45Z</time>
        <extensions>
          <gpxtpx:TrackPointExtension>
            <gpxtpx:hr>87</gpxtpx:hr>
          </gpxtpx:TrackPointExtension>
        </extensions>
      </trkpt>
      <trkpt lat="-33.85997794568539" lon="151.21370639652014">
        <ele>19.0</ele>
        <time>2026-08-28T02:12:48Z</time>
        <extensions>
          <gpxtpx:TrackPointExtension>
            <gpxtpx:hr>86</gpxtpx:hr>
          </gpxtpx:TrackPointExtension>
        </extensions>
      </trkpt>
      <trkpt lat="-33.85994534008205" lon="151.21368929743767">
        <ele>19.0</ele>
        <time>2026-08-28T02:12:51Z</time>
        <extensions>
          <gpxtpx:TrackPointExtension>
            <gpxtpx:hr>85</gpxtpx:hr>
          </gpxtpx:TrackPointExtension>
        </extensions>
      </trkpt>
      <trkpt lat="-33.859911393374205" lon="151.2136732880026">
        <ele>19.0</ele>
        <time>2026-08-28T02:12:54Z</time>
        <extensions>
          <gpxtpx:TrackPointExtension>
            <gpxtpx:hr>84</gpxtpx:hr>
          </gpxtpx:TrackPointExtension>
        </extensions>
      </trkpt>
      <trkpt lat="-33.85987711139023" lon="151.21366708539426">
        <ele>19.0</ele>
        <time>2026-08-28T02:12:57Z</time>
        <extensions>
          <gpxtpx:TrackPointExtension>
            <gpxtpx:hr>85</gpxtpx:hr>
          </gpxtpx:TrackPointExtension>
        </extensions>
      </trkpt>
      <trkpt lat="-33.85984718799591" lon="151.21366498991847">
        <ele>19.0</ele>
        <time>2026-08-28T02:13:00Z</time>
        <extensions>
          <gpxtpx:TrackPointExtension>
            <gpxtpx:hr>86</gpxtpx:hr>
          </gpxtpx:TrackPointExtension>
        </extensions>
      </trkpt>
      <trkpt lat="-33.85981919243932" lon="151.2136566080153">
        <ele>19.0</ele>
        <time>2026-08-28T02:13:03Z</time>
        <extensions>
          <gpxtpx:TrackPointExtension>
            <gpxtpx:hr>88</gpxtpx:hr>
          </gpxtpx:TrackPointExtension>
        </extensions>
      </trkpt>
      <trkpt lat="-33.85978935286403" lon="151.2136439513415">
        <ele>19.0</ele>
        <time>2026-08-28T02:13:06Z</time>
        <extensions>
          <gpxtpx:TrackPointExtension>
            <gpxtpx:hr>88</gpxtpx:hr>
          </gpxtpx:TrackPointExtension>
        </extensions>
      </trkpt>
      <trkpt lat="-33.85975716635585" lon="151.213632049039">
        <ele>19.0</ele>
        <time>2026-08-28T02:13:09Z</time>
        <extensions>
          <gpxtpx:TrackPointExtension>
            <gpxtpx:hr>88</gpxtpx:hr>
          </gpxtpx:TrackPointExtension>
        </extensions>
      </trkpt>
      <trkpt lat="-33.85972548276186" lon="151.21361939236522">
        <ele>19.0</ele>
        <time>2026-08-28T02:13:12Z</time>
        <extensions>
          <gpxtpx:TrackPointExtension>
            <gpxtpx:hr>87</gpxtpx:hr>
          </gpxtpx:TrackPointExtension>
        </extensions>
      </trkpt>
      <trkpt lat="-33.859698409214616" lon="151.21359550394118">
        <ele>19.0</ele>
        <time>2026-08-28T02:13:15Z</time>
        <extensions>
          <gpxtpx:TrackPointExtension>
            <gpxtpx:hr>88</gpxtpx:hr>
          </gpxtpx:TrackPointExtension>
        </extensions>
      </trkpt>
      <trkpt lat="-33.85967946611345" lon="151.21355812065303">
        <ele>18.0</ele>
        <time>2026-08-28T02:13:18Z</time>
        <extensions>
          <gpxtpx:TrackPointExtension>
            <gpxtpx:hr>90</gpxtpx:hr>
          </gpxtpx:TrackPointExtension>
        </extensions>
      </trkpt>
      <trkpt lat="-33.85966404341161" lon="151.21352543123066">
        <ele>18.0</ele>
        <time>2026-08-28T02:13:21Z</time>
        <extensions>
          <gpxtpx:TrackPointExtension>
            <gpxtpx:hr>91</gpxtpx:hr>
          </gpxtpx:TrackPointExtension>
        </extensions>
      </trkpt>
      <trkpt lat="-33.85964987799525" lon="151.21350078843534">
        <ele>18.0</ele>
        <time>2026-08-28T02:13:24Z</time>
        <extensions>
          <gpxtpx:TrackPointExtension>
            <gpxtpx:hr>92</gpxtpx:hr>
          </gpxtpx:TrackPointExtension>
        </extensions>
      </trkpt>
      <trkpt lat="-33.859642669558525" lon="151.21348553337157">
        <ele>17.0</ele>
        <time>2026-08-28T02:13:27Z</time>
        <extensions>
          <gpxtpx:TrackPointExtension>
            <gpxtpx:hr>93</gpxtpx:hr>
          </gpxtpx:TrackPointExtension>
        </extensions>
      </trkpt>
      <trkpt lat="-33.859641747549176" lon="151.21347933076322">
        <ele>17.0</ele>
        <time>2026-08-28T02:13:30Z</time>
        <extensions>
          <gpxtpx:TrackPointExtension>
            <gpxtpx:hr>94</gpxtpx:hr>
          </gpxtpx:TrackPointExtension>
        </extensions>
      </trkpt>
      <trkpt lat="-33.85963898152113" lon="151.2134695239365">
        <ele>17.0</ele>
        <time>2026-08-28T02:13:33Z</time>
        <extensions>
          <gpxtpx:TrackPointExtension>
            <gpxtpx:hr>95</gpxtpx:hr>
          </gpxtpx:TrackPointExtension>
        </extensions>
      </trkpt>
      <trkpt lat="-33.85962439700961" lon="151.21345904655755">
        <ele>17.0</ele>
        <time>2026-08-28T02:13:36Z</time>
        <extensions>
          <gpxtpx:TrackPointExtension>
            <gpxtpx:hr>94</gpxtpx:hr>
          </gpxtpx:TrackPointExtension>
        </extensions>
      </trkpt>
      <trkpt lat="-33.8595902826637" lon="151.21345938183367">
        <ele>17.0</ele>
        <time>2026-08-28T02:13:39Z</time>
        <extensions>
          <gpxtpx:TrackPointExtension>
            <gpxtpx:hr>93</gpxtpx:hr>
          </gpxtpx:TrackPointExtension>
        </extensions>
      </trkpt>
      <trkpt lat="-33.859548289328814" lon="151.21346650645137">
        <ele>17.0</ele>
        <time>2026-08-28T02:13:42Z</time>
        <extensions>
          <gpxtpx:TrackPointExtension>
            <gpxtpx:hr>91</gpxtpx:hr>
          </gpxtpx:TrackPointExtension>
        </extensions>
      </trkpt>
      <trkpt lat="-33.859503446146846" lon="151.21347539126873">
        <ele>17.0</ele>
        <time>2026-08-28T02:13:45Z</time>
        <extensions>
          <gpxtpx:TrackPointExtension>
            <gpxtpx:hr>91</gpxtpx:hr>
          </gpxtpx:TrackPointExtension>
        </extensions>
      </trkpt>
      <trkpt lat="-33.85945885442197" lon="151.21347815729678">
        <ele>17.0</ele>
        <time>2026-08-28T02:13:48Z</time>
        <extensions>
          <gpxtpx:TrackPointExtension>
            <gpxtpx:hr>92</gpxtpx:hr>
          </gpxtpx:TrackPointExtension>
        </extensions>
      </trkpt>
      <trkpt lat="-33.85941577143967" lon="151.2134845275432">
        <ele>17.0</ele>
        <time>2026-08-28T02:13:51Z</time>
        <extensions>
          <gpxtpx:TrackPointExtension>
            <gpxtpx:hr>94</gpxtpx:hr>
          </gpxtpx:TrackPointExtension>
        </extensions>
      </trkpt>
      <trkpt lat="-33.8593762088567" lon="151.2134970165789">
        <ele>17.0</ele>
        <time>2026-08-28T02:13:54Z</time>
        <extensions>
          <gpxtpx:TrackPointExtension>
            <gpxtpx:hr>94</gpxtpx:hr>
          </gpxtpx:TrackPointExtension>
        </extensions>
      </trkpt>
      <trkpt lat="-33.859340166673064" lon="151.2135115172714">
        <ele>17.0</ele>
        <time>2026-08-28T02:13:57Z</time>
        <extensions>
          <gpxtpx:TrackPointExtension>
            <gpxtpx:hr>94</gpxtpx:hr>
          </gpxtpx:TrackPointExtension>
        </extensions>
      </trkpt>
      <trkpt lat="-33.85930730961263" lon="151.21352300047874">
        <ele>18.0</ele>
        <time>2026-08-28T02:14:00Z</time>
        <extensions>
          <gpxtpx:TrackPointExtension>
            <gpxtpx:hr>94</gpxtpx:hr>
          </gpxtpx:TrackPointExtension>
        </extensions>
      </trkpt>
      <trkpt lat="-33.859273279085755" lon="151.21353062801063">
        <ele>18.0</ele>
        <time>2026-08-28T02:14:03Z</time>
        <extensions>
          <gpxtpx:TrackPointExtension>
            <gpxtpx:hr>93</gpxtpx:hr>
          </gpxtpx:TrackPointExtension>
        </extensions>
      </trkpt>
      <trkpt lat="-33.85923991911113" lon="151.21353498660028">
        <ele>17.0</ele>
        <time>2026-08-28T02:14:06Z</time>
        <extensions>
          <gpxtpx:TrackPointExtension>
            <gpxtpx:hr>93</gpxtpx:hr>
          </gpxtpx:TrackPointExtension>
        </extensions>
      </trkpt>
      <trkpt lat="-33.859209241345525" lon="151.2135408539325">
        <ele>17.0</ele>
        <time>2026-08-28T02:14:09Z</time>
        <extensions>
          <gpxtpx:TrackPointExtension>
            <gpxtpx:hr>93</gpxtpx:hr>
          </gpxtpx:TrackPointExtension>
        </extensions>
      </trkpt>
      <trkpt lat="-33.85917814448476" lon="151.21354705654085">
        <ele>17.0</ele>
        <time>2026-08-28T02:14:12Z</time>
        <extensions>
          <gpxtpx:TrackPointExtension>
            <gpxtpx:hr>93</gpxtpx:hr>
          </gpxtpx:TrackPointExtension>
        </extensions>
      </trkpt>
      <trkpt lat="-33.859143778681755" lon="151.21356080286205">
        <ele>17.0</ele>
        <time>2026-08-28T02:14:15Z</time>
        <extensions>
          <gpxtpx:TrackPointExtension>
            <gpxtpx:hr>93</gpxtpx:hr>
          </gpxtpx:TrackPointExtension>
        </extensions>
      </trkpt>
      <trkpt lat="-33.85910823941231" lon="151.21358192525804">
        <ele>17.0</ele>
        <time>2026-08-28T02:14:18Z</time>
        <extensions>
          <gpxtpx:TrackPointExtension>
            <gpxtpx:hr>94</gpxtpx:hr>
          </gpxtpx:TrackPointExtension>
        </extensions>
      </trkpt>
      <trkpt lat="-33.859072951599956" lon="151.2136064004153">
        <ele>17.0</ele>
        <time>2026-08-28T02:14:21Z</time>
        <extensions>
          <gpxtpx:TrackPointExtension>
            <gpxtpx:hr>94</gpxtpx:hr>
          </gpxtpx:TrackPointExtension>
        </extensions>
      </trkpt>
      <trkpt lat="-33.859038250520825" lon="151.21363531798124">
        <ele>17.0</ele>
        <time>2026-08-28T02:14:24Z</time>
        <extensions>
          <gpxtpx:TrackPointExtension>
            <gpxtpx:hr>95</gpxtpx:hr>
          </gpxtpx:TrackPointExtension>
        </extensions>
      </trkpt>
      <trkpt lat="-33.859005561098456" lon="151.21366867795587">
        <ele>17.0</ele>
        <time>2026-08-28T02:14:27Z</time>
        <extensions>
          <gpxtpx:TrackPointExtension>
            <gpxtpx:hr>95</gpxtpx:hr>
          </gpxtpx:TrackPointExtension>
        </extensions>
      </trkpt>
      <trkpt lat="-33.85897655971348" lon="151.21370052918792">
        <ele>17.0</ele>
        <time>2026-08-28T02:14:30Z</time>
        <extensions>
          <gpxtpx:TrackPointExtension>
            <gpxtpx:hr>96</gpxtpx:hr>
          </gpxtpx:TrackPointExtension>
        </extensions>
      </trkpt>
      <trkpt lat="-33.858949737623334" lon="151.21372642926872">
        <ele>17.0</ele>
        <time>2026-08-28T02:14:33Z</time>
        <extensions>
          <gpxtpx:TrackPointExtension>
            <gpxtpx:hr>98</gpxtpx:hr>
          </gpxtpx:TrackPointExtension>
        </extensions>
      </trkpt>
      <trkpt lat="-33.85892174206674" lon="151.21375232934952">
        <ele>17.0</ele>
        <time>2026-08-28T02:14:36Z</time>
        <extensions>
          <gpxtpx:TrackPointExtension>
            <gpxtpx:hr>96</gpxtpx:hr>
          </gpxtpx:TrackPointExtension>
        </extensions>
      </trkpt>
      <trkpt lat="-33.85889005847275" lon="151.21378233656287">
        <ele>17.0</ele>
        <time>2026-08-28T02:14:39Z</time>
        <extensions>
          <gpxtpx:TrackPointExtension>
            <gpxtpx:hr>94</gpxtpx:hr>
          </gpxtpx:TrackPointExtension>
        </extensions>
      </trkpt>
      <trkpt lat="-33.85885770432651" lon="151.21381561271846">
        <ele>16.0</ele>
        <time>2026-08-28T02:14:42Z</time>
        <extensions>
          <gpxtpx:TrackPointExtension>
            <gpxtpx:hr>93</gpxtpx:hr>
          </gpxtpx:TrackPointExtension>
        </extensions>
      </trkpt>
      <trkpt lat="-33.85882996022701" lon="151.21384939178824">
        <ele>16.0</ele>
        <time>2026-08-28T02:14:45Z</time>
        <extensions>
          <gpxtpx:TrackPointExtension>
            <gpxtpx:hr>94</gpxtpx:hr>
          </gpxtpx:TrackPointExtension>
        </extensions>
      </trkpt>
      <trkpt lat="-33.8588048145175" lon="151.2138828355819">
        <ele>16.0</ele>
        <time>2026-08-28T02:14:48Z</time>
        <extensions>
          <gpxtpx:TrackPointExtension>
            <gpxtpx:hr>95</gpxtpx:hr>
          </gpxtpx:TrackPointExtension>
        </extensions>
      </trkpt>
      <trkpt lat="-33.85878151282668" lon="151.213917452842">
        <ele>16.0</ele>
        <time>2026-08-28T02:14:51Z</time>
        <extensions>
          <gpxtpx:TrackPointExtension>
            <gpxtpx:hr>95</gpxtpx:hr>
          </gpxtpx:TrackPointExtension>
        </extensions>
      </trkpt>
      <trkpt lat="-33.85875854641199" lon="151.21395173482597">
        <ele>16.0</ele>
        <time>2026-08-28T02:14:54Z</time>
        <extensions>
          <gpxtpx:TrackPointExtension>
            <gpxtpx:hr>93</gpxtpx:hr>
          </gpxtpx:TrackPointExtension>
        </extensions>
      </trkpt>
      <trkpt lat="-33.85873541235924" lon="151.21398551389575">
        <ele>16.0</ele>
        <time>2026-08-28T02:14:57Z</time>
        <extensions>
          <gpxtpx:TrackPointExtension>
            <gpxtpx:hr>91</gpxtpx:hr>
          </gpxtpx:TrackPointExtension>
        </extensions>
      </trkpt>
      <trkpt lat="-33.85871194303036" lon="151.2140189576894">
        <ele>16.0</ele>
        <time>2026-08-28T02:15:00Z</time>
        <extensions>
          <gpxtpx:TrackPointExtension>
            <gpxtpx:hr>91</gpxtpx:hr>
          </gpxtpx:TrackPointExtension>
        </extensions>
      </trkpt>
      <trkpt lat="-33.858686881139874" lon="151.21405315585434">
        <ele>16.0</ele>
        <time>2026-08-28T02:15:03Z</time>
        <extensions>
          <gpxtpx:TrackPointExtension>
            <gpxtpx:hr>90</gpxtpx:hr>
          </gpxtpx:TrackPointExtension>
        </extensions>
      </trkpt>
      <trkpt lat="-33.85866165161133" lon="151.2140889465809">
        <ele>16.0</ele>
        <time>2026-08-28T02:15:06Z</time>
        <extensions>
          <gpxtpx:TrackPointExtension>
            <gpxtpx:hr>88</gpxtpx:hr>
          </gpxtpx:TrackPointExtension>
        </extensions>
      </trkpt>
      <trkpt lat="-33.85863969102502" lon="151.2141230609268">
        <ele>15.0</ele>
        <time>2026-08-28T02:15:09Z</time>
        <extensions>
          <gpxtpx:TrackPointExtension>
            <gpxtpx:hr>87</gpxtpx:hr>
          </gpxtpx:TrackPointExtension>
        </extensions>
      </trkpt>
      <trkpt lat="-33.858619993552566" lon="151.21415642090142">
        <ele>15.0</ele>
        <time>2026-08-28T02:15:12Z</time>
        <extensions>
          <gpxtpx:TrackPointExtension>
            <gpxtpx:hr>87</gpxtpx:hr>
          </gpxtpx:TrackPointExtension>
        </extensions>
      </trkpt>
      <trkpt lat="-33.85859861969948" lon="151.21418718248606">
        <ele>15.0</ele>
        <time>2026-08-28T02:15:15Z</time>
        <extensions>
          <gpxtpx:TrackPointExtension>
            <gpxtpx:hr>87</gpxtpx:hr>
          </gpxtpx:TrackPointExtension>
        </extensions>
      </trkpt>
      <trkpt lat="-33.85857347398996" lon="151.21421517804265">
        <ele>15.0</ele>
        <time>2026-08-28T02:15:18Z</time>
        <extensions>
          <gpxtpx:TrackPointExtension>
            <gpxtpx:hr>86</gpxtpx:hr>
          </gpxtpx:TrackPointExtension>
        </extensions>
      </trkpt>
      <trkpt lat="-33.85854539461434" lon="151.21424325741827">
        <ele>15.0</ele>
        <time>2026-08-28T02:15:21Z</time>
        <extensions>
          <gpxtpx:TrackPointExtension>
            <gpxtpx:hr>86</gpxtpx:hr>
          </gpxtpx:TrackPointExtension>
        </extensions>
      </trkpt>
      <trkpt lat="-33.85851857252419" lon="151.21427468955517">
        <ele>15.0</ele>
        <time>2026-08-28T02:15:24Z</time>
        <extensions>
          <gpxtpx:TrackPointExtension>
            <gpxtpx:hr>86</gpxtpx:hr>
          </gpxtpx:TrackPointExtension>
        </extensions>
      </trkpt>
      <trkpt lat="-33.8584905769676" lon="151.21430972591043">
        <ele>15.0</ele>
        <time>2026-08-28T02:15:27Z</time>
        <extensions>
          <gpxtpx:TrackPointExtension>
            <gpxtpx:hr>86</gpxtpx:hr>
          </gpxtpx:TrackPointExtension>
        </extensions>
      </trkpt>
      <trkpt lat="-33.85846375487745" lon="151.21434710919857">
        <ele>15.0</ele>
        <time>2026-08-28T02:15:30Z</time>
        <extensions>
          <gpxtpx:TrackPointExtension>
            <gpxtpx:hr>87</gpxtpx:hr>
          </gpxtpx:TrackPointExtension>
        </extensions>
      </trkpt>
      <trkpt lat="-33.85844296775758" lon="151.2143870908767">
        <ele>15.0</ele>
        <time>2026-08-28T02:15:33Z</time>
        <extensions>
          <gpxtpx:TrackPointExtension>
            <gpxtpx:hr>88</gpxtpx:hr>
          </gpxtpx:TrackPointExtension>
        </extensions>
      </trkpt>
      <trkpt lat="-33.85842620395124" lon="151.2144253961742">
        <ele>15.0</ele>
        <time>2026-08-28T02:15:36Z</time>
        <extensions>
          <gpxtpx:TrackPointExtension>
            <gpxtpx:hr>89</gpxtpx:hr>
          </gpxtpx:TrackPointExtension>
        </extensions>
      </trkpt>
      <trkpt lat="-33.85841161943972" lon="151.21446261182427">
        <ele>15.0</ele>
        <time>2026-08-28T02:15:39Z</time>
        <extensions>
          <gpxtpx:TrackPointExtension>
            <gpxtpx:hr>88</gpxtpx:hr>
          </gpxtpx:TrackPointExtension>
        </extensions>
      </trkpt>
      <trkpt lat="-33.8583954423666" lon="151.2144999112934">
        <ele>15.0</ele>
        <time>2026-08-28T02:15:42Z</time>
        <extensions>
          <gpxtpx:TrackPointExtension>
            <gpxtpx:hr>88</gpxtpx:hr>
          </gpxtpx:TrackPointExtension>
        </extensions>
      </trkpt>
      <trkpt lat="-33.85837867856026" lon="151.2145356182009">
        <ele>15.0</ele>
        <time>2026-08-28T02:15:45Z</time>
        <extensions>
          <gpxtpx:TrackPointExtension>
            <gpxtpx:hr>89</gpxtpx:hr>
          </gpxtpx:TrackPointExtension>
        </extensions>
      </trkpt>
      <trkpt lat="-33.85835990309715" lon="151.21457040309906">
        <ele>16.0</ele>
        <time>2026-08-28T02:15:48Z</time>
        <extensions>
          <gpxtpx:TrackPointExtension>
            <gpxtpx:hr>89</gpxtpx:hr>
          </gpxtpx:TrackPointExtension>
        </extensions>
      </trkpt>
      <trkpt lat="-33.858343390747905" lon="151.21460652910173">
        <ele>16.0</ele>
        <time>2026-08-28T02:15:51Z</time>
        <extensions>
          <gpxtpx:TrackPointExtension>
            <gpxtpx:hr>90</gpxtpx:hr>
          </gpxtpx:TrackPointExtension>
        </extensions>
      </trkpt>
      <trkpt lat="-33.85832863859832" lon="151.21463854797184">
        <ele>16.0</ele>
        <time>2026-08-28T02:15:54Z</time>
        <extensions>
          <gpxtpx:TrackPointExtension>
            <gpxtpx:hr>92</gpxtpx:hr>
          </gpxtpx:TrackPointExtension>
        </extensions>
      </trkpt>
      <trkpt lat="-33.85831380262971" lon="151.2146566528827">
        <ele>16.0</ele>
        <time>2026-08-28T02:15:57Z</time>
        <extensions>
          <gpxtpx:TrackPointExtension>
            <gpxtpx:hr>93</gpxtpx:hr>
          </gpxtpx:TrackPointExtension>
        </extensions>
      </trkpt>
      <trkpt lat="-33.85830257087946" lon="151.2146701477468">
        <ele>16.0</ele>
        <time>2026-08-28T02:16:00Z</time>
        <extensions>
          <gpxtpx:TrackPointExtension>
            <gpxtpx:hr>93</gpxtpx:hr>
          </gpxtpx:TrackPointExtension>
        </extensions>
      </trkpt>
      <trkpt lat="-33.858293518424034" lon="151.21469277888536">
        <ele>16.0</ele>
        <time>2026-08-28T02:16:03Z</time>
        <extensions>
          <gpxtpx:TrackPointExtension>
            <gpxtpx:hr>93</gpxtpx:hr>
          </gpxtpx:TrackPointExtension>
        </extensions>
      </trkpt>
      <trkpt lat="-33.85828295722604" lon="151.2147258874029">
        <ele>15.0</ele>
        <time>2026-08-28T02:16:06Z</time>
        <extensions>
          <gpxtpx:TrackPointExtension>
            <gpxtpx:hr>93</gpxtpx:hr>
          </gpxtpx:TrackPointExtension>
        </extensions>
      </trkpt>
      <trkpt lat="-33.8582728151232" lon="151.21475698426366">
        <ele>14.0</ele>
        <time>2026-08-28T02:16:09Z</time>
        <extensions>
          <gpxtpx:TrackPointExtension>
            <gpxtpx:hr>92</gpxtpx:hr>
          </gpxtpx:TrackPointExtension>
        </extensions>
      </trkpt>
      <trkpt lat="-33.85826367884874" lon="151.21478129178286">
        <ele>14.0</ele>
        <time>2026-08-28T02:16:12Z</time>
        <extensions>
          <gpxtpx:TrackPointExtension>
            <gpxtpx:hr>93</gpxtpx:hr>
          </gpxtpx:TrackPointExtension>
        </extensions>
      </trkpt>
      <trkpt lat="-33.85825781151652" lon="151.21480593457818">
        <ele>14.0</ele>
        <time>2026-08-28T02:16:15Z</time>
        <extensions>
          <gpxtpx:TrackPointExtension>
            <gpxtpx:hr>94</gpxtpx:hr>
          </gpxtpx:TrackPointExtension>
        </extensions>
      </trkpt>
      <trkpt lat="-33.85825529694557" lon="151.2148308288306">
        <ele>13.0</ele>
        <time>2026-08-28T02:16:18Z</time>
        <extensions>
          <gpxtpx:TrackPointExtension>
            <gpxtpx:hr>95</gpxtpx:hr>
          </gpxtpx:TrackPointExtension>
        </extensions>
      </trkpt>
      <trkpt lat="-33.85825387202203" lon="151.2148537952453">
        <ele>12.0</ele>
        <time>2026-08-28T02:16:21Z</time>
        <extensions>
          <gpxtpx:TrackPointExtension>
            <gpxtpx:hr>96</gpxtpx:hr>
          </gpxtpx:TrackPointExtension>
        </extensions>
      </trkpt>
      <trkpt lat="-33.85825169272721" lon="151.2148775998503">
        <ele>12.0</ele>
        <time>2026-08-28T02:16:24Z</time>
        <extensions>
          <gpxtpx:TrackPointExtension>
            <gpxtpx:hr>94</gpxtpx:hr>
          </gpxtpx:TrackPointExtension>
        </extensions>
      </trkpt>
      <trkpt lat="-33.85825420729816" lon="151.21490593068302">
        <ele>11.0</ele>
        <time>2026-08-28T02:16:27Z</time>
        <extensions>
          <gpxtpx:TrackPointExtension>
            <gpxtpx:hr>94</gpxtpx:hr>
          </gpxtpx:TrackPointExtension>
        </extensions>
      </trkpt>
      <trkpt lat="-33.85826007463038" lon="151.21493292041123">
        <ele>11.0</ele>
        <time>2026-08-28T02:16:30Z</time>
        <extensions>
          <gpxtpx:TrackPointExtension>
            <gpxtpx:hr>94</gpxtpx:hr>
          </gpxtpx:TrackPointExtension>
        </extensions>
      </trkpt>
      <trkpt lat="-33.8582659419626" lon="151.21495538391173">
        <ele>10.0</ele>
        <time>2026-08-28T02:16:33Z</time>
        <extensions>
          <gpxtpx:TrackPointExtension>
            <gpxtpx:hr>96</gpxtpx:hr>
          </gpxtpx:TrackPointExtension>
        </extensions>
      </trkpt>
      <trkpt lat="-33.85827516205609" lon="151.21497994288802">
        <ele>10.0</ele>
        <time>2026-08-28T02:16:36Z</time>
        <extensions>
          <gpxtpx:TrackPointExtension>
            <gpxtpx:hr>97</gpxtpx:hr>
          </gpxtpx:TrackPointExtension>
        </extensions>
      </trkpt>
      <trkpt lat="-33.85828974656761" lon="151.21500592678785">
        <ele>9.0</ele>
        <time>2026-08-28T02:16:39Z</time>
        <extensions>
          <gpxtpx:TrackPointExtension>
            <gpxtpx:hr>98</gpxtpx:hr>
          </gpxtpx:TrackPointExtension>
        </extensions>
      </trkpt>
      <trkpt lat="-33.85829963721335" lon="151.2150345928967">
        <ele>8.0</ele>
        <time>2026-08-28T02:16:42Z</time>
        <extensions>
          <gpxtpx:TrackPointExtension>
            <gpxtpx:hr>97</gpxtpx:hr>
          </gpxtpx:TrackPointExtension>
        </extensions>
      </trkpt>
      <trkpt lat="-33.85830466635525" lon="151.2150689586997">
        <ele>8.0</ele>
        <time>2026-08-28T02:16:45Z</time>
        <extensions>
          <gpxtpx:TrackPointExtension>
            <gpxtpx:hr>95</gpxtpx:hr>
          </gpxtpx:TrackPointExtension>
        </extensions>
      </trkpt>
      <trkpt lat="-33.85831338353455" lon="151.21510458178818">
        <ele>8.0</ele>
        <time>2026-08-28T02:16:48Z</time>
        <extensions>
          <gpxtpx:TrackPointExtension>
            <gpxtpx:hr>92</gpxtpx:hr>
          </gpxtpx:TrackPointExtension>
        </extensions>
      </trkpt>
      <trkpt lat="-33.858327800408006" lon="151.2151376903057">
        <ele>8.0</ele>
        <time>2026-08-28T02:16:51Z</time>
        <extensions>
          <gpxtpx:TrackPointExtension>
            <gpxtpx:hr>90</gpxtpx:hr>
          </gpxtpx:TrackPointExtension>
        </extensions>
      </trkpt>
      <trkpt lat="-33.85834573768079" lon="151.2151741515845">
        <ele>8.0</ele>
        <time>2026-08-28T02:16:54Z</time>
        <extensions>
          <gpxtpx:TrackPointExtension>
            <gpxtpx:hr>87</gpxtpx:hr>
          </gpxtpx:TrackPointExtension>
        </extensions>
      </trkpt>
      <trkpt lat="-33.85836208239198" lon="151.21521321125329">
        <ele>8.0</ele>
        <time>2026-08-28T02:16:57Z</time>
        <extensions>
          <gpxtpx:TrackPointExtension>
            <gpxtpx:hr>85</gpxtpx:hr>
          </gpxtpx:TrackPointExtension>
        </extensions>
      </trkpt>
      <trkpt lat="-33.858380606397986" lon="151.2152518518269">
        <ele>8.0</ele>
        <time>2026-08-28T02:17:00Z</time>
        <extensions>
          <gpxtpx:TrackPointExtension>
            <gpxtpx:hr>85</gpxtpx:hr>
          </gpxtpx:TrackPointExtension>
        </extensions>
      </trkpt>
      <trkpt lat="-33.85840524919331" lon="151.21528898365796">
        <ele>7.0</ele>
        <time>2026-08-28T02:17:03Z</time>
        <extensions>
          <gpxtpx:TrackPointExtension>
            <gpxtpx:hr>86</gpxtpx:hr>
          </gpxtpx:TrackPointExtension>
        </extensions>
      </trkpt>
      <trkpt lat="-33.85843215510249" lon="151.21532645076513">
        <ele>7.0</ele>
        <time>2026-08-28T02:17:06Z</time>
        <extensions>
          <gpxtpx:TrackPointExtension>
            <gpxtpx:hr>86</gpxtpx:hr>
          </gpxtpx:TrackPointExtension>
        </extensions>
      </trkpt>
      <trkpt lat="-33.85845554061234" lon="151.2153673544526">
        <ele>7.0</ele>
        <time>2026-08-28T02:17:09Z</time>
        <extensions>
          <gpxtpx:TrackPointExtension>
            <gpxtpx:hr>86</gpxtpx:hr>
          </gpxtpx:TrackPointExtension>
        </extensions>
      </trkpt>
      <trkpt lat="-33.85846400633454" lon="151.21541362255812">
        <ele>7.0</ele>
        <time>2026-08-28T02:17:12Z</time>
        <extensions>
          <gpxtpx:TrackPointExtension>
            <gpxtpx:hr>85</gpxtpx:hr>
          </gpxtpx:TrackPointExtension>
        </extensions>
      </trkpt>
      <trkpt lat="-33.858450343832374" lon="151.21546173468232">
        <ele>7.0</ele>
        <time>2026-08-28T02:17:15Z</time>
        <extensions>
          <gpxtpx:TrackPointExtension>
            <gpxtpx:hr>88</gpxtpx:hr>
          </gpxtpx:TrackPointExtension>
        </extensions>
      </trkpt>
      <trkpt lat="-33.85842997580767" lon="151.21550808660686">
        <ele>7.0</ele>
        <time>2026-08-28T02:17:18Z</time>
        <extensions>
          <gpxtpx:TrackPointExtension>
            <gpxtpx:hr>90</gpxtpx:hr>
          </gpxtpx:TrackPointExtension>
        </extensions>
      </trkpt>
      <trkpt lat="-33.858412289991975" lon="151.21555200777948">
        <ele>7.0</ele>
        <time>2026-08-28T02:17:21Z</time>
        <extensions>
          <gpxtpx:TrackPointExtension>
            <gpxtpx:hr>92</gpxtpx:hr>
          </gpxtpx:TrackPointExtension>
        </extensions>
      </trkpt>
      <trkpt lat="-33.85841094888747" lon="151.21559048071504">
        <ele>7.0</ele>
        <time>2026-08-28T02:17:24Z</time>
        <extensions>
          <gpxtpx:TrackPointExtension>
            <gpxtpx:hr>93</gpxtpx:hr>
          </gpxtpx:TrackPointExtension>
        </extensions>
      </trkpt>
      <trkpt lat="-33.85843978263438" lon="151.21561830863357">
        <ele>7.0</ele>
        <time>2026-08-28T02:17:27Z</time>
        <extensions>
          <gpxtpx:TrackPointExtension>
            <gpxtpx:hr>92</gpxtpx:hr>
          </gpxtpx:TrackPointExtension>
        </extensions>
      </trkpt>
      <trkpt lat="-33.85847708210349" lon="151.2156472261995">
        <ele>7.0</ele>
        <time>2026-08-28T02:17:30Z</time>
        <extensions>
          <gpxtpx:TrackPointExtension>
            <gpxtpx:hr>91</gpxtpx:hr>
          </gpxtpx:TrackPointExtension>
        </extensions>
      </trkpt>
      <trkpt lat="-33.85850876569748" lon="151.21567798778415">
        <ele>7.0</ele>
        <time>2026-08-28T02:17:33Z</time>
        <extensions>
          <gpxtpx:TrackPointExtension>
            <gpxtpx:hr>90</gpxtpx:hr>
          </gpxtpx:TrackPointExtension>
        </extensions>
      </trkpt>
      <trkpt lat="-33.85853189975023" lon="151.21571260504425">
        <ele>7.0</ele>
        <time>2026-08-28T02:17:36Z</time>
        <extensions>
          <gpxtpx:TrackPointExtension>
            <gpxtpx:hr>88</gpxtpx:hr>
          </gpxtpx:TrackPointExtension>
        </extensions>
      </trkpt>
      <trkpt lat="-33.858552100136876" lon="151.21574915014207">
        <ele>7.0</ele>
        <time>2026-08-28T02:17:39Z</time>
        <extensions>
          <gpxtpx:TrackPointExtension>
            <gpxtpx:hr>85</gpxtpx:hr>
          </gpxtpx:TrackPointExtension>
        </extensions>
      </trkpt>
      <trkpt lat="-33.85857540182769" lon="151.2157827615738">
        <ele>7.0</ele>
        <time>2026-08-28T02:17:42Z</time>
        <extensions>
          <gpxtpx:TrackPointExtension>
            <gpxtpx:hr>85</gpxtpx:hr>
          </gpxtpx:TrackPointExtension>
        </extensions>
      </trkpt>
      <trkpt lat="-33.858600379899144" lon="151.21581461280584">
        <ele>7.0</ele>
        <time>2026-08-28T02:17:45Z</time>
        <extensions>
          <gpxtpx:TrackPointExtension>
            <gpxtpx:hr>86</gpxtpx:hr>
          </gpxtpx:TrackPointExtension>
        </extensions>
      </trkpt>
      <trkpt lat="-33.85862410068512" lon="151.215846715495">
        <ele>7.0</ele>
        <time>2026-08-28T02:17:48Z</time>
        <extensions>
          <gpxtpx:TrackPointExtension>
            <gpxtpx:hr>86</gpxtpx:hr>
          </gpxtpx:TrackPointExtension>
        </extensions>
      </trkpt>
      <trkpt lat="-33.85864455252886" lon="151.21587621979415">
        <ele>7.0</ele>
        <time>2026-08-28T02:17:51Z</time>
        <extensions>
          <gpxtpx:TrackPointExtension>
            <gpxtpx:hr>87</gpxtpx:hr>
          </gpxtpx:TrackPointExtension>
        </extensions>
      </trkpt>
      <trkpt lat="-33.8586665969342" lon="151.21590614318848">
        <ele>7.0</ele>
        <time>2026-08-28T02:17:54Z</time>
        <extensions>
          <gpxtpx:TrackPointExtension>
            <gpxtpx:hr>88</gpxtpx:hr>
          </gpxtpx:TrackPointExtension>
        </extensions>
      </trkpt>
      <trkpt lat="-33.85868964716792" lon="151.21594034135342">
        <ele>7.0</ele>
        <time>2026-08-28T02:17:57Z</time>
        <extensions>
          <gpxtpx:TrackPointExtension>
            <gpxtpx:hr>89</gpxtpx:hr>
          </gpxtpx:TrackPointExtension>
        </extensions>
      </trkpt>
      <trkpt lat="-33.85871320031583" lon="151.21597554534674">
        <ele>7.0</ele>
        <time>2026-08-28T02:18:00Z</time>
        <extensions>
          <gpxtpx:TrackPointExtension>
            <gpxtpx:hr>89</gpxtpx:hr>
          </gpxtpx:TrackPointExtension>
        </extensions>
      </trkpt>
      <trkpt lat="-33.85873977094889" lon="151.21600840240717">
        <ele>7.0</ele>
        <time>2026-08-28T02:18:03Z</time>
        <extensions>
          <gpxtpx:TrackPointExtension>
            <gpxtpx:hr>89</gpxtpx:hr>
          </gpxtpx:TrackPointExtension>
        </extensions>
      </trkpt>
      <trkpt lat="-33.85876785032451" lon="151.21603849343956">
        <ele>7.0</ele>
        <time>2026-08-28T02:18:06Z</time>
        <extensions>
          <gpxtpx:TrackPointExtension>
            <gpxtpx:hr>90</gpxtpx:hr>
          </gpxtpx:TrackPointExtension>
        </extensions>
      </trkpt>
      <trkpt lat="-33.858797270804644" lon="151.21606456115842">
        <ele>7.0</ele>
        <time>2026-08-28T02:18:09Z</time>
        <extensions>
          <gpxtpx:TrackPointExtension>
            <gpxtpx:hr>91</gpxtpx:hr>
          </gpxtpx:TrackPointExtension>
        </extensions>
      </trkpt>
      <trkpt lat="-33.85882308706641" lon="151.21609222143888">
        <ele>7.0</ele>
        <time>2026-08-28T02:18:12Z</time>
        <extensions>
          <gpxtpx:TrackPointExtension>
            <gpxtpx:hr>91</gpxtpx:hr>
          </gpxtpx:TrackPointExtension>
        </extensions>
      </trkpt>
      <trkpt lat="-33.85884546674788" lon="151.21612440794706">
        <ele>7.0</ele>
        <time>2026-08-28T02:18:15Z</time>
        <extensions>
          <gpxtpx:TrackPointExtension>
            <gpxtpx:hr>92</gpxtpx:hr>
          </gpxtpx:TrackPointExtension>
        </extensions>
      </trkpt>
      <trkpt lat="-33.85886541567743" lon="151.21615902520716">
        <ele>7.0</ele>
        <time>2026-08-28T02:18:18Z</time>
        <extensions>
          <gpxtpx:TrackPointExtension>
            <gpxtpx:hr>93</gpxtpx:hr>
          </gpxtpx:TrackPointExtension>
        </extensions>
      </trkpt>
      <trkpt lat="-33.858883269131184" lon="151.21619707904756">
        <ele>7.0</ele>
        <time>2026-08-28T02:18:21Z</time>
        <extensions>
          <gpxtpx:TrackPointExtension>
            <gpxtpx:hr>93</gpxtpx:hr>
          </gpxtpx:TrackPointExtension>
        </extensions>
      </trkpt>
      <trkpt lat="-33.85890464298427" lon="151.21623303741217">
        <ele>7.0</ele>
        <time>2026-08-28T02:18:24Z</time>
        <extensions>
          <gpxtpx:TrackPointExtension>
            <gpxtpx:hr>92</gpxtpx:hr>
          </gpxtpx:TrackPointExtension>
        </extensions>
      </trkpt>
      <trkpt lat="-33.85892517864704" lon="151.21626832522452">
        <ele>6.0</ele>
        <time>2026-08-28T02:18:27Z</time>
        <extensions>
          <gpxtpx:TrackPointExtension>
            <gpxtpx:hr>92</gpxtpx:hr>
          </gpxtpx:TrackPointExtension>
        </extensions>
      </trkpt>
      <trkpt lat="-33.85894370265305" lon="151.21630495414138">
        <ele>6.0</ele>
        <time>2026-08-28T02:18:30Z</time>
        <extensions>
          <gpxtpx:TrackPointExtension>
            <gpxtpx:hr>92</gpxtpx:hr>
          </gpxtpx:TrackPointExtension>
        </extensions>
      </trkpt>
      <trkpt lat="-33.858960969373584" lon="151.21634133160114">
        <ele>6.0</ele>
        <time>2026-08-28T02:18:33Z</time>
        <extensions>
          <gpxtpx:TrackPointExtension>
            <gpxtpx:hr>93</gpxtpx:hr>
          </gpxtpx:TrackPointExtension>
        </extensions>
      </trkpt>
      <trkpt lat="-33.85897605679929" lon="151.21637879870832">
        <ele>6.0</ele>
        <time>2026-08-28T02:18:36Z</time>
        <extensions>
          <gpxtpx:TrackPointExtension>
            <gpxtpx:hr>90</gpxtpx:hr>
          </gpxtpx:TrackPointExtension>
        </extensions>
      </trkpt>
      <trkpt lat="-33.858989803120494" lon="151.21641400270164">
        <ele>6.0</ele>
        <time>2026-08-28T02:18:39Z</time>
        <extensions>
          <gpxtpx:TrackPointExtension>
            <gpxtpx:hr>90</gpxtpx:hr>
          </gpxtpx:TrackPointExtension>
        </extensions>
      </trkpt>
      <trkpt lat="-33.85900639928877" lon="151.2164461053908">
        <ele>6.0</ele>
        <time>2026-08-28T02:18:42Z</time>
        <extensions>
          <gpxtpx:TrackPointExtension>
            <gpxtpx:hr>90</gpxtpx:hr>
          </gpxtpx:TrackPointExtension>
        </extensions>
      </trkpt>
      <trkpt lat="-33.85902659967542" lon="151.21647745370865">
        <ele>6.0</ele>
        <time>2026-08-28T02:18:45Z</time>
        <extensions>
          <gpxtpx:TrackPointExtension>
            <gpxtpx:hr>91</gpxtpx:hr>
          </gpxtpx:TrackPointExtension>
        </extensions>
      </trkpt>
      <trkpt lat="-33.85905065573752" lon="151.21650729328394">
        <ele>6.0</ele>
        <time>2026-08-28T02:18:48Z</time>
        <extensions>
          <gpxtpx:TrackPointExtension>
            <gpxtpx:hr>92</gpxtpx:hr>
          </gpxtpx:TrackPointExtension>
        </extensions>
      </trkpt>
      <trkpt lat="-33.85907764546573" lon="151.21653922833502">
        <ele>6.0</ele>
        <time>2026-08-28T02:18:51Z</time>
        <extensions>
          <gpxtpx:TrackPointExtension>
            <gpxtpx:hr>92</gpxtpx:hr>
          </gpxtpx:TrackPointExtension>
        </extensions>
      </trkpt>
      <trkpt lat="-33.859105641022325" lon="151.2165714148432">
        <ele>6.0</ele>
        <time>2026-08-28T02:18:54Z</time>
        <extensions>
          <gpxtpx:TrackPointExtension>
            <gpxtpx:hr>92</gpxtpx:hr>
          </gpxtpx:TrackPointExtension>
        </extensions>
      </trkpt>
      <trkpt lat="-33.859133552759886" lon="151.2166036851704">
        <ele>6.0</ele>
        <time>2026-08-28T02:18:57Z</time>
        <extensions>
          <gpxtpx:TrackPointExtension>
            <gpxtpx:hr>93</gpxtpx:hr>
          </gpxtpx:TrackPointExtension>
        </extensions>
      </trkpt>
      <trkpt lat="-33.85916020721197" lon="151.21663662604988">
        <ele>6.0</ele>
        <time>2026-08-28T02:19:00Z</time>
        <extensions>
          <gpxtpx:TrackPointExtension>
            <gpxtpx:hr>94</gpxtpx:hr>
          </gpxtpx:TrackPointExtension>
        </extensions>
      </trkpt>
      <trkpt lat="-33.8591861911118" lon="151.21666805818677">
        <ele>6.0</ele>
        <time>2026-08-28T02:19:03Z</time>
        <extensions>
          <gpxtpx:TrackPointExtension>
            <gpxtpx:hr>93</gpxtpx:hr>
          </gpxtpx:TrackPointExtension>
        </extensions>
      </trkpt>
      <trkpt lat="-33.85921326465905" lon="151.21669714339077">
        <ele>6.0</ele>
        <time>2026-08-28T02:19:06Z</time>
        <extensions>
          <gpxtpx:TrackPointExtension>
            <gpxtpx:hr>91</gpxtpx:hr>
          </gpxtpx:TrackPointExtension>
        </extensions>
      </trkpt>
      <trkpt lat="-33.859242014586926" lon="151.21672455221415">
        <ele>6.0</ele>
        <time>2026-08-28T02:19:09Z</time>
        <extensions>
          <gpxtpx:TrackPointExtension>
            <gpxtpx:hr>90</gpxtpx:hr>
          </gpxtpx:TrackPointExtension>
        </extensions>
      </trkpt>
      <trkpt lat="-33.85927193798125" lon="151.21675154194236">
        <ele>6.0</ele>
        <time>2026-08-28T02:19:12Z</time>
        <extensions>
          <gpxtpx:TrackPointExtension>
            <gpxtpx:hr>90</gpxtpx:hr>
          </gpxtpx:TrackPointExtension>
        </extensions>
      </trkpt>
      <trkpt lat="-33.85930328629911" lon="151.21677710674703">
        <ele>6.0</ele>
        <time>2026-08-28T02:19:15Z</time>
        <extensions>
          <gpxtpx:TrackPointExtension>
            <gpxtpx:hr>90</gpxtpx:hr>
          </gpxtpx:TrackPointExtension>
        </extensions>
      </trkpt>
      <trkpt lat="-33.85933320969343" lon="151.21680149808526">
        <ele>6.0</ele>
        <time>2026-08-28T02:19:18Z</time>
        <extensions>
          <gpxtpx:TrackPointExtension>
            <gpxtpx:hr>90</gpxtpx:hr>
          </gpxtpx:TrackPointExtension>
        </extensions>
      </trkpt>
      <trkpt lat="-33.8593624625355" lon="151.21682312339544">
        <ele>6.0</ele>
        <time>2026-08-28T02:19:21Z</time>
        <extensions>
          <gpxtpx:TrackPointExtension>
            <gpxtpx:hr>91</gpxtpx:hr>
          </gpxtpx:TrackPointExtension>
        </extensions>
      </trkpt>
      <trkpt lat="-33.85939171537757" lon="151.21684592217207">
        <ele>6.0</ele>
        <time>2026-08-28T02:19:24Z</time>
        <extensions>
          <gpxtpx:TrackPointExtension>
            <gpxtpx:hr>91</gpxtpx:hr>
          </gpxtpx:TrackPointExtension>
        </extensions>
      </trkpt>
      <trkpt lat="-33.859420884400606" lon="151.21686939150095">
        <ele>6.0</ele>
        <time>2026-08-28T02:19:27Z</time>
        <extensions>
          <gpxtpx:TrackPointExtension>
            <gpxtpx:hr>90</gpxtpx:hr>
          </gpxtpx:TrackPointExtension>
        </extensions>
      </trkpt>
      <trkpt lat="-33.85945089161396" lon="151.2168911844492">
        <ele>6.0</ele>
        <time>2026-08-28T02:19:30Z</time>
        <extensions>
          <gpxtpx:TrackPointExtension>
            <gpxtpx:hr>91</gpxtpx:hr>
          </gpxtpx:TrackPointExtension>
        </extensions>
      </trkpt>
      <trkpt lat="-33.859480898827314" lon="151.21691280975938">
        <ele>6.0</ele>
        <time>2026-08-28T02:19:33Z</time>
        <extensions>
          <gpxtpx:TrackPointExtension>
            <gpxtpx:hr>91</gpxtpx:hr>
          </gpxtpx:TrackPointExtension>
        </extensions>
      </trkpt>
      <trkpt lat="-33.85951157659292" lon="151.21693460270762">
        <ele>6.0</ele>
        <time>2026-08-28T02:19:36Z</time>
        <extensions>
          <gpxtpx:TrackPointExtension>
            <gpxtpx:hr>92</gpxtpx:hr>
          </gpxtpx:TrackPointExtension>
        </extensions>
      </trkpt>
      <trkpt lat="-33.859543008729815" lon="151.21695765294135">
        <ele>6.0</ele>
        <time>2026-08-28T02:19:39Z</time>
        <extensions>
          <gpxtpx:TrackPointExtension>
            <gpxtpx:hr>93</gpxtpx:hr>
          </gpxtpx:TrackPointExtension>
        </extensions>
      </trkpt>
      <trkpt lat="-33.85957444086671" lon="151.21698045171797">
        <ele>6.0</ele>
        <time>2026-08-28T02:19:42Z</time>
        <extensions>
          <gpxtpx:TrackPointExtension>
            <gpxtpx:hr>92</gpxtpx:hr>
          </gpxtpx:TrackPointExtension>
        </extensions>
      </trkpt>
      <trkpt lat="-33.859606962651014" lon="151.217001657933">
        <ele>6.0</ele>
        <time>2026-08-28T02:19:45Z</time>
        <extensions>
          <gpxtpx:TrackPointExtension>
            <gpxtpx:hr>92</gpxtpx:hr>
          </gpxtpx:TrackPointExtension>
        </extensions>
      </trkpt>
      <trkpt lat="-33.85964040644467" lon="151.2170209363103">
        <ele>6.0</ele>
        <time>2026-08-28T02:19:48Z</time>
        <extensions>
          <gpxtpx:TrackPointExtension>
            <gpxtpx:hr>93</gpxtpx:hr>
          </gpxtpx:TrackPointExtension>
        </extensions>
      </trkpt>
      <trkpt lat="-33.85967468842864" lon="151.21703778393567">
        <ele>6.0</ele>
        <time>2026-08-28T02:19:51Z</time>
        <extensions>
          <gpxtpx:TrackPointExtension>
            <gpxtpx:hr>92</gpxtpx:hr>
          </gpxtpx:TrackPointExtension>
        </extensions>
      </trkpt>
      <trkpt lat="-33.85971039533615" lon="151.21705521829426">
        <ele>6.0</ele>
        <time>2026-08-28T02:19:54Z</time>
        <extensions>
          <gpxtpx:TrackPointExtension>
            <gpxtpx:hr>91</gpxtpx:hr>
          </gpxtpx:TrackPointExtension>
        </extensions>
      </trkpt>
      <trkpt lat="-33.85974316857755" lon="151.21707240119576">
        <ele>6.0</ele>
        <time>2026-08-28T02:19:57Z</time>
        <extensions>
          <gpxtpx:TrackPointExtension>
            <gpxtpx:hr>92</gpxtpx:hr>
          </gpxtpx:TrackPointExtension>
        </extensions>
      </trkpt>
      <trkpt lat="-33.859769739210606" lon="151.21709033846855">
        <ele>6.0</ele>
        <time>2026-08-28T02:20:00Z</time>
        <extensions>
          <gpxtpx:TrackPointExtension>
            <gpxtpx:hr>92</gpxtpx:hr>
          </gpxtpx:TrackPointExtension>
        </extensions>
      </trkpt>
      <trkpt lat="-33.859798572957516" lon="151.21710752137005">
        <ele>6.0</ele>
        <time>2026-08-28T02:20:03Z</time>
        <extensions>
          <gpxtpx:TrackPointExtension>
            <gpxtpx:hr>92</gpxtpx:hr>
          </gpxtpx:TrackPointExtension>
        </extensions>
      </trkpt>
      <trkpt lat="-33.859830256551504" lon="151.21712369844317">
        <ele>6.0</ele>
        <time>2026-08-28T02:20:06Z</time>
        <extensions>
          <gpxtpx:TrackPointExtension>
            <gpxtpx:hr>91</gpxtpx:hr>
          </gpxtpx:TrackPointExtension>
        </extensions>
      </trkpt>
      <trkpt lat="-33.85986319743097" lon="151.21713878586888">
        <ele>6.0</ele>
        <time>2026-08-28T02:20:09Z</time>
        <extensions>
          <gpxtpx:TrackPointExtension>
            <gpxtpx:hr>91</gpxtpx:hr>
          </gpxtpx:TrackPointExtension>
        </extensions>
      </trkpt>
      <trkpt lat="-33.85989655740559" lon="151.21715395711362">
        <ele>6.0</ele>
        <time>2026-08-28T02:20:12Z</time>
        <extensions>
          <gpxtpx:TrackPointExtension>
            <gpxtpx:hr>92</gpxtpx:hr>
          </gpxtpx:TrackPointExtension>
        </extensions>
      </trkpt>
      <trkpt lat="-33.85993134230375" lon="151.21716669760644">
        <ele>5.0</ele>
        <time>2026-08-28T02:20:15Z</time>
        <extensions>
          <gpxtpx:TrackPointExtension>
            <gpxtpx:hr>93</gpxtpx:hr>
          </gpxtpx:TrackPointExtension>
        </extensions>
      </trkpt>
      <trkpt lat="-33.85996604338288" lon="151.21717675589025">
        <ele>5.0</ele>
        <time>2026-08-28T02:20:18Z</time>
        <extensions>
          <gpxtpx:TrackPointExtension>
            <gpxtpx:hr>95</gpxtpx:hr>
          </gpxtpx:TrackPointExtension>
        </extensions>
      </trkpt>
      <trkpt lat="-33.85999898426235" lon="151.21718488633633">
        <ele>5.0</ele>
        <time>2026-08-28T02:20:21Z</time>
        <extensions>
          <gpxtpx:TrackPointExtension>
            <gpxtpx:hr>94</gpxtpx:hr>
          </gpxtpx:TrackPointExtension>
        </extensions>
      </trkpt>
      <trkpt lat="-33.860032092779875" lon="151.21719050221145">
        <ele>5.0</ele>
        <time>2026-08-28T02:20:24Z</time>
        <extensions>
          <gpxtpx:TrackPointExtension>
            <gpxtpx:hr>93</gpxtpx:hr>
          </gpxtpx:TrackPointExtension>
        </extensions>
      </trkpt>
      <trkpt lat="-33.860065368935466" lon="151.21719385497272">
        <ele>5.0</ele>
        <time>2026-08-28T02:20:27Z</time>
        <extensions>
          <gpxtpx:TrackPointExtension>
            <gpxtpx:hr>91</gpxtpx:hr>
          </gpxtpx:TrackPointExtension>
        </extensions>
      </trkpt>
      <trkpt lat="-33.86009814217687" lon="151.2171985488385">
        <ele>5.0</ele>
        <time>2026-08-28T02:20:30Z</time>
        <extensions>
          <gpxtpx:TrackPointExtension>
            <gpxtpx:hr>88</gpxtpx:hr>
          </gpxtpx:TrackPointExtension>
        </extensions>
      </trkpt>
      <trkpt lat="-33.8601309992373" lon="151.2172012310475">
        <ele>5.0</ele>
        <time>2026-08-28T02:20:33Z</time>
        <extensions>
          <gpxtpx:TrackPointExtension>
            <gpxtpx:hr>89</gpxtpx:hr>
          </gpxtpx:TrackPointExtension>
        </extensions>
      </trkpt>
      <trkpt lat="-33.86016519740224" lon="151.21720022521913">
        <ele>5.0</ele>
        <time>2026-08-28T02:20:36Z</time>
        <extensions>
          <gpxtpx:TrackPointExtension>
            <gpxtpx:hr>91</gpxtpx:hr>
          </gpxtpx:TrackPointExtension>
        </extensions>
      </trkpt>
      <trkpt lat="-33.86020149104297" lon="151.21719930320978">
        <ele>5.0</ele>
        <time>2026-08-28T02:20:39Z</time>
        <extensions>
          <gpxtpx:TrackPointExtension>
            <gpxtpx:hr>91</gpxtpx:hr>
          </gpxtpx:TrackPointExtension>
        </extensions>
      </trkpt>
      <trkpt lat="-33.86023610830307" lon="151.2172012310475">
        <ele>5.0</ele>
        <time>2026-08-28T02:20:42Z</time>
        <extensions>
          <gpxtpx:TrackPointExtension>
            <gpxtpx:hr>90</gpxtpx:hr>
          </gpxtpx:TrackPointExtension>
        </extensions>
      </trkpt>
      <trkpt lat="-33.86027189902961" lon="151.2172054219991">
        <ele>5.0</ele>
        <time>2026-08-28T02:20:45Z</time>
        <extensions>
          <gpxtpx:TrackPointExtension>
            <gpxtpx:hr>89</gpxtpx:hr>
          </gpxtpx:TrackPointExtension>
        </extensions>
      </trkpt>
      <trkpt lat="-33.86030660010874" lon="151.21721195988357">
        <ele>5.0</ele>
        <time>2026-08-28T02:20:48Z</time>
        <extensions>
          <gpxtpx:TrackPointExtension>
            <gpxtpx:hr>89</gpxtpx:hr>
          </gpxtpx:TrackPointExtension>
        </extensions>
      </trkpt>
      <trkpt lat="-33.86034079827368" lon="151.21721698902547">
        <ele>5.0</ele>
        <time>2026-08-28T02:20:51Z</time>
        <extensions>
          <gpxtpx:TrackPointExtension>
            <gpxtpx:hr>92</gpxtpx:hr>
          </gpxtpx:TrackPointExtension>
        </extensions>
      </trkpt>
      <trkpt lat="-33.86037499643862" lon="151.2172215152532">
        <ele>5.0</ele>
        <time>2026-08-28T02:20:54Z</time>
        <extensions>
          <gpxtpx:TrackPointExtension>
            <gpxtpx:hr>94</gpxtpx:hr>
          </gpxtpx:TrackPointExtension>
        </extensions>
      </trkpt>
      <trkpt lat="-33.86040869168937" lon="151.2172223534435">
        <ele>5.0</ele>
        <time>2026-08-28T02:20:57Z</time>
        <extensions>
          <gpxtpx:TrackPointExtension>
            <gpxtpx:hr>93</gpxtpx:hr>
          </gpxtpx:TrackPointExtension>
        </extensions>
      </trkpt>
      <trkpt lat="-33.86044221930206" lon="151.21722252108157">
        <ele>5.0</ele>
        <time>2026-08-28T02:21:00Z</time>
        <extensions>
          <gpxtpx:TrackPointExtension>
            <gpxtpx:hr>90</gpxtpx:hr>
          </gpxtpx:TrackPointExtension>
        </extensions>
      </trkpt>
      <trkpt lat="-33.86047608219087" lon="151.2172252871096">
        <ele>4.0</ele>
        <time>2026-08-28T02:21:03Z</time>
        <extensions>
          <gpxtpx:TrackPointExtension>
            <gpxtpx:hr>87</gpxtpx:hr>
          </gpxtpx:TrackPointExtension>
        </extensions>
      </trkpt>
      <trkpt lat="-33.86051061563194" lon="151.21722671203315">
        <ele>4.0</ele>
        <time>2026-08-28T02:21:06Z</time>
        <extensions>
          <gpxtpx:TrackPointExtension>
            <gpxtpx:hr>86</gpxtpx:hr>
          </gpxtpx:TrackPointExtension>
        </extensions>
      </trkpt>
      <trkpt lat="-33.86054330505431" lon="151.21722562238574">
        <ele>4.0</ele>
        <time>2026-08-28T02:21:09Z</time>
        <extensions>
          <gpxtpx:TrackPointExtension>
            <gpxtpx:hr>86</gpxtpx:hr>
          </gpxtpx:TrackPointExtension>
        </extensions>
      </trkpt>
      <trkpt lat="-33.86057565920055" lon="151.21722461655736">
        <ele>4.0</ele>
        <time>2026-08-28T02:21:12Z</time>
        <extensions>
          <gpxtpx:TrackPointExtension>
            <gpxtpx:hr>87</gpxtpx:hr>
          </gpxtpx:TrackPointExtension>
        </extensions>
      </trkpt>
      <trkpt lat="-33.860605247318745" lon="151.21722545474768">
        <ele>4.0</ele>
        <time>2026-08-28T02:21:15Z</time>
        <extensions>
          <gpxtpx:TrackPointExtension>
            <gpxtpx:hr>86</gpxtpx:hr>
          </gpxtpx:TrackPointExtension>
        </extensions>
      </trkpt>
      <trkpt lat="-33.86063735000789" lon="151.21722361072898">
        <ele>5.0</ele>
        <time>2026-08-28T02:21:18Z</time>
        <extensions>
          <gpxtpx:TrackPointExtension>
            <gpxtpx:hr>86</gpxtpx:hr>
          </gpxtpx:TrackPointExtension>
        </extensions>
      </trkpt>
      <trkpt lat="-33.86066408827901" lon="151.2172127980739">
        <ele>5.0</ele>
        <time>2026-08-28T02:21:21Z</time>
        <extensions>
          <gpxtpx:TrackPointExtension>
            <gpxtpx:hr>84</gpxtpx:hr>
          </gpxtpx:TrackPointExtension>
        </extensions>
      </trkpt>
      <trkpt lat="-33.86069409549236" lon="151.21720165014267">
        <ele>5.0</ele>
        <time>2026-08-28T02:21:24Z</time>
        <extensions>
          <gpxtpx:TrackPointExtension>
            <gpxtpx:hr>84</gpxtpx:hr>
          </gpxtpx:TrackPointExtension>
        </extensions>
      </trkpt>
      <trkpt lat="-33.86072904802859" lon="151.21719209477305">
        <ele>5.0</ele>
        <time>2026-08-28T02:21:27Z</time>
        <extensions>
          <gpxtpx:TrackPointExtension>
            <gpxtpx:hr>85</gpxtpx:hr>
          </gpxtpx:TrackPointExtension>
        </extensions>
      </trkpt>
      <trkpt lat="-33.86076609604061" lon="151.21718488633633">
        <ele>5.0</ele>
        <time>2026-08-28T02:21:30Z</time>
        <extensions>
          <gpxtpx:TrackPointExtension>
            <gpxtpx:hr>86</gpxtpx:hr>
          </gpxtpx:TrackPointExtension>
        </extensions>
      </trkpt>
      <trkpt lat="-33.860803144052625" lon="151.21718421578407">
        <ele>4.0</ele>
        <time>2026-08-28T02:21:33Z</time>
        <extensions>
          <gpxtpx:TrackPointExtension>
            <gpxtpx:hr>86</gpxtpx:hr>
          </gpxtpx:TrackPointExtension>
        </extensions>
      </trkpt>
      <trkpt lat="-33.86083943769336" lon="151.21718488633633">
        <ele>4.0</ele>
        <time>2026-08-28T02:21:36Z</time>
        <extensions>
          <gpxtpx:TrackPointExtension>
            <gpxtpx:hr>86</gpxtpx:hr>
          </gpxtpx:TrackPointExtension>
        </extensions>
      </trkpt>
      <trkpt lat="-33.86087489314377" lon="151.21717851608992">
        <ele>4.0</ele>
        <time>2026-08-28T02:21:39Z</time>
        <extensions>
          <gpxtpx:TrackPointExtension>
            <gpxtpx:hr>86</gpxtpx:hr>
          </gpxtpx:TrackPointExtension>
        </extensions>
      </trkpt>
      <trkpt lat="-33.86090934276581" lon="151.2171684578061">
        <ele>4.0</ele>
        <time>2026-08-28T02:21:42Z</time>
        <extensions>
          <gpxtpx:TrackPointExtension>
            <gpxtpx:hr>86</gpxtpx:hr>
          </gpxtpx:TrackPointExtension>
        </extensions>
      </trkpt>
      <trkpt lat="-33.86094136163592" lon="151.21716032736003">
        <ele>5.0</ele>
        <time>2026-08-28T02:21:45Z</time>
        <extensions>
          <gpxtpx:TrackPointExtension>
            <gpxtpx:hr>87</gpxtpx:hr>
          </gpxtpx:TrackPointExtension>
        </extensions>
      </trkpt>
      <trkpt lat="-33.86097187176347" lon="151.21715395711362">
        <ele>5.0</ele>
        <time>2026-08-28T02:21:48Z</time>
        <extensions>
          <gpxtpx:TrackPointExtension>
            <gpxtpx:hr>88</gpxtpx:hr>
          </gpxtpx:TrackPointExtension>
        </extensions>
      </trkpt>
      <trkpt lat="-33.861002046614885" lon="151.2171451561153">
        <ele>5.0</ele>
        <time>2026-08-28T02:21:51Z</time>
        <extensions>
          <gpxtpx:TrackPointExtension>
            <gpxtpx:hr>88</gpxtpx:hr>
          </gpxtpx:TrackPointExtension>
        </extensions>
      </trkpt>
      <trkpt lat="-33.861032305285335" lon="151.21713534928858">
        <ele>5.0</ele>
        <time>2026-08-28T02:21:54Z</time>
        <extensions>
          <gpxtpx:TrackPointExtension>
            <gpxtpx:hr>88</gpxtpx:hr>
          </gpxtpx:TrackPointExtension>
        </extensions>
      </trkpt>
      <trkpt lat="-33.861060217022896" lon="151.21712663210928">
        <ele>5.0</ele>
        <time>2026-08-28T02:21:57Z</time>
        <extensions>
          <gpxtpx:TrackPointExtension>
            <gpxtpx:hr>88</gpxtpx:hr>
          </gpxtpx:TrackPointExtension>
        </extensions>
      </trkpt>
      <trkpt lat="-33.86108787730336" lon="151.2171200942248">
        <ele>5.0</ele>
        <time>2026-08-28T02:22:00Z</time>
        <extensions>
          <gpxtpx:TrackPointExtension>
            <gpxtpx:hr>88</gpxtpx:hr>
          </gpxtpx:TrackPointExtension>
        </extensions>
      </trkpt>
      <trkpt lat="-33.86111645959318" lon="151.21711129322648">
        <ele>5.0</ele>
        <time>2026-08-28T02:22:03Z</time>
        <extensions>
          <gpxtpx:TrackPointExtension>
            <gpxtpx:hr>88</gpxtpx:hr>
          </gpxtpx:TrackPointExtension>
        </extensions>
      </trkpt>
      <trkpt lat="-33.86114445514977" lon="151.21710006147623">
        <ele>5.0</ele>
        <time>2026-08-28T02:22:06Z</time>
        <extensions>
          <gpxtpx:TrackPointExtension>
            <gpxtpx:hr>88</gpxtpx:hr>
          </gpxtpx:TrackPointExtension>
        </extensions>
      </trkpt>
      <trkpt lat="-33.86117270216346" lon="151.21708589605987">
        <ele>5.0</ele>
        <time>2026-08-28T02:22:09Z</time>
        <extensions>
          <gpxtpx:TrackPointExtension>
            <gpxtpx:hr>88</gpxtpx:hr>
          </gpxtpx:TrackPointExtension>
        </extensions>
      </trkpt>
      <trkpt lat="-33.86120195500553" lon="151.21707181446254">
        <ele>5.0</ele>
        <time>2026-08-28T02:22:12Z</time>
        <extensions>
          <gpxtpx:TrackPointExtension>
            <gpxtpx:hr>89</gpxtpx:hr>
          </gpxtpx:TrackPointExtension>
        </extensions>
      </trkpt>
      <trkpt lat="-33.86123229749501" lon="151.21706125326455">
        <ele>5.0</ele>
        <time>2026-08-28T02:22:15Z</time>
        <extensions>
          <gpxtpx:TrackPointExtension>
            <gpxtpx:hr>88</gpxtpx:hr>
          </gpxtpx:TrackPointExtension>
        </extensions>
      </trkpt>
      <trkpt lat="-33.86126624420285" lon="151.21705572120845">
        <ele>5.0</ele>
        <time>2026-08-28T02:22:18Z</time>
        <extensions>
          <gpxtpx:TrackPointExtension>
            <gpxtpx:hr>89</gpxtpx:hr>
          </gpxtpx:TrackPointExtension>
        </extensions>
      </trkpt>
      <trkpt lat="-33.86130245402455" lon="151.21705102734268">
        <ele>4.0</ele>
        <time>2026-08-28T02:22:21Z</time>
        <extensions>
          <gpxtpx:TrackPointExtension>
            <gpxtpx:hr>89</gpxtpx:hr>
          </gpxtpx:TrackPointExtension>
        </extensions>
      </trkpt>
      <trkpt lat="-33.861337658017874" lon="151.21704323217273">
        <ele>4.0</ele>
        <time>2026-08-28T02:22:24Z</time>
        <extensions>
          <gpxtpx:TrackPointExtension>
            <gpxtpx:hr>89</gpxtpx:hr>
          </gpxtpx:TrackPointExtension>
        </extensions>
      </trkpt>
      <trkpt lat="-33.86137085035443" lon="151.2170349340886">
        <ele>4.0</ele>
        <time>2026-08-28T02:22:27Z</time>
        <extensions>
          <gpxtpx:TrackPointExtension>
            <gpxtpx:hr>89</gpxtpx:hr>
          </gpxtpx:TrackPointExtension>
        </extensions>
      </trkpt>
      <trkpt lat="-33.8614037912339" lon="151.2170278094709">
        <ele>4.0</ele>
        <time>2026-08-28T02:22:30Z</time>
        <extensions>
          <gpxtpx:TrackPointExtension>
            <gpxtpx:hr>89</gpxtpx:hr>
          </gpxtpx:TrackPointExtension>
        </extensions>
      </trkpt>
      <trkpt lat="-33.86143807321787" lon="151.21702051721513">
        <ele>4.0</ele>
        <time>2026-08-28T02:22:33Z</time>
        <extensions>
          <gpxtpx:TrackPointExtension>
            <gpxtpx:hr>91</gpxtpx:hr>
          </gpxtpx:TrackPointExtension>
        </extensions>
      </trkpt>
      <trkpt lat="-33.86147336103022" lon="151.21701129712164">
        <ele>4.0</ele>
        <time>2026-08-28T02:22:36Z</time>
        <extensions>
          <gpxtpx:TrackPointExtension>
            <gpxtpx:hr>91</gpxtpx:hr>
          </gpxtpx:TrackPointExtension>
        </extensions>
      </trkpt>
      <trkpt lat="-33.86150931939483" lon="151.21700182557106">
        <ele>4.0</ele>
        <time>2026-08-28T02:22:39Z</time>
        <extensions>
          <gpxtpx:TrackPointExtension>
            <gpxtpx:hr>91</gpxtpx:hr>
          </gpxtpx:TrackPointExtension>
        </extensions>
      </trkpt>
      <trkpt lat="-33.86154376901686" lon="151.216991096735">
        <ele>4.0</ele>
        <time>2026-08-28T02:22:42Z</time>
        <extensions>
          <gpxtpx:TrackPointExtension>
            <gpxtpx:hr>92</gpxtpx:hr>
          </gpxtpx:TrackPointExtension>
        </extensions>
      </trkpt>
      <trkpt lat="-33.86157738044858" lon="151.21698179282248">
        <ele>4.0</ele>
        <time>2026-08-28T02:22:45Z</time>
        <extensions>
          <gpxtpx:TrackPointExtension>
            <gpxtpx:hr>93</gpxtpx:hr>
          </gpxtpx:TrackPointExtension>
        </extensions>
      </trkpt>
      <trkpt lat="-33.861610908061266" lon="151.2169731594622">
        <ele>4.0</ele>
        <time>2026-08-28T02:22:48Z</time>
        <extensions>
          <gpxtpx:TrackPointExtension>
            <gpxtpx:hr>93</gpxtpx:hr>
          </gpxtpx:TrackPointExtension>
        </extensions>
      </trkpt>
      <trkpt lat="-33.861643597483635" lon="151.21696142479777">
        <ele>4.0</ele>
        <time>2026-08-28T02:22:51Z</time>
        <extensions>
          <gpxtpx:TrackPointExtension>
            <gpxtpx:hr>94</gpxtpx:hr>
          </gpxtpx:TrackPointExtension>
        </extensions>
      </trkpt>
      <trkpt lat="-33.86167620308697" lon="151.21695153415203">
        <ele>4.0</ele>
        <time>2026-08-28T02:22:54Z</time>
        <extensions>
          <gpxtpx:TrackPointExtension>
            <gpxtpx:hr>94</gpxtpx:hr>
          </gpxtpx:TrackPointExtension>
        </extensions>
      </trkpt>
      <trkpt lat="-33.8617093116045" lon="151.2169450800866">
        <ele>4.0</ele>
        <time>2026-08-28T02:22:57Z</time>
        <extensions>
          <gpxtpx:TrackPointExtension>
            <gpxtpx:hr>93</gpxtpx:hr>
          </gpxtpx:TrackPointExtension>
        </extensions>
      </trkpt>
      <trkpt lat="-33.86174200102687" lon="151.21693753637373">
        <ele>4.0</ele>
        <time>2026-08-28T02:23:00Z</time>
        <extensions>
          <gpxtpx:TrackPointExtension>
            <gpxtpx:hr>93</gpxtpx:hr>
          </gpxtpx:TrackPointExtension>
        </extensions>
      </trkpt>
      <trkpt lat="-33.86177418753505" lon="151.21693326160312">
        <ele>4.0</ele>
        <time>2026-08-28T02:23:03Z</time>
        <extensions>
          <gpxtpx:TrackPointExtension>
            <gpxtpx:hr>91</gpxtpx:hr>
          </gpxtpx:TrackPointExtension>
        </extensions>
      </trkpt>
      <trkpt lat="-33.861807798966765" lon="151.21693041175604">
        <ele>4.0</ele>
        <time>2026-08-28T02:23:06Z</time>
        <extensions>
          <gpxtpx:TrackPointExtension>
            <gpxtpx:hr>90</gpxtpx:hr>
          </gpxtpx:TrackPointExtension>
        </extensions>
      </trkpt>
      <trkpt lat="-33.86184317059815" lon="151.2169268913567">
        <ele>4.0</ele>
        <time>2026-08-28T02:23:09Z</time>
        <extensions>
          <gpxtpx:TrackPointExtension>
            <gpxtpx:hr>90</gpxtpx:hr>
          </gpxtpx:TrackPointExtension>
        </extensions>
      </trkpt>
      <trkpt lat="-33.861879548057914" lon="151.21692462824285">
        <ele>4.0</ele>
        <time>2026-08-28T02:23:12Z</time>
        <extensions>
          <gpxtpx:TrackPointExtension>
            <gpxtpx:hr>90</gpxtpx:hr>
          </gpxtpx:TrackPointExtension>
        </extensions>
      </trkpt>
      <trkpt lat="-33.86191600933671" lon="151.21692471206188">
        <ele>4.0</ele>
        <time>2026-08-28T02:23:15Z</time>
        <extensions>
          <gpxtpx:TrackPointExtension>
            <gpxtpx:hr>90</gpxtpx:hr>
          </gpxtpx:TrackPointExtension>
        </extensions>
      </trkpt>
      <trkpt lat="-33.86195154860616" lon="151.21692630462348">
        <ele>4.0</ele>
        <time>2026-08-28T02:23:18Z</time>
        <extensions>
          <gpxtpx:TrackPointExtension>
            <gpxtpx:hr>92</gpxtpx:hr>
          </gpxtpx:TrackPointExtension>
        </extensions>
      </trkpt>
      <trkpt lat="-33.86198641732335" lon="151.21693024411798">
        <ele>4.0</ele>
        <time>2026-08-28T02:23:21Z</time>
        <extensions>
          <gpxtpx:TrackPointExtension>
            <gpxtpx:hr>91</gpxtpx:hr>
          </gpxtpx:TrackPointExtension>
        </extensions>
      </trkpt>
      <trkpt lat="-33.86202153749764" lon="151.21693393215537">
        <ele>4.0</ele>
        <time>2026-08-28T02:23:24Z</time>
        <extensions>
          <gpxtpx:TrackPointExtension>
            <gpxtpx:hr>89</gpxtpx:hr>
          </gpxtpx:TrackPointExtension>
        </extensions>
      </trkpt>
      <trkpt lat="-33.8620565738529" lon="151.21693870984018">
        <ele>4.0</ele>
        <time>2026-08-28T02:23:27Z</time>
        <extensions>
          <gpxtpx:TrackPointExtension>
            <gpxtpx:hr>89</gpxtpx:hr>
          </gpxtpx:TrackPointExtension>
        </extensions>
      </trkpt>
      <trkpt lat="-33.862092616036534" lon="151.21694541536272">
        <ele>4.0</ele>
        <time>2026-08-28T02:23:30Z</time>
        <extensions>
          <gpxtpx:TrackPointExtension>
            <gpxtpx:hr>89</gpxtpx:hr>
          </gpxtpx:TrackPointExtension>
        </extensions>
      </trkpt>
      <trkpt lat="-33.86212991550565" lon="151.21695161797106">
        <ele>4.0</ele>
        <time>2026-08-28T02:23:33Z</time>
        <extensions>
          <gpxtpx:TrackPointExtension>
            <gpxtpx:hr>89</gpxtpx:hr>
          </gpxtpx:TrackPointExtension>
        </extensions>
      </trkpt>
      <trkpt lat="-33.862166963517666" lon="151.21695455163717">
        <ele>5.0</ele>
        <time>2026-08-28T02:23:36Z</time>
        <extensions>
          <gpxtpx:TrackPointExtension>
            <gpxtpx:hr>90</gpxtpx:hr>
          </gpxtpx:TrackPointExtension>
        </extensions>
      </trkpt>
      <trkpt lat="-33.86220384389162" lon="151.21695689857006">
        <ele>5.0</ele>
        <time>2026-08-28T02:23:39Z</time>
        <extensions>
          <gpxtpx:TrackPointExtension>
            <gpxtpx:hr>92</gpxtpx:hr>
          </gpxtpx:TrackPointExtension>
        </extensions>
      </trkpt>
      <trkpt lat="-33.86223938316107" lon="151.2169631011784">
        <ele>4.0</ele>
        <time>2026-08-28T02:23:42Z</time>
        <extensions>
          <gpxtpx:TrackPointExtension>
            <gpxtpx:hr>92</gpxtpx:hr>
          </gpxtpx:TrackPointExtension>
        </extensions>
      </trkpt>
      <trkpt lat="-33.862272910773754" lon="151.21697491966188">
        <ele>4.0</ele>
        <time>2026-08-28T02:23:45Z</time>
        <extensions>
          <gpxtpx:TrackPointExtension>
            <gpxtpx:hr>92</gpxtpx:hr>
          </gpxtpx:TrackPointExtension>
        </extensions>
      </trkpt>
      <trkpt lat="-33.86230601929128" lon="151.21698849834502">
        <ele>4.0</ele>
        <time>2026-08-28T02:23:48Z</time>
        <extensions>
          <gpxtpx:TrackPointExtension>
            <gpxtpx:hr>90</gpxtpx:hr>
          </gpxtpx:TrackPointExtension>
        </extensions>
      </trkpt>
      <trkpt lat="-33.86234046891332" lon="151.2170011550188">
        <ele>4.0</ele>
        <time>2026-08-28T02:23:51Z</time>
        <extensions>
          <gpxtpx:TrackPointExtension>
            <gpxtpx:hr>87</gpxtpx:hr>
          </gpxtpx:TrackPointExtension>
        </extensions>
      </trkpt>
      <trkpt lat="-33.86237491853535" lon="151.21701280586421">
        <ele>4.0</ele>
        <time>2026-08-28T02:23:54Z</time>
        <extensions>
          <gpxtpx:TrackPointExtension>
            <gpxtpx:hr>87</gpxtpx:hr>
          </gpxtpx:TrackPointExtension>
        </extensions>
      </trkpt>
      <trkpt lat="-33.86240819469094" lon="151.21702663600445">
        <ele>4.0</ele>
        <time>2026-08-28T02:23:57Z</time>
        <extensions>
          <gpxtpx:TrackPointExtension>
            <gpxtpx:hr>89</gpxtpx:hr>
          </gpxtpx:TrackPointExtension>
        </extensions>
      </trkpt>
      <trkpt lat="-33.862441554665565" lon="151.21704323217273">
        <ele>5.0</ele>
        <time>2026-08-28T02:24:00Z</time>
        <extensions>
          <gpxtpx:TrackPointExtension>
            <gpxtpx:hr>91</gpxtpx:hr>
          </gpxtpx:TrackPointExtension>
        </extensions>
      </trkpt>
      <trkpt lat="-33.86247541755438" lon="151.21705890633166">
        <ele>5.0</ele>
        <time>2026-08-28T02:24:03Z</time>
        <extensions>
          <gpxtpx:TrackPointExtension>
            <gpxtpx:hr>93</gpxtpx:hr>
          </gpxtpx:TrackPointExtension>
        </extensions>
      </trkpt>
      <trkpt lat="-33.86250819079578" lon="151.2170727364719">
        <ele>5.0</ele>
        <time>2026-08-28T02:24:06Z</time>
        <extensions>
          <gpxtpx:TrackPointExtension>
            <gpxtpx:hr>93</gpxtpx:hr>
          </gpxtpx:TrackPointExtension>
        </extensions>
      </trkpt>
      <trkpt lat="-33.86253903619945" lon="151.21708539314568">
        <ele>5.0</ele>
        <time>2026-08-28T02:24:09Z</time>
        <extensions>
          <gpxtpx:TrackPointExtension>
            <gpxtpx:hr>92</gpxtpx:hr>
          </gpxtpx:TrackPointExtension>
        </extensions>
      </trkpt>
      <trkpt lat="-33.86256937868893" lon="151.21710115112364">
        <ele>5.0</ele>
        <time>2026-08-28T02:24:12Z</time>
        <extensions>
          <gpxtpx:TrackPointExtension>
            <gpxtpx:hr>92</gpxtpx:hr>
          </gpxtpx:TrackPointExtension>
        </extensions>
      </trkpt>
      <trkpt lat="-33.862600307911634" lon="151.21712093241513">
        <ele>5.0</ele>
        <time>2026-08-28T02:24:15Z</time>
        <extensions>
          <gpxtpx:TrackPointExtension>
            <gpxtpx:hr>92</gpxtpx:hr>
          </gpxtpx:TrackPointExtension>
        </extensions>
      </trkpt>
      <trkpt lat="-33.86263098567724" lon="151.21714239008725">
        <ele>5.0</ele>
        <time>2026-08-28T02:24:18Z</time>
        <extensions>
          <gpxtpx:TrackPointExtension>
            <gpxtpx:hr>92</gpxtpx:hr>
          </gpxtpx:TrackPointExtension>
        </extensions>
      </trkpt>
      <trkpt lat="-33.86266116052866" lon="151.21716535650194">
        <ele>5.0</ele>
        <time>2026-08-28T02:24:21Z</time>
        <extensions>
          <gpxtpx:TrackPointExtension>
            <gpxtpx:hr>91</gpxtpx:hr>
          </gpxtpx:TrackPointExtension>
        </extensions>
      </trkpt>
      <trkpt lat="-33.86269041337073" lon="151.2171895802021">
        <ele>5.0</ele>
        <time>2026-08-28T02:24:24Z</time>
        <extensions>
          <gpxtpx:TrackPointExtension>
            <gpxtpx:hr>92</gpxtpx:hr>
          </gpxtpx:TrackPointExtension>
        </extensions>
      </trkpt>
      <trkpt lat="-33.86271975003183" lon="151.21721237897873">
        <ele>5.0</ele>
        <time>2026-08-28T02:24:27Z</time>
        <extensions>
          <gpxtpx:TrackPointExtension>
            <gpxtpx:hr>92</gpxtpx:hr>
          </gpxtpx:TrackPointExtension>
        </extensions>
      </trkpt>
      <trkpt lat="-33.86274917051196" lon="151.21723459102213">
        <ele>5.0</ele>
        <time>2026-08-28T02:24:30Z</time>
        <extensions>
          <gpxtpx:TrackPointExtension>
            <gpxtpx:hr>91</gpxtpx:hr>
          </gpxtpx:TrackPointExtension>
        </extensions>
      </trkpt>
      <trkpt lat="-33.862776663154364" lon="151.21725973673165">
        <ele>5.0</ele>
        <time>2026-08-28T02:24:33Z</time>
        <extensions>
          <gpxtpx:TrackPointExtension>
            <gpxtpx:hr>90</gpxtpx:hr>
          </gpxtpx:TrackPointExtension>
        </extensions>
      </trkpt>
      <trkpt lat="-33.86280298233032" lon="151.2172842118889">
        <ele>5.0</ele>
        <time>2026-08-28T02:24:36Z</time>
        <extensions>
          <gpxtpx:TrackPointExtension>
            <gpxtpx:hr>90</gpxtpx:hr>
          </gpxtpx:TrackPointExtension>
        </extensions>
      </trkpt>
      <trkpt lat="-33.86282930150628" lon="151.2173106148839">
        <ele>5.0</ele>
        <time>2026-08-28T02:24:39Z</time>
        <extensions>
          <gpxtpx:TrackPointExtension>
            <gpxtpx:hr>91</gpxtpx:hr>
          </gpxtpx:TrackPointExtension>
        </extensions>
      </trkpt>
      <trkpt lat="-33.862853944301605" lon="151.21733928099275">
        <ele>5.0</ele>
        <time>2026-08-28T02:24:42Z</time>
        <extensions>
          <gpxtpx:TrackPointExtension>
            <gpxtpx:hr>91</gpxtpx:hr>
          </gpxtpx:TrackPointExtension>
        </extensions>
      </trkpt>
      <trkpt lat="-33.86287624016404" lon="151.2173700425774">
        <ele>5.0</ele>
        <time>2026-08-28T02:24:45Z</time>
        <extensions>
          <gpxtpx:TrackPointExtension>
            <gpxtpx:hr>92</gpxtpx:hr>
          </gpxtpx:TrackPointExtension>
        </extensions>
      </trkpt>
      <trkpt lat="-33.862900799140334" lon="151.21740030124784">
        <ele>5.0</ele>
        <time>2026-08-28T02:24:48Z</time>
        <extensions>
          <gpxtpx:TrackPointExtension>
            <gpxtpx:hr>91</gpxtpx:hr>
          </gpxtpx:TrackPointExtension>
        </extensions>
      </trkpt>
      <trkpt lat="-33.86292695067823" lon="151.21743097901344">
        <ele>5.0</ele>
        <time>2026-08-28T02:24:51Z</time>
        <extensions>
          <gpxtpx:TrackPointExtension>
            <gpxtpx:hr>91</gpxtpx:hr>
          </gpxtpx:TrackPointExtension>
        </extensions>
      </trkpt>
      <trkpt lat="-33.862952599301934" lon="151.21746174059808">
        <ele>5.0</ele>
        <time>2026-08-28T02:24:54Z</time>
        <extensions>
          <gpxtpx:TrackPointExtension>
            <gpxtpx:hr>92</gpxtpx:hr>
          </gpxtpx:TrackPointExtension>
        </extensions>
      </trkpt>
      <trkpt lat="-33.86297548189759" lon="151.21749308891594">
        <ele>5.0</ele>
        <time>2026-08-28T02:24:57Z</time>
        <extensions>
          <gpxtpx:TrackPointExtension>
            <gpxtpx:hr>92</gpxtpx:hr>
          </gpxtpx:TrackPointExtension>
        </extensions>
      </trkpt>
      <trkpt lat="-33.86299601756036" lon="151.21752385050058">
        <ele>5.0</ele>
        <time>2026-08-28T02:25:00Z</time>
        <extensions>
          <gpxtpx:TrackPointExtension>
            <gpxtpx:hr>92</gpxtpx:hr>
          </gpxtpx:TrackPointExtension>
        </extensions>
      </trkpt>
      <trkpt lat="-33.863014709204435" lon="151.21755729429424">
        <ele>5.0</ele>
        <time>2026-08-28T02:25:03Z</time>
        <extensions>
          <gpxtpx:TrackPointExtension>
            <gpxtpx:hr>93</gpxtpx:hr>
          </gpxtpx:TrackPointExtension>
        </extensions>
      </trkpt>
      <trkpt lat="-33.86303138919175" lon="151.2175934202969">
        <ele>5.0</ele>
        <time>2026-08-28T02:25:06Z</time>
        <extensions>
          <gpxtpx:TrackPointExtension>
            <gpxtpx:hr>93</gpxtpx:hr>
          </gpxtpx:TrackPointExtension>
        </extensions>
      </trkpt>
      <trkpt lat="-33.86304815299809" lon="151.21762652881444">
        <ele>5.0</ele>
        <time>2026-08-28T02:25:09Z</time>
        <extensions>
          <gpxtpx:TrackPointExtension>
            <gpxtpx:hr>92</gpxtpx:hr>
          </gpxtpx:TrackPointExtension>
        </extensions>
      </trkpt>
      <trkpt lat="-33.863068018108606" lon="151.21765670366585">
        <ele>5.0</ele>
        <time>2026-08-28T02:25:12Z</time>
        <extensions>
          <gpxtpx:TrackPointExtension>
            <gpxtpx:hr>91</gpxtpx:hr>
          </gpxtpx:TrackPointExtension>
        </extensions>
      </trkpt>
      <trkpt lat="-33.863088972866535" lon="151.2176885548979">
        <ele>5.0</ele>
        <time>2026-08-28T02:25:15Z</time>
        <extensions>
          <gpxtpx:TrackPointExtension>
            <gpxtpx:hr>92</gpxtpx:hr>
          </gpxtpx:TrackPointExtension>
        </extensions>
      </trkpt>
      <trkpt lat="-33.863107077777386" lon="151.21772199869156">
        <ele>5.0</ele>
        <time>2026-08-28T02:25:18Z</time>
        <extensions>
          <gpxtpx:TrackPointExtension>
            <gpxtpx:hr>91</gpxtpx:hr>
          </gpxtpx:TrackPointExtension>
        </extensions>
      </trkpt>
      <trkpt lat="-33.86312208138406" lon="151.2177554424852">
        <ele>4.0</ele>
        <time>2026-08-28T02:25:21Z</time>
        <extensions>
          <gpxtpx:TrackPointExtension>
            <gpxtpx:hr>91</gpxtpx:hr>
          </gpxtpx:TrackPointExtension>
        </extensions>
      </trkpt>
      <trkpt lat="-33.86313867755234" lon="151.21778955683112">
        <ele>4.0</ele>
        <time>2026-08-28T02:25:24Z</time>
        <extensions>
          <gpxtpx:TrackPointExtension>
            <gpxtpx:hr>91</gpxtpx:hr>
          </gpxtpx:TrackPointExtension>
        </extensions>
      </trkpt>
      <trkpt lat="-33.86315451934934" lon="151.21782509610057">
        <ele>4.0</ele>
        <time>2026-08-28T02:25:27Z</time>
        <extensions>
          <gpxtpx:TrackPointExtension>
            <gpxtpx:hr>93</gpxtpx:hr>
          </gpxtpx:TrackPointExtension>
        </extensions>
      </trkpt>
      <trkpt lat="-33.863172959536314" lon="151.2178561091423">
        <ele>4.0</ele>
        <time>2026-08-28T02:25:30Z</time>
        <extensions>
          <gpxtpx:TrackPointExtension>
            <gpxtpx:hr>94</gpxtpx:hr>
          </gpxtpx:TrackPointExtension>
        </extensions>
      </trkpt>
      <trkpt lat="-33.8631874602288" lon="151.21786910109222">
        <ele>5.0</ele>
        <time>2026-08-28T02:25:33Z</time>
        <extensions>
          <gpxtpx:TrackPointExtension>
            <gpxtpx:hr>94</gpxtpx:hr>
          </gpxtpx:TrackPointExtension>
        </extensions>
      </trkpt>
      <trkpt lat="-33.863198943436146" lon="151.21788343414664">
        <ele>5.0</ele>
        <time>2026-08-28T02:25:36Z</time>
        <extensions>
          <gpxtpx:TrackPointExtension>
            <gpxtpx:hr>94</gpxtpx:hr>
          </gpxtpx:TrackPointExtension>
        </extensions>
      </trkpt>
      <trkpt lat="-33.86320321820676" lon="151.2178902234882">
        <ele>4.0</ele>
        <time>2026-08-28T02:25:39Z</time>
        <extensions>
          <gpxtpx:TrackPointExtension>
            <gpxtpx:hr>93</gpxtpx:hr>
          </gpxtpx:TrackPointExtension>
        </extensions>
      </trkpt>
      <trkpt lat="-33.86321285739541" lon="151.21789583936334">
        <ele>4.0</ele>
        <time>2026-08-28T02:25:42Z</time>
        <extensions>
          <gpxtpx:TrackPointExtension>
            <gpxtpx:hr>91</gpxtpx:hr>
          </gpxtpx:TrackPointExtension>
        </extensions>
      </trkpt>
      <trkpt lat="-33.86323247104883" lon="151.2179010361433">
        <ele>4.0</ele>
        <time>2026-08-28T02:26:00Z</time>
        <extensions>
          <gpxtpx:TrackPointExtension>
            <gpxtpx:hr>87</gpxtpx:hr>
          </gpxtpx:TrackPointExtension>
        </extensions>
      </trkpt>
      <trkpt lat="-33.86324496008456" lon="151.21791495010257">
        <ele>4.0</ele>
        <time>2026-08-28T02:26:03Z</time>
        <extensions>
          <gpxtpx:TrackPointExtension>
            <gpxtpx:hr>89</gpxtpx:hr>
          </gpxtpx:TrackPointExtension>
        </extensions>
      </trkpt>
      <trkpt lat="-33.86325275525451" lon="151.2179269362241">
        <ele>4.0</ele>
        <time>2026-08-28T02:26:06Z</time>
        <extensions>
          <gpxtpx:TrackPointExtension>
            <gpxtpx:hr>91</gpxtpx:hr>
          </gpxtpx:TrackPointExtension>
        </extensions>
      </trkpt>
      <trkpt lat="-33.86325920931995" lon="151.21793649159372">
        <ele>4.0</ele>
        <time>2026-08-28T02:26:09Z</time>
        <extensions>
          <gpxtpx:TrackPointExtension>
            <gpxtpx:hr>91</gpxtpx:hr>
          </gpxtpx:TrackPointExtension>
        </extensions>
      </trkpt>
      <trkpt lat="-33.86327488347888" lon="151.21794185601175">
        <ele>4.0</ele>
        <time>2026-08-28T02:26:12Z</time>
        <extensions>
          <gpxtpx:TrackPointExtension>
            <gpxtpx:hr>92</gpxtpx:hr>
          </gpxtpx:TrackPointExtension>
        </extensions>
      </trkpt>
      <trkpt lat="-33.86328510940075" lon="151.21793313883245">
        <ele>4.0</ele>
        <time>2026-08-28T02:26:24Z</time>
        <extensions>
          <gpxtpx:TrackPointExtension>
            <gpxtpx:hr>87</gpxtpx:hr>
          </gpxtpx:TrackPointExtension>
        </extensions>
      </trkpt>
      <trkpt lat="-33.86327823624015" lon="151.2179356534034">
        <ele>4.0</ele>
        <time>2026-08-28T02:26:27Z</time>
        <extensions>
          <gpxtpx:TrackPointExtension>
            <gpxtpx:hr>89</gpxtpx:hr>
          </gpxtpx:TrackPointExtension>
        </extensions>
      </trkpt>
      <trkpt lat="-33.86325719766319" lon="151.21795342303813">
        <ele>4.0</ele>
        <time>2026-08-28T02:26:30Z</time>
        <extensions>
          <gpxtpx:TrackPointExtension>
            <gpxtpx:hr>92</gpxtpx:hr>
          </gpxtpx:TrackPointExtension>
        </extensions>
      </trkpt>
      <trkpt lat="-33.86323959566653" lon="151.21798368170857">
        <ele>3.0</ele>
        <time>2026-08-28T02:26:33Z</time>
        <extensions>
          <gpxtpx:TrackPointExtension>
            <gpxtpx:hr>94</gpxtpx:hr>
          </gpxtpx:TrackPointExtension>
        </extensions>
      </trkpt>
      <trkpt lat="-33.86323758400977" lon="151.2180197238922">
        <ele>3.0</ele>
        <time>2026-08-28T02:26:36Z</time>
        <extensions>
          <gpxtpx:TrackPointExtension>
            <gpxtpx:hr>95</gpxtpx:hr>
          </gpxtpx:TrackPointExtension>
        </extensions>
      </trkpt>
      <trkpt lat="-33.86324420571327" lon="151.21805341914296">
        <ele>3.0</ele>
        <time>2026-08-28T02:26:39Z</time>
        <extensions>
          <gpxtpx:TrackPointExtension>
            <gpxtpx:hr>96</gpxtpx:hr>
          </gpxtpx:TrackPointExtension>
        </extensions>
      </trkpt>
      <trkpt lat="-33.863253677263856" lon="151.21808744966984">
        <ele>3.0</ele>
        <time>2026-08-28T02:26:42Z</time>
        <extensions>
          <gpxtpx:TrackPointExtension>
            <gpxtpx:hr>94</gpxtpx:hr>
          </gpxtpx:TrackPointExtension>
        </extensions>
      </trkpt>
      <trkpt lat="-33.863262394443154" lon="151.21812391094863">
        <ele>3.0</ele>
        <time>2026-08-28T02:26:45Z</time>
        <extensions>
          <gpxtpx:TrackPointExtension>
            <gpxtpx:hr>92</gpxtpx:hr>
          </gpxtpx:TrackPointExtension>
        </extensions>
      </trkpt>
      <trkpt lat="-33.86326901614666" lon="151.21816104277968">
        <ele>3.0</ele>
        <time>2026-08-28T02:26:48Z</time>
        <extensions>
          <gpxtpx:TrackPointExtension>
            <gpxtpx:hr>91</gpxtpx:hr>
          </gpxtpx:TrackPointExtension>
        </extensions>
      </trkpt>
      <trkpt lat="-33.86327580548823" lon="151.2181994318962">
        <ele>3.0</ele>
        <time>2026-08-28T02:26:51Z</time>
        <extensions>
          <gpxtpx:TrackPointExtension>
            <gpxtpx:hr>91</gpxtpx:hr>
          </gpxtpx:TrackPointExtension>
        </extensions>
      </trkpt>
      <trkpt lat="-33.86328385211527" lon="151.21823891066015">
        <ele>3.0</ele>
        <time>2026-08-28T02:26:54Z</time>
        <extensions>
          <gpxtpx:TrackPointExtension>
            <gpxtpx:hr>92</gpxtpx:hr>
          </gpxtpx:TrackPointExtension>
        </extensions>
      </trkpt>
      <trkpt lat="-33.86329458095133" lon="151.2182771321386">
        <ele>3.0</ele>
        <time>2026-08-28T02:26:57Z</time>
        <extensions>
          <gpxtpx:TrackPointExtension>
            <gpxtpx:hr>91</gpxtpx:hr>
          </gpxtpx:TrackPointExtension>
        </extensions>
      </trkpt>
      <trkpt lat="-33.86330128647387" lon="151.2183133419603">
        <ele>3.0</ele>
        <time>2026-08-28T02:27:00Z</time>
        <extensions>
          <gpxtpx:TrackPointExtension>
            <gpxtpx:hr>89</gpxtpx:hr>
          </gpxtpx:TrackPointExtension>
        </extensions>
      </trkpt>
      <trkpt lat="-33.86330606415868" lon="151.21834762394428">
        <ele>3.0</ele>
        <time>2026-08-28T02:27:03Z</time>
        <extensions>
          <gpxtpx:TrackPointExtension>
            <gpxtpx:hr>88</gpxtpx:hr>
          </gpxtpx:TrackPointExtension>
        </extensions>
      </trkpt>
      <trkpt lat="-33.86331017129123" lon="151.21838140301406">
        <ele>3.0</ele>
        <time>2026-08-28T02:27:06Z</time>
        <extensions>
          <gpxtpx:TrackPointExtension>
            <gpxtpx:hr>86</gpxtpx:hr>
          </gpxtpx:TrackPointExtension>
        </extensions>
      </trkpt>
      <trkpt lat="-33.86331235058606" lon="151.21841669082642">
        <ele>3.0</ele>
        <time>2026-08-28T02:27:09Z</time>
        <extensions>
          <gpxtpx:TrackPointExtension>
            <gpxtpx:hr>87</gpxtpx:hr>
          </gpxtpx:TrackPointExtension>
        </extensions>
      </trkpt>
      <trkpt lat="-33.86331578716636" lon="151.21845239773393">
        <ele>3.0</ele>
        <time>2026-08-28T02:27:12Z</time>
        <extensions>
          <gpxtpx:TrackPointExtension>
            <gpxtpx:hr>87</gpxtpx:hr>
          </gpxtpx:TrackPointExtension>
        </extensions>
      </trkpt>
      <trkpt lat="-33.86331888847053" lon="151.21848885901272">
        <ele>3.0</ele>
        <time>2026-08-28T02:27:15Z</time>
        <extensions>
          <gpxtpx:TrackPointExtension>
            <gpxtpx:hr>88</gpxtpx:hr>
          </gpxtpx:TrackPointExtension>
        </extensions>
      </trkpt>
      <trkpt lat="-33.86331796646118" lon="151.21852548792958">
        <ele>3.0</ele>
        <time>2026-08-28T02:27:18Z</time>
        <extensions>
          <gpxtpx:TrackPointExtension>
            <gpxtpx:hr>89</gpxtpx:hr>
          </gpxtpx:TrackPointExtension>
        </extensions>
      </trkpt>
      <trkpt lat="-33.86331285350025" lon="151.21856563724577">
        <ele>3.0</ele>
        <time>2026-08-28T02:27:21Z</time>
        <extensions>
          <gpxtpx:TrackPointExtension>
            <gpxtpx:hr>89</gpxtpx:hr>
          </gpxtpx:TrackPointExtension>
        </extensions>
      </trkpt>
      <trkpt lat="-33.86330924928188" lon="151.2186077143997">
        <ele>3.0</ele>
        <time>2026-08-28T02:27:24Z</time>
        <extensions>
          <gpxtpx:TrackPointExtension>
            <gpxtpx:hr>90</gpxtpx:hr>
          </gpxtpx:TrackPointExtension>
        </extensions>
      </trkpt>
      <trkpt lat="-33.86330807581544" lon="151.21864903718233">
        <ele>3.0</ele>
        <time>2026-08-28T02:27:27Z</time>
        <extensions>
          <gpxtpx:TrackPointExtension>
            <gpxtpx:hr>91</gpxtpx:hr>
          </gpxtpx:TrackPointExtension>
        </extensions>
      </trkpt>
      <trkpt lat="-33.863306902348995" lon="151.21869103051722">
        <ele>3.0</ele>
        <time>2026-08-28T02:27:30Z</time>
        <extensions>
          <gpxtpx:TrackPointExtension>
            <gpxtpx:hr>90</gpxtpx:hr>
          </gpxtpx:TrackPointExtension>
        </extensions>
      </trkpt>
      <trkpt lat="-33.863305393606424" lon="151.2187337782234">
        <ele>3.0</ele>
        <time>2026-08-28T02:27:33Z</time>
        <extensions>
          <gpxtpx:TrackPointExtension>
            <gpxtpx:hr>90</gpxtpx:hr>
          </gpxtpx:TrackPointExtension>
        </extensions>
      </trkpt>
      <trkpt lat="-33.86330170556903" lon="151.21877769939601">
        <ele>3.0</ele>
        <time>2026-08-28T02:27:36Z</time>
        <extensions>
          <gpxtpx:TrackPointExtension>
            <gpxtpx:hr>89</gpxtpx:hr>
          </gpxtpx:TrackPointExtension>
        </extensions>
      </trkpt>
      <trkpt lat="-33.86329701170325" lon="151.2188217882067">
        <ele>3.0</ele>
        <time>2026-08-28T02:27:39Z</time>
        <extensions>
          <gpxtpx:TrackPointExtension>
            <gpxtpx:hr>90</gpxtpx:hr>
          </gpxtpx:TrackPointExtension>
        </extensions>
      </trkpt>
      <trkpt lat="-33.86329215019941" lon="151.21886445209384">
        <ele>3.0</ele>
        <time>2026-08-28T02:27:42Z</time>
        <extensions>
          <gpxtpx:TrackPointExtension>
            <gpxtpx:hr>90</gpxtpx:hr>
          </gpxtpx:TrackPointExtension>
        </extensions>
      </trkpt>
      <trkpt lat="-33.863288378342986" lon="151.21890535578132">
        <ele>3.0</ele>
        <time>2026-08-28T02:27:45Z</time>
        <extensions>
          <gpxtpx:TrackPointExtension>
            <gpxtpx:hr>89</gpxtpx:hr>
          </gpxtpx:TrackPointExtension>
        </extensions>
      </trkpt>
      <trkpt lat="-33.86328401975334" lon="151.21894558891654">
        <ele>3.0</ele>
        <time>2026-08-28T02:27:48Z</time>
        <extensions>
          <gpxtpx:TrackPointExtension>
            <gpxtpx:hr>88</gpxtpx:hr>
          </gpxtpx:TrackPointExtension>
        </extensions>
      </trkpt>
      <trkpt lat="-33.86327597312629" lon="151.2189856544137">
        <ele>3.0</ele>
        <time>2026-08-28T02:27:51Z</time>
        <extensions>
          <gpxtpx:TrackPointExtension>
            <gpxtpx:hr>88</gpxtpx:hr>
          </gpxtpx:TrackPointExtension>
        </extensions>
      </trkpt>
      <trkpt lat="-33.863267255946994" lon="151.21902563609183">
        <ele>3.0</ele>
        <time>2026-08-28T02:27:54Z</time>
        <extensions>
          <gpxtpx:TrackPointExtension>
            <gpxtpx:hr>88</gpxtpx:hr>
          </gpxtpx:TrackPointExtension>
        </extensions>
      </trkpt>
      <trkpt lat="-33.863260047510266" lon="151.21906461194158">
        <ele>3.0</ele>
        <time>2026-08-28T02:27:57Z</time>
        <extensions>
          <gpxtpx:TrackPointExtension>
            <gpxtpx:hr>90</gpxtpx:hr>
          </gpxtpx:TrackPointExtension>
        </extensions>
      </trkpt>
      <trkpt lat="-33.86325141415" lon="151.21910199522972">
        <ele>3.0</ele>
        <time>2026-08-28T02:28:00Z</time>
        <extensions>
          <gpxtpx:TrackPointExtension>
            <gpxtpx:hr>92</gpxtpx:hr>
          </gpxtpx:TrackPointExtension>
        </extensions>
      </trkpt>
      <trkpt lat="-33.86324009858072" lon="151.21913678012788">
        <ele>3.0</ele>
        <time>2026-08-28T02:28:03Z</time>
        <extensions>
          <gpxtpx:TrackPointExtension>
            <gpxtpx:hr>91</gpxtpx:hr>
          </gpxtpx:TrackPointExtension>
        </extensions>
      </trkpt>
      <trkpt lat="-33.86322811245918" lon="151.21916980482638">
        <ele>3.0</ele>
        <time>2026-08-28T02:28:06Z</time>
        <extensions>
          <gpxtpx:TrackPointExtension>
            <gpxtpx:hr>90</gpxtpx:hr>
          </gpxtpx:TrackPointExtension>
        </extensions>
      </trkpt>
      <trkpt lat="-33.863218473270535" lon="151.21920232661068">
        <ele>3.0</ele>
        <time>2026-08-28T02:28:09Z</time>
        <extensions>
          <gpxtpx:TrackPointExtension>
            <gpxtpx:hr>90</gpxtpx:hr>
          </gpxtpx:TrackPointExtension>
        </extensions>
      </trkpt>
      <trkpt lat="-33.863211097195745" lon="151.21923149563372">
        <ele>3.0</ele>
        <time>2026-08-28T02:28:12Z</time>
        <extensions>
          <gpxtpx:TrackPointExtension>
            <gpxtpx:hr>90</gpxtpx:hr>
          </gpxtpx:TrackPointExtension>
        </extensions>
      </trkpt>
      <trkpt lat="-33.86320321820676" lon="151.21925722807646">
        <ele>3.0</ele>
        <time>2026-08-28T02:28:15Z</time>
        <extensions>
          <gpxtpx:TrackPointExtension>
            <gpxtpx:hr>89</gpxtpx:hr>
          </gpxtpx:TrackPointExtension>
        </extensions>
      </trkpt>
      <trkpt lat="-33.86319810524583" lon="151.2192750815302">
        <ele>3.0</ele>
        <time>2026-08-28T02:28:18Z</time>
        <extensions>
          <gpxtpx:TrackPointExtension>
            <gpxtpx:hr>87</gpxtpx:hr>
          </gpxtpx:TrackPointExtension>
        </extensions>
      </trkpt>
      <trkpt lat="-33.863190058618784" lon="151.21930081397295">
        <ele>3.0</ele>
        <time>2026-08-28T02:28:21Z</time>
        <extensions>
          <gpxtpx:TrackPointExtension>
            <gpxtpx:hr>85</gpxtpx:hr>
          </gpxtpx:TrackPointExtension>
        </extensions>
      </trkpt>
      <trkpt lat="-33.86317656375468" lon="151.21933492831886">
        <ele>3.0</ele>
        <time>2026-08-28T02:28:24Z</time>
        <extensions>
          <gpxtpx:TrackPointExtension>
            <gpxtpx:hr>86</gpxtpx:hr>
          </gpxtpx:TrackPointExtension>
        </extensions>
      </trkpt>
      <trkpt lat="-33.86315854266286" lon="151.21937331743538">
        <ele>3.0</ele>
        <time>2026-08-28T02:28:27Z</time>
        <extensions>
          <gpxtpx:TrackPointExtension>
            <gpxtpx:hr>87</gpxtpx:hr>
          </gpxtpx:TrackPointExtension>
        </extensions>
      </trkpt>
      <trkpt lat="-33.86313968338072" lon="151.21941204182804">
        <ele>3.0</ele>
        <time>2026-08-28T02:28:30Z</time>
        <extensions>
          <gpxtpx:TrackPointExtension>
            <gpxtpx:hr>89</gpxtpx:hr>
          </gpxtpx:TrackPointExtension>
        </extensions>
      </trkpt>
      <trkpt lat="-33.86312090791762" lon="151.21944800019264">
        <ele>3.0</ele>
        <time>2026-08-28T02:28:33Z</time>
        <extensions>
          <gpxtpx:TrackPointExtension>
            <gpxtpx:hr>93</gpxtpx:hr>
          </gpxtpx:TrackPointExtension>
        </extensions>
      </trkpt>
      <trkpt lat="-33.86310255154967" lon="151.2194835394621">
        <ele>3.0</ele>
        <time>2026-08-28T02:28:36Z</time>
        <extensions>
          <gpxtpx:TrackPointExtension>
            <gpxtpx:hr>93</gpxtpx:hr>
          </gpxtpx:TrackPointExtension>
        </extensions>
      </trkpt>
      <trkpt lat="-33.863083608448505" lon="151.21952075511217">
        <ele>3.0</ele>
        <time>2026-08-28T02:28:39Z</time>
        <extensions>
          <gpxtpx:TrackPointExtension>
            <gpxtpx:hr>91</gpxtpx:hr>
          </gpxtpx:TrackPointExtension>
        </extensions>
      </trkpt>
      <trkpt lat="-33.86306365951896" lon="151.219559982419">
        <ele>3.0</ele>
        <time>2026-08-28T02:28:42Z</time>
        <extensions>
          <gpxtpx:TrackPointExtension>
            <gpxtpx:hr>91</gpxtpx:hr>
          </gpxtpx:TrackPointExtension>
        </extensions>
      </trkpt>
      <trkpt lat="-33.86304320767522" lon="151.21959753334522">
        <ele>3.0</ele>
        <time>2026-08-28T02:28:45Z</time>
        <extensions>
          <gpxtpx:TrackPointExtension>
            <gpxtpx:hr>92</gpxtpx:hr>
          </gpxtpx:TrackPointExtension>
        </extensions>
      </trkpt>
      <trkpt lat="-33.86302384547889" lon="151.2196308095008">
        <ele>3.0</ele>
        <time>2026-08-28T02:28:48Z</time>
        <extensions>
          <gpxtpx:TrackPointExtension>
            <gpxtpx:hr>92</gpxtpx:hr>
          </gpxtpx:TrackPointExtension>
        </extensions>
      </trkpt>
      <trkpt lat="-33.86300599202514" lon="151.2196627445519">
        <ele>3.0</ele>
        <time>2026-08-28T02:28:51Z</time>
        <extensions>
          <gpxtpx:TrackPointExtension>
            <gpxtpx:hr>92</gpxtpx:hr>
          </gpxtpx:TrackPointExtension>
        </extensions>
      </trkpt>
      <trkpt lat="-33.86298671364784" lon="151.21969451196492">
        <ele>3.0</ele>
        <time>2026-08-28T02:28:54Z</time>
        <extensions>
          <gpxtpx:TrackPointExtension>
            <gpxtpx:hr>89</gpxtpx:hr>
          </gpxtpx:TrackPointExtension>
        </extensions>
      </trkpt>
      <trkpt lat="-33.86296357959509" lon="151.21972627937794">
        <ele>3.0</ele>
        <time>2026-08-28T02:28:57Z</time>
        <extensions>
          <gpxtpx:TrackPointExtension>
            <gpxtpx:hr>88</gpxtpx:hr>
          </gpxtpx:TrackPointExtension>
        </extensions>
      </trkpt>
      <trkpt lat="-33.86293885298073" lon="151.21975746005774">
        <ele>3.0</ele>
        <time>2026-08-28T02:29:00Z</time>
        <extensions>
          <gpxtpx:TrackPointExtension>
            <gpxtpx:hr>89</gpxtpx:hr>
          </gpxtpx:TrackPointExtension>
        </extensions>
      </trkpt>
      <trkpt lat="-33.86291387490928" lon="151.21978922747076">
        <ele>3.0</ele>
        <time>2026-08-28T02:29:03Z</time>
        <extensions>
          <gpxtpx:TrackPointExtension>
            <gpxtpx:hr>90</gpxtpx:hr>
          </gpxtpx:TrackPointExtension>
        </extensions>
      </trkpt>
      <trkpt lat="-33.86288948357105" lon="151.2198202405125">
        <ele>3.0</ele>
        <time>2026-08-28T02:29:06Z</time>
        <extensions>
          <gpxtpx:TrackPointExtension>
            <gpxtpx:hr>89</gpxtpx:hr>
          </gpxtpx:TrackPointExtension>
        </extensions>
      </trkpt>
      <trkpt lat="-33.86286458931863" lon="151.21984974481165">
        <ele>3.0</ele>
        <time>2026-08-28T02:29:09Z</time>
        <extensions>
          <gpxtpx:TrackPointExtension>
            <gpxtpx:hr>89</gpxtpx:hr>
          </gpxtpx:TrackPointExtension>
        </extensions>
      </trkpt>
      <trkpt lat="-33.8628386054188" lon="151.2198784109205">
        <ele>3.0</ele>
        <time>2026-08-28T02:29:12Z</time>
        <extensions>
          <gpxtpx:TrackPointExtension>
            <gpxtpx:hr>89</gpxtpx:hr>
          </gpxtpx:TrackPointExtension>
        </extensions>
      </trkpt>
      <trkpt lat="-33.862811448052526" lon="151.21990649029613">
        <ele>3.0</ele>
        <time>2026-08-28T02:29:15Z</time>
        <extensions>
          <gpxtpx:TrackPointExtension>
            <gpxtpx:hr>89</gpxtpx:hr>
          </gpxtpx:TrackPointExtension>
        </extensions>
      </trkpt>
      <trkpt lat="-33.86278378777206" lon="151.21993448585272">
        <ele>3.0</ele>
        <time>2026-08-28T02:29:18Z</time>
        <extensions>
          <gpxtpx:TrackPointExtension>
            <gpxtpx:hr>88</gpxtpx:hr>
          </gpxtpx:TrackPointExtension>
        </extensions>
      </trkpt>
      <trkpt lat="-33.8627558760345" lon="151.21996172703803">
        <ele>2.0</ele>
        <time>2026-08-28T02:29:21Z</time>
        <extensions>
          <gpxtpx:TrackPointExtension>
            <gpxtpx:hr>89</gpxtpx:hr>
          </gpxtpx:TrackPointExtension>
        </extensions>
      </trkpt>
      <trkpt lat="-33.862727377563715" lon="151.21999005787075">
        <ele>2.0</ele>
        <time>2026-08-28T02:29:24Z</time>
        <extensions>
          <gpxtpx:TrackPointExtension>
            <gpxtpx:hr>89</gpxtpx:hr>
          </gpxtpx:TrackPointExtension>
        </extensions>
      </trkpt>
      <trkpt lat="-33.86269887909293" lon="151.22001788578928">
        <ele>2.0</ele>
        <time>2026-08-28T02:29:27Z</time>
        <extensions>
          <gpxtpx:TrackPointExtension>
            <gpxtpx:hr>91</gpxtpx:hr>
          </gpxtpx:TrackPointExtension>
        </extensions>
      </trkpt>
      <trkpt lat="-33.86267423629761" lon="151.22004454024136">
        <ele>3.0</ele>
        <time>2026-08-28T02:29:30Z</time>
        <extensions>
          <gpxtpx:TrackPointExtension>
            <gpxtpx:hr>90</gpxtpx:hr>
          </gpxtpx:TrackPointExtension>
        </extensions>
      </trkpt>
      <trkpt lat="-33.86265370063484" lon="151.22007035650313">
        <ele>2.0</ele>
        <time>2026-08-28T02:29:33Z</time>
        <extensions>
          <gpxtpx:TrackPointExtension>
            <gpxtpx:hr>89</gpxtpx:hr>
          </gpxtpx:TrackPointExtension>
        </extensions>
      </trkpt>
      <trkpt lat="-33.862629141658545" lon="151.22008913196623">
        <ele>2.0</ele>
        <time>2026-08-28T02:29:36Z</time>
        <extensions>
          <gpxtpx:TrackPointExtension>
            <gpxtpx:hr>88</gpxtpx:hr>
          </gpxtpx:TrackPointExtension>
        </extensions>
      </trkpt>
      <trkpt lat="-33.86259905062616" lon="151.220101704821">
        <ele>2.0</ele>
        <time>2026-08-28T02:29:39Z</time>
        <extensions>
          <gpxtpx:TrackPointExtension>
            <gpxtpx:hr>88</gpxtpx:hr>
          </gpxtpx:TrackPointExtension>
        </extensions>
      </trkpt>
      <trkpt lat="-33.8625677023083" lon="151.220114948228">
        <ele>2.0</ele>
        <time>2026-08-28T02:29:42Z</time>
        <extensions>
          <gpxtpx:TrackPointExtension>
            <gpxtpx:hr>87</gpxtpx:hr>
          </gpxtpx:TrackPointExtension>
        </extensions>
      </trkpt>
      <trkpt lat="-33.8625383656472" lon="151.2201337236911">
        <ele>2.0</ele>
        <time>2026-08-28T02:29:45Z</time>
        <extensions>
          <gpxtpx:TrackPointExtension>
            <gpxtpx:hr>87</gpxtpx:hr>
          </gpxtpx:TrackPointExtension>
        </extensions>
      </trkpt>
      <trkpt lat="-33.862510370090604" lon="151.22015660628676">
        <ele>2.0</ele>
        <time>2026-08-28T02:29:48Z</time>
        <extensions>
          <gpxtpx:TrackPointExtension>
            <gpxtpx:hr>89</gpxtpx:hr>
          </gpxtpx:TrackPointExtension>
        </extensions>
      </trkpt>
      <trkpt lat="-33.86248296126723" lon="151.22018141672015">
        <ele>2.0</ele>
        <time>2026-08-28T02:29:51Z</time>
        <extensions>
          <gpxtpx:TrackPointExtension>
            <gpxtpx:hr>89</gpxtpx:hr>
          </gpxtpx:TrackPointExtension>
        </extensions>
      </trkpt>
      <trkpt lat="-33.86245345696807" lon="151.2202071491629">
        <ele>2.0</ele>
        <time>2026-08-28T02:29:54Z</time>
        <extensions>
          <gpxtpx:TrackPointExtension>
            <gpxtpx:hr>90</gpxtpx:hr>
          </gpxtpx:TrackPointExtension>
        </extensions>
      </trkpt>
      <trkpt lat="-33.86242529377341" lon="151.22023506090045">
        <ele>2.0</ele>
        <time>2026-08-28T02:29:57Z</time>
        <extensions>
          <gpxtpx:TrackPointExtension>
            <gpxtpx:hr>90</gpxtpx:hr>
          </gpxtpx:TrackPointExtension>
        </extensions>
      </trkpt>
      <trkpt lat="-33.86239746585488" lon="151.2202616315335">
        <ele>2.0</ele>
        <time>2026-08-28T02:30:00Z</time>
        <extensions>
          <gpxtpx:TrackPointExtension>
            <gpxtpx:hr>91</gpxtpx:hr>
          </gpxtpx:TrackPointExtension>
        </extensions>
      </trkpt>
      <trkpt lat="-33.86236947029829" lon="151.22028660960495">
        <ele>2.0</ele>
        <time>2026-08-28T02:30:03Z</time>
        <extensions>
          <gpxtpx:TrackPointExtension>
            <gpxtpx:hr>91</gpxtpx:hr>
          </gpxtpx:TrackPointExtension>
        </extensions>
      </trkpt>
      <trkpt lat="-33.86234030127525" lon="151.22030873782933">
        <ele>2.0</ele>
        <time>2026-08-28T02:30:06Z</time>
        <extensions>
          <gpxtpx:TrackPointExtension>
            <gpxtpx:hr>91</gpxtpx:hr>
          </gpxtpx:TrackPointExtension>
        </extensions>
      </trkpt>
      <trkpt lat="-33.86231021024287" lon="151.22033027932048">
        <ele>2.0</ele>
        <time>2026-08-28T02:30:09Z</time>
        <extensions>
          <gpxtpx:TrackPointExtension>
            <gpxtpx:hr>91</gpxtpx:hr>
          </gpxtpx:TrackPointExtension>
        </extensions>
      </trkpt>
      <trkpt lat="-33.86228288523853" lon="151.2203578557819">
        <ele>2.0</ele>
        <time>2026-08-28T02:30:12Z</time>
        <extensions>
          <gpxtpx:TrackPointExtension>
            <gpxtpx:hr>90</gpxtpx:hr>
          </gpxtpx:TrackPointExtension>
        </extensions>
      </trkpt>
      <trkpt lat="-33.862255811691284" lon="151.22038484551013">
        <ele>2.0</ele>
        <time>2026-08-28T02:30:15Z</time>
        <extensions>
          <gpxtpx:TrackPointExtension>
            <gpxtpx:hr>89</gpxtpx:hr>
          </gpxtpx:TrackPointExtension>
        </extensions>
      </trkpt>
      <trkpt lat="-33.86222521774471" lon="151.22040797956288">
        <ele>2.0</ele>
        <time>2026-08-28T02:30:18Z</time>
        <extensions>
          <gpxtpx:TrackPointExtension>
            <gpxtpx:hr>90</gpxtpx:hr>
          </gpxtpx:TrackPointExtension>
        </extensions>
      </trkpt>
      <trkpt lat="-33.86219261214137" lon="151.22042960487306">
        <ele>2.0</ele>
        <time>2026-08-28T02:30:21Z</time>
        <extensions>
          <gpxtpx:TrackPointExtension>
            <gpxtpx:hr>90</gpxtpx:hr>
          </gpxtpx:TrackPointExtension>
        </extensions>
      </trkpt>
      <trkpt lat="-33.86216134764254" lon="151.2204495538026">
        <ele>2.0</ele>
        <time>2026-08-28T02:30:24Z</time>
        <extensions>
          <gpxtpx:TrackPointExtension>
            <gpxtpx:hr>89</gpxtpx:hr>
          </gpxtpx:TrackPointExtension>
        </extensions>
      </trkpt>
      <trkpt lat="-33.86213259771466" lon="151.22046925127506">
        <ele>2.0</ele>
        <time>2026-08-28T02:30:27Z</time>
        <extensions>
          <gpxtpx:TrackPointExtension>
            <gpxtpx:hr>90</gpxtpx:hr>
          </gpxtpx:TrackPointExtension>
        </extensions>
      </trkpt>
      <trkpt lat="-33.862106362357736" lon="151.2204793933779">
        <ele>2.0</ele>
        <time>2026-08-28T02:30:30Z</time>
        <extensions>
          <gpxtpx:TrackPointExtension>
            <gpxtpx:hr>90</gpxtpx:hr>
          </gpxtpx:TrackPointExtension>
        </extensions>
      </trkpt>
      <trkpt lat="-33.86207685805857" lon="151.2204892002046">
        <ele>2.0</ele>
        <time>2026-08-28T02:30:33Z</time>
        <extensions>
          <gpxtpx:TrackPointExtension>
            <gpxtpx:hr>90</gpxtpx:hr>
          </gpxtpx:TrackPointExtension>
        </extensions>
      </trkpt>
      <trkpt lat="-33.862041318789124" lon="151.22050168924034">
        <ele>2.0</ele>
        <time>2026-08-28T02:30:36Z</time>
        <extensions>
          <gpxtpx:TrackPointExtension>
            <gpxtpx:hr>90</gpxtpx:hr>
          </gpxtpx:TrackPointExtension>
        </extensions>
      </trkpt>
      <trkpt lat="-33.86200703680515" lon="151.22051342390478">
        <ele>2.0</ele>
        <time>2026-08-28T02:30:39Z</time>
        <extensions>
          <gpxtpx:TrackPointExtension>
            <gpxtpx:hr>91</gpxtpx:hr>
          </gpxtpx:TrackPointExtension>
        </extensions>
      </trkpt>
      <trkpt lat="-33.861978286877275" lon="151.2205248232931">
        <ele>2.0</ele>
        <time>2026-08-28T02:30:42Z</time>
        <extensions>
          <gpxtpx:TrackPointExtension>
            <gpxtpx:hr>92</gpxtpx:hr>
          </gpxtpx:TrackPointExtension>
        </extensions>
      </trkpt>
      <trkpt lat="-33.861950961872935" lon="151.22053555212915">
        <ele>2.0</ele>
        <time>2026-08-28T02:30:45Z</time>
        <extensions>
          <gpxtpx:TrackPointExtension>
            <gpxtpx:hr>92</gpxtpx:hr>
          </gpxtpx:TrackPointExtension>
        </extensions>
      </trkpt>
      <trkpt lat="-33.86192196048796" lon="151.22054871171713">
        <ele>2.0</ele>
        <time>2026-08-28T02:30:48Z</time>
        <extensions>
          <gpxtpx:TrackPointExtension>
            <gpxtpx:hr>91</gpxtpx:hr>
          </gpxtpx:TrackPointExtension>
        </extensions>
      </trkpt>
      <trkpt lat="-33.86189295910299" lon="151.22056522406638">
        <ele>2.0</ele>
        <time>2026-08-28T02:30:51Z</time>
        <extensions>
          <gpxtpx:TrackPointExtension>
            <gpxtpx:hr>91</gpxtpx:hr>
          </gpxtpx:TrackPointExtension>
        </extensions>
      </trkpt>
      <trkpt lat="-33.861864963546395" lon="151.22058441862464">
        <ele>2.0</ele>
        <time>2026-08-28T02:30:54Z</time>
        <extensions>
          <gpxtpx:TrackPointExtension>
            <gpxtpx:hr>90</gpxtpx:hr>
          </gpxtpx:TrackPointExtension>
        </extensions>
      </trkpt>
      <trkpt lat="-33.86183646507561" lon="151.22060419991612">
        <ele>2.0</ele>
        <time>2026-08-28T02:30:57Z</time>
        <extensions>
          <gpxtpx:TrackPointExtension>
            <gpxtpx:hr>89</gpxtpx:hr>
          </gpxtpx:TrackPointExtension>
        </extensions>
      </trkpt>
      <trkpt lat="-33.861808218061924" lon="151.22062523849308">
        <ele>2.0</ele>
        <time>2026-08-28T02:31:00Z</time>
        <extensions>
          <gpxtpx:TrackPointExtension>
            <gpxtpx:hr>89</gpxtpx:hr>
          </gpxtpx:TrackPointExtension>
        </extensions>
      </trkpt>
      <trkpt lat="-33.86178080923855" lon="151.22064493596554">
        <ele>2.0</ele>
        <time>2026-08-28T02:31:03Z</time>
        <extensions>
          <gpxtpx:TrackPointExtension>
            <gpxtpx:hr>90</gpxtpx:hr>
          </gpxtpx:TrackPointExtension>
        </extensions>
      </trkpt>
      <trkpt lat="-33.861752562224865" lon="151.22065918520093">
        <ele>2.0</ele>
        <time>2026-08-28T02:31:06Z</time>
        <extensions>
          <gpxtpx:TrackPointExtension>
            <gpxtpx:hr>91</gpxtpx:hr>
          </gpxtpx:TrackPointExtension>
        </extensions>
      </trkpt>
      <trkpt lat="-33.861725153401494" lon="151.2206683214754">
        <ele>2.0</ele>
        <time>2026-08-28T02:31:09Z</time>
        <extensions>
          <gpxtpx:TrackPointExtension>
            <gpxtpx:hr>92</gpxtpx:hr>
          </gpxtpx:TrackPointExtension>
        </extensions>
      </trkpt>
      <trkpt lat="-33.8616990018636" lon="151.22067620046437">
        <ele>2.0</ele>
        <time>2026-08-28T02:31:12Z</time>
        <extensions>
          <gpxtpx:TrackPointExtension>
            <gpxtpx:hr>92</gpxtpx:hr>
          </gpxtpx:TrackPointExtension>
        </extensions>
      </trkpt>
      <trkpt lat="-33.861674442887306" lon="151.22068785130978">
        <ele>2.0</ele>
        <time>2026-08-28T02:31:15Z</time>
        <extensions>
          <gpxtpx:TrackPointExtension>
            <gpxtpx:hr>92</gpxtpx:hr>
          </gpxtpx:TrackPointExtension>
        </extensions>
      </trkpt>
      <trkpt lat="-33.86164971627295" lon="151.2207005918026">
        <ele>2.0</ele>
        <time>2026-08-28T02:31:18Z</time>
        <extensions>
          <gpxtpx:TrackPointExtension>
            <gpxtpx:hr>89</gpxtpx:hr>
          </gpxtpx:TrackPointExtension>
        </extensions>
      </trkpt>
      <trkpt lat="-33.86162415146828" lon="151.22071132063866">
        <ele>2.0</ele>
        <time>2026-08-28T02:31:21Z</time>
        <extensions>
          <gpxtpx:TrackPointExtension>
            <gpxtpx:hr>87</gpxtpx:hr>
          </gpxtpx:TrackPointExtension>
        </extensions>
      </trkpt>
      <trkpt lat="-33.86159774847329" lon="151.22072322294116">
        <ele>2.0</ele>
        <time>2026-08-28T02:31:24Z</time>
        <extensions>
          <gpxtpx:TrackPointExtension>
            <gpxtpx:hr>86</gpxtpx:hr>
          </gpxtpx:TrackPointExtension>
        </extensions>
      </trkpt>
      <trkpt lat="-33.86157101020217" lon="151.22073420323431">
        <ele>2.0</ele>
        <time>2026-08-28T02:31:27Z</time>
        <extensions>
          <gpxtpx:TrackPointExtension>
            <gpxtpx:hr>86</gpxtpx:hr>
          </gpxtpx:TrackPointExtension>
        </extensions>
      </trkpt>
      <trkpt lat="-33.86154427193105" lon="151.2207468599081">
        <ele>2.0</ele>
        <time>2026-08-28T02:31:30Z</time>
        <extensions>
          <gpxtpx:TrackPointExtension>
            <gpxtpx:hr>85</gpxtpx:hr>
          </gpxtpx:TrackPointExtension>
        </extensions>
      </trkpt>
      <trkpt lat="-33.861517114564776" lon="151.22076043859124">
        <ele>2.0</ele>
        <time>2026-08-28T02:31:33Z</time>
        <extensions>
          <gpxtpx:TrackPointExtension>
            <gpxtpx:hr>87</gpxtpx:hr>
          </gpxtpx:TrackPointExtension>
        </extensions>
      </trkpt>
      <trkpt lat="-33.861488699913025" lon="151.22077292762697">
        <ele>2.0</ele>
        <time>2026-08-28T02:31:36Z</time>
        <extensions>
          <gpxtpx:TrackPointExtension>
            <gpxtpx:hr>87</gpxtpx:hr>
          </gpxtpx:TrackPointExtension>
        </extensions>
      </trkpt>
      <trkpt lat="-33.86145961470902" lon="151.22078558430076">
        <ele>2.0</ele>
        <time>2026-08-28T02:31:39Z</time>
        <extensions>
          <gpxtpx:TrackPointExtension>
            <gpxtpx:hr>86</gpxtpx:hr>
          </gpxtpx:TrackPointExtension>
        </extensions>
      </trkpt>
      <trkpt lat="-33.86143220588565" lon="151.22080150991678">
        <ele>2.0</ele>
        <time>2026-08-28T02:31:42Z</time>
        <extensions>
          <gpxtpx:TrackPointExtension>
            <gpxtpx:hr>85</gpxtpx:hr>
          </gpxtpx:TrackPointExtension>
        </extensions>
      </trkpt>
      <trkpt lat="-33.861406138166785" lon="151.22081651352346">
        <ele>2.0</ele>
        <time>2026-08-28T02:31:45Z</time>
        <extensions>
          <gpxtpx:TrackPointExtension>
            <gpxtpx:hr>85</gpxtpx:hr>
          </gpxtpx:TrackPointExtension>
        </extensions>
      </trkpt>
      <trkpt lat="-33.86137914843857" lon="151.22083260677755">
        <ele>2.0</ele>
        <time>2026-08-28T02:31:48Z</time>
        <extensions>
          <gpxtpx:TrackPointExtension>
            <gpxtpx:hr>87</gpxtpx:hr>
          </gpxtpx:TrackPointExtension>
        </extensions>
      </trkpt>
      <trkpt lat="-33.86135031469166" lon="151.22084978967905">
        <ele>2.0</ele>
        <time>2026-08-28T02:31:51Z</time>
        <extensions>
          <gpxtpx:TrackPointExtension>
            <gpxtpx:hr>87</gpxtpx:hr>
          </gpxtpx:TrackPointExtension>
        </extensions>
      </trkpt>
      <trkpt lat="-33.86132047511637" lon="151.22086303308606">
        <ele>2.0</ele>
        <time>2026-08-28T02:31:54Z</time>
        <extensions>
          <gpxtpx:TrackPointExtension>
            <gpxtpx:hr>87</gpxtpx:hr>
          </gpxtpx:TrackPointExtension>
        </extensions>
      </trkpt>
      <trkpt lat="-33.86129541322589" lon="151.22087392956018">
        <ele>2.0</ele>
        <time>2026-08-28T02:31:57Z</time>
        <extensions>
          <gpxtpx:TrackPointExtension>
            <gpxtpx:hr>87</gpxtpx:hr>
          </gpxtpx:TrackPointExtension>
        </extensions>
      </trkpt>
      <trkpt lat="-33.86127680540085" lon="151.22087853960693">
        <ele>2.0</ele>
        <time>2026-08-28T02:32:00Z</time>
        <extensions>
          <gpxtpx:TrackPointExtension>
            <gpxtpx:hr>87</gpxtpx:hr>
          </gpxtpx:TrackPointExtension>
        </extensions>
      </trkpt>
      <trkpt lat="-33.861258616670966" lon="151.22087946161628">
        <ele>2.0</ele>
        <time>2026-08-28T02:32:03Z</time>
        <extensions>
          <gpxtpx:TrackPointExtension>
            <gpxtpx:hr>86</gpxtpx:hr>
          </gpxtpx:TrackPointExtension>
        </extensions>
      </trkpt>
      <trkpt lat="-33.861235147342086" lon="151.22088490985334">
        <ele>2.0</ele>
        <time>2026-08-28T02:32:06Z</time>
        <extensions>
          <gpxtpx:TrackPointExtension>
            <gpxtpx:hr>84</gpxtpx:hr>
          </gpxtpx:TrackPointExtension>
        </extensions>
      </trkpt>
      <trkpt lat="-33.861210672184825" lon="151.2208958901465">
        <ele>2.0</ele>
        <time>2026-08-28T02:32:09Z</time>
        <extensions>
          <gpxtpx:TrackPointExtension>
            <gpxtpx:hr>83</gpxtpx:hr>
          </gpxtpx:TrackPointExtension>
        </extensions>
      </trkpt>
      <trkpt lat="-33.86117898859084" lon="151.22090603224933">
        <ele>2.0</ele>
        <time>2026-08-28T02:32:21Z</time>
        <extensions>
          <gpxtpx:TrackPointExtension>
            <gpxtpx:hr>83</gpxtpx:hr>
          </gpxtpx:TrackPointExtension>
        </extensions>
      </trkpt>
      <trkpt lat="-33.861155519261956" lon="151.22091500088573">
        <ele>2.0</ele>
        <time>2026-08-28T02:32:24Z</time>
        <extensions>
          <gpxtpx:TrackPointExtension>
            <gpxtpx:hr>84</gpxtpx:hr>
          </gpxtpx:TrackPointExtension>
        </extensions>
      </trkpt>
      <trkpt lat="-33.86112819425762" lon="151.22093092650175">
        <ele>2.0</ele>
        <time>2026-08-28T02:32:27Z</time>
        <extensions>
          <gpxtpx:TrackPointExtension>
            <gpxtpx:hr>84</gpxtpx:hr>
          </gpxtpx:TrackPointExtension>
        </extensions>
      </trkpt>
      <trkpt lat="-33.861099779605865" lon="151.22095238417387">
        <ele>2.0</ele>
        <time>2026-08-28T02:32:30Z</time>
        <extensions>
          <gpxtpx:TrackPointExtension>
            <gpxtpx:hr>87</gpxtpx:hr>
          </gpxtpx:TrackPointExtension>
        </extensions>
      </trkpt>
      <trkpt lat="-33.861071448773146" lon="151.22097342275083">
        <ele>2.0</ele>
        <time>2026-08-28T02:32:33Z</time>
        <extensions>
          <gpxtpx:TrackPointExtension>
            <gpxtpx:hr>88</gpxtpx:hr>
          </gpxtpx:TrackPointExtension>
        </extensions>
      </trkpt>
      <trkpt lat="-33.86104186065495" lon="151.22098373249173">
        <ele>2.0</ele>
        <time>2026-08-28T02:32:36Z</time>
        <extensions>
          <gpxtpx:TrackPointExtension>
            <gpxtpx:hr>87</gpxtpx:hr>
          </gpxtpx:TrackPointExtension>
        </extensions>
      </trkpt>
      <trkpt lat="-33.86101059615612" lon="151.22098742052913">
        <ele>2.0</ele>
        <time>2026-08-28T02:32:39Z</time>
        <extensions>
          <gpxtpx:TrackPointExtension>
            <gpxtpx:hr>86</gpxtpx:hr>
          </gpxtpx:TrackPointExtension>
        </extensions>
      </trkpt>
      <trkpt lat="-33.86097748763859" lon="151.22099177911878">
        <ele>2.0</ele>
        <time>2026-08-28T02:32:42Z</time>
        <extensions>
          <gpxtpx:TrackPointExtension>
            <gpxtpx:hr>86</gpxtpx:hr>
          </gpxtpx:TrackPointExtension>
        </extensions>
      </trkpt>
      <trkpt lat="-33.86094655841589" lon="151.2209981493652">
        <ele>2.0</ele>
        <time>2026-08-28T02:32:45Z</time>
        <extensions>
          <gpxtpx:TrackPointExtension>
            <gpxtpx:hr>86</gpxtpx:hr>
          </gpxtpx:TrackPointExtension>
        </extensions>
      </trkpt>
      <trkpt lat="-33.860916048288345" lon="151.22100468724966">
        <ele>2.0</ele>
        <time>2026-08-28T02:32:48Z</time>
        <extensions>
          <gpxtpx:TrackPointExtension>
            <gpxtpx:hr>85</gpxtpx:hr>
          </gpxtpx:TrackPointExtension>
        </extensions>
      </trkpt>
      <trkpt lat="-33.860885789617896" lon="151.2210180144757">
        <ele>2.0</ele>
        <time>2026-08-28T02:32:51Z</time>
        <extensions>
          <gpxtpx:TrackPointExtension>
            <gpxtpx:hr>84</gpxtpx:hr>
          </gpxtpx:TrackPointExtension>
        </extensions>
      </trkpt>
      <trkpt lat="-33.86085561476648" lon="151.22103301808238">
        <ele>2.0</ele>
        <time>2026-08-28T02:32:54Z</time>
        <extensions>
          <gpxtpx:TrackPointExtension>
            <gpxtpx:hr>84</gpxtpx:hr>
          </gpxtpx:TrackPointExtension>
        </extensions>
      </trkpt>
      <trkpt lat="-33.86082585901022" lon="151.22104634530842">
        <ele>2.0</ele>
        <time>2026-08-28T02:32:57Z</time>
        <extensions>
          <gpxtpx:TrackPointExtension>
            <gpxtpx:hr>84</gpxtpx:hr>
          </gpxtpx:TrackPointExtension>
        </extensions>
      </trkpt>
      <trkpt lat="-33.86079945601523" lon="151.22105958871543">
        <ele>2.0</ele>
        <time>2026-08-28T02:33:00Z</time>
        <extensions>
          <gpxtpx:TrackPointExtension>
            <gpxtpx:hr>84</gpxtpx:hr>
          </gpxtpx:TrackPointExtension>
        </extensions>
      </trkpt>
      <trkpt lat="-33.86077648960054" lon="151.2210758496076">
        <ele>2.0</ele>
        <time>2026-08-28T02:33:03Z</time>
        <extensions>
          <gpxtpx:TrackPointExtension>
            <gpxtpx:hr>85</gpxtpx:hr>
          </gpxtpx:TrackPointExtension>
        </extensions>
      </trkpt>
      <trkpt lat="-33.860752768814564" lon="151.22109169140458">
        <ele>2.0</ele>
        <time>2026-08-28T02:33:06Z</time>
        <extensions>
          <gpxtpx:TrackPointExtension>
            <gpxtpx:hr>85</gpxtpx:hr>
          </gpxtpx:TrackPointExtension>
        </extensions>
      </trkpt>
      <trkpt lat="-33.860725946724415" lon="151.22110409662127">
        <ele>2.0</ele>
        <time>2026-08-28T02:33:09Z</time>
        <extensions>
          <gpxtpx:TrackPointExtension>
            <gpxtpx:hr>84</gpxtpx:hr>
          </gpxtpx:TrackPointExtension>
        </extensions>
      </trkpt>
      <trkpt lat="-33.86069585569203" lon="151.2211118079722">
        <ele>2.0</ele>
        <time>2026-08-28T02:33:12Z</time>
        <extensions>
          <gpxtpx:TrackPointExtension>
            <gpxtpx:hr>83</gpxtpx:hr>
          </gpxtpx:TrackPointExtension>
        </extensions>
      </trkpt>
      <trkpt lat="-33.86066710576415" lon="151.22112153097987">
        <ele>1.0</ele>
        <time>2026-08-28T02:33:15Z</time>
        <extensions>
          <gpxtpx:TrackPointExtension>
            <gpxtpx:hr>84</gpxtpx:hr>
          </gpxtpx:TrackPointExtension>
        </extensions>
      </trkpt>
      <trkpt lat="-33.86064179241657" lon="151.22113678604364">
        <ele>1.0</ele>
        <time>2026-08-28T02:33:18Z</time>
        <extensions>
          <gpxtpx:TrackPointExtension>
            <gpxtpx:hr>85</gpxtpx:hr>
          </gpxtpx:TrackPointExtension>
        </extensions>
      </trkpt>
      <trkpt lat="-33.860616059973836" lon="151.22114634141326">
        <ele>1.0</ele>
        <time>2026-08-28T02:33:21Z</time>
        <extensions>
          <gpxtpx:TrackPointExtension>
            <gpxtpx:hr>85</gpxtpx:hr>
          </gpxtpx:TrackPointExtension>
        </extensions>
      </trkpt>
      <trkpt lat="-33.860588651150465" lon="151.2211514543742">
        <ele>1.0</ele>
        <time>2026-08-28T02:33:24Z</time>
        <extensions>
          <gpxtpx:TrackPointExtension>
            <gpxtpx:hr>85</gpxtpx:hr>
          </gpxtpx:TrackPointExtension>
        </extensions>
      </trkpt>
      <trkpt lat="-33.860559314489365" lon="151.22115849517286">
        <ele>1.0</ele>
        <time>2026-08-28T02:33:27Z</time>
        <extensions>
          <gpxtpx:TrackPointExtension>
            <gpxtpx:hr>85</gpxtpx:hr>
          </gpxtpx:TrackPointExtension>
        </extensions>
      </trkpt>
      <trkpt lat="-33.8605298101902" lon="151.22116369195282">
        <ele>1.0</ele>
        <time>2026-08-28T02:33:30Z</time>
        <extensions>
          <gpxtpx:TrackPointExtension>
            <gpxtpx:hr>85</gpxtpx:hr>
          </gpxtpx:TrackPointExtension>
        </extensions>
      </trkpt>
      <trkpt lat="-33.86049980297685" lon="151.22116696089506">
        <ele>1.0</ele>
        <time>2026-08-28T02:33:33Z</time>
        <extensions>
          <gpxtpx:TrackPointExtension>
            <gpxtpx:hr>85</gpxtpx:hr>
          </gpxtpx:TrackPointExtension>
        </extensions>
      </trkpt>
      <trkpt lat="-33.860470885410905" lon="151.22117190621793">
        <ele>1.0</ele>
        <time>2026-08-28T02:33:36Z</time>
        <extensions>
          <gpxtpx:TrackPointExtension>
            <gpxtpx:hr>86</gpxtpx:hr>
          </gpxtpx:TrackPointExtension>
        </extensions>
      </trkpt>
      <trkpt lat="-33.860443979501724" lon="151.2211794499308">
        <ele>1.0</ele>
        <time>2026-08-28T02:33:39Z</time>
        <extensions>
          <gpxtpx:TrackPointExtension>
            <gpxtpx:hr>86</gpxtpx:hr>
          </gpxtpx:TrackPointExtension>
        </extensions>
      </trkpt>
      <trkpt lat="-33.860417660325766" lon="151.2211890053004">
        <ele>1.0</ele>
        <time>2026-08-28T02:33:42Z</time>
        <extensions>
          <gpxtpx:TrackPointExtension>
            <gpxtpx:hr>86</gpxtpx:hr>
          </gpxtpx:TrackPointExtension>
        </extensions>
      </trkpt>
      <trkpt lat="-33.860390251502395" lon="151.22119965031743">
        <ele>2.0</ele>
        <time>2026-08-28T02:33:45Z</time>
        <extensions>
          <gpxtpx:TrackPointExtension>
            <gpxtpx:hr>86</gpxtpx:hr>
          </gpxtpx:TrackPointExtension>
        </extensions>
      </trkpt>
      <trkpt lat="-33.86036259122193" lon="151.2212101276964">
        <ele>2.0</ele>
        <time>2026-08-28T02:33:48Z</time>
        <extensions>
          <gpxtpx:TrackPointExtension>
            <gpxtpx:hr>87</gpxtpx:hr>
          </gpxtpx:TrackPointExtension>
        </extensions>
      </trkpt>
      <trkpt lat="-33.86033300310373" lon="151.22121524065733">
        <ele>2.0</ele>
        <time>2026-08-28T02:33:51Z</time>
        <extensions>
          <gpxtpx:TrackPointExtension>
            <gpxtpx:hr>87</gpxtpx:hr>
          </gpxtpx:TrackPointExtension>
        </extensions>
      </trkpt>
      <trkpt lat="-33.86030207388103" lon="151.22122052125633">
        <ele>2.0</ele>
        <time>2026-08-28T02:33:54Z</time>
        <extensions>
          <gpxtpx:TrackPointExtension>
            <gpxtpx:hr>87</gpxtpx:hr>
          </gpxtpx:TrackPointExtension>
        </extensions>
      </trkpt>
      <trkpt lat="-33.86027114465833" lon="151.22122932225466">
        <ele>2.0</ele>
        <time>2026-08-28T02:33:57Z</time>
        <extensions>
          <gpxtpx:TrackPointExtension>
            <gpxtpx:hr>87</gpxtpx:hr>
          </gpxtpx:TrackPointExtension>
        </extensions>
      </trkpt>
      <trkpt lat="-33.86024088598788" lon="151.2212431523949">
        <ele>2.0</ele>
        <time>2026-08-28T02:34:00Z</time>
        <extensions>
          <gpxtpx:TrackPointExtension>
            <gpxtpx:hr>89</gpxtpx:hr>
          </gpxtpx:TrackPointExtension>
        </extensions>
      </trkpt>
      <trkpt lat="-33.86020937003195" lon="151.22125815600157">
        <ele>2.0</ele>
        <time>2026-08-28T02:34:03Z</time>
        <extensions>
          <gpxtpx:TrackPointExtension>
            <gpxtpx:hr>89</gpxtpx:hr>
          </gpxtpx:TrackPointExtension>
        </extensions>
      </trkpt>
      <trkpt lat="-33.860176177695394" lon="151.22126754373312">
        <ele>2.0</ele>
        <time>2026-08-28T02:34:06Z</time>
        <extensions>
          <gpxtpx:TrackPointExtension>
            <gpxtpx:hr>90</gpxtpx:hr>
          </gpxtpx:TrackPointExtension>
        </extensions>
      </trkpt>
      <trkpt lat="-33.86014373973012" lon="151.2212722375989">
        <ele>2.0</ele>
        <time>2026-08-28T02:34:09Z</time>
        <extensions>
          <gpxtpx:TrackPointExtension>
            <gpxtpx:hr>90</gpxtpx:hr>
          </gpxtpx:TrackPointExtension>
        </extensions>
      </trkpt>
      <trkpt lat="-33.86011155322194" lon="151.22127190232277">
        <ele>2.0</ele>
        <time>2026-08-28T02:34:12Z</time>
        <extensions>
          <gpxtpx:TrackPointExtension>
            <gpxtpx:hr>90</gpxtpx:hr>
          </gpxtpx:TrackPointExtension>
        </extensions>
      </trkpt>
      <trkpt lat="-33.86007936671376" lon="151.2212743330747">
        <ele>2.0</ele>
        <time>2026-08-28T02:34:15Z</time>
        <extensions>
          <gpxtpx:TrackPointExtension>
            <gpxtpx:hr>90</gpxtpx:hr>
          </gpxtpx:TrackPointExtension>
        </extensions>
      </trkpt>
      <trkpt lat="-33.860050700604916" lon="151.22128849849105">
        <ele>2.0</ele>
        <time>2026-08-28T02:34:18Z</time>
        <extensions>
          <gpxtpx:TrackPointExtension>
            <gpxtpx:hr>91</gpxtpx:hr>
          </gpxtpx:TrackPointExtension>
        </extensions>
      </trkpt>
      <trkpt lat="-33.86002253741026" lon="151.22130559757352">
        <ele>2.0</ele>
        <time>2026-08-28T02:34:21Z</time>
        <extensions>
          <gpxtpx:TrackPointExtension>
            <gpxtpx:hr>91</gpxtpx:hr>
          </gpxtpx:TrackPointExtension>
        </extensions>
      </trkpt>
      <trkpt lat="-33.8599893450737" lon="151.22131892479956">
        <ele>2.0</ele>
        <time>2026-08-28T02:34:24Z</time>
        <extensions>
          <gpxtpx:TrackPointExtension>
            <gpxtpx:hr>91</gpxtpx:hr>
          </gpxtpx:TrackPointExtension>
        </extensions>
      </trkpt>
      <trkpt lat="-33.85995456017554" lon="151.22133074328303">
        <ele>2.0</ele>
        <time>2026-08-28T02:34:27Z</time>
        <extensions>
          <gpxtpx:TrackPointExtension>
            <gpxtpx:hr>90</gpxtpx:hr>
          </gpxtpx:TrackPointExtension>
        </extensions>
      </trkpt>
      <trkpt lat="-33.8599219545722" lon="151.2213398795575">
        <ele>2.0</ele>
        <time>2026-08-28T02:34:30Z</time>
        <extensions>
          <gpxtpx:TrackPointExtension>
            <gpxtpx:hr>90</gpxtpx:hr>
          </gpxtpx:TrackPointExtension>
        </extensions>
      </trkpt>
      <trkpt lat="-33.859892785549164" lon="151.22134826146066">
        <ele>1.0</ele>
        <time>2026-08-28T02:34:33Z</time>
        <extensions>
          <gpxtpx:TrackPointExtension>
            <gpxtpx:hr>89</gpxtpx:hr>
          </gpxtpx:TrackPointExtension>
        </extensions>
      </trkpt>
      <trkpt lat="-33.859866969287395" lon="151.2213615886867">
        <ele>1.0</ele>
        <time>2026-08-28T02:34:36Z</time>
        <extensions>
          <gpxtpx:TrackPointExtension>
            <gpxtpx:hr>88</gpxtpx:hr>
          </gpxtpx:TrackPointExtension>
        </extensions>
      </trkpt>
      <trkpt lat="-33.85984316468239" lon="151.22137600556016">
        <ele>1.0</ele>
        <time>2026-08-28T02:34:39Z</time>
        <extensions>
          <gpxtpx:TrackPointExtension>
            <gpxtpx:hr>89</gpxtpx:hr>
          </gpxtpx:TrackPointExtension>
        </extensions>
      </trkpt>
      <trkpt lat="-33.85981399565935" lon="151.2213935237378">
        <ele>1.0</ele>
        <time>2026-08-28T02:34:42Z</time>
        <extensions>
          <gpxtpx:TrackPointExtension>
            <gpxtpx:hr>89</gpxtpx:hr>
          </gpxtpx:TrackPointExtension>
        </extensions>
      </trkpt>
      <trkpt lat="-33.859778456389904" lon="151.22141565196216">
        <ele>1.0</ele>
        <time>2026-08-28T02:34:45Z</time>
        <extensions>
          <gpxtpx:TrackPointExtension>
            <gpxtpx:hr>88</gpxtpx:hr>
          </gpxtpx:TrackPointExtension>
        </extensions>
      </trkpt>
      <trkpt lat="-33.859743336215615" lon="151.2214376963675">
        <ele>1.0</ele>
        <time>2026-08-28T02:34:48Z</time>
        <extensions>
          <gpxtpx:TrackPointExtension>
            <gpxtpx:hr>88</gpxtpx:hr>
          </gpxtpx:TrackPointExtension>
        </extensions>
      </trkpt>
      <trkpt lat="-33.85971274226904" lon="151.2214572262019">
        <ele>1.0</ele>
        <time>2026-08-28T02:34:51Z</time>
        <extensions>
          <gpxtpx:TrackPointExtension>
            <gpxtpx:hr>89</gpxtpx:hr>
          </gpxtpx:TrackPointExtension>
        </extensions>
      </trkpt>
      <trkpt lat="-33.859683237969875" lon="151.22147264890373">
        <ele>1.0</ele>
        <time>2026-08-28T02:34:54Z</time>
        <extensions>
          <gpxtpx:TrackPointExtension>
            <gpxtpx:hr>89</gpxtpx:hr>
          </gpxtpx:TrackPointExtension>
        </extensions>
      </trkpt>
      <trkpt lat="-33.859653482213616" lon="151.22148647904396">
        <ele>1.0</ele>
        <time>2026-08-28T02:34:57Z</time>
        <extensions>
          <gpxtpx:TrackPointExtension>
            <gpxtpx:hr>89</gpxtpx:hr>
          </gpxtpx:TrackPointExtension>
        </extensions>
      </trkpt>
      <trkpt lat="-33.859623642638326" lon="151.22149838134646">
        <ele>1.0</ele>
        <time>2026-08-28T02:35:00Z</time>
        <extensions>
          <gpxtpx:TrackPointExtension>
            <gpxtpx:hr>90</gpxtpx:hr>
          </gpxtpx:TrackPointExtension>
        </extensions>
      </trkpt>
      <trkpt lat="-33.85959614999592" lon="151.2215143069625">
        <ele>1.0</ele>
        <time>2026-08-28T02:35:03Z</time>
        <extensions>
          <gpxtpx:TrackPointExtension>
            <gpxtpx:hr>89</gpxtpx:hr>
          </gpxtpx:TrackPointExtension>
        </extensions>
      </trkpt>
      <trkpt lat="-33.85957066901028" lon="151.22153584845364">
        <ele>1.0</ele>
        <time>2026-08-28T02:35:06Z</time>
        <extensions>
          <gpxtpx:TrackPointExtension>
            <gpxtpx:hr>90</gpxtpx:hr>
          </gpxtpx:TrackPointExtension>
        </extensions>
      </trkpt>
      <trkpt lat="-33.85954409837723" lon="151.22155521064997">
        <ele>1.0</ele>
        <time>2026-08-28T02:35:09Z</time>
        <extensions>
          <gpxtpx:TrackPointExtension>
            <gpxtpx:hr>90</gpxtpx:hr>
          </gpxtpx:TrackPointExtension>
        </extensions>
      </trkpt>
      <trkpt lat="-33.85951870121062" lon="151.2215690407902">
        <ele>1.0</ele>
        <time>2026-08-28T02:35:12Z</time>
        <extensions>
          <gpxtpx:TrackPointExtension>
            <gpxtpx:hr>90</gpxtpx:hr>
          </gpxtpx:TrackPointExtension>
        </extensions>
      </trkpt>
      <trkpt lat="-33.85949254967272" lon="151.22158161364496">
        <ele>1.0</ele>
        <time>2026-08-28T02:35:24Z</time>
        <extensions>
          <gpxtpx:TrackPointExtension>
            <gpxtpx:hr>86</gpxtpx:hr>
          </gpxtpx:TrackPointExtension>
        </extensions>
      </trkpt>
      <trkpt lat="-33.85947888717055" lon="151.22159158810973">
        <ele>1.0</ele>
        <time>2026-08-28T02:35:27Z</time>
        <extensions>
          <gpxtpx:TrackPointExtension>
            <gpxtpx:hr>84</gpxtpx:hr>
          </gpxtpx:TrackPointExtension>
        </extensions>
      </trkpt>
      <trkpt lat="-33.85945717804134" lon="151.2216102797538">
        <ele>1.0</ele>
        <time>2026-08-28T02:35:30Z</time>
        <extensions>
          <gpxtpx:TrackPointExtension>
            <gpxtpx:hr>84</gpxtpx:hr>
          </gpxtpx:TrackPointExtension>
        </extensions>
      </trkpt>
      <trkpt lat="-33.85943027213216" lon="151.22162603773177">
        <ele>1.0</ele>
        <time>2026-08-28T02:35:33Z</time>
        <extensions>
          <gpxtpx:TrackPointExtension>
            <gpxtpx:hr>87</gpxtpx:hr>
          </gpxtpx:TrackPointExtension>
        </extensions>
      </trkpt>
      <trkpt lat="-33.859402276575565" lon="151.2216361798346">
        <ele>1.0</ele>
        <time>2026-08-28T02:35:36Z</time>
        <extensions>
          <gpxtpx:TrackPointExtension>
            <gpxtpx:hr>90</gpxtpx:hr>
          </gpxtpx:TrackPointExtension>
        </extensions>
      </trkpt>
      <trkpt lat="-33.85937838815153" lon="151.22163861058652">
        <ele>1.0</ele>
        <time>2026-08-28T02:36:30Z</time>
        <extensions>
          <gpxtpx:TrackPointExtension>
            <gpxtpx:hr>81</gpxtpx:hr>
          </gpxtpx:TrackPointExtension>
        </extensions>
      </trkpt>
      <trkpt lat="-33.859362211078405" lon="151.22164900414646">
        <ele>1.0</ele>
        <time>2026-08-28T02:36:33Z</time>
        <extensions>
          <gpxtpx:TrackPointExtension>
            <gpxtpx:hr>82</gpxtpx:hr>
          </gpxtpx:TrackPointExtension>
        </extensions>
      </trkpt>
      <trkpt lat="-33.85933849029243" lon="151.22166384011507">
        <ele>1.0</ele>
        <time>2026-08-28T02:36:36Z</time>
        <extensions>
          <gpxtpx:TrackPointExtension>
            <gpxtpx:hr>84</gpxtpx:hr>
          </gpxtpx:TrackPointExtension>
        </extensions>
      </trkpt>
      <trkpt lat="-33.85931359604001" lon="151.22168010100722">
        <ele>1.0</ele>
        <time>2026-08-28T02:36:39Z</time>
        <extensions>
          <gpxtpx:TrackPointExtension>
            <gpxtpx:hr>85</gpxtpx:hr>
          </gpxtpx:TrackPointExtension>
        </extensions>
      </trkpt>
      <trkpt lat="-33.85929096490145" lon="151.22169845737517">
        <ele>1.0</ele>
        <time>2026-08-28T02:36:42Z</time>
        <extensions>
          <gpxtpx:TrackPointExtension>
            <gpxtpx:hr>85</gpxtpx:hr>
          </gpxtpx:TrackPointExtension>
        </extensions>
      </trkpt>
      <trkpt lat="-33.859274284914136" lon="151.2217199150473">
        <ele>1.0</ele>
        <time>2026-08-28T02:36:45Z</time>
        <extensions>
          <gpxtpx:TrackPointExtension>
            <gpxtpx:hr>85</gpxtpx:hr>
          </gpxtpx:TrackPointExtension>
        </extensions>
      </trkpt>
      <trkpt lat="-33.85926464572549" lon="151.22174564749002">
        <ele>1.0</ele>
        <time>2026-08-28T02:36:48Z</time>
        <extensions>
          <gpxtpx:TrackPointExtension>
            <gpxtpx:hr>84</gpxtpx:hr>
          </gpxtpx:TrackPointExtension>
        </extensions>
      </trkpt>
      <trkpt lat="-33.85925869457424" lon="151.22176869772375">
        <ele>1.0</ele>
        <time>2026-08-28T02:36:51Z</time>
        <extensions>
          <gpxtpx:TrackPointExtension>
            <gpxtpx:hr>81</gpxtpx:hr>
          </gpxtpx:TrackPointExtension>
        </extensions>
      </trkpt>
      <trkpt lat="-33.859247798100114" lon="151.2217934243381">
        <ele>1.0</ele>
        <time>2026-08-28T02:36:54Z</time>
        <extensions>
          <gpxtpx:TrackPointExtension>
            <gpxtpx:hr>80</gpxtpx:hr>
          </gpxtpx:TrackPointExtension>
        </extensions>
      </trkpt>
      <trkpt lat="-33.859220556914806" lon="151.2218280415982">
        <ele>1.0</ele>
        <time>2026-08-28T02:37:24Z</time>
        <extensions>
          <gpxtpx:TrackPointExtension>
            <gpxtpx:hr>79</gpxtpx:hr>
          </gpxtpx:TrackPointExtension>
        </extensions>
      </trkpt>
      <trkpt lat="-33.85922214947641" lon="151.2218119483441">
        <ele>1.0</ele>
        <time>2026-08-28T02:37:27Z</time>
        <extensions>
          <gpxtpx:TrackPointExtension>
            <gpxtpx:hr>79</gpxtpx:hr>
          </gpxtpx:TrackPointExtension>
        </extensions>
      </trkpt>
      <trkpt lat="-33.859231788665056" lon="151.22178562916815">
        <ele>1.0</ele>
        <time>2026-08-28T02:37:30Z</time>
        <extensions>
          <gpxtpx:TrackPointExtension>
            <gpxtpx:hr>79</gpxtpx:hr>
          </gpxtpx:TrackPointExtension>
        </extensions>
      </trkpt>
      <trkpt lat="-33.85925265960395" lon="151.22176375240088">
        <ele>1.0</ele>
        <time>2026-08-28T02:38:18Z</time>
        <extensions>
          <gpxtpx:TrackPointExtension>
            <gpxtpx:hr>78</gpxtpx:hr>
          </gpxtpx:TrackPointExtension>
        </extensions>
      </trkpt>
      <trkpt lat="-33.85926950722933" lon="151.22174791060388">
        <ele>1.0</ele>
        <time>2026-08-28T02:38:21Z</time>
        <extensions>
          <gpxtpx:TrackPointExtension>
            <gpxtpx:hr>80</gpxtpx:hr>
          </gpxtpx:TrackPointExtension>
        </extensions>
      </trkpt>
      <trkpt lat="-33.859289456158876" lon="151.22172888368368">
        <ele>1.0</ele>
        <time>2026-08-28T02:38:24Z</time>
        <extensions>
          <gpxtpx:TrackPointExtension>
            <gpxtpx:hr>84</gpxtpx:hr>
          </gpxtpx:TrackPointExtension>
        </extensions>
      </trkpt>
      <trkpt lat="-33.8593159429729" lon="151.22170918621123">
        <ele>1.0</ele>
        <time>2026-08-28T02:38:27Z</time>
        <extensions>
          <gpxtpx:TrackPointExtension>
            <gpxtpx:hr>85</gpxtpx:hr>
          </gpxtpx:TrackPointExtension>
        </extensions>
      </trkpt>
      <trkpt lat="-33.85934578254819" lon="151.2216974515468">
        <ele>1.0</ele>
        <time>2026-08-28T02:38:30Z</time>
        <extensions>
          <gpxtpx:TrackPointExtension>
            <gpxtpx:hr>85</gpxtpx:hr>
          </gpxtpx:TrackPointExtension>
        </extensions>
      </trkpt>
      <trkpt lat="-33.85937813669443" lon="151.2216877285391">
        <ele>1.0</ele>
        <time>2026-08-28T02:38:33Z</time>
        <extensions>
          <gpxtpx:TrackPointExtension>
            <gpxtpx:hr>84</gpxtpx:hr>
          </gpxtpx:TrackPointExtension>
        </extensions>
      </trkpt>
      <trkpt lat="-33.85940839536488" lon="151.22167414985597">
        <ele>1.0</ele>
        <time>2026-08-28T02:38:36Z</time>
        <extensions>
          <gpxtpx:TrackPointExtension>
            <gpxtpx:hr>83</gpxtpx:hr>
          </gpxtpx:TrackPointExtension>
        </extensions>
      </trkpt>
      <trkpt lat="-33.859435049816966" lon="151.2216586433351">
        <ele>1.0</ele>
        <time>2026-08-28T02:38:39Z</time>
        <extensions>
          <gpxtpx:TrackPointExtension>
            <gpxtpx:hr>84</gpxtpx:hr>
          </gpxtpx:TrackPointExtension>
        </extensions>
      </trkpt>
      <trkpt lat="-33.85946170426905" lon="151.2216438073665">
        <ele>1.0</ele>
        <time>2026-08-28T02:38:42Z</time>
        <extensions>
          <gpxtpx:TrackPointExtension>
            <gpxtpx:hr>85</gpxtpx:hr>
          </gpxtpx:TrackPointExtension>
        </extensions>
      </trkpt>
      <trkpt lat="-33.859488693997264" lon="151.2216316536069">
        <ele>1.0</ele>
        <time>2026-08-28T02:38:45Z</time>
        <extensions>
          <gpxtpx:TrackPointExtension>
            <gpxtpx:hr>84</gpxtpx:hr>
          </gpxtpx:TrackPointExtension>
        </extensions>
      </trkpt>
      <trkpt lat="-33.85951585136354" lon="151.22162159532309">
        <ele>1.0</ele>
        <time>2026-08-28T02:38:48Z</time>
        <extensions>
          <gpxtpx:TrackPointExtension>
            <gpxtpx:hr>85</gpxtpx:hr>
          </gpxtpx:TrackPointExtension>
        </extensions>
      </trkpt>
      <trkpt lat="-33.85954409837723" lon="151.22161271050572">
        <ele>1.0</ele>
        <time>2026-08-28T02:38:51Z</time>
        <extensions>
          <gpxtpx:TrackPointExtension>
            <gpxtpx:hr>87</gpxtpx:hr>
          </gpxtpx:TrackPointExtension>
        </extensions>
      </trkpt>
      <trkpt lat="-33.859572848305106" lon="151.2216039095074">
        <ele>1.0</ele>
        <time>2026-08-28T02:38:54Z</time>
        <extensions>
          <gpxtpx:TrackPointExtension>
            <gpxtpx:hr>87</gpxtpx:hr>
          </gpxtpx:TrackPointExtension>
        </extensions>
      </trkpt>
      <trkpt lat="-33.8595992513001" lon="151.22159368358552">
        <ele>1.0</ele>
        <time>2026-08-28T02:38:57Z</time>
        <extensions>
          <gpxtpx:TrackPointExtension>
            <gpxtpx:hr>87</gpxtpx:hr>
          </gpxtpx:TrackPointExtension>
        </extensions>
      </trkpt>
      <trkpt lat="-33.85962238535285" lon="151.2215811945498">
        <ele>1.0</ele>
        <time>2026-08-28T02:39:00Z</time>
        <extensions>
          <gpxtpx:TrackPointExtension>
            <gpxtpx:hr>88</gpxtpx:hr>
          </gpxtpx:TrackPointExtension>
        </extensions>
      </trkpt>
      <trkpt lat="-33.85964426212013" lon="151.22156661003828">
        <ele>1.0</ele>
        <time>2026-08-28T02:39:03Z</time>
        <extensions>
          <gpxtpx:TrackPointExtension>
            <gpxtpx:hr>87</gpxtpx:hr>
          </gpxtpx:TrackPointExtension>
        </extensions>
      </trkpt>
      <trkpt lat="-33.85966840200126" lon="151.22155512683094">
        <ele>1.0</ele>
        <time>2026-08-28T02:39:06Z</time>
        <extensions>
          <gpxtpx:TrackPointExtension>
            <gpxtpx:hr>86</gpxtpx:hr>
          </gpxtpx:TrackPointExtension>
        </extensions>
      </trkpt>
      <trkpt lat="-33.85969530791044" lon="151.22154749929905">
        <ele>1.0</ele>
        <time>2026-08-28T02:39:09Z</time>
        <extensions>
          <gpxtpx:TrackPointExtension>
            <gpxtpx:hr>87</gpxtpx:hr>
          </gpxtpx:TrackPointExtension>
        </extensions>
      </trkpt>
      <trkpt lat="-33.85971969924867" lon="151.2215339206159">
        <ele>1.0</ele>
        <time>2026-08-28T02:39:12Z</time>
        <extensions>
          <gpxtpx:TrackPointExtension>
            <gpxtpx:hr>88</gpxtpx:hr>
          </gpxtpx:TrackPointExtension>
        </extensions>
      </trkpt>
      <trkpt lat="-33.859741911292076" lon="151.22151439078152">
        <ele>1.0</ele>
        <time>2026-08-28T02:39:15Z</time>
        <extensions>
          <gpxtpx:TrackPointExtension>
            <gpxtpx:hr>88</gpxtpx:hr>
          </gpxtpx:TrackPointExtension>
        </extensions>
      </trkpt>
      <trkpt lat="-33.8597631175071" lon="151.22149511240423">
        <ele>1.0</ele>
        <time>2026-08-28T02:39:18Z</time>
        <extensions>
          <gpxtpx:TrackPointExtension>
            <gpxtpx:hr>89</gpxtpx:hr>
          </gpxtpx:TrackPointExtension>
        </extensions>
      </trkpt>
      <trkpt lat="-33.85978549718857" lon="151.2214794382453">
        <ele>1.0</ele>
        <time>2026-08-28T02:39:21Z</time>
        <extensions>
          <gpxtpx:TrackPointExtension>
            <gpxtpx:hr>89</gpxtpx:hr>
          </gpxtpx:TrackPointExtension>
        </extensions>
      </trkpt>
      <trkpt lat="-33.8598098885268" lon="151.22146418318152">
        <ele>1.0</ele>
        <time>2026-08-28T02:39:24Z</time>
        <extensions>
          <gpxtpx:TrackPointExtension>
            <gpxtpx:hr>89</gpxtpx:hr>
          </gpxtpx:TrackPointExtension>
        </extensions>
      </trkpt>
      <trkpt lat="-33.85983461514115" lon="151.2214572262019">
        <ele>1.0</ele>
        <time>2026-08-28T02:39:27Z</time>
        <extensions>
          <gpxtpx:TrackPointExtension>
            <gpxtpx:hr>90</gpxtpx:hr>
          </gpxtpx:TrackPointExtension>
        </extensions>
      </trkpt>
      <trkpt lat="-33.859858000651" lon="151.22145412489772">
        <ele>1.0</ele>
        <time>2026-08-28T02:39:30Z</time>
        <extensions>
          <gpxtpx:TrackPointExtension>
            <gpxtpx:hr>92</gpxtpx:hr>
          </gpxtpx:TrackPointExtension>
        </extensions>
      </trkpt>
      <trkpt lat="-33.859877698123455" lon="151.22144490480423">
        <ele>1.0</ele>
        <time>2026-08-28T02:39:33Z</time>
        <extensions>
          <gpxtpx:TrackPointExtension>
            <gpxtpx:hr>94</gpxtpx:hr>
          </gpxtpx:TrackPointExtension>
        </extensions>
      </trkpt>
      <trkpt lat="-33.8598978985101" lon="151.22143233194947">
        <ele>1.0</ele>
        <time>2026-08-28T02:39:36Z</time>
        <extensions>
          <gpxtpx:TrackPointExtension>
            <gpxtpx:hr>95</gpxtpx:hr>
          </gpxtpx:TrackPointExtension>
        </extensions>
      </trkpt>
      <trkpt lat="-33.85992371477187" lon="151.22141799889505">
        <ele>1.0</ele>
        <time>2026-08-28T02:39:39Z</time>
        <extensions>
          <gpxtpx:TrackPointExtension>
            <gpxtpx:hr>95</gpxtpx:hr>
          </gpxtpx:TrackPointExtension>
        </extensions>
      </trkpt>
      <trkpt lat="-33.85995514690876" lon="151.22140115126967">
        <ele>1.0</ele>
        <time>2026-08-28T02:39:42Z</time>
        <extensions>
          <gpxtpx:TrackPointExtension>
            <gpxtpx:hr>92</gpxtpx:hr>
          </gpxtpx:TrackPointExtension>
        </extensions>
      </trkpt>
      <trkpt lat="-33.85999127291143" lon="151.22138413600624">
        <ele>1.0</ele>
        <time>2026-08-28T02:39:45Z</time>
        <extensions>
          <gpxtpx:TrackPointExtension>
            <gpxtpx:hr>90</gpxtpx:hr>
          </gpxtpx:TrackPointExtension>
        </extensions>
      </trkpt>
      <trkpt lat="-33.860025806352496" lon="151.2213705573231">
        <ele>1.0</ele>
        <time>2026-08-28T02:39:48Z</time>
        <extensions>
          <gpxtpx:TrackPointExtension>
            <gpxtpx:hr>90</gpxtpx:hr>
          </gpxtpx:TrackPointExtension>
        </extensions>
      </trkpt>
      <trkpt lat="-33.860056567937136" lon="151.221359744668">
        <ele>1.0</ele>
        <time>2026-08-28T02:39:51Z</time>
        <extensions>
          <gpxtpx:TrackPointExtension>
            <gpxtpx:hr>89</gpxtpx:hr>
          </gpxtpx:TrackPointExtension>
        </extensions>
      </trkpt>
      <trkpt lat="-33.860088251531124" lon="151.2213501892984">
        <ele>1.0</ele>
        <time>2026-08-28T02:39:54Z</time>
        <extensions>
          <gpxtpx:TrackPointExtension>
            <gpxtpx:hr>89</gpxtpx:hr>
          </gpxtpx:TrackPointExtension>
        </extensions>
      </trkpt>
      <trkpt lat="-33.860117672011256" lon="151.22134013101459">
        <ele>1.0</ele>
        <time>2026-08-28T02:39:57Z</time>
        <extensions>
          <gpxtpx:TrackPointExtension>
            <gpxtpx:hr>87</gpxtpx:hr>
          </gpxtpx:TrackPointExtension>
        </extensions>
      </trkpt>
      <trkpt lat="-33.860144494101405" lon="151.22132604941726">
        <ele>1.0</ele>
        <time>2026-08-28T02:40:00Z</time>
        <extensions>
          <gpxtpx:TrackPointExtension>
            <gpxtpx:hr>86</gpxtpx:hr>
          </gpxtpx:TrackPointExtension>
        </extensions>
      </trkpt>
      <trkpt lat="-33.86017047800124" lon="151.22131330892444">
        <ele>1.0</ele>
        <time>2026-08-28T02:40:03Z</time>
        <extensions>
          <gpxtpx:TrackPointExtension>
            <gpxtpx:hr>85</gpxtpx:hr>
          </gpxtpx:TrackPointExtension>
        </extensions>
      </trkpt>
      <trkpt lat="-33.860197216272354" lon="151.22130484320223">
        <ele>1.0</ele>
        <time>2026-08-28T02:40:06Z</time>
        <extensions>
          <gpxtpx:TrackPointExtension>
            <gpxtpx:hr>85</gpxtpx:hr>
          </gpxtpx:TrackPointExtension>
        </extensions>
      </trkpt>
      <trkpt lat="-33.860228983685374" lon="151.22129889205098">
        <ele>1.0</ele>
        <time>2026-08-28T02:40:09Z</time>
        <extensions>
          <gpxtpx:TrackPointExtension>
            <gpxtpx:hr>85</gpxtpx:hr>
          </gpxtpx:TrackPointExtension>
        </extensions>
      </trkpt>
      <trkpt lat="-33.86026200838387" lon="151.22129243798554">
        <ele>1.0</ele>
        <time>2026-08-28T02:40:12Z</time>
        <extensions>
          <gpxtpx:TrackPointExtension>
            <gpxtpx:hr>85</gpxtpx:hr>
          </gpxtpx:TrackPointExtension>
        </extensions>
      </trkpt>
      <trkpt lat="-33.86029293760657" lon="151.2212843913585">
        <ele>1.0</ele>
        <time>2026-08-28T02:40:15Z</time>
        <extensions>
          <gpxtpx:TrackPointExtension>
            <gpxtpx:hr>86</gpxtpx:hr>
          </gpxtpx:TrackPointExtension>
        </extensions>
      </trkpt>
      <trkpt lat="-33.860323866829276" lon="151.22127709910274">
        <ele>1.0</ele>
        <time>2026-08-28T02:40:18Z</time>
        <extensions>
          <gpxtpx:TrackPointExtension>
            <gpxtpx:hr>88</gpxtpx:hr>
          </gpxtpx:TrackPointExtension>
        </extensions>
      </trkpt>
      <trkpt lat="-33.86035370640457" lon="151.2212674599141">
        <ele>1.0</ele>
        <time>2026-08-28T02:40:21Z</time>
        <extensions>
          <gpxtpx:TrackPointExtension>
            <gpxtpx:hr>90</gpxtpx:hr>
          </gpxtpx:TrackPointExtension>
        </extensions>
      </trkpt>
      <trkpt lat="-33.86038455180824" lon="151.22125698253512">
        <ele>1.0</ele>
        <time>2026-08-28T02:40:24Z</time>
        <extensions>
          <gpxtpx:TrackPointExtension>
            <gpxtpx:hr>89</gpxtpx:hr>
          </gpxtpx:TrackPointExtension>
        </extensions>
      </trkpt>
      <trkpt lat="-33.860417660325766" lon="151.22125052846968">
        <ele>1.0</ele>
        <time>2026-08-28T02:40:27Z</time>
        <extensions>
          <gpxtpx:TrackPointExtension>
            <gpxtpx:hr>87</gpxtpx:hr>
          </gpxtpx:TrackPointExtension>
        </extensions>
      </trkpt>
      <trkpt lat="-33.86045076884329" lon="151.2212447449565">
        <ele>1.0</ele>
        <time>2026-08-28T02:40:30Z</time>
        <extensions>
          <gpxtpx:TrackPointExtension>
            <gpxtpx:hr>85</gpxtpx:hr>
          </gpxtpx:TrackPointExtension>
        </extensions>
      </trkpt>
      <trkpt lat="-33.86048438027501" lon="151.22123560868204">
        <ele>1.0</ele>
        <time>2026-08-28T02:40:33Z</time>
        <extensions>
          <gpxtpx:TrackPointExtension>
            <gpxtpx:hr>83</gpxtpx:hr>
          </gpxtpx:TrackPointExtension>
        </extensions>
      </trkpt>
      <trkpt lat="-33.86051715351641" lon="151.22122353874147">
        <ele>1.0</ele>
        <time>2026-08-28T02:40:36Z</time>
        <extensions>
          <gpxtpx:TrackPointExtension>
            <gpxtpx:hr>82</gpxtpx:hr>
          </gpxtpx:TrackPointExtension>
        </extensions>
      </trkpt>
      <trkpt lat="-33.86054841801524" lon="151.22121054679155">
        <ele>1.0</ele>
        <time>2026-08-28T02:40:39Z</time>
        <extensions>
          <gpxtpx:TrackPointExtension>
            <gpxtpx:hr>80</gpxtpx:hr>
          </gpxtpx:TrackPointExtension>
        </extensions>
      </trkpt>
      <trkpt lat="-33.86057859286666" lon="151.2211972195655">
        <ele>1.0</ele>
        <time>2026-08-28T02:40:42Z</time>
        <extensions>
          <gpxtpx:TrackPointExtension>
            <gpxtpx:hr>81</gpxtpx:hr>
          </gpxtpx:TrackPointExtension>
        </extensions>
      </trkpt>
      <trkpt lat="-33.86061044409871" lon="151.22118783183396">
        <ele>1.0</ele>
        <time>2026-08-28T02:40:45Z</time>
        <extensions>
          <gpxtpx:TrackPointExtension>
            <gpxtpx:hr>83</gpxtpx:hr>
          </gpxtpx:TrackPointExtension>
        </extensions>
      </trkpt>
      <trkpt lat="-33.860644893720746" lon="151.2211768515408">
        <ele>1.0</ele>
        <time>2026-08-28T02:40:48Z</time>
        <extensions>
          <gpxtpx:TrackPointExtension>
            <gpxtpx:hr>82</gpxtpx:hr>
          </gpxtpx:TrackPointExtension>
        </extensions>
      </trkpt>
      <trkpt lat="-33.8606817740947" lon="151.22116411104798">
        <ele>1.0</ele>
        <time>2026-08-28T02:40:51Z</time>
        <extensions>
          <gpxtpx:TrackPointExtension>
            <gpxtpx:hr>81</gpxtpx:hr>
          </gpxtpx:TrackPointExtension>
        </extensions>
      </trkpt>
      <trkpt lat="-33.86071731336415" lon="151.22115128673613">
        <ele>1.0</ele>
        <time>2026-08-28T02:40:54Z</time>
        <extensions>
          <gpxtpx:TrackPointExtension>
            <gpxtpx:hr>81</gpxtpx:hr>
          </gpxtpx:TrackPointExtension>
        </extensions>
      </trkpt>
      <trkpt lat="-33.86075025424361" lon="151.2211419828236">
        <ele>1.0</ele>
        <time>2026-08-28T02:40:57Z</time>
        <extensions>
          <gpxtpx:TrackPointExtension>
            <gpxtpx:hr>83</gpxtpx:hr>
          </gpxtpx:TrackPointExtension>
        </extensions>
      </trkpt>
      <trkpt lat="-33.860781602561474" lon="151.22113318182528">
        <ele>1.0</ele>
        <time>2026-08-28T02:41:00Z</time>
        <extensions>
          <gpxtpx:TrackPointExtension>
            <gpxtpx:hr>87</gpxtpx:hr>
          </gpxtpx:TrackPointExtension>
        </extensions>
      </trkpt>
      <trkpt lat="-33.86081160977483" lon="151.22112060897052">
        <ele>1.0</ele>
        <time>2026-08-28T02:41:03Z</time>
        <extensions>
          <gpxtpx:TrackPointExtension>
            <gpxtpx:hr>90</gpxtpx:hr>
          </gpxtpx:TrackPointExtension>
        </extensions>
      </trkpt>
      <trkpt lat="-33.86084069497883" lon="151.22110610827804">
        <ele>1.0</ele>
        <time>2026-08-28T02:41:06Z</time>
        <extensions>
          <gpxtpx:TrackPointExtension>
            <gpxtpx:hr>91</gpxtpx:hr>
          </gpxtpx:TrackPointExtension>
        </extensions>
      </trkpt>
      <trkpt lat="-33.860870115458965" lon="151.22109345160425">
        <ele>1.0</ele>
        <time>2026-08-28T02:41:09Z</time>
        <extensions>
          <gpxtpx:TrackPointExtension>
            <gpxtpx:hr>90</gpxtpx:hr>
          </gpxtpx:TrackPointExtension>
        </extensions>
      </trkpt>
      <trkpt lat="-33.86090070940554" lon="151.22108280658722">
        <ele>1.0</ele>
        <time>2026-08-28T02:41:12Z</time>
        <extensions>
          <gpxtpx:TrackPointExtension>
            <gpxtpx:hr>90</gpxtpx:hr>
          </gpxtpx:TrackPointExtension>
        </extensions>
      </trkpt>
      <trkpt lat="-33.86093339882791" lon="151.22107224538922">
        <ele>1.0</ele>
        <time>2026-08-28T02:41:15Z</time>
        <extensions>
          <gpxtpx:TrackPointExtension>
            <gpxtpx:hr>91</gpxtpx:hr>
          </gpxtpx:TrackPointExtension>
        </extensions>
      </trkpt>
      <trkpt lat="-33.860966842621565" lon="151.22106034308672">
        <ele>1.0</ele>
        <time>2026-08-28T02:41:18Z</time>
        <extensions>
          <gpxtpx:TrackPointExtension>
            <gpxtpx:hr>91</gpxtpx:hr>
          </gpxtpx:TrackPointExtension>
        </extensions>
      </trkpt>
      <trkpt lat="-33.86099928058684" lon="151.2210468482226">
        <ele>1.0</ele>
        <time>2026-08-28T02:41:21Z</time>
        <extensions>
          <gpxtpx:TrackPointExtension>
            <gpxtpx:hr>90</gpxtpx:hr>
          </gpxtpx:TrackPointExtension>
        </extensions>
      </trkpt>
      <trkpt lat="-33.86102928780019" lon="151.2210315093398">
        <ele>1.0</ele>
        <time>2026-08-28T02:41:24Z</time>
        <extensions>
          <gpxtpx:TrackPointExtension>
            <gpxtpx:hr>90</gpxtpx:hr>
          </gpxtpx:TrackPointExtension>
        </extensions>
      </trkpt>
      <trkpt lat="-33.86105895973742" lon="151.22101650573313">
        <ele>1.0</ele>
        <time>2026-08-28T02:41:27Z</time>
        <extensions>
          <gpxtpx:TrackPointExtension>
            <gpxtpx:hr>91</gpxtpx:hr>
          </gpxtpx:TrackPointExtension>
        </extensions>
      </trkpt>
      <trkpt lat="-33.86109131388366" lon="151.22100468724966">
        <ele>1.0</ele>
        <time>2026-08-28T02:41:30Z</time>
        <extensions>
          <gpxtpx:TrackPointExtension>
            <gpxtpx:hr>91</gpxtpx:hr>
          </gpxtpx:TrackPointExtension>
        </extensions>
      </trkpt>
      <trkpt lat="-33.86112534441054" lon="151.22099538333714">
        <ele>1.0</ele>
        <time>2026-08-28T02:41:33Z</time>
        <extensions>
          <gpxtpx:TrackPointExtension>
            <gpxtpx:hr>91</gpxtpx:hr>
          </gpxtpx:TrackPointExtension>
        </extensions>
      </trkpt>
      <trkpt lat="-33.86115878820419" lon="151.22098431922495">
        <ele>1.0</ele>
        <time>2026-08-28T02:41:36Z</time>
        <extensions>
          <gpxtpx:TrackPointExtension>
            <gpxtpx:hr>91</gpxtpx:hr>
          </gpxtpx:TrackPointExtension>
        </extensions>
      </trkpt>
      <trkpt lat="-33.861191142350435" lon="151.22097208164632">
        <ele>1.0</ele>
        <time>2026-08-28T02:41:39Z</time>
        <extensions>
          <gpxtpx:TrackPointExtension>
            <gpxtpx:hr>92</gpxtpx:hr>
          </gpxtpx:TrackPointExtension>
        </extensions>
      </trkpt>
      <trkpt lat="-33.861222406849265" lon="151.22095892205834">
        <ele>1.0</ele>
        <time>2026-08-28T02:41:42Z</time>
        <extensions>
          <gpxtpx:TrackPointExtension>
            <gpxtpx:hr>92</gpxtpx:hr>
          </gpxtpx:TrackPointExtension>
        </extensions>
      </trkpt>
      <trkpt lat="-33.861252162605524" lon="151.22094601392746">
        <ele>1.0</ele>
        <time>2026-08-28T02:41:45Z</time>
        <extensions>
          <gpxtpx:TrackPointExtension>
            <gpxtpx:hr>93</gpxtpx:hr>
          </gpxtpx:TrackPointExtension>
        </extensions>
      </trkpt>
      <trkpt lat="-33.86128267273307" lon="151.22093243524432">
        <ele>1.0</ele>
        <time>2026-08-28T02:41:48Z</time>
        <extensions>
          <gpxtpx:TrackPointExtension>
            <gpxtpx:hr>92</gpxtpx:hr>
          </gpxtpx:TrackPointExtension>
        </extensions>
      </trkpt>
      <trkpt lat="-33.861314691603184" lon="151.22091642580926">
        <ele>1.0</ele>
        <time>2026-08-28T02:41:51Z</time>
        <extensions>
          <gpxtpx:TrackPointExtension>
            <gpxtpx:hr>92</gpxtpx:hr>
          </gpxtpx:TrackPointExtension>
        </extensions>
      </trkpt>
      <trkpt lat="-33.861346961930394" lon="151.22090050019324">
        <ele>1.0</ele>
        <time>2026-08-28T02:41:54Z</time>
        <extensions>
          <gpxtpx:TrackPointExtension>
            <gpxtpx:hr>92</gpxtpx:hr>
          </gpxtpx:TrackPointExtension>
        </extensions>
      </trkpt>
      <trkpt lat="-33.86137939989567" lon="151.22088683769107">
        <ele>1.0</ele>
        <time>2026-08-28T02:41:57Z</time>
        <extensions>
          <gpxtpx:TrackPointExtension>
            <gpxtpx:hr>92</gpxtpx:hr>
          </gpxtpx:TrackPointExtension>
        </extensions>
      </trkpt>
      <trkpt lat="-33.86141208931804" lon="151.22087325900793">
        <ele>1.0</ele>
        <time>2026-08-28T02:42:00Z</time>
        <extensions>
          <gpxtpx:TrackPointExtension>
            <gpxtpx:hr>92</gpxtpx:hr>
          </gpxtpx:TrackPointExtension>
        </extensions>
      </trkpt>
      <trkpt lat="-33.861445281654596" lon="151.22085926122963">
        <ele>1.0</ele>
        <time>2026-08-28T02:42:03Z</time>
        <extensions>
          <gpxtpx:TrackPointExtension>
            <gpxtpx:hr>92</gpxtpx:hr>
          </gpxtpx:TrackPointExtension>
        </extensions>
      </trkpt>
      <trkpt lat="-33.86147855781019" lon="151.22084425762296">
        <ele>1.0</ele>
        <time>2026-08-28T02:42:06Z</time>
        <extensions>
          <gpxtpx:TrackPointExtension>
            <gpxtpx:hr>92</gpxtpx:hr>
          </gpxtpx:TrackPointExtension>
        </extensions>
      </trkpt>
      <trkpt lat="-33.86151158250868" lon="151.2208319362253">
        <ele>1.0</ele>
        <time>2026-08-28T02:42:09Z</time>
        <extensions>
          <gpxtpx:TrackPointExtension>
            <gpxtpx:hr>91</gpxtpx:hr>
          </gpxtpx:TrackPointExtension>
        </extensions>
      </trkpt>
      <trkpt lat="-33.8615436013788" lon="151.22081886045635">
        <ele>1.0</ele>
        <time>2026-08-28T02:42:12Z</time>
        <extensions>
          <gpxtpx:TrackPointExtension>
            <gpxtpx:hr>91</gpxtpx:hr>
          </gpxtpx:TrackPointExtension>
        </extensions>
      </trkpt>
      <trkpt lat="-33.86157394386828" lon="151.2208041921258">
        <ele>1.0</ele>
        <time>2026-08-28T02:42:15Z</time>
        <extensions>
          <gpxtpx:TrackPointExtension>
            <gpxtpx:hr>91</gpxtpx:hr>
          </gpxtpx:TrackPointExtension>
        </extensions>
      </trkpt>
      <trkpt lat="-33.86160336434841" lon="151.2207891047001">
        <ele>1.0</ele>
        <time>2026-08-28T02:42:18Z</time>
        <extensions>
          <gpxtpx:TrackPointExtension>
            <gpxtpx:hr>91</gpxtpx:hr>
          </gpxtpx:TrackPointExtension>
        </extensions>
      </trkpt>
      <trkpt lat="-33.861630856990814" lon="151.22077343054116">
        <ele>1.0</ele>
        <time>2026-08-28T02:42:21Z</time>
        <extensions>
          <gpxtpx:TrackPointExtension>
            <gpxtpx:hr>92</gpxtpx:hr>
          </gpxtpx:TrackPointExtension>
        </extensions>
      </trkpt>
      <trkpt lat="-33.86165943928063" lon="151.22075725346804">
        <ele>1.0</ele>
        <time>2026-08-28T02:42:24Z</time>
        <extensions>
          <gpxtpx:TrackPointExtension>
            <gpxtpx:hr>91</gpxtpx:hr>
          </gpxtpx:TrackPointExtension>
        </extensions>
      </trkpt>
      <trkpt lat="-33.86168793775141" lon="151.2207420822233">
        <ele>1.0</ele>
        <time>2026-08-28T02:42:27Z</time>
        <extensions>
          <gpxtpx:TrackPointExtension>
            <gpxtpx:hr>91</gpxtpx:hr>
          </gpxtpx:TrackPointExtension>
        </extensions>
      </trkpt>
      <trkpt lat="-33.86171408928931" lon="151.22072774916887">
        <ele>1.0</ele>
        <time>2026-08-28T02:42:30Z</time>
        <extensions>
          <gpxtpx:TrackPointExtension>
            <gpxtpx:hr>92</gpxtpx:hr>
          </gpxtpx:TrackPointExtension>
        </extensions>
      </trkpt>
      <trkpt lat="-33.86174091137946" lon="151.22071400284767">
        <ele>1.0</ele>
        <time>2026-08-28T02:42:33Z</time>
        <extensions>
          <gpxtpx:TrackPointExtension>
            <gpxtpx:hr>92</gpxtpx:hr>
          </gpxtpx:TrackPointExtension>
        </extensions>
      </trkpt>
      <trkpt lat="-33.86176840402186" lon="151.22070050798357">
        <ele>1.0</ele>
        <time>2026-08-28T02:42:36Z</time>
        <extensions>
          <gpxtpx:TrackPointExtension>
            <gpxtpx:hr>92</gpxtpx:hr>
          </gpxtpx:TrackPointExtension>
        </extensions>
      </trkpt>
      <trkpt lat="-33.86179589666426" lon="151.22068575583398">
        <ele>1.0</ele>
        <time>2026-08-28T02:42:39Z</time>
        <extensions>
          <gpxtpx:TrackPointExtension>
            <gpxtpx:hr>92</gpxtpx:hr>
          </gpxtpx:TrackPointExtension>
        </extensions>
      </trkpt>
      <trkpt lat="-33.861824395135045" lon="151.22066949494183">
        <ele>1.0</ele>
        <time>2026-08-28T02:42:42Z</time>
        <extensions>
          <gpxtpx:TrackPointExtension>
            <gpxtpx:hr>93</gpxtpx:hr>
          </gpxtpx:TrackPointExtension>
        </extensions>
      </trkpt>
      <trkpt lat="-33.86185549199581" lon="151.22065524570644">
        <ele>1.0</ele>
        <time>2026-08-28T02:42:45Z</time>
        <extensions>
          <gpxtpx:TrackPointExtension>
            <gpxtpx:hr>93</gpxtpx:hr>
          </gpxtpx:TrackPointExtension>
        </extensions>
      </trkpt>
      <trkpt lat="-33.861886002123356" lon="151.2206414155662">
        <ele>1.0</ele>
        <time>2026-08-28T02:42:48Z</time>
        <extensions>
          <gpxtpx:TrackPointExtension>
            <gpxtpx:hr>94</gpxtpx:hr>
          </gpxtpx:TrackPointExtension>
        </extensions>
      </trkpt>
      <trkpt lat="-33.86191458441317" lon="151.22062649577856">
        <ele>1.0</ele>
        <time>2026-08-28T02:42:51Z</time>
        <extensions>
          <gpxtpx:TrackPointExtension>
            <gpxtpx:hr>94</gpxtpx:hr>
          </gpxtpx:TrackPointExtension>
        </extensions>
      </trkpt>
      <trkpt lat="-33.86194325052202" lon="151.22060604393482">
        <ele>1.0</ele>
        <time>2026-08-28T02:42:54Z</time>
        <extensions>
          <gpxtpx:TrackPointExtension>
            <gpxtpx:hr>93</gpxtpx:hr>
          </gpxtpx:TrackPointExtension>
        </extensions>
      </trkpt>
      <trkpt lat="-33.86197451502085" lon="151.22058383189142">
        <ele>1.0</ele>
        <time>2026-08-28T02:42:57Z</time>
        <extensions>
          <gpxtpx:TrackPointExtension>
            <gpxtpx:hr>92</gpxtpx:hr>
          </gpxtpx:TrackPointExtension>
        </extensions>
      </trkpt>
      <trkpt lat="-33.86200737208128" lon="151.2205655593425">
        <ele>1.0</ele>
        <time>2026-08-28T02:43:00Z</time>
        <extensions>
          <gpxtpx:TrackPointExtension>
            <gpxtpx:hr>92</gpxtpx:hr>
          </gpxtpx:TrackPointExtension>
        </extensions>
      </trkpt>
      <trkpt lat="-33.86203930713236" lon="151.22054720297456">
        <ele>1.0</ele>
        <time>2026-08-28T02:43:03Z</time>
        <extensions>
          <gpxtpx:TrackPointExtension>
            <gpxtpx:hr>93</gpxtpx:hr>
          </gpxtpx:TrackPointExtension>
        </extensions>
      </trkpt>
      <trkpt lat="-33.862070068717" lon="151.22052792459726">
        <ele>1.0</ele>
        <time>2026-08-28T02:43:06Z</time>
        <extensions>
          <gpxtpx:TrackPointExtension>
            <gpxtpx:hr>93</gpxtpx:hr>
          </gpxtpx:TrackPointExtension>
        </extensions>
      </trkpt>
      <trkpt lat="-33.862100495025516" lon="151.22050881385803">
        <ele>1.0</ele>
        <time>2026-08-28T02:43:09Z</time>
        <extensions>
          <gpxtpx:TrackPointExtension>
            <gpxtpx:hr>94</gpxtpx:hr>
          </gpxtpx:TrackPointExtension>
        </extensions>
      </trkpt>
      <trkpt lat="-33.86212958022952" lon="151.22049070894718">
        <ele>1.0</ele>
        <time>2026-08-28T02:43:12Z</time>
        <extensions>
          <gpxtpx:TrackPointExtension>
            <gpxtpx:hr>94</gpxtpx:hr>
          </gpxtpx:TrackPointExtension>
        </extensions>
      </trkpt>
      <trkpt lat="-33.86215967126191" lon="151.22047453187406">
        <ele>1.0</ele>
        <time>2026-08-28T02:43:15Z</time>
        <extensions>
          <gpxtpx:TrackPointExtension>
            <gpxtpx:hr>96</gpxtpx:hr>
          </gpxtpx:TrackPointExtension>
        </extensions>
      </trkpt>
      <trkpt lat="-33.86219051666558" lon="151.22045843861997">
        <ele>1.0</ele>
        <time>2026-08-28T02:43:18Z</time>
        <extensions>
          <gpxtpx:TrackPointExtension>
            <gpxtpx:hr>96</gpxtpx:hr>
          </gpxtpx:TrackPointExtension>
        </extensions>
      </trkpt>
      <trkpt lat="-33.86222094297409" lon="151.2204402498901">
        <ele>1.0</ele>
        <time>2026-08-28T02:43:21Z</time>
        <extensions>
          <gpxtpx:TrackPointExtension>
            <gpxtpx:hr>96</gpxtpx:hr>
          </gpxtpx:TrackPointExtension>
        </extensions>
      </trkpt>
      <trkpt lat="-33.86225178837776" lon="151.22042030096054">
        <ele>1.0</ele>
        <time>2026-08-28T02:43:24Z</time>
        <extensions>
          <gpxtpx:TrackPointExtension>
            <gpxtpx:hr>97</gpxtpx:hr>
          </gpxtpx:TrackPointExtension>
        </extensions>
      </trkpt>
      <trkpt lat="-33.8622825499624" lon="151.22040253132582">
        <ele>1.0</ele>
        <time>2026-08-28T02:43:27Z</time>
        <extensions>
          <gpxtpx:TrackPointExtension>
            <gpxtpx:hr>95</gpxtpx:hr>
          </gpxtpx:TrackPointExtension>
        </extensions>
      </trkpt>
      <trkpt lat="-33.862312054261565" lon="151.22038652189076">
        <ele>1.0</ele>
        <time>2026-08-28T02:43:30Z</time>
        <extensions>
          <gpxtpx:TrackPointExtension>
            <gpxtpx:hr>94</gpxtpx:hr>
          </gpxtpx:TrackPointExtension>
        </extensions>
      </trkpt>
      <trkpt lat="-33.86234264820814" lon="151.22037327848375">
        <ele>1.0</ele>
        <time>2026-08-28T02:43:33Z</time>
        <extensions>
          <gpxtpx:TrackPointExtension>
            <gpxtpx:hr>96</gpxtpx:hr>
          </gpxtpx:TrackPointExtension>
        </extensions>
      </trkpt>
      <trkpt lat="-33.86237466707826" lon="151.2203604541719">
        <ele>1.0</ele>
        <time>2026-08-28T02:43:36Z</time>
        <extensions>
          <gpxtpx:TrackPointExtension>
            <gpxtpx:hr>96</gpxtpx:hr>
          </gpxtpx:TrackPointExtension>
        </extensions>
      </trkpt>
      <trkpt lat="-33.862403417006135" lon="151.22034100815654">
        <ele>1.0</ele>
        <time>2026-08-28T02:43:39Z</time>
        <extensions>
          <gpxtpx:TrackPointExtension>
            <gpxtpx:hr>96</gpxtpx:hr>
          </gpxtpx:TrackPointExtension>
        </extensions>
      </trkpt>
      <trkpt lat="-33.862429484725" lon="151.22031460516155">
        <ele>1.0</ele>
        <time>2026-08-28T02:43:42Z</time>
        <extensions>
          <gpxtpx:TrackPointExtension>
            <gpxtpx:hr>98</gpxtpx:hr>
          </gpxtpx:TrackPointExtension>
        </extensions>
      </trkpt>
      <trkpt lat="-33.86245446279645" lon="151.22028602287173">
        <ele>1.0</ele>
        <time>2026-08-28T02:43:45Z</time>
        <extensions>
          <gpxtpx:TrackPointExtension>
            <gpxtpx:hr>100</gpxtpx:hr>
          </gpxtpx:TrackPointExtension>
        </extensions>
      </trkpt>
      <trkpt lat="-33.862480614334345" lon="151.2202568538487">
        <ele>1.0</ele>
        <time>2026-08-28T02:43:48Z</time>
        <extensions>
          <gpxtpx:TrackPointExtension>
            <gpxtpx:hr>100</gpxtpx:hr>
          </gpxtpx:TrackPointExtension>
        </extensions>
      </trkpt>
      <trkpt lat="-33.862507939338684" lon="151.22022609226406">
        <ele>1.0</ele>
        <time>2026-08-28T02:43:51Z</time>
        <extensions>
          <gpxtpx:TrackPointExtension>
            <gpxtpx:hr>98</gpxtpx:hr>
          </gpxtpx:TrackPointExtension>
        </extensions>
      </trkpt>
      <trkpt lat="-33.862535851076245" lon="151.2201963365078">
        <ele>1.0</ele>
        <time>2026-08-28T02:43:54Z</time>
        <extensions>
          <gpxtpx:TrackPointExtension>
            <gpxtpx:hr>99</gpxtpx:hr>
          </gpxtpx:TrackPointExtension>
        </extensions>
      </trkpt>
      <trkpt lat="-33.86256451718509" lon="151.2201685924083">
        <ele>1.0</ele>
        <time>2026-08-28T02:43:57Z</time>
        <extensions>
          <gpxtpx:TrackPointExtension>
            <gpxtpx:hr>101</gpxtpx:hr>
          </gpxtpx:TrackPointExtension>
        </extensions>
      </trkpt>
      <trkpt lat="-33.86259460821748" lon="151.2201419379562">
        <ele>1.0</ele>
        <time>2026-08-28T02:44:00Z</time>
        <extensions>
          <gpxtpx:TrackPointExtension>
            <gpxtpx:hr>103</gpxtpx:hr>
          </gpxtpx:TrackPointExtension>
        </extensions>
      </trkpt>
      <trkpt lat="-33.86262394487858" lon="151.22011662460864">
        <ele>1.0</ele>
        <time>2026-08-28T02:44:03Z</time>
        <extensions>
          <gpxtpx:TrackPointExtension>
            <gpxtpx:hr>105</gpxtpx:hr>
          </gpxtpx:TrackPointExtension>
        </extensions>
      </trkpt>
      <trkpt lat="-33.86264950968325" lon="151.2200895510614">
        <ele>1.0</ele>
        <time>2026-08-28T02:44:06Z</time>
        <extensions>
          <gpxtpx:TrackPointExtension>
            <gpxtpx:hr>107</gpxtpx:hr>
          </gpxtpx:TrackPointExtension>
        </extensions>
      </trkpt>
      <trkpt lat="-33.86267440393567" lon="151.22006557881832">
        <ele>1.0</ele>
        <time>2026-08-28T02:44:09Z</time>
        <extensions>
          <gpxtpx:TrackPointExtension>
            <gpxtpx:hr>110</gpxtpx:hr>
          </gpxtpx:TrackPointExtension>
        </extensions>
      </trkpt>
      <trkpt lat="-33.86270206421614" lon="151.22004328295588">
        <ele>1.0</ele>
        <time>2026-08-28T02:44:12Z</time>
        <extensions>
          <gpxtpx:TrackPointExtension>
            <gpxtpx:hr>113</gpxtpx:hr>
          </gpxtpx:TrackPointExtension>
        </extensions>
      </trkpt>
      <trkpt lat="-33.86273391544819" lon="151.22002408839762">
        <ele>1.0</ele>
        <time>2026-08-28T02:44:15Z</time>
        <extensions>
          <gpxtpx:TrackPointExtension>
            <gpxtpx:hr>115</gpxtpx:hr>
          </gpxtpx:TrackPointExtension>
        </extensions>
      </trkpt>
      <trkpt lat="-33.86276534758508" lon="151.22000405564904">
        <ele>1.0</ele>
        <time>2026-08-28T02:44:18Z</time>
        <extensions>
          <gpxtpx:TrackPointExtension>
            <gpxtpx:hr>117</gpxtpx:hr>
          </gpxtpx:TrackPointExtension>
        </extensions>
      </trkpt>
      <trkpt lat="-33.86279501952231" lon="151.2199772335589">
        <ele>1.0</ele>
        <time>2026-08-28T02:44:21Z</time>
        <extensions>
          <gpxtpx:TrackPointExtension>
            <gpxtpx:hr>117</gpxtpx:hr>
          </gpxtpx:TrackPointExtension>
        </extensions>
      </trkpt>
      <trkpt lat="-33.86282519437373" lon="151.2199471425265">
        <ele>1.0</ele>
        <time>2026-08-28T02:44:24Z</time>
        <extensions>
          <gpxtpx:TrackPointExtension>
            <gpxtpx:hr>116</gpxtpx:hr>
          </gpxtpx:TrackPointExtension>
        </extensions>
      </trkpt>
      <trkpt lat="-33.86285427957773" lon="151.219916716218">
        <ele>1.0</ele>
        <time>2026-08-28T02:44:27Z</time>
        <extensions>
          <gpxtpx:TrackPointExtension>
            <gpxtpx:hr>116</gpxtpx:hr>
          </gpxtpx:TrackPointExtension>
        </extensions>
      </trkpt>
      <trkpt lat="-33.86288143694401" lon="151.21988989412785">
        <ele>1.0</ele>
        <time>2026-08-28T02:44:30Z</time>
        <extensions>
          <gpxtpx:TrackPointExtension>
            <gpxtpx:hr>115</gpxtpx:hr>
          </gpxtpx:TrackPointExtension>
        </extensions>
      </trkpt>
      <trkpt lat="-33.86290641501546" lon="151.2198644131422">
        <ele>1.0</ele>
        <time>2026-08-28T02:44:33Z</time>
        <extensions>
          <gpxtpx:TrackPointExtension>
            <gpxtpx:hr>115</gpxtpx:hr>
          </gpxtpx:TrackPointExtension>
        </extensions>
      </trkpt>
      <trkpt lat="-33.86293055489659" lon="151.2198364175856">
        <ele>1.0</ele>
        <time>2026-08-28T02:44:36Z</time>
        <extensions>
          <gpxtpx:TrackPointExtension>
            <gpxtpx:hr>114</gpxtpx:hr>
          </gpxtpx:TrackPointExtension>
        </extensions>
      </trkpt>
      <trkpt lat="-33.862954610958695" lon="151.21980498544872">
        <ele>1.0</ele>
        <time>2026-08-28T02:44:39Z</time>
        <extensions>
          <gpxtpx:TrackPointExtension>
            <gpxtpx:hr>113</gpxtpx:hr>
          </gpxtpx:TrackPointExtension>
        </extensions>
      </trkpt>
      <trkpt lat="-33.86297891847789" lon="151.21977330185473">
        <ele>1.0</ele>
        <time>2026-08-28T02:44:42Z</time>
        <extensions>
          <gpxtpx:TrackPointExtension>
            <gpxtpx:hr>111</gpxtpx:hr>
          </gpxtpx:TrackPointExtension>
        </extensions>
      </trkpt>
      <trkpt lat="-33.86300356127322" lon="151.2197433784604">
        <ele>1.0</ele>
        <time>2026-08-28T02:44:45Z</time>
        <extensions>
          <gpxtpx:TrackPointExtension>
            <gpxtpx:hr>110</gpxtpx:hr>
          </gpxtpx:TrackPointExtension>
        </extensions>
      </trkpt>
      <trkpt lat="-33.863026862964034" lon="151.21971177868545">
        <ele>1.0</ele>
        <time>2026-08-28T02:44:48Z</time>
        <extensions>
          <gpxtpx:TrackPointExtension>
            <gpxtpx:hr>109</gpxtpx:hr>
          </gpxtpx:TrackPointExtension>
        </extensions>
      </trkpt>
      <trkpt lat="-33.86304756626487" lon="151.21967799961567">
        <ele>1.0</ele>
        <time>2026-08-28T02:44:51Z</time>
        <extensions>
          <gpxtpx:TrackPointExtension>
            <gpxtpx:hr>107</gpxtpx:hr>
          </gpxtpx:TrackPointExtension>
        </extensions>
      </trkpt>
      <trkpt lat="-33.863068018108606" lon="151.21964681893587">
        <ele>1.0</ele>
        <time>2026-08-28T02:44:54Z</time>
        <extensions>
          <gpxtpx:TrackPointExtension>
            <gpxtpx:hr>106</gpxtpx:hr>
          </gpxtpx:TrackPointExtension>
        </extensions>
      </trkpt>
      <trkpt lat="-33.863089475780725" lon="151.21961748227477">
        <ele>1.0</ele>
        <time>2026-08-28T02:44:57Z</time>
        <extensions>
          <gpxtpx:TrackPointExtension>
            <gpxtpx:hr>102</gpxtpx:hr>
          </gpxtpx:TrackPointExtension>
        </extensions>
      </trkpt>
      <trkpt lat="-33.86311017908156" lon="151.2195861339569">
        <ele>1.0</ele>
        <time>2026-08-28T02:45:00Z</time>
        <extensions>
          <gpxtpx:TrackPointExtension>
            <gpxtpx:hr>100</gpxtpx:hr>
          </gpxtpx:TrackPointExtension>
        </extensions>
      </trkpt>
      <trkpt lat="-33.86312794871628" lon="151.21955101378262">
        <ele>1.0</ele>
        <time>2026-08-28T02:45:03Z</time>
        <extensions>
          <gpxtpx:TrackPointExtension>
            <gpxtpx:hr>97</gpxtpx:hr>
          </gpxtpx:TrackPointExtension>
        </extensions>
      </trkpt>
      <trkpt lat="-33.8631443772465" lon="151.2195153068751">
        <ele>1.0</ele>
        <time>2026-08-28T02:45:06Z</time>
        <extensions>
          <gpxtpx:TrackPointExtension>
            <gpxtpx:hr>95</gpxtpx:hr>
          </gpxtpx:TrackPointExtension>
        </extensions>
      </trkpt>
      <trkpt lat="-33.8631597161293" lon="151.21947859413922">
        <ele>1.0</ele>
        <time>2026-08-28T02:45:09Z</time>
        <extensions>
          <gpxtpx:TrackPointExtension>
            <gpxtpx:hr>96</gpxtpx:hr>
          </gpxtpx:TrackPointExtension>
        </extensions>
      </trkpt>
      <trkpt lat="-33.863175474107265" lon="151.21944230049849">
        <ele>1.0</ele>
        <time>2026-08-28T02:45:12Z</time>
        <extensions>
          <gpxtpx:TrackPointExtension>
            <gpxtpx:hr>96</gpxtpx:hr>
          </gpxtpx:TrackPointExtension>
        </extensions>
      </trkpt>
      <trkpt lat="-33.86319098062813" lon="151.21940751560032">
        <ele>1.0</ele>
        <time>2026-08-28T02:45:15Z</time>
        <extensions>
          <gpxtpx:TrackPointExtension>
            <gpxtpx:hr>97</gpxtpx:hr>
          </gpxtpx:TrackPointExtension>
        </extensions>
      </trkpt>
      <trkpt lat="-33.863206738606095" lon="151.21937164105475">
        <ele>1.0</ele>
        <time>2026-08-28T02:45:18Z</time>
        <extensions>
          <gpxtpx:TrackPointExtension>
            <gpxtpx:hr>96</gpxtpx:hr>
          </gpxtpx:TrackPointExtension>
        </extensions>
      </trkpt>
      <trkpt lat="-33.863220401108265" lon="151.21933618560433">
        <ele>1.0</ele>
        <time>2026-08-28T02:45:21Z</time>
        <extensions>
          <gpxtpx:TrackPointExtension>
            <gpxtpx:hr>92</gpxtpx:hr>
          </gpxtpx:TrackPointExtension>
        </extensions>
      </trkpt>
      <trkpt lat="-33.86323247104883" lon="151.21930081397295">
        <ele>1.0</ele>
        <time>2026-08-28T02:45:24Z</time>
        <extensions>
          <gpxtpx:TrackPointExtension>
            <gpxtpx:hr>90</gpxtpx:hr>
          </gpxtpx:TrackPointExtension>
        </extensions>
      </trkpt>
      <trkpt lat="-33.863244876265526" lon="151.21926443651319">
        <ele>1.0</ele>
        <time>2026-08-28T02:45:27Z</time>
        <extensions>
          <gpxtpx:TrackPointExtension>
            <gpxtpx:hr>89</gpxtpx:hr>
          </gpxtpx:TrackPointExtension>
        </extensions>
      </trkpt>
      <trkpt lat="-33.86325811967254" lon="151.21922546066344">
        <ele>1.0</ele>
        <time>2026-08-28T02:45:30Z</time>
        <extensions>
          <gpxtpx:TrackPointExtension>
            <gpxtpx:hr>88</gpxtpx:hr>
          </gpxtpx:TrackPointExtension>
        </extensions>
      </trkpt>
      <trkpt lat="-33.863271195441484" lon="151.219187323004">
        <ele>1.0</ele>
        <time>2026-08-28T02:45:33Z</time>
        <extensions>
          <gpxtpx:TrackPointExtension>
            <gpxtpx:hr>88</gpxtpx:hr>
          </gpxtpx:TrackPointExtension>
        </extensions>
      </trkpt>
      <trkpt lat="-33.86328401975334" lon="151.21915329247713">
        <ele>1.0</ele>
        <time>2026-08-28T02:45:36Z</time>
        <extensions>
          <gpxtpx:TrackPointExtension>
            <gpxtpx:hr>87</gpxtpx:hr>
          </gpxtpx:TrackPointExtension>
        </extensions>
      </trkpt>
      <trkpt lat="-33.863296592608094" lon="151.21911892667413">
        <ele>1.0</ele>
        <time>2026-08-28T02:45:39Z</time>
        <extensions>
          <gpxtpx:TrackPointExtension>
            <gpxtpx:hr>86</gpxtpx:hr>
          </gpxtpx:TrackPointExtension>
        </extensions>
      </trkpt>
      <trkpt lat="-33.86330991983414" lon="151.21908280067146">
        <ele>1.0</ele>
        <time>2026-08-28T02:45:42Z</time>
        <extensions>
          <gpxtpx:TrackPointExtension>
            <gpxtpx:hr>87</gpxtpx:hr>
          </gpxtpx:TrackPointExtension>
        </extensions>
      </trkpt>
      <trkpt lat="-33.86332861147821" lon="151.21904809959233">
        <ele>1.0</ele>
        <time>2026-08-28T02:45:45Z</time>
        <extensions>
          <gpxtpx:TrackPointExtension>
            <gpxtpx:hr>88</gpxtpx:hr>
          </gpxtpx:TrackPointExtension>
        </extensions>
      </trkpt>
      <trkpt lat="-33.86334830895066" lon="151.2190163321793">
        <ele>1.0</ele>
        <time>2026-08-28T02:45:48Z</time>
        <extensions>
          <gpxtpx:TrackPointExtension>
            <gpxtpx:hr>90</gpxtpx:hr>
          </gpxtpx:TrackPointExtension>
        </extensions>
      </trkpt>
      <trkpt lat="-33.86336917988956" lon="151.21898582205176">
        <ele>1.0</ele>
        <time>2026-08-28T02:45:51Z</time>
        <extensions>
          <gpxtpx:TrackPointExtension>
            <gpxtpx:hr>92</gpxtpx:hr>
          </gpxtpx:TrackPointExtension>
        </extensions>
      </trkpt>
      <trkpt lat="-33.86339206248522" lon="151.21895824559033">
        <ele>1.0</ele>
        <time>2026-08-28T02:45:54Z</time>
        <extensions>
          <gpxtpx:TrackPointExtension>
            <gpxtpx:hr>92</gpxtpx:hr>
          </gpxtpx:TrackPointExtension>
        </extensions>
      </trkpt>
      <trkpt lat="-33.86341569945216" lon="151.218933602795">
        <ele>1.0</ele>
        <time>2026-08-28T02:45:57Z</time>
        <extensions>
          <gpxtpx:TrackPointExtension>
            <gpxtpx:hr>91</gpxtpx:hr>
          </gpxtpx:TrackPointExtension>
        </extensions>
      </trkpt>
      <trkpt lat="-33.863439252600074" lon="151.21890862472355">
        <ele>1.0</ele>
        <time>2026-08-28T02:46:00Z</time>
        <extensions>
          <gpxtpx:TrackPointExtension>
            <gpxtpx:hr>89</gpxtpx:hr>
          </gpxtpx:TrackPointExtension>
        </extensions>
      </trkpt>
      <trkpt lat="-33.86346439830959" lon="151.2188831437379">
        <ele>1.0</ele>
        <time>2026-08-28T02:46:03Z</time>
        <extensions>
          <gpxtpx:TrackPointExtension>
            <gpxtpx:hr>88</gpxtpx:hr>
          </gpxtpx:TrackPointExtension>
        </extensions>
      </trkpt>
      <trkpt lat="-33.86349080130458" lon="151.2188582494855">
        <ele>1.0</ele>
        <time>2026-08-28T02:46:06Z</time>
        <extensions>
          <gpxtpx:TrackPointExtension>
            <gpxtpx:hr>89</gpxtpx:hr>
          </gpxtpx:TrackPointExtension>
        </extensions>
      </trkpt>
      <trkpt lat="-33.86351619847119" lon="151.21883218176663">
        <ele>1.0</ele>
        <time>2026-08-28T02:46:09Z</time>
        <extensions>
          <gpxtpx:TrackPointExtension>
            <gpxtpx:hr>89</gpxtpx:hr>
          </gpxtpx:TrackPointExtension>
        </extensions>
      </trkpt>
      <trkpt lat="-33.86354201473296" lon="151.2188091315329">
        <ele>1.0</ele>
        <time>2026-08-28T02:46:12Z</time>
        <extensions>
          <gpxtpx:TrackPointExtension>
            <gpxtpx:hr>88</gpxtpx:hr>
          </gpxtpx:TrackPointExtension>
        </extensions>
      </trkpt>
      <trkpt lat="-33.863569339737296" lon="151.2187898531556">
        <ele>1.0</ele>
        <time>2026-08-28T02:46:15Z</time>
        <extensions>
          <gpxtpx:TrackPointExtension>
            <gpxtpx:hr>87</gpxtpx:hr>
          </gpxtpx:TrackPointExtension>
        </extensions>
      </trkpt>
      <trkpt lat="-33.863597083836794" lon="151.21877040714025">
        <ele>1.0</ele>
        <time>2026-08-28T02:46:18Z</time>
        <extensions>
          <gpxtpx:TrackPointExtension>
            <gpxtpx:hr>87</gpxtpx:hr>
          </gpxtpx:TrackPointExtension>
        </extensions>
      </trkpt>
      <trkpt lat="-33.86362474411726" lon="151.21875012293458">
        <ele>1.0</ele>
        <time>2026-08-28T02:46:21Z</time>
        <extensions>
          <gpxtpx:TrackPointExtension>
            <gpxtpx:hr>87</gpxtpx:hr>
          </gpxtpx:TrackPointExtension>
        </extensions>
      </trkpt>
      <trkpt lat="-33.86365265585482" lon="151.21872623451054">
        <ele>1.0</ele>
        <time>2026-08-28T02:46:24Z</time>
        <extensions>
          <gpxtpx:TrackPointExtension>
            <gpxtpx:hr>88</gpxtpx:hr>
          </gpxtpx:TrackPointExtension>
        </extensions>
      </trkpt>
      <trkpt lat="-33.86368224397302" lon="151.21870058588684">
        <ele>1.0</ele>
        <time>2026-08-28T02:46:27Z</time>
        <extensions>
          <gpxtpx:TrackPointExtension>
            <gpxtpx:hr>89</gpxtpx:hr>
          </gpxtpx:TrackPointExtension>
        </extensions>
      </trkpt>
      <trkpt lat="-33.863714346662164" lon="151.21868155896664">
        <ele>1.0</ele>
        <time>2026-08-28T02:46:30Z</time>
        <extensions>
          <gpxtpx:TrackPointExtension>
            <gpxtpx:hr>89</gpxtpx:hr>
          </gpxtpx:TrackPointExtension>
        </extensions>
      </trkpt>
      <trkpt lat="-33.863745611160994" lon="151.21867367997766">
        <ele>1.0</ele>
        <time>2026-08-28T02:46:33Z</time>
        <extensions>
          <gpxtpx:TrackPointExtension>
            <gpxtpx:hr>89</gpxtpx:hr>
          </gpxtpx:TrackPointExtension>
        </extensions>
      </trkpt>
      <trkpt lat="-33.863774444907904" lon="151.21866622008383">
        <ele>1.0</ele>
        <time>2026-08-28T02:46:36Z</time>
        <extensions>
          <gpxtpx:TrackPointExtension>
            <gpxtpx:hr>89</gpxtpx:hr>
          </gpxtpx:TrackPointExtension>
        </extensions>
      </trkpt>
      <trkpt lat="-33.86380311101675" lon="151.21865649707615">
        <ele>1.0</ele>
        <time>2026-08-28T02:46:39Z</time>
        <extensions>
          <gpxtpx:TrackPointExtension>
            <gpxtpx:hr>90</gpxtpx:hr>
          </gpxtpx:TrackPointExtension>
        </extensions>
      </trkpt>
      <trkpt lat="-33.863829681649804" lon="151.21864585205913">
        <ele>1.0</ele>
        <time>2026-08-28T02:46:42Z</time>
        <extensions>
          <gpxtpx:TrackPointExtension>
            <gpxtpx:hr>88</gpxtpx:hr>
          </gpxtpx:TrackPointExtension>
        </extensions>
      </trkpt>
      <trkpt lat="-33.8638523966074" lon="151.21863353066146">
        <ele>1.0</ele>
        <time>2026-08-28T02:46:45Z</time>
        <extensions>
          <gpxtpx:TrackPointExtension>
            <gpxtpx:hr>88</gpxtpx:hr>
          </gpxtpx:TrackPointExtension>
        </extensions>
      </trkpt>
      <trkpt lat="-33.86387628503144" lon="151.2186161801219">
        <ele>1.0</ele>
        <time>2026-08-28T02:46:48Z</time>
        <extensions>
          <gpxtpx:TrackPointExtension>
            <gpxtpx:hr>92</gpxtpx:hr>
          </gpxtpx:TrackPointExtension>
        </extensions>
      </trkpt>
      <trkpt lat="-33.863905956968665" lon="151.2185950577259">
        <ele>1.0</ele>
        <time>2026-08-28T02:46:51Z</time>
        <extensions>
          <gpxtpx:TrackPointExtension>
            <gpxtpx:hr>93</gpxtpx:hr>
          </gpxtpx:TrackPointExtension>
        </extensions>
      </trkpt>
      <trkpt lat="-33.86393847875297" lon="151.21857611462474">
        <ele>1.0</ele>
        <time>2026-08-28T02:46:54Z</time>
        <extensions>
          <gpxtpx:TrackPointExtension>
            <gpxtpx:hr>93</gpxtpx:hr>
          </gpxtpx:TrackPointExtension>
        </extensions>
      </trkpt>
      <trkpt lat="-33.863972341641784" lon="151.21856035664678">
        <ele>1.0</ele>
        <time>2026-08-28T02:46:57Z</time>
        <extensions>
          <gpxtpx:TrackPointExtension>
            <gpxtpx:hr>93</gpxtpx:hr>
          </gpxtpx:TrackPointExtension>
        </extensions>
      </trkpt>
      <trkpt lat="-33.86400687508285" lon="151.21854711323977">
        <ele>1.0</ele>
        <time>2026-08-28T02:47:00Z</time>
        <extensions>
          <gpxtpx:TrackPointExtension>
            <gpxtpx:hr>92</gpxtpx:hr>
          </gpxtpx:TrackPointExtension>
        </extensions>
      </trkpt>
      <trkpt lat="-33.86404350399971" lon="151.21853152289987">
        <ele>1.0</ele>
        <time>2026-08-28T02:47:03Z</time>
        <extensions>
          <gpxtpx:TrackPointExtension>
            <gpxtpx:hr>92</gpxtpx:hr>
          </gpxtpx:TrackPointExtension>
        </extensions>
      </trkpt>
      <trkpt lat="-33.86407820507884" lon="151.21851190924644">
        <ele>1.0</ele>
        <time>2026-08-28T02:47:06Z</time>
        <extensions>
          <gpxtpx:TrackPointExtension>
            <gpxtpx:hr>91</gpxtpx:hr>
          </gpxtpx:TrackPointExtension>
        </extensions>
      </trkpt>
      <trkpt lat="-33.864103350788355" lon="151.21848039329052">
        <ele>1.0</ele>
        <time>2026-08-28T02:47:09Z</time>
        <extensions>
          <gpxtpx:TrackPointExtension>
            <gpxtpx:hr>90</gpxtpx:hr>
          </gpxtpx:TrackPointExtension>
        </extensions>
      </trkpt>
      <trkpt lat="-33.86411885730922" lon="151.2184470333159">
        <ele>1.0</ele>
        <time>2026-08-28T02:47:12Z</time>
        <extensions>
          <gpxtpx:TrackPointExtension>
            <gpxtpx:hr>90</gpxtpx:hr>
          </gpxtpx:TrackPointExtension>
        </extensions>
      </trkpt>
      <trkpt lat="-33.864125395193696" lon="151.21841543354094">
        <ele>1.0</ele>
        <time>2026-08-28T02:47:15Z</time>
        <extensions>
          <gpxtpx:TrackPointExtension>
            <gpxtpx:hr>90</gpxtpx:hr>
          </gpxtpx:TrackPointExtension>
        </extensions>
      </trkpt>
      <trkpt lat="-33.86413050815463" lon="151.21838609687984">
        <ele>1.0</ele>
        <time>2026-08-28T02:47:18Z</time>
        <extensions>
          <gpxtpx:TrackPointExtension>
            <gpxtpx:hr>90</gpxtpx:hr>
          </gpxtpx:TrackPointExtension>
        </extensions>
      </trkpt>
      <trkpt lat="-33.86413159780204" lon="151.21835474856198">
        <ele>1.0</ele>
        <time>2026-08-28T02:47:21Z</time>
        <extensions>
          <gpxtpx:TrackPointExtension>
            <gpxtpx:hr>89</gpxtpx:hr>
          </gpxtpx:TrackPointExtension>
        </extensions>
      </trkpt>
      <trkpt lat="-33.86413059197366" lon="151.21831946074963">
        <ele>1.0</ele>
        <time>2026-08-28T02:47:24Z</time>
        <extensions>
          <gpxtpx:TrackPointExtension>
            <gpxtpx:hr>89</gpxtpx:hr>
          </gpxtpx:TrackPointExtension>
        </extensions>
      </trkpt>
      <trkpt lat="-33.864127742126584" lon="151.21828392148018">
        <ele>1.0</ele>
        <time>2026-08-28T02:47:27Z</time>
        <extensions>
          <gpxtpx:TrackPointExtension>
            <gpxtpx:hr>88</gpxtpx:hr>
          </gpxtpx:TrackPointExtension>
        </extensions>
      </trkpt>
      <trkpt lat="-33.864122880622745" lon="151.2182501424104">
        <ele>1.0</ele>
        <time>2026-08-28T02:47:30Z</time>
        <extensions>
          <gpxtpx:TrackPointExtension>
            <gpxtpx:hr>88</gpxtpx:hr>
          </gpxtpx:TrackPointExtension>
        </extensions>
      </trkpt>
      <trkpt lat="-33.86411583982408" lon="151.21821954846382">
        <ele>1.0</ele>
        <time>2026-08-28T02:47:33Z</time>
        <extensions>
          <gpxtpx:TrackPointExtension>
            <gpxtpx:hr>89</gpxtpx:hr>
          </gpxtpx:TrackPointExtension>
        </extensions>
      </trkpt>
      <trkpt lat="-33.86410326696932" lon="151.21819155290723">
        <ele>1.0</ele>
        <time>2026-08-28T02:47:36Z</time>
        <extensions>
          <gpxtpx:TrackPointExtension>
            <gpxtpx:hr>89</gpxtpx:hr>
          </gpxtpx:TrackPointExtension>
        </extensions>
      </trkpt>
      <trkpt lat="-33.86409513652325" lon="151.2181597854942">
        <ele>1.0</ele>
        <time>2026-08-28T02:47:39Z</time>
        <extensions>
          <gpxtpx:TrackPointExtension>
            <gpxtpx:hr>90</gpxtpx:hr>
          </gpxtpx:TrackPointExtension>
        </extensions>
      </trkpt>
      <trkpt lat="-33.864092119038105" lon="151.21812374331057">
        <ele>1.0</ele>
        <time>2026-08-28T02:47:42Z</time>
        <extensions>
          <gpxtpx:TrackPointExtension>
            <gpxtpx:hr>90</gpxtpx:hr>
          </gpxtpx:TrackPointExtension>
        </extensions>
      </trkpt>
      <trkpt lat="-33.86408993974328" lon="151.21808401308954">
        <ele>1.0</ele>
        <time>2026-08-28T02:47:45Z</time>
        <extensions>
          <gpxtpx:TrackPointExtension>
            <gpxtpx:hr>90</gpxtpx:hr>
          </gpxtpx:TrackPointExtension>
        </extensions>
      </trkpt>
      <trkpt lat="-33.86408859863877" lon="151.2180410977453">
        <ele>1.0</ele>
        <time>2026-08-28T02:47:48Z</time>
        <extensions>
          <gpxtpx:TrackPointExtension>
            <gpxtpx:hr>90</gpxtpx:hr>
          </gpxtpx:TrackPointExtension>
        </extensions>
      </trkpt>
      <trkpt lat="-33.86408859863877" lon="151.21799835003912">
        <ele>1.0</ele>
        <time>2026-08-28T02:47:51Z</time>
        <extensions>
          <gpxtpx:TrackPointExtension>
            <gpxtpx:hr>90</gpxtpx:hr>
          </gpxtpx:TrackPointExtension>
        </extensions>
      </trkpt>
      <trkpt lat="-33.864087760448456" lon="151.21795878745615">
        <ele>1.0</ele>
        <time>2026-08-28T02:47:54Z</time>
        <extensions>
          <gpxtpx:TrackPointExtension>
            <gpxtpx:hr>89</gpxtpx:hr>
          </gpxtpx:TrackPointExtension>
        </extensions>
      </trkpt>
      <trkpt lat="-33.86408993974328" lon="151.2179237511009">
        <ele>1.0</ele>
        <time>2026-08-28T02:47:57Z</time>
        <extensions>
          <gpxtpx:TrackPointExtension>
            <gpxtpx:hr>89</gpxtpx:hr>
          </gpxtpx:TrackPointExtension>
        </extensions>
      </trkpt>
      <trkpt lat="-33.86409446597099" lon="151.21789298951626">
        <ele>1.0</ele>
        <time>2026-08-28T02:48:00Z</time>
        <extensions>
          <gpxtpx:TrackPointExtension>
            <gpxtpx:hr>89</gpxtpx:hr>
          </gpxtpx:TrackPointExtension>
        </extensions>
      </trkpt>
      <trkpt lat="-33.8640992436558" lon="151.21786725707352">
        <ele>1.0</ele>
        <time>2026-08-28T02:48:03Z</time>
        <extensions>
          <gpxtpx:TrackPointExtension>
            <gpxtpx:hr>87</gpxtpx:hr>
          </gpxtpx:TrackPointExtension>
        </extensions>
      </trkpt>
      <trkpt lat="-33.86410418897867" lon="151.21784303337336">
        <ele>1.0</ele>
        <time>2026-08-28T02:48:06Z</time>
        <extensions>
          <gpxtpx:TrackPointExtension>
            <gpxtpx:hr>86</gpxtpx:hr>
          </gpxtpx:TrackPointExtension>
        </extensions>
      </trkpt>
      <trkpt lat="-33.86410804465413" lon="151.21781738474965">
        <ele>1.0</ele>
        <time>2026-08-28T02:48:09Z</time>
        <extensions>
          <gpxtpx:TrackPointExtension>
            <gpxtpx:hr>85</gpxtpx:hr>
          </gpxtpx:TrackPointExtension>
        </extensions>
      </trkpt>
      <trkpt lat="-33.864111145958304" lon="151.21778829954565">
        <ele>1.0</ele>
        <time>2026-08-28T02:48:12Z</time>
        <extensions>
          <gpxtpx:TrackPointExtension>
            <gpxtpx:hr>86</gpxtpx:hr>
          </gpxtpx:TrackPointExtension>
        </extensions>
      </trkpt>
      <trkpt lat="-33.86411516927183" lon="151.21775561012328">
        <ele>1.0</ele>
        <time>2026-08-28T02:48:15Z</time>
        <extensions>
          <gpxtpx:TrackPointExtension>
            <gpxtpx:hr>87</gpxtpx:hr>
          </gpxtpx:TrackPointExtension>
        </extensions>
      </trkpt>
      <trkpt lat="-33.86412103660405" lon="151.21772325597703">
        <ele>1.0</ele>
        <time>2026-08-28T02:48:18Z</time>
        <extensions>
          <gpxtpx:TrackPointExtension>
            <gpxtpx:hr>89</gpxtpx:hr>
          </gpxtpx:TrackPointExtension>
        </extensions>
      </trkpt>
      <trkpt lat="-33.86412749066949" lon="151.21769031509757">
        <ele>1.0</ele>
        <time>2026-08-28T02:48:21Z</time>
        <extensions>
          <gpxtpx:TrackPointExtension>
            <gpxtpx:hr>89</gpxtpx:hr>
          </gpxtpx:TrackPointExtension>
        </extensions>
      </trkpt>
      <trkpt lat="-33.86413428001106" lon="151.21765854768455">
        <ele>1.0</ele>
        <time>2026-08-28T02:48:24Z</time>
        <extensions>
          <gpxtpx:TrackPointExtension>
            <gpxtpx:hr>91</gpxtpx:hr>
          </gpxtpx:TrackPointExtension>
        </extensions>
      </trkpt>
      <trkpt lat="-33.86414031498134" lon="151.2176261935383">
        <ele>1.0</ele>
        <time>2026-08-28T02:48:27Z</time>
        <extensions>
          <gpxtpx:TrackPointExtension>
            <gpxtpx:hr>92</gpxtpx:hr>
          </gpxtpx:TrackPointExtension>
        </extensions>
      </trkpt>
      <trkpt lat="-33.86414710432291" lon="151.21759149245918">
        <ele>1.0</ele>
        <time>2026-08-28T02:48:30Z</time>
        <extensions>
          <gpxtpx:TrackPointExtension>
            <gpxtpx:hr>93</gpxtpx:hr>
          </gpxtpx:TrackPointExtension>
        </extensions>
      </trkpt>
      <trkpt lat="-33.86415598914027" lon="151.21755729429424">
        <ele>1.0</ele>
        <time>2026-08-28T02:48:33Z</time>
        <extensions>
          <gpxtpx:TrackPointExtension>
            <gpxtpx:hr>94</gpxtpx:hr>
          </gpxtpx:TrackPointExtension>
        </extensions>
      </trkpt>
      <trkpt lat="-33.86416629888117" lon="151.21752594597638">
        <ele>1.0</ele>
        <time>2026-08-28T02:48:36Z</time>
        <extensions>
          <gpxtpx:TrackPointExtension>
            <gpxtpx:hr>91</gpxtpx:hr>
          </gpxtpx:TrackPointExtension>
        </extensions>
      </trkpt>
      <trkpt lat="-33.86416990309954" lon="151.21749443002045">
        <ele>1.0</ele>
        <time>2026-08-28T02:48:39Z</time>
        <extensions>
          <gpxtpx:TrackPointExtension>
            <gpxtpx:hr>89</gpxtpx:hr>
          </gpxtpx:TrackPointExtension>
        </extensions>
      </trkpt>
      <trkpt lat="-33.864158084616065" lon="151.21746014803648">
        <ele>1.0</ele>
        <time>2026-08-28T02:48:42Z</time>
        <extensions>
          <gpxtpx:TrackPointExtension>
            <gpxtpx:hr>88</gpxtpx:hr>
          </gpxtpx:TrackPointExtension>
        </extensions>
      </trkpt>
      <trkpt lat="-33.864143919199705" lon="151.21742460876703">
        <ele>1.0</ele>
        <time>2026-08-28T02:48:45Z</time>
        <extensions>
          <gpxtpx:TrackPointExtension>
            <gpxtpx:hr>89</gpxtpx:hr>
          </gpxtpx:TrackPointExtension>
        </extensions>
      </trkpt>
      <trkpt lat="-33.86412799358368" lon="151.21739074587822">
        <ele>1.0</ele>
        <time>2026-08-28T02:48:48Z</time>
        <extensions>
          <gpxtpx:TrackPointExtension>
            <gpxtpx:hr>89</gpxtpx:hr>
          </gpxtpx:TrackPointExtension>
        </extensions>
      </trkpt>
      <trkpt lat="-33.86411190032959" lon="151.21735973283648">
        <ele>1.0</ele>
        <time>2026-08-28T02:48:51Z</time>
        <extensions>
          <gpxtpx:TrackPointExtension>
            <gpxtpx:hr>89</gpxtpx:hr>
          </gpxtpx:TrackPointExtension>
        </extensions>
      </trkpt>
      <trkpt lat="-33.86409974656999" lon="151.21733182109892">
        <ele>1.0</ele>
        <time>2026-08-28T02:48:54Z</time>
        <extensions>
          <gpxtpx:TrackPointExtension>
            <gpxtpx:hr>88</gpxtpx:hr>
          </gpxtpx:TrackPointExtension>
        </extensions>
      </trkpt>
      <trkpt lat="-33.864088766276836" lon="151.21730918996036">
        <ele>1.0</ele>
        <time>2026-08-28T02:48:57Z</time>
        <extensions>
          <gpxtpx:TrackPointExtension>
            <gpxtpx:hr>86</gpxtpx:hr>
          </gpxtpx:TrackPointExtension>
        </extensions>
      </trkpt>
      <trkpt lat="-33.864075439050794" lon="151.21728940866888">
        <ele>1.0</ele>
        <time>2026-08-28T02:49:00Z</time>
        <extensions>
          <gpxtpx:TrackPointExtension>
            <gpxtpx:hr>86</gpxtpx:hr>
          </gpxtpx:TrackPointExtension>
        </extensions>
      </trkpt>
      <trkpt lat="-33.864063285291195" lon="151.21727239340544">
        <ele>1.0</ele>
        <time>2026-08-28T02:49:03Z</time>
        <extensions>
          <gpxtpx:TrackPointExtension>
            <gpxtpx:hr>85</gpxtpx:hr>
          </gpxtpx:TrackPointExtension>
        </extensions>
      </trkpt>
      <trkpt lat="-33.864053562283516" lon="151.21725495904684">
        <ele>1.0</ele>
        <time>2026-08-28T02:49:06Z</time>
        <extensions>
          <gpxtpx:TrackPointExtension>
            <gpxtpx:hr>85</gpxtpx:hr>
          </gpxtpx:TrackPointExtension>
        </extensions>
      </trkpt>
      <trkpt lat="-33.86404266580939" lon="151.21723459102213">
        <ele>1.0</ele>
        <time>2026-08-28T02:49:09Z</time>
        <extensions>
          <gpxtpx:TrackPointExtension>
            <gpxtpx:hr>85</gpxtpx:hr>
          </gpxtpx:TrackPointExtension>
        </extensions>
      </trkpt>
      <trkpt lat="-33.86403067968786" lon="151.21721455827355">
        <ele>1.0</ele>
        <time>2026-08-28T02:49:12Z</time>
        <extensions>
          <gpxtpx:TrackPointExtension>
            <gpxtpx:hr>86</gpxtpx:hr>
          </gpxtpx:TrackPointExtension>
        </extensions>
      </trkpt>
      <trkpt lat="-33.86401961557567" lon="151.21719527989626">
        <ele>1.0</ele>
        <time>2026-08-28T02:49:15Z</time>
        <extensions>
          <gpxtpx:TrackPointExtension>
            <gpxtpx:hr>86</gpxtpx:hr>
          </gpxtpx:TrackPointExtension>
        </extensions>
      </trkpt>
      <trkpt lat="-33.86400637216866" lon="151.2171758338809">
        <ele>1.0</ele>
        <time>2026-08-28T02:49:18Z</time>
        <extensions>
          <gpxtpx:TrackPointExtension>
            <gpxtpx:hr>85</gpxtpx:hr>
          </gpxtpx:TrackPointExtension>
        </extensions>
      </trkpt>
      <trkpt lat="-33.86399019509554" lon="151.21715295128524">
        <ele>1.0</ele>
        <time>2026-08-28T02:49:21Z</time>
        <extensions>
          <gpxtpx:TrackPointExtension>
            <gpxtpx:hr>85</gpxtpx:hr>
          </gpxtpx:TrackPointExtension>
        </extensions>
      </trkpt>
      <trkpt lat="-33.86397200636566" lon="151.21713023632765">
        <ele>1.0</ele>
        <time>2026-08-28T02:49:24Z</time>
        <extensions>
          <gpxtpx:TrackPointExtension>
            <gpxtpx:hr>85</gpxtpx:hr>
          </gpxtpx:TrackPointExtension>
        </extensions>
      </trkpt>
      <trkpt lat="-33.863950967788696" lon="151.21710970066488">
        <ele>1.0</ele>
        <time>2026-08-28T02:49:27Z</time>
        <extensions>
          <gpxtpx:TrackPointExtension>
            <gpxtpx:hr>85</gpxtpx:hr>
          </gpxtpx:TrackPointExtension>
        </extensions>
      </trkpt>
      <trkpt lat="-33.86393001303077" lon="151.2170894164592">
        <ele>1.0</ele>
        <time>2026-08-28T02:49:30Z</time>
        <extensions>
          <gpxtpx:TrackPointExtension>
            <gpxtpx:hr>85</gpxtpx:hr>
          </gpxtpx:TrackPointExtension>
        </extensions>
      </trkpt>
      <trkpt lat="-33.86391710489988" lon="151.21707525104284">
        <ele>1.0</ele>
        <time>2026-08-28T02:49:33Z</time>
        <extensions>
          <gpxtpx:TrackPointExtension>
            <gpxtpx:hr>85</gpxtpx:hr>
          </gpxtpx:TrackPointExtension>
        </extensions>
      </trkpt>
      <trkpt lat="-33.86391308158636" lon="151.2170701380819">
        <ele>1.0</ele>
        <time>2026-08-28T02:49:36Z</time>
        <extensions>
          <gpxtpx:TrackPointExtension>
            <gpxtpx:hr>84</gpxtpx:hr>
          </gpxtpx:TrackPointExtension>
        </extensions>
      </trkpt>
      <trkpt lat="-33.86390319094062" lon="151.2170568946749">
        <ele>1.0</ele>
        <time>2026-08-28T02:49:39Z</time>
        <extensions>
          <gpxtpx:TrackPointExtension>
            <gpxtpx:hr>84</gpxtpx:hr>
          </gpxtpx:TrackPointExtension>
        </extensions>
      </trkpt>
      <trkpt lat="-33.86389413848519" lon="151.21703518554568">
        <ele>1.0</ele>
        <time>2026-08-28T02:49:42Z</time>
        <extensions>
          <gpxtpx:TrackPointExtension>
            <gpxtpx:hr>84</gpxtpx:hr>
          </gpxtpx:TrackPointExtension>
        </extensions>
      </trkpt>
      <trkpt lat="-33.86389598250389" lon="151.21700978837907">
        <ele>1.0</ele>
        <time>2026-08-28T02:49:45Z</time>
        <extensions>
          <gpxtpx:TrackPointExtension>
            <gpxtpx:hr>85</gpxtpx:hr>
          </gpxtpx:TrackPointExtension>
        </extensions>
      </trkpt>
      <trkpt lat="-33.86391467414796" lon="151.2169961258769">
        <ele>1.0</ele>
        <time>2026-08-28T02:49:48Z</time>
        <extensions>
          <gpxtpx:TrackPointExtension>
            <gpxtpx:hr>86</gpxtpx:hr>
          </gpxtpx:TrackPointExtension>
        </extensions>
      </trkpt>
      <trkpt lat="-33.86394007131457" lon="151.2169931922108">
        <ele>1.0</ele>
        <time>2026-08-28T02:49:51Z</time>
        <extensions>
          <gpxtpx:TrackPointExtension>
            <gpxtpx:hr>87</gpxtpx:hr>
          </gpxtpx:TrackPointExtension>
        </extensions>
      </trkpt>
      <trkpt lat="-33.863967563956976" lon="151.21699570678174">
        <ele>1.0</ele>
        <time>2026-08-28T02:49:54Z</time>
        <extensions>
          <gpxtpx:TrackPointExtension>
            <gpxtpx:hr>87</gpxtpx:hr>
          </gpxtpx:TrackPointExtension>
        </extensions>
      </trkpt>
      <trkpt lat="-33.863992961123586" lon="151.21700023300946">
        <ele>1.0</ele>
        <time>2026-08-28T02:49:57Z</time>
        <extensions>
          <gpxtpx:TrackPointExtension>
            <gpxtpx:hr>87</gpxtpx:hr>
          </gpxtpx:TrackPointExtension>
        </extensions>
      </trkpt>
      <trkpt lat="-33.86402053758502" lon="151.21700786054134">
        <ele>1.0</ele>
        <time>2026-08-28T02:50:00Z</time>
        <extensions>
          <gpxtpx:TrackPointExtension>
            <gpxtpx:hr>88</gpxtpx:hr>
          </gpxtpx:TrackPointExtension>
        </extensions>
      </trkpt>
      <trkpt lat="-33.86404995806515" lon="151.21701573953032">
        <ele>1.0</ele>
        <time>2026-08-28T02:50:03Z</time>
        <extensions>
          <gpxtpx:TrackPointExtension>
            <gpxtpx:hr>89</gpxtpx:hr>
          </gpxtpx:TrackPointExtension>
        </extensions>
      </trkpt>
      <trkpt lat="-33.86406906880438" lon="151.21701708063483">
        <ele>1.0</ele>
        <time>2026-08-28T02:50:05Z</time>
        <extensions>
          <gpxtpx:TrackPointExtension>
            <gpxtpx:hr>89</gpxtpx:hr>
          </gpxtpx:TrackPointExtension>
        </extensions>
      </trkpt>
      <trkpt lat="-33.8641095533967" lon="151.21701397933066">
        <ele>1.0</ele>
        <time>2026-08-28T02:50:08Z</time>
        <extensions>
          <gpxtpx:TrackPointExtension>
            <gpxtpx:hr>88</gpxtpx:hr>
          </gpxtpx:TrackPointExtension>
        </extensions>
      </trkpt>
    </trkseg>
  </trk>
</gpx>