<?xml version="1.0" encoding="UTF-8"?>
<gpx xmlns="http://www.topografix.com/GPX/1/1" xmlns:gpxtpx="http://www.garmin.com/xmlschemas/TrackPointExtension/v1" xmlns:xsi="http://www.w3.org/2001/XMLSchema-instance" xsi:schemaLocation="http://www.topografix.com/GPX/1/1 http://www.topografix.com/GPX/1/1/gpx.xsd" version="1.1" creator="gpx.py -- https://github.com/tkrajina/gpxpy">
  <trk>
    <name>gpx from keep</name>
    <type>Run</type>
    <trkseg>
      <trkpt lat="31.22838014437349" lon="121.55768988635617">
        <ele>9.0</ele>
        <time>2026-08-18T11:54:42Z</time>
        <extensions>
          <gpxtpx:TrackPointExtension>
            <gpxtpx:hr>91</gpxtpx:hr>
          </gpxtpx:TrackPointExtension>
        </extensions>
      </trkpt>
      <trkpt lat="31.228348225364854" lon="121.55773197341142">
        <ele>9.0</ele>
        <time>2026-08-18T11:54:45Z</time>
        <extensions>
          <gpxtpx:TrackPointExtension>
            <gpxtpx:hr>93</gpxtpx:hr>
          </gpxtpx:TrackPointExtension>
        </extensions>
      </trkpt>
      <trkpt lat="31.228315295754978" lon="121.55776704642017">
        <ele>9.0</ele>
        <time>2026-08-18T11:54:48Z</time>
        <extensions>
          <gpxtpx:TrackPointExtension>
            <gpxtpx:hr>94</gpxtpx:hr>
          </gpxtpx:TrackPointExtension>
        </extensions>
      </trkpt>
      <trkpt lat="31.228262380127063" lon="121.55780512704743">
        <ele>9.0</ele>
        <time>2026-08-18T11:54:51Z</time>
        <extensions>
          <gpxtpx:TrackPointExtension>
            <gpxtpx:hr>96</gpxtpx:hr>
          </gpxtpx:TrackPointExtension>
        </extensions>
      </trkpt>
      <trkpt lat="31.228193460925784" lon="121.55783619491112">
        <ele>9.0</ele>
        <time>2026-08-18T11:54:54Z</time>
        <extensions>
          <gpxtpx:TrackPointExtension>
            <gpxtpx:hr>100</gpxtpx:hr>
          </gpxtpx:TrackPointExtension>
        </extensions>
      </trkpt>
      <trkpt lat="31.22812252068185" lon="121.55785323486074">
        <ele>9.0</ele>
        <time>2026-08-18T11:54:57Z</time>
        <extensions>
          <gpxtpx:TrackPointExtension>
            <gpxtpx:hr>103</gpxtpx:hr>
          </gpxtpx:TrackPointExtension>
        </extensions>
      </trkpt>
      <trkpt lat="31.228059581399805" lon="121.55787328013841">
        <ele>9.0</ele>
        <time>2026-08-18T11:55:00Z</time>
        <extensions>
          <gpxtpx:TrackPointExtension>
            <gpxtpx:hr>105</gpxtpx:hr>
          </gpxtpx:TrackPointExtension>
        </extensions>
      </trkpt>
      <trkpt lat="31.228022620583427" lon="121.55788731123212">
        <ele>9.0</ele>
        <time>2026-08-18T11:55:03Z</time>
        <extensions>
          <gpxtpx:TrackPointExtension>
            <gpxtpx:hr>107</gpxtpx:hr>
          </gpxtpx:TrackPointExtension>
        </extensions>
      </trkpt>
      <trkpt lat="31.22795669363377" lon="121.55791437072776">
        <ele>9.0</ele>
        <time>2026-08-18T11:55:06Z</time>
        <extensions>
          <gpxtpx:TrackPointExtension>
            <gpxtpx:hr>108</gpxtpx:hr>
          </gpxtpx:TrackPointExtension>
        </extensions>
      </trkpt>
      <trkpt lat="31.227890782294008" lon="121.55795145017369">
        <ele>9.0</ele>
        <time>2026-08-18T11:55:09Z</time>
        <extensions>
          <gpxtpx:TrackPointExtension>
            <gpxtpx:hr>108</gpxtpx:hr>
          </gpxtpx:TrackPointExtension>
        </extensions>
      </trkpt>
      <trkpt lat="31.22782587512064" lon="121.55799153546148">
        <ele>9.0</ele>
        <time>2026-08-18T11:55:12Z</time>
        <extensions>
          <gpxtpx:TrackPointExtension>
            <gpxtpx:hr>108</gpxtpx:hr>
          </gpxtpx:TrackPointExtension>
        </extensions>
      </trkpt>
      <trkpt lat="31.227785918766013" lon="121.55800757071785">
        <ele>9.0</ele>
        <time>2026-08-18T11:55:15Z</time>
        <extensions>
          <gpxtpx:TrackPointExtension>
            <gpxtpx:hr>109</gpxtpx:hr>
          </gpxtpx:TrackPointExtension>
        </extensions>
      </trkpt>
      <trkpt lat="31.227719987016844" lon="121.5580316240779">
        <ele>9.0</ele>
        <time>2026-08-18T11:55:18Z</time>
        <extensions>
          <gpxtpx:TrackPointExtension>
            <gpxtpx:hr>109</gpxtpx:hr>
          </gpxtpx:TrackPointExtension>
        </extensions>
      </trkpt>
      <trkpt lat="31.227653069744854" lon="121.55806469543198">
        <ele>9.0</ele>
        <time>2026-08-18T11:55:21Z</time>
        <extensions>
          <gpxtpx:TrackPointExtension>
            <gpxtpx:hr>111</gpxtpx:hr>
          </gpxtpx:TrackPointExtension>
        </extensions>
      </trkpt>
      <trkpt lat="31.22758216364258" lon="121.5581037790142">
        <ele>9.0</ele>
        <time>2026-08-18T11:55:24Z</time>
        <extensions>
          <gpxtpx:TrackPointExtension>
            <gpxtpx:hr>113</gpxtpx:hr>
          </gpxtpx:TrackPointExtension>
        </extensions>
      </trkpt>
      <trkpt lat="31.22753921796134" lon="121.55812582637637">
        <ele>9.0</ele>
        <time>2026-08-18T11:55:27Z</time>
        <extensions>
          <gpxtpx:TrackPointExtension>
            <gpxtpx:hr>114</gpxtpx:hr>
          </gpxtpx:TrackPointExtension>
        </extensions>
      </trkpt>
      <trkpt lat="31.227467301351787" lon="121.558157896011">
        <ele>8.0</ele>
        <time>2026-08-18T11:55:30Z</time>
        <extensions>
          <gpxtpx:TrackPointExtension>
            <gpxtpx:hr>116</gpxtpx:hr>
          </gpxtpx:TrackPointExtension>
        </extensions>
      </trkpt>
      <trkpt lat="31.227393387192073" lon="121.55819096775042">
        <ele>8.0</ele>
        <time>2026-08-18T11:55:33Z</time>
        <extensions>
          <gpxtpx:TrackPointExtension>
            <gpxtpx:hr>117</gpxtpx:hr>
          </gpxtpx:TrackPointExtension>
        </extensions>
      </trkpt>
      <trkpt lat="31.22731647749762" lon="121.55822604365832">
        <ele>8.0</ele>
        <time>2026-08-18T11:55:36Z</time>
        <extensions>
          <gpxtpx:TrackPointExtension>
            <gpxtpx:hr>117</gpxtpx:hr>
          </gpxtpx:TrackPointExtension>
        </extensions>
      </trkpt>
      <trkpt lat="31.22727152799623" lon="121.55824508510695">
        <ele>8.0</ele>
        <time>2026-08-18T11:55:39Z</time>
        <extensions>
          <gpxtpx:TrackPointExtension>
            <gpxtpx:hr>118</gpxtpx:hr>
          </gpxtpx:TrackPointExtension>
        </extensions>
      </trkpt>
      <trkpt lat="31.227200598378467" lon="121.55826913861408">
        <ele>8.0</ele>
        <time>2026-08-18T11:55:42Z</time>
        <extensions>
          <gpxtpx:TrackPointExtension>
            <gpxtpx:hr>120</gpxtpx:hr>
          </gpxtpx:TrackPointExtension>
        </extensions>
      </trkpt>
      <trkpt lat="31.227132658043196" lon="121.55828717995104">
        <ele>8.0</ele>
        <time>2026-08-18T11:55:45Z</time>
        <extensions>
          <gpxtpx:TrackPointExtension>
            <gpxtpx:hr>120</gpxtpx:hr>
          </gpxtpx:TrackPointExtension>
        </extensions>
      </trkpt>
      <trkpt lat="31.22706472699094" lon="121.55831123316153">
        <ele>8.0</ele>
        <time>2026-08-18T11:55:48Z</time>
        <extensions>
          <gpxtpx:TrackPointExtension>
            <gpxtpx:hr>121</gpxtpx:hr>
          </gpxtpx:TrackPointExtension>
        </extensions>
      </trkpt>
      <trkpt lat="31.227024767357143" lon="121.55832526421611">
        <ele>8.0</ele>
        <time>2026-08-18T11:55:51Z</time>
        <extensions>
          <gpxtpx:TrackPointExtension>
            <gpxtpx:hr>121</gpxtpx:hr>
          </gpxtpx:TrackPointExtension>
        </extensions>
      </trkpt>
      <trkpt lat="31.22696182929592" lon="121.55834631102964">
        <ele>8.0</ele>
        <time>2026-08-18T11:55:54Z</time>
        <extensions>
          <gpxtpx:TrackPointExtension>
            <gpxtpx:hr>121</gpxtpx:hr>
          </gpxtpx:TrackPointExtension>
        </extensions>
      </trkpt>
      <trkpt lat="31.226904905422252" lon="121.5583783790871">
        <ele>8.0</ele>
        <time>2026-08-18T11:55:57Z</time>
        <extensions>
          <gpxtpx:TrackPointExtension>
            <gpxtpx:hr>121</gpxtpx:hr>
          </gpxtpx:TrackPointExtension>
        </extensions>
      </trkpt>
      <trkpt lat="31.226845982444022" lon="121.55841044726226">
        <ele>8.0</ele>
        <time>2026-08-18T11:56:00Z</time>
        <extensions>
          <gpxtpx:TrackPointExtension>
            <gpxtpx:hr>122</gpxtpx:hr>
          </gpxtpx:TrackPointExtension>
        </extensions>
      </trkpt>
      <trkpt lat="31.226806024304683" lon="121.55842548022738">
        <ele>8.0</ele>
        <time>2026-08-18T11:56:03Z</time>
        <extensions>
          <gpxtpx:TrackPointExtension>
            <gpxtpx:hr>122</gpxtpx:hr>
          </gpxtpx:TrackPointExtension>
        </extensions>
      </trkpt>
      <trkpt lat="31.226736109497278" lon="121.55845955319346">
        <ele>8.0</ele>
        <time>2026-08-18T11:56:06Z</time>
        <extensions>
          <gpxtpx:TrackPointExtension>
            <gpxtpx:hr>122</gpxtpx:hr>
          </gpxtpx:TrackPointExtension>
        </extensions>
      </trkpt>
      <trkpt lat="31.226662208843994" lon="121.55850164221752">
        <ele>8.0</ele>
        <time>2026-08-18T11:56:09Z</time>
        <extensions>
          <gpxtpx:TrackPointExtension>
            <gpxtpx:hr>122</gpxtpx:hr>
          </gpxtpx:TrackPointExtension>
        </extensions>
      </trkpt>
      <trkpt lat="31.226579309253538" lon="121.55854172796445">
        <ele>8.0</ele>
        <time>2026-08-18T11:56:12Z</time>
        <extensions>
          <gpxtpx:TrackPointExtension>
            <gpxtpx:hr>122</gpxtpx:hr>
          </gpxtpx:TrackPointExtension>
        </extensions>
      </trkpt>
      <trkpt lat="31.226527365884976" lon="121.55856277365066">
        <ele>8.0</ele>
        <time>2026-08-18T11:56:15Z</time>
        <extensions>
          <gpxtpx:TrackPointExtension>
            <gpxtpx:hr>122</gpxtpx:hr>
          </gpxtpx:TrackPointExtension>
        </extensions>
      </trkpt>
      <trkpt lat="31.226441443016807" lon="121.5585868280435">
        <ele>8.0</ele>
        <time>2026-08-18T11:56:18Z</time>
        <extensions>
          <gpxtpx:TrackPointExtension>
            <gpxtpx:hr>122</gpxtpx:hr>
          </gpxtpx:TrackPointExtension>
        </extensions>
      </trkpt>
      <trkpt lat="31.226364479039407" lon="121.5585868344349">
        <ele>8.0</ele>
        <time>2026-08-18T11:56:21Z</time>
        <extensions>
          <gpxtpx:TrackPointExtension>
            <gpxtpx:hr>122</gpxtpx:hr>
          </gpxtpx:TrackPointExtension>
        </extensions>
      </trkpt>
      <trkpt lat="31.226301457765782" lon="121.55855377468261">
        <ele>7.0</ele>
        <time>2026-08-18T11:56:24Z</time>
        <extensions>
          <gpxtpx:TrackPointExtension>
            <gpxtpx:hr>122</gpxtpx:hr>
          </gpxtpx:TrackPointExtension>
        </extensions>
      </trkpt>
      <trkpt lat="31.22627342007212" lon="121.55852071197381">
        <ele>7.0</ele>
        <time>2026-08-18T11:56:27Z</time>
        <extensions>
          <gpxtpx:TrackPointExtension>
            <gpxtpx:hr>121</gpxtpx:hr>
          </gpxtpx:TrackPointExtension>
        </extensions>
      </trkpt>
      <trkpt lat="31.226227347584707" lon="121.55845959544455">
        <ele>7.0</ele>
        <time>2026-08-18T11:56:30Z</time>
        <extensions>
          <gpxtpx:TrackPointExtension>
            <gpxtpx:hr>121</gpxtpx:hr>
          </gpxtpx:TrackPointExtension>
        </extensions>
      </trkpt>
      <trkpt lat="31.226184267360917" lon="121.55839447058176">
        <ele>7.0</ele>
        <time>2026-08-18T11:56:33Z</time>
        <extensions>
          <gpxtpx:TrackPointExtension>
            <gpxtpx:hr>121</gpxtpx:hr>
          </gpxtpx:TrackPointExtension>
        </extensions>
      </trkpt>
      <trkpt lat="31.226146181528065" lon="121.558327341144">
        <ele>7.0</ele>
        <time>2026-08-18T11:56:36Z</time>
        <extensions>
          <gpxtpx:TrackPointExtension>
            <gpxtpx:hr>121</gpxtpx:hr>
          </gpxtpx:TrackPointExtension>
        </extensions>
      </trkpt>
      <trkpt lat="31.226125123208682" lon="121.55828325569685">
        <ele>7.0</ele>
        <time>2026-08-18T11:56:39Z</time>
        <extensions>
          <gpxtpx:TrackPointExtension>
            <gpxtpx:hr>122</gpxtpx:hr>
          </gpxtpx:TrackPointExtension>
        </extensions>
      </trkpt>
      <trkpt lat="31.226090021692038" lon="121.5582071077862">
        <ele>7.0</ele>
        <time>2026-08-18T11:56:42Z</time>
        <extensions>
          <gpxtpx:TrackPointExtension>
            <gpxtpx:hr>123</gpxtpx:hr>
          </gpxtpx:TrackPointExtension>
        </extensions>
      </trkpt>
      <trkpt lat="31.22605391885018" lon="121.55812995769723">
        <ele>7.0</ele>
        <time>2026-08-18T11:56:45Z</time>
        <extensions>
          <gpxtpx:TrackPointExtension>
            <gpxtpx:hr>124</gpxtpx:hr>
          </gpxtpx:TrackPointExtension>
        </extensions>
      </trkpt>
      <trkpt lat="31.226014820287805" lon="121.55805481156557">
        <ele>7.0</ele>
        <time>2026-08-18T11:56:48Z</time>
        <extensions>
          <gpxtpx:TrackPointExtension>
            <gpxtpx:hr>125</gpxtpx:hr>
          </gpxtpx:TrackPointExtension>
        </extensions>
      </trkpt>
      <trkpt lat="31.225991763974367" lon="121.55801172771741">
        <ele>7.0</ele>
        <time>2026-08-18T11:56:51Z</time>
        <extensions>
          <gpxtpx:TrackPointExtension>
            <gpxtpx:hr>125</gpxtpx:hr>
          </gpxtpx:TrackPointExtension>
        </extensions>
      </trkpt>
      <trkpt lat="31.225954667240867" lon="121.55793858500199">
        <ele>7.0</ele>
        <time>2026-08-18T11:56:54Z</time>
        <extensions>
          <gpxtpx:TrackPointExtension>
            <gpxtpx:hr>126</gpxtpx:hr>
          </gpxtpx:TrackPointExtension>
        </extensions>
      </trkpt>
      <trkpt lat="31.225920568884348" lon="121.55786544178757">
        <ele>7.0</ele>
        <time>2026-08-18T11:56:57Z</time>
        <extensions>
          <gpxtpx:TrackPointExtension>
            <gpxtpx:hr>127</gpxtpx:hr>
          </gpxtpx:TrackPointExtension>
        </extensions>
      </trkpt>
      <trkpt lat="31.225888469372947" lon="121.55779229815731">
        <ele>7.0</ele>
        <time>2026-08-18T11:57:00Z</time>
        <extensions>
          <gpxtpx:TrackPointExtension>
            <gpxtpx:hr>128</gpxtpx:hr>
          </gpxtpx:TrackPointExtension>
        </extensions>
      </trkpt>
      <trkpt lat="31.225871406644934" lon="121.5577472092674">
        <ele>7.0</ele>
        <time>2026-08-18T11:57:03Z</time>
        <extensions>
          <gpxtpx:TrackPointExtension>
            <gpxtpx:hr>128</gpxtpx:hr>
          </gpxtpx:TrackPointExtension>
        </extensions>
      </trkpt>
      <trkpt lat="31.22583930048117" lon="121.55767005718864">
        <ele>7.0</ele>
        <time>2026-08-18T11:57:06Z</time>
        <extensions>
          <gpxtpx:TrackPointExtension>
            <gpxtpx:hr>127</gpxtpx:hr>
          </gpxtpx:TrackPointExtension>
        </extensions>
      </trkpt>
      <trkpt lat="31.225805191855063" lon="121.55759090096846">
        <ele>7.0</ele>
        <time>2026-08-18T11:57:09Z</time>
        <extensions>
          <gpxtpx:TrackPointExtension>
            <gpxtpx:hr>127</gpxtpx:hr>
          </gpxtpx:TrackPointExtension>
        </extensions>
      </trkpt>
      <trkpt lat="31.225768076471127" lon="121.5575067346112">
        <ele>7.0</ele>
        <time>2026-08-18T11:57:12Z</time>
        <extensions>
          <gpxtpx:TrackPointExtension>
            <gpxtpx:hr>128</gpxtpx:hr>
          </gpxtpx:TrackPointExtension>
        </extensions>
      </trkpt>
      <trkpt lat="31.225744010162654" lon="121.55745763761782">
        <ele>7.0</ele>
        <time>2026-08-18T11:57:15Z</time>
        <extensions>
          <gpxtpx:TrackPointExtension>
            <gpxtpx:hr>129</gpxtpx:hr>
          </gpxtpx:TrackPointExtension>
        </extensions>
      </trkpt>
      <trkpt lat="31.2257088965596" lon="121.55737547462279">
        <ele>7.0</ele>
        <time>2026-08-18T11:57:18Z</time>
        <extensions>
          <gpxtpx:TrackPointExtension>
            <gpxtpx:hr>129</gpxtpx:hr>
          </gpxtpx:TrackPointExtension>
        </extensions>
      </trkpt>
      <trkpt lat="31.225673779501165" lon="121.55729130725597">
        <ele>7.0</ele>
        <time>2026-08-18T11:57:21Z</time>
        <extensions>
          <gpxtpx:TrackPointExtension>
            <gpxtpx:hr>128</gpxtpx:hr>
          </gpxtpx:TrackPointExtension>
        </extensions>
      </trkpt>
      <trkpt lat="31.22563766740483" lon="121.55721014574164">
        <ele>7.0</ele>
        <time>2026-08-18T11:57:24Z</time>
        <extensions>
          <gpxtpx:TrackPointExtension>
            <gpxtpx:hr>128</gpxtpx:hr>
          </gpxtpx:TrackPointExtension>
        </extensions>
      </trkpt>
      <trkpt lat="31.22561659750342" lon="121.55716004578728">
        <ele>7.0</ele>
        <time>2026-08-18T11:57:27Z</time>
        <extensions>
          <gpxtpx:TrackPointExtension>
            <gpxtpx:hr>127</gpxtpx:hr>
          </gpxtpx:TrackPointExtension>
        </extensions>
      </trkpt>
      <trkpt lat="31.22558148290694" lon="121.55707788165651">
        <ele>7.0</ele>
        <time>2026-08-18T11:57:30Z</time>
        <extensions>
          <gpxtpx:TrackPointExtension>
            <gpxtpx:hr>127</gpxtpx:hr>
          </gpxtpx:TrackPointExtension>
        </extensions>
      </trkpt>
      <trkpt lat="31.225549368233377" lon="121.55699671900634">
        <ele>7.0</ele>
        <time>2026-08-18T11:57:33Z</time>
        <extensions>
          <gpxtpx:TrackPointExtension>
            <gpxtpx:hr>126</gpxtpx:hr>
          </gpxtpx:TrackPointExtension>
        </extensions>
      </trkpt>
      <trkpt lat="31.22552124981239" lon="121.55691455367224">
        <ele>7.0</ele>
        <time>2026-08-18T11:57:36Z</time>
        <extensions>
          <gpxtpx:TrackPointExtension>
            <gpxtpx:hr>126</gpxtpx:hr>
          </gpxtpx:TrackPointExtension>
        </extensions>
      </trkpt>
      <trkpt lat="31.22550418225924" lon="121.55686745884562">
        <ele>7.0</ele>
        <time>2026-08-18T11:57:39Z</time>
        <extensions>
          <gpxtpx:TrackPointExtension>
            <gpxtpx:hr>126</gpxtpx:hr>
          </gpxtpx:TrackPointExtension>
        </extensions>
      </trkpt>
      <trkpt lat="31.22547207333719" lon="121.55679030361402">
        <ele>7.0</ele>
        <time>2026-08-18T11:57:42Z</time>
        <extensions>
          <gpxtpx:TrackPointExtension>
            <gpxtpx:hr>126</gpxtpx:hr>
          </gpxtpx:TrackPointExtension>
        </extensions>
      </trkpt>
      <trkpt lat="31.22543896141475" lon="121.55671114407829">
        <ele>6.0</ele>
        <time>2026-08-18T11:57:45Z</time>
        <extensions>
          <gpxtpx:TrackPointExtension>
            <gpxtpx:hr>126</gpxtpx:hr>
          </gpxtpx:TrackPointExtension>
        </extensions>
      </trkpt>
      <trkpt lat="31.225409844129317" lon="121.55662997980144">
        <ele>6.0</ele>
        <time>2026-08-18T11:57:48Z</time>
        <extensions>
          <gpxtpx:TrackPointExtension>
            <gpxtpx:hr>125</gpxtpx:hr>
          </gpxtpx:TrackPointExtension>
        </extensions>
      </trkpt>
      <trkpt lat="31.225391774883" lon="121.55658188237626">
        <ele>6.0</ele>
        <time>2026-08-18T11:57:51Z</time>
        <extensions>
          <gpxtpx:TrackPointExtension>
            <gpxtpx:hr>125</gpxtpx:hr>
          </gpxtpx:TrackPointExtension>
        </extensions>
      </trkpt>
      <trkpt lat="31.22536065486537" lon="121.55649871364956">
        <ele>6.0</ele>
        <time>2026-08-18T11:57:54Z</time>
        <extensions>
          <gpxtpx:TrackPointExtension>
            <gpxtpx:hr>125</gpxtpx:hr>
          </gpxtpx:TrackPointExtension>
        </extensions>
      </trkpt>
      <trkpt lat="31.225327529001053" lon="121.55641153649093">
        <ele>6.0</ele>
        <time>2026-08-18T11:57:57Z</time>
        <extensions>
          <gpxtpx:TrackPointExtension>
            <gpxtpx:hr>125</gpxtpx:hr>
          </gpxtpx:TrackPointExtension>
        </extensions>
      </trkpt>
      <trkpt lat="31.225296401892408" lon="121.5563243588159">
        <ele>6.0</ele>
        <time>2026-08-18T11:58:00Z</time>
        <extensions>
          <gpxtpx:TrackPointExtension>
            <gpxtpx:hr>125</gpxtpx:hr>
          </gpxtpx:TrackPointExtension>
        </extensions>
      </trkpt>
      <trkpt lat="31.225279328320116" lon="121.55627425647762">
        <ele>6.0</ele>
        <time>2026-08-18T11:58:03Z</time>
        <extensions>
          <gpxtpx:TrackPointExtension>
            <gpxtpx:hr>125</gpxtpx:hr>
          </gpxtpx:TrackPointExtension>
        </extensions>
      </trkpt>
      <trkpt lat="31.225247202832996" lon="121.55618808041471">
        <ele>6.0</ele>
        <time>2026-08-18T11:58:06Z</time>
        <extensions>
          <gpxtpx:TrackPointExtension>
            <gpxtpx:hr>125</gpxtpx:hr>
          </gpxtpx:TrackPointExtension>
        </extensions>
      </trkpt>
      <trkpt lat="31.225215070491075" lon="121.55609789567342">
        <ele>6.0</ele>
        <time>2026-08-18T11:58:09Z</time>
        <extensions>
          <gpxtpx:TrackPointExtension>
            <gpxtpx:hr>126</gpxtpx:hr>
          </gpxtpx:TrackPointExtension>
        </extensions>
      </trkpt>
      <trkpt lat="31.225182936179053" lon="121.55600670846982">
        <ele>6.0</ele>
        <time>2026-08-18T11:58:12Z</time>
        <extensions>
          <gpxtpx:TrackPointExtension>
            <gpxtpx:hr>126</gpxtpx:hr>
          </gpxtpx:TrackPointExtension>
        </extensions>
      </trkpt>
      <trkpt lat="31.225162853503512" lon="121.55595059310336">
        <ele>7.0</ele>
        <time>2026-08-18T11:58:15Z</time>
        <extensions>
          <gpxtpx:TrackPointExtension>
            <gpxtpx:hr>126</gpxtpx:hr>
          </gpxtpx:TrackPointExtension>
        </extensions>
      </trkpt>
      <trkpt lat="31.225124716518962" lon="121.55585639949547">
        <ele>7.0</ele>
        <time>2026-08-18T11:58:18Z</time>
        <extensions>
          <gpxtpx:TrackPointExtension>
            <gpxtpx:hr>126</gpxtpx:hr>
          </gpxtpx:TrackPointExtension>
        </extensions>
      </trkpt>
      <trkpt lat="31.225076595435183" lon="121.55576922100825">
        <ele>6.0</ele>
        <time>2026-08-18T11:58:21Z</time>
        <extensions>
          <gpxtpx:TrackPointExtension>
            <gpxtpx:hr>126</gpxtpx:hr>
          </gpxtpx:TrackPointExtension>
        </extensions>
      </trkpt>
      <trkpt lat="31.225024480890923" lon="121.55568504881509">
        <ele>6.0</ele>
        <time>2026-08-18T11:58:24Z</time>
        <extensions>
          <gpxtpx:TrackPointExtension>
            <gpxtpx:hr>126</gpxtpx:hr>
          </gpxtpx:TrackPointExtension>
        </extensions>
      </trkpt>
      <trkpt lat="31.224989414474297" lon="121.5556349465014">
        <ele>6.0</ele>
        <time>2026-08-18T11:58:27Z</time>
        <extensions>
          <gpxtpx:TrackPointExtension>
            <gpxtpx:hr>126</gpxtpx:hr>
          </gpxtpx:TrackPointExtension>
        </extensions>
      </trkpt>
      <trkpt lat="31.22492230817763" lon="121.55555177714636">
        <ele>6.0</ele>
        <time>2026-08-18T11:58:30Z</time>
        <extensions>
          <gpxtpx:TrackPointExtension>
            <gpxtpx:hr>126</gpxtpx:hr>
          </gpxtpx:TrackPointExtension>
        </extensions>
      </trkpt>
      <trkpt lat="31.22484922439197" lon="121.55548063332846">
        <ele>6.0</ele>
        <time>2026-08-18T11:58:33Z</time>
        <extensions>
          <gpxtpx:TrackPointExtension>
            <gpxtpx:hr>127</gpxtpx:hr>
          </gpxtpx:TrackPointExtension>
        </extensions>
      </trkpt>
      <trkpt lat="31.22477015655626" lon="121.55541750670345">
        <ele>6.0</ele>
        <time>2026-08-18T11:58:36Z</time>
        <extensions>
          <gpxtpx:TrackPointExtension>
            <gpxtpx:hr>127</gpxtpx:hr>
          </gpxtpx:TrackPointExtension>
        </extensions>
      </trkpt>
      <trkpt lat="31.224718127613095" lon="121.55538544330257">
        <ele>6.0</ele>
        <time>2026-08-18T11:58:39Z</time>
        <extensions>
          <gpxtpx:TrackPointExtension>
            <gpxtpx:hr>128</gpxtpx:hr>
          </gpxtpx:TrackPointExtension>
        </extensions>
      </trkpt>
      <trkpt lat="31.224629115998244" lon="121.55535338292825">
        <ele>6.0</ele>
        <time>2026-08-18T11:58:42Z</time>
        <extensions>
          <gpxtpx:TrackPointExtension>
            <gpxtpx:hr>129</gpxtpx:hr>
          </gpxtpx:TrackPointExtension>
        </extensions>
      </trkpt>
      <trkpt lat="31.224543143016444" lon="121.55534537312279">
        <ele>6.0</ele>
        <time>2026-08-18T11:58:45Z</time>
        <extensions>
          <gpxtpx:TrackPointExtension>
            <gpxtpx:hr>130</gpxtpx:hr>
          </gpxtpx:TrackPointExtension>
        </extensions>
      </trkpt>
      <trkpt lat="31.224462192731238" lon="121.55535239468173">
        <ele>6.0</ele>
        <time>2026-08-18T11:58:48Z</time>
        <extensions>
          <gpxtpx:TrackPointExtension>
            <gpxtpx:hr>129</gpxtpx:hr>
          </gpxtpx:TrackPointExtension>
        </extensions>
      </trkpt>
      <trkpt lat="31.224415226483348" lon="121.55535941341418">
        <ele>6.0</ele>
        <time>2026-08-18T11:58:51Z</time>
        <extensions>
          <gpxtpx:TrackPointExtension>
            <gpxtpx:hr>129</gpxtpx:hr>
          </gpxtpx:TrackPointExtension>
        </extensions>
      </trkpt>
      <trkpt lat="31.224337269788776" lon="121.55536342836558">
        <ele>6.0</ele>
        <time>2026-08-18T11:58:54Z</time>
        <extensions>
          <gpxtpx:TrackPointExtension>
            <gpxtpx:hr>129</gpxtpx:hr>
          </gpxtpx:TrackPointExtension>
        </extensions>
      </trkpt>
      <trkpt lat="31.224264284049966" lon="121.55535140901011">
        <ele>6.0</ele>
        <time>2026-08-18T11:58:57Z</time>
        <extensions>
          <gpxtpx:TrackPointExtension>
            <gpxtpx:hr>128</gpxtpx:hr>
          </gpxtpx:TrackPointExtension>
        </extensions>
      </trkpt>
      <trkpt lat="31.224206256193334" lon="121.5553183438911">
        <ele>6.0</ele>
        <time>2026-08-18T11:59:00Z</time>
        <extensions>
          <gpxtpx:TrackPointExtension>
            <gpxtpx:hr>128</gpxtpx:hr>
          </gpxtpx:TrackPointExtension>
        </extensions>
      </trkpt>
      <trkpt lat="31.2241722471053" lon="121.5553033149094">
        <ele>6.0</ele>
        <time>2026-08-18T11:59:03Z</time>
        <extensions>
          <gpxtpx:TrackPointExtension>
            <gpxtpx:hr>128</gpxtpx:hr>
          </gpxtpx:TrackPointExtension>
        </extensions>
      </trkpt>
      <trkpt lat="31.22411028626035" lon="121.55530933278307">
        <ele>6.0</ele>
        <time>2026-08-18T11:59:06Z</time>
        <extensions>
          <gpxtpx:TrackPointExtension>
            <gpxtpx:hr>129</gpxtpx:hr>
          </gpxtpx:TrackPointExtension>
        </extensions>
      </trkpt>
      <trkpt lat="31.22404434400046" lon="121.55532537218689">
        <ele>6.0</ele>
        <time>2026-08-18T11:59:09Z</time>
        <extensions>
          <gpxtpx:TrackPointExtension>
            <gpxtpx:hr>130</gpxtpx:hr>
          </gpxtpx:TrackPointExtension>
        </extensions>
      </trkpt>
      <trkpt lat="31.223974396935738" lon="121.55533740343483">
        <ele>6.0</ele>
        <time>2026-08-18T11:59:12Z</time>
        <extensions>
          <gpxtpx:TrackPointExtension>
            <gpxtpx:hr>131</gpxtpx:hr>
          </gpxtpx:TrackPointExtension>
        </extensions>
      </trkpt>
      <trkpt lat="31.223931432171025" lon="121.5553464260773">
        <ele>6.0</ele>
        <time>2026-08-18T11:59:15Z</time>
        <extensions>
          <gpxtpx:TrackPointExtension>
            <gpxtpx:hr>131</gpxtpx:hr>
          </gpxtpx:TrackPointExtension>
        </extensions>
      </trkpt>
      <trkpt lat="31.223859489380885" lon="121.55536046171609">
        <ele>6.0</ele>
        <time>2026-08-18T11:59:18Z</time>
        <extensions>
          <gpxtpx:TrackPointExtension>
            <gpxtpx:hr>131</gpxtpx:hr>
          </gpxtpx:TrackPointExtension>
        </extensions>
      </trkpt>
      <trkpt lat="31.22378954064247" lon="121.55537149082706">
        <ele>6.0</ele>
        <time>2026-08-18T11:59:21Z</time>
        <extensions>
          <gpxtpx:TrackPointExtension>
            <gpxtpx:hr>131</gpxtpx:hr>
          </gpxtpx:TrackPointExtension>
        </extensions>
      </trkpt>
      <trkpt lat="31.223719593571357" lon="121.55538352204951">
        <ele>6.0</ele>
        <time>2026-08-18T11:59:24Z</time>
        <extensions>
          <gpxtpx:TrackPointExtension>
            <gpxtpx:hr>132</gpxtpx:hr>
          </gpxtpx:TrackPointExtension>
        </extensions>
      </trkpt>
      <trkpt lat="31.223676628799705" lon="121.5553925446729">
        <ele>7.0</ele>
        <time>2026-08-18T11:59:27Z</time>
        <extensions>
          <gpxtpx:TrackPointExtension>
            <gpxtpx:hr>133</gpxtpx:hr>
          </gpxtpx:TrackPointExtension>
        </extensions>
      </trkpt>
      <trkpt lat="31.22360469100038" lon="121.55540958662975">
        <ele>7.0</ele>
        <time>2026-08-18T11:59:30Z</time>
        <extensions>
          <gpxtpx:TrackPointExtension>
            <gpxtpx:hr>133</gpxtpx:hr>
          </gpxtpx:TrackPointExtension>
        </extensions>
      </trkpt>
      <trkpt lat="31.223529754605124" lon="121.55542662882245">
        <ele>7.0</ele>
        <time>2026-08-18T11:59:33Z</time>
        <extensions>
          <gpxtpx:TrackPointExtension>
            <gpxtpx:hr>133</gpxtpx:hr>
          </gpxtpx:TrackPointExtension>
        </extensions>
      </trkpt>
      <trkpt lat="31.223455822728766" lon="121.55544667726147">
        <ele>7.0</ele>
        <time>2026-08-18T11:59:36Z</time>
        <extensions>
          <gpxtpx:TrackPointExtension>
            <gpxtpx:hr>132</gpxtpx:hr>
          </gpxtpx:TrackPointExtension>
        </extensions>
      </trkpt>
      <trkpt lat="31.223410860550178" lon="121.55545670213856">
        <ele>7.0</ele>
        <time>2026-08-18T11:59:39Z</time>
        <extensions>
          <gpxtpx:TrackPointExtension>
            <gpxtpx:hr>131</gpxtpx:hr>
          </gpxtpx:TrackPointExtension>
        </extensions>
      </trkpt>
      <trkpt lat="31.22333692366508" lon="121.55547374421135">
        <ele>7.0</ele>
        <time>2026-08-18T11:59:42Z</time>
        <extensions>
          <gpxtpx:TrackPointExtension>
            <gpxtpx:hr>130</gpxtpx:hr>
          </gpxtpx:TrackPointExtension>
        </extensions>
      </trkpt>
      <trkpt lat="31.223260984387334" lon="121.55548878221256">
        <ele>7.0</ele>
        <time>2026-08-18T11:59:45Z</time>
        <extensions>
          <gpxtpx:TrackPointExtension>
            <gpxtpx:hr>130</gpxtpx:hr>
          </gpxtpx:TrackPointExtension>
        </extensions>
      </trkpt>
      <trkpt lat="31.223183047709952" lon="121.555504822481">
        <ele>7.0</ele>
        <time>2026-08-18T11:59:48Z</time>
        <extensions>
          <gpxtpx:TrackPointExtension>
            <gpxtpx:hr>129</gpxtpx:hr>
          </gpxtpx:TrackPointExtension>
        </extensions>
      </trkpt>
      <trkpt lat="31.223136086460308" lon="121.55551484749743">
        <ele>7.0</ele>
        <time>2026-08-18T11:59:51Z</time>
        <extensions>
          <gpxtpx:TrackPointExtension>
            <gpxtpx:hr>127</gpxtpx:hr>
          </gpxtpx:TrackPointExtension>
        </extensions>
      </trkpt>
      <trkpt lat="31.223055159496088" lon="121.5555358985468">
        <ele>7.0</ele>
        <time>2026-08-18T11:59:54Z</time>
        <extensions>
          <gpxtpx:TrackPointExtension>
            <gpxtpx:hr>127</gpxtpx:hr>
          </gpxtpx:TrackPointExtension>
        </extensions>
      </trkpt>
      <trkpt lat="31.22297822067068" lon="121.5555509365881">
        <ele>7.0</ele>
        <time>2026-08-18T11:59:57Z</time>
        <extensions>
          <gpxtpx:TrackPointExtension>
            <gpxtpx:hr>127</gpxtpx:hr>
          </gpxtpx:TrackPointExtension>
        </extensions>
      </trkpt>
      <trkpt lat="31.22290726739157" lon="121.55555895935869">
        <ele>7.0</ele>
        <time>2026-08-18T12:00:00Z</time>
        <extensions>
          <gpxtpx:TrackPointExtension>
            <gpxtpx:hr>127</gpxtpx:hr>
          </gpxtpx:TrackPointExtension>
        </extensions>
      </trkpt>
      <trkpt lat="31.222863298076998" lon="121.55556497566643">
        <ele>7.0</ele>
        <time>2026-08-18T12:00:03Z</time>
        <extensions>
          <gpxtpx:TrackPointExtension>
            <gpxtpx:hr>128</gpxtpx:hr>
          </gpxtpx:TrackPointExtension>
        </extensions>
      </trkpt>
      <trkpt lat="31.222789357834028" lon="121.55558001343844">
        <ele>7.0</ele>
        <time>2026-08-18T12:00:06Z</time>
        <extensions>
          <gpxtpx:TrackPointExtension>
            <gpxtpx:hr>128</gpxtpx:hr>
          </gpxtpx:TrackPointExtension>
        </extensions>
      </trkpt>
      <trkpt lat="31.22271441307982" lon="121.55559204496083">
        <ele>7.0</ele>
        <time>2026-08-18T12:00:09Z</time>
        <extensions>
          <gpxtpx:TrackPointExtension>
            <gpxtpx:hr>127</gpxtpx:hr>
          </gpxtpx:TrackPointExtension>
        </extensions>
      </trkpt>
      <trkpt lat="31.22264046287662" lon="121.55560107007246">
        <ele>7.0</ele>
        <time>2026-08-18T12:00:12Z</time>
        <extensions>
          <gpxtpx:TrackPointExtension>
            <gpxtpx:hr>126</gpxtpx:hr>
          </gpxtpx:TrackPointExtension>
        </extensions>
      </trkpt>
      <trkpt lat="31.22259648858563" lon="121.55560408004789">
        <ele>7.0</ele>
        <time>2026-08-18T12:00:15Z</time>
        <extensions>
          <gpxtpx:TrackPointExtension>
            <gpxtpx:hr>126</gpxtpx:hr>
          </gpxtpx:TrackPointExtension>
        </extensions>
      </trkpt>
      <trkpt lat="31.2225215405156" lon="121.55561410734406">
        <ele>7.0</ele>
        <time>2026-08-18T12:00:18Z</time>
        <extensions>
          <gpxtpx:TrackPointExtension>
            <gpxtpx:hr>128</gpxtpx:hr>
          </gpxtpx:TrackPointExtension>
        </extensions>
      </trkpt>
      <trkpt lat="31.22244060190674" lon="121.55562814355758">
        <ele>7.0</ele>
        <time>2026-08-18T12:00:21Z</time>
        <extensions>
          <gpxtpx:TrackPointExtension>
            <gpxtpx:hr>130</gpxtpx:hr>
          </gpxtpx:TrackPointExtension>
        </extensions>
      </trkpt>
      <trkpt lat="31.22236166898225" lon="121.55564618801633">
        <ele>7.0</ele>
        <time>2026-08-18T12:00:24Z</time>
        <extensions>
          <gpxtpx:TrackPointExtension>
            <gpxtpx:hr>130</gpxtpx:hr>
          </gpxtpx:TrackPointExtension>
        </extensions>
      </trkpt>
      <trkpt lat="31.2223167084238" lon="121.55565721490596">
        <ele>7.0</ele>
        <time>2026-08-18T12:00:27Z</time>
        <extensions>
          <gpxtpx:TrackPointExtension>
            <gpxtpx:hr>130</gpxtpx:hr>
          </gpxtpx:TrackPointExtension>
        </extensions>
      </trkpt>
      <trkpt lat="31.222242773129302" lon="121.55567525892533">
        <ele>7.0</ele>
        <time>2026-08-18T12:00:30Z</time>
        <extensions>
          <gpxtpx:TrackPointExtension>
            <gpxtpx:hr>130</gpxtpx:hr>
          </gpxtpx:TrackPointExtension>
        </extensions>
      </trkpt>
      <trkpt lat="31.222163841839794" lon="121.5556943054478">
        <ele>7.0</ele>
        <time>2026-08-18T12:00:33Z</time>
        <extensions>
          <gpxtpx:TrackPointExtension>
            <gpxtpx:hr>130</gpxtpx:hr>
          </gpxtpx:TrackPointExtension>
        </extensions>
      </trkpt>
      <trkpt lat="31.222082904866035" lon="121.55570934371164">
        <ele>7.0</ele>
        <time>2026-08-18T12:00:36Z</time>
        <extensions>
          <gpxtpx:TrackPointExtension>
            <gpxtpx:hr>130</gpxtpx:hr>
          </gpxtpx:TrackPointExtension>
        </extensions>
      </trkpt>
      <trkpt lat="31.222034939088424" lon="121.55571636241164">
        <ele>7.0</ele>
        <time>2026-08-18T12:00:39Z</time>
        <extensions>
          <gpxtpx:TrackPointExtension>
            <gpxtpx:hr>130</gpxtpx:hr>
          </gpxtpx:TrackPointExtension>
        </extensions>
      </trkpt>
      <trkpt lat="31.221960997154362" lon="121.55573039797773">
        <ele>7.0</ele>
        <time>2026-08-18T12:00:42Z</time>
        <extensions>
          <gpxtpx:TrackPointExtension>
            <gpxtpx:hr>130</gpxtpx:hr>
          </gpxtpx:TrackPointExtension>
        </extensions>
      </trkpt>
      <trkpt lat="31.22188805639865" lon="121.55574543555217">
        <ele>7.0</ele>
        <time>2026-08-18T12:00:45Z</time>
        <extensions>
          <gpxtpx:TrackPointExtension>
            <gpxtpx:hr>130</gpxtpx:hr>
          </gpxtpx:TrackPointExtension>
        </extensions>
      </trkpt>
      <trkpt lat="31.22180811894181" lon="121.55576047369753">
        <ele>7.0</ele>
        <time>2026-08-18T12:00:48Z</time>
        <extensions>
          <gpxtpx:TrackPointExtension>
            <gpxtpx:hr>130</gpxtpx:hr>
          </gpxtpx:TrackPointExtension>
        </extensions>
      </trkpt>
      <trkpt lat="31.221758157409926" lon="121.55576949674582">
        <ele>7.0</ele>
        <time>2026-08-18T12:00:51Z</time>
        <extensions>
          <gpxtpx:TrackPointExtension>
            <gpxtpx:hr>130</gpxtpx:hr>
          </gpxtpx:TrackPointExtension>
        </extensions>
      </trkpt>
      <trkpt lat="31.221674221835762" lon="121.5557845352067">
        <ele>7.0</ele>
        <time>2026-08-18T12:00:54Z</time>
        <extensions>
          <gpxtpx:TrackPointExtension>
            <gpxtpx:hr>130</gpxtpx:hr>
          </gpxtpx:TrackPointExtension>
        </extensions>
      </trkpt>
      <trkpt lat="31.221589286730808" lon="121.55579957374019">
        <ele>7.0</ele>
        <time>2026-08-18T12:00:57Z</time>
        <extensions>
          <gpxtpx:TrackPointExtension>
            <gpxtpx:hr>131</gpxtpx:hr>
          </gpxtpx:TrackPointExtension>
        </extensions>
      </trkpt>
      <trkpt lat="31.221506345727235" lon="121.55581160580516">
        <ele>7.0</ele>
        <time>2026-08-18T12:01:00Z</time>
        <extensions>
          <gpxtpx:TrackPointExtension>
            <gpxtpx:hr>131</gpxtpx:hr>
          </gpxtpx:TrackPointExtension>
        </extensions>
      </trkpt>
      <trkpt lat="31.221457375466308" lon="121.55581561826365">
        <ele>8.0</ele>
        <time>2026-08-18T12:01:03Z</time>
        <extensions>
          <gpxtpx:TrackPointExtension>
            <gpxtpx:hr>132</gpxtpx:hr>
          </gpxtpx:TrackPointExtension>
        </extensions>
      </trkpt>
      <trkpt lat="31.22137742314746" lon="121.5558216374898">
        <ele>8.0</ele>
        <time>2026-08-18T12:01:06Z</time>
        <extensions>
          <gpxtpx:TrackPointExtension>
            <gpxtpx:hr>132</gpxtpx:hr>
          </gpxtpx:TrackPointExtension>
        </extensions>
      </trkpt>
      <trkpt lat="31.221300471065653" lon="121.55582865856174">
        <ele>8.0</ele>
        <time>2026-08-18T12:01:09Z</time>
        <extensions>
          <gpxtpx:TrackPointExtension>
            <gpxtpx:hr>132</gpxtpx:hr>
          </gpxtpx:TrackPointExtension>
        </extensions>
      </trkpt>
      <trkpt lat="31.22122552299091" lon="121.55583868575394">
        <ele>8.0</ele>
        <time>2026-08-18T12:01:12Z</time>
        <extensions>
          <gpxtpx:TrackPointExtension>
            <gpxtpx:hr>133</gpxtpx:hr>
          </gpxtpx:TrackPointExtension>
        </extensions>
      </trkpt>
      <trkpt lat="31.221181560270715" lon="121.55584871036707">
        <ele>8.0</ele>
        <time>2026-08-18T12:01:15Z</time>
        <extensions>
          <gpxtpx:TrackPointExtension>
            <gpxtpx:hr>133</gpxtpx:hr>
          </gpxtpx:TrackPointExtension>
        </extensions>
      </trkpt>
      <trkpt lat="31.221112647269607" lon="121.55588178522966">
        <ele>8.0</ele>
        <time>2026-08-18T12:01:18Z</time>
        <extensions>
          <gpxtpx:TrackPointExtension>
            <gpxtpx:hr>133</gpxtpx:hr>
          </gpxtpx:TrackPointExtension>
        </extensions>
      </trkpt>
      <trkpt lat="31.221043742460203" lon="121.55591987050458">
        <ele>8.0</ele>
        <time>2026-08-18T12:01:21Z</time>
        <extensions>
          <gpxtpx:TrackPointExtension>
            <gpxtpx:hr>133</gpxtpx:hr>
          </gpxtpx:TrackPointExtension>
        </extensions>
      </trkpt>
      <trkpt lat="31.22097584041319" lon="121.55595995981102">
        <ele>8.0</ele>
        <time>2026-08-18T12:01:24Z</time>
        <extensions>
          <gpxtpx:TrackPointExtension>
            <gpxtpx:hr>132</gpxtpx:hr>
          </gpxtpx:TrackPointExtension>
        </extensions>
      </trkpt>
      <trkpt lat="31.220933891504426" lon="121.55597900301119">
        <ele>8.0</ele>
        <time>2026-08-18T12:01:27Z</time>
        <extensions>
          <gpxtpx:TrackPointExtension>
            <gpxtpx:hr>132</gpxtpx:hr>
          </gpxtpx:TrackPointExtension>
        </extensions>
      </trkpt>
      <trkpt lat="31.220860963808768" lon="121.55600205712385">
        <ele>7.0</ele>
        <time>2026-08-18T12:01:30Z</time>
        <extensions>
          <gpxtpx:TrackPointExtension>
            <gpxtpx:hr>132</gpxtpx:hr>
          </gpxtpx:TrackPointExtension>
        </extensions>
      </trkpt>
      <trkpt lat="31.220789030697507" lon="121.55602210486605">
        <ele>7.0</ele>
        <time>2026-08-18T12:01:33Z</time>
        <extensions>
          <gpxtpx:TrackPointExtension>
            <gpxtpx:hr>132</gpxtpx:hr>
          </gpxtpx:TrackPointExtension>
        </extensions>
      </trkpt>
      <trkpt lat="31.220718093819112" lon="121.55604014833304">
        <ele>7.0</ele>
        <time>2026-08-18T12:01:36Z</time>
        <extensions>
          <gpxtpx:TrackPointExtension>
            <gpxtpx:hr>131</gpxtpx:hr>
          </gpxtpx:TrackPointExtension>
        </extensions>
      </trkpt>
      <trkpt lat="31.220675127282338" lon="121.55604816859723">
        <ele>7.0</ele>
        <time>2026-08-18T12:01:39Z</time>
        <extensions>
          <gpxtpx:TrackPointExtension>
            <gpxtpx:hr>131</gpxtpx:hr>
          </gpxtpx:TrackPointExtension>
        </extensions>
      </trkpt>
      <trkpt lat="31.22059817846551" lon="121.55605719376787">
        <ele>7.0</ele>
        <time>2026-08-18T12:01:42Z</time>
        <extensions>
          <gpxtpx:TrackPointExtension>
            <gpxtpx:hr>130</gpxtpx:hr>
          </gpxtpx:TrackPointExtension>
        </extensions>
      </trkpt>
      <trkpt lat="31.220519232236956" lon="121.55606722118644">
        <ele>6.0</ele>
        <time>2026-08-18T12:01:45Z</time>
        <extensions>
          <gpxtpx:TrackPointExtension>
            <gpxtpx:hr>130</gpxtpx:hr>
          </gpxtpx:TrackPointExtension>
        </extensions>
      </trkpt>
      <trkpt lat="31.220442294902025" lon="121.55608326094439">
        <ele>6.0</ele>
        <time>2026-08-18T12:01:48Z</time>
        <extensions>
          <gpxtpx:TrackPointExtension>
            <gpxtpx:hr>130</gpxtpx:hr>
          </gpxtpx:TrackPointExtension>
        </extensions>
      </trkpt>
      <trkpt lat="31.220393336118256" lon="121.55609428794413">
        <ele>6.0</ele>
        <time>2026-08-18T12:01:51Z</time>
        <extensions>
          <gpxtpx:TrackPointExtension>
            <gpxtpx:hr>130</gpxtpx:hr>
          </gpxtpx:TrackPointExtension>
        </extensions>
      </trkpt>
      <trkpt lat="31.220313401832463" lon="121.55611133001474">
        <ele>6.0</ele>
        <time>2026-08-18T12:01:54Z</time>
        <extensions>
          <gpxtpx:TrackPointExtension>
            <gpxtpx:hr>130</gpxtpx:hr>
          </gpxtpx:TrackPointExtension>
        </extensions>
      </trkpt>
      <trkpt lat="31.220237462371788" lon="121.55612636757411">
        <ele>6.0</ele>
        <time>2026-08-18T12:01:57Z</time>
        <extensions>
          <gpxtpx:TrackPointExtension>
            <gpxtpx:hr>131</gpxtpx:hr>
          </gpxtpx:TrackPointExtension>
        </extensions>
      </trkpt>
      <trkpt lat="31.22015952385375" lon="121.55614140528908">
        <ele>6.0</ele>
        <time>2026-08-18T12:02:00Z</time>
        <extensions>
          <gpxtpx:TrackPointExtension>
            <gpxtpx:hr>131</gpxtpx:hr>
          </gpxtpx:TrackPointExtension>
        </extensions>
      </trkpt>
      <trkpt lat="31.220110558508697" lon="121.55614842393207">
        <ele>6.0</ele>
        <time>2026-08-18T12:02:03Z</time>
        <extensions>
          <gpxtpx:TrackPointExtension>
            <gpxtpx:hr>131</gpxtpx:hr>
          </gpxtpx:TrackPointExtension>
        </extensions>
      </trkpt>
      <trkpt lat="31.220028618606996" lon="121.5561614578014">
        <ele>6.0</ele>
        <time>2026-08-18T12:02:06Z</time>
        <extensions>
          <gpxtpx:TrackPointExtension>
            <gpxtpx:hr>131</gpxtpx:hr>
          </gpxtpx:TrackPointExtension>
        </extensions>
      </trkpt>
      <trkpt lat="31.2199466852477" lon="121.55617849998515">
        <ele>6.0</ele>
        <time>2026-08-18T12:02:09Z</time>
        <extensions>
          <gpxtpx:TrackPointExtension>
            <gpxtpx:hr>131</gpxtpx:hr>
          </gpxtpx:TrackPointExtension>
        </extensions>
      </trkpt>
      <trkpt lat="31.21986375399123" lon="121.55619654431818">
        <ele>6.0</ele>
        <time>2026-08-18T12:02:12Z</time>
        <extensions>
          <gpxtpx:TrackPointExtension>
            <gpxtpx:hr>131</gpxtpx:hr>
          </gpxtpx:TrackPointExtension>
        </extensions>
      </trkpt>
      <trkpt lat="31.21981479354733" lon="121.55620656918101">
        <ele>6.0</ele>
        <time>2026-08-18T12:02:15Z</time>
        <extensions>
          <gpxtpx:TrackPointExtension>
            <gpxtpx:hr>130</gpxtpx:hr>
          </gpxtpx:TrackPointExtension>
        </extensions>
      </trkpt>
      <trkpt lat="31.2197338564307" lon="121.55622160708928">
        <ele>6.0</ele>
        <time>2026-08-18T12:02:18Z</time>
        <extensions>
          <gpxtpx:TrackPointExtension>
            <gpxtpx:hr>130</gpxtpx:hr>
          </gpxtpx:TrackPointExtension>
        </extensions>
      </trkpt>
      <trkpt lat="31.21965093005799" lon="121.55624265761912">
        <ele>6.0</ele>
        <time>2026-08-18T12:02:21Z</time>
        <extensions>
          <gpxtpx:TrackPointExtension>
            <gpxtpx:hr>129</gpxtpx:hr>
          </gpxtpx:TrackPointExtension>
        </extensions>
      </trkpt>
      <trkpt lat="31.21957400409477" lon="121.55626571178328">
        <ele>6.0</ele>
        <time>2026-08-18T12:02:24Z</time>
        <extensions>
          <gpxtpx:TrackPointExtension>
            <gpxtpx:hr>128</gpxtpx:hr>
          </gpxtpx:TrackPointExtension>
        </extensions>
      </trkpt>
      <trkpt lat="31.21952904500327" lon="121.55627774043381">
        <ele>6.0</ele>
        <time>2026-08-18T12:02:27Z</time>
        <extensions>
          <gpxtpx:TrackPointExtension>
            <gpxtpx:hr>129</gpxtpx:hr>
          </gpxtpx:TrackPointExtension>
        </extensions>
      </trkpt>
      <trkpt lat="31.219454105019885" lon="121.55629277779441">
        <ele>6.0</ele>
        <time>2026-08-18T12:02:30Z</time>
        <extensions>
          <gpxtpx:TrackPointExtension>
            <gpxtpx:hr>129</gpxtpx:hr>
          </gpxtpx:TrackPointExtension>
        </extensions>
      </trkpt>
      <trkpt lat="31.219382160349063" lon="121.55630581074632">
        <ele>6.0</ele>
        <time>2026-08-18T12:02:33Z</time>
        <extensions>
          <gpxtpx:TrackPointExtension>
            <gpxtpx:hr>129</gpxtpx:hr>
          </gpxtpx:TrackPointExtension>
        </extensions>
      </trkpt>
      <trkpt lat="31.219314217039628" lon="121.55632084750616">
        <ele>6.0</ele>
        <time>2026-08-18T12:02:36Z</time>
        <extensions>
          <gpxtpx:TrackPointExtension>
            <gpxtpx:hr>129</gpxtpx:hr>
          </gpxtpx:TrackPointExtension>
        </extensions>
      </trkpt>
      <trkpt lat="31.21927424741288" lon="121.55632786534353">
        <ele>6.0</ele>
        <time>2026-08-18T12:02:39Z</time>
        <extensions>
          <gpxtpx:TrackPointExtension>
            <gpxtpx:hr>128</gpxtpx:hr>
          </gpxtpx:TrackPointExtension>
        </extensions>
      </trkpt>
      <trkpt lat="31.219204303415705" lon="121.55634190018117">
        <ele>6.0</ele>
        <time>2026-08-18T12:02:42Z</time>
        <extensions>
          <gpxtpx:TrackPointExtension>
            <gpxtpx:hr>127</gpxtpx:hr>
          </gpxtpx:TrackPointExtension>
        </extensions>
      </trkpt>
      <trkpt lat="31.219131359209005" lon="121.55635493318646">
        <ele>6.0</ele>
        <time>2026-08-18T12:02:45Z</time>
        <extensions>
          <gpxtpx:TrackPointExtension>
            <gpxtpx:hr>127</gpxtpx:hr>
          </gpxtpx:TrackPointExtension>
        </extensions>
      </trkpt>
      <trkpt lat="31.21905542130712" lon="121.55637097264791">
        <ele>6.0</ele>
        <time>2026-08-18T12:02:48Z</time>
        <extensions>
          <gpxtpx:TrackPointExtension>
            <gpxtpx:hr>127</gpxtpx:hr>
          </gpxtpx:TrackPointExtension>
        </extensions>
      </trkpt>
      <trkpt lat="31.219008463133587" lon="121.55638300140592">
        <ele>6.0</ele>
        <time>2026-08-18T12:02:51Z</time>
        <extensions>
          <gpxtpx:TrackPointExtension>
            <gpxtpx:hr>127</gpxtpx:hr>
          </gpxtpx:TrackPointExtension>
        </extensions>
      </trkpt>
      <trkpt lat="31.218932533355304" lon="121.5564040511974">
        <ele>6.0</ele>
        <time>2026-08-18T12:02:54Z</time>
        <extensions>
          <gpxtpx:TrackPointExtension>
            <gpxtpx:hr>127</gpxtpx:hr>
          </gpxtpx:TrackPointExtension>
        </extensions>
      </trkpt>
      <trkpt lat="31.21885860098937" lon="121.55642409873322">
        <ele>6.0</ele>
        <time>2026-08-18T12:02:57Z</time>
        <extensions>
          <gpxtpx:TrackPointExtension>
            <gpxtpx:hr>127</gpxtpx:hr>
          </gpxtpx:TrackPointExtension>
        </extensions>
      </trkpt>
      <trkpt lat="31.218783662586194" lon="121.5564401380603">
        <ele>6.0</ele>
        <time>2026-08-18T12:03:00Z</time>
        <extensions>
          <gpxtpx:TrackPointExtension>
            <gpxtpx:hr>127</gpxtpx:hr>
          </gpxtpx:TrackPointExtension>
        </extensions>
      </trkpt>
      <trkpt lat="31.218735698365748" lon="121.55644815859114">
        <ele>6.0</ele>
        <time>2026-08-18T12:03:03Z</time>
        <extensions>
          <gpxtpx:TrackPointExtension>
            <gpxtpx:hr>127</gpxtpx:hr>
          </gpxtpx:TrackPointExtension>
        </extensions>
      </trkpt>
      <trkpt lat="31.218654766051284" lon="121.55646620253292">
        <ele>6.0</ele>
        <time>2026-08-18T12:03:06Z</time>
        <extensions>
          <gpxtpx:TrackPointExtension>
            <gpxtpx:hr>127</gpxtpx:hr>
          </gpxtpx:TrackPointExtension>
        </extensions>
      </trkpt>
      <trkpt lat="31.2185728504358" lon="121.55649426720377">
        <ele>6.0</ele>
        <time>2026-08-18T12:03:09Z</time>
        <extensions>
          <gpxtpx:TrackPointExtension>
            <gpxtpx:hr>128</gpxtpx:hr>
          </gpxtpx:TrackPointExtension>
        </extensions>
      </trkpt>
      <trkpt lat="31.218486931827876" lon="121.55651932597632">
        <ele>6.0</ele>
        <time>2026-08-18T12:03:12Z</time>
        <extensions>
          <gpxtpx:TrackPointExtension>
            <gpxtpx:hr>130</gpxtpx:hr>
          </gpxtpx:TrackPointExtension>
        </extensions>
      </trkpt>
      <trkpt lat="31.218436978272884" lon="121.55653335902903">
        <ele>6.0</ele>
        <time>2026-08-18T12:03:15Z</time>
        <extensions>
          <gpxtpx:TrackPointExtension>
            <gpxtpx:hr>131</gpxtpx:hr>
          </gpxtpx:TrackPointExtension>
        </extensions>
      </trkpt>
      <trkpt lat="31.21836304421348" lon="121.55655240438166">
        <ele>6.0</ele>
        <time>2026-08-18T12:03:18Z</time>
        <extensions>
          <gpxtpx:TrackPointExtension>
            <gpxtpx:hr>132</gpxtpx:hr>
          </gpxtpx:TrackPointExtension>
        </extensions>
      </trkpt>
      <trkpt lat="31.21829509271412" lon="121.55656243065671">
        <ele>6.0</ele>
        <time>2026-08-18T12:03:21Z</time>
        <extensions>
          <gpxtpx:TrackPointExtension>
            <gpxtpx:hr>132</gpxtpx:hr>
          </gpxtpx:TrackPointExtension>
        </extensions>
      </trkpt>
      <trkpt lat="31.2182251421648" lon="121.55657245709313">
        <ele>6.0</ele>
        <time>2026-08-18T12:03:24Z</time>
        <extensions>
          <gpxtpx:TrackPointExtension>
            <gpxtpx:hr>132</gpxtpx:hr>
          </gpxtpx:TrackPointExtension>
        </extensions>
      </trkpt>
      <trkpt lat="31.218180174880068" lon="121.55657947526375">
        <ele>6.0</ele>
        <time>2026-08-18T12:03:27Z</time>
        <extensions>
          <gpxtpx:TrackPointExtension>
            <gpxtpx:hr>132</gpxtpx:hr>
          </gpxtpx:TrackPointExtension>
        </extensions>
      </trkpt>
      <trkpt lat="31.2180982381276" lon="121.55659451299522">
        <ele>6.0</ele>
        <time>2026-08-18T12:03:30Z</time>
        <extensions>
          <gpxtpx:TrackPointExtension>
            <gpxtpx:hr>132</gpxtpx:hr>
          </gpxtpx:TrackPointExtension>
        </extensions>
      </trkpt>
      <trkpt lat="31.218012304890987" lon="121.55661055310875">
        <ele>6.0</ele>
        <time>2026-08-18T12:03:33Z</time>
        <extensions>
          <gpxtpx:TrackPointExtension>
            <gpxtpx:hr>131</gpxtpx:hr>
          </gpxtpx:TrackPointExtension>
        </extensions>
      </trkpt>
      <trkpt lat="31.217929375077095" lon="121.55662959914036">
        <ele>6.0</ele>
        <time>2026-08-18T12:03:36Z</time>
        <extensions>
          <gpxtpx:TrackPointExtension>
            <gpxtpx:hr>131</gpxtpx:hr>
          </gpxtpx:TrackPointExtension>
        </extensions>
      </trkpt>
      <trkpt lat="31.217881415682164" lon="121.55664062577817">
        <ele>6.0</ele>
        <time>2026-08-18T12:03:39Z</time>
        <extensions>
          <gpxtpx:TrackPointExtension>
            <gpxtpx:hr>131</gpxtpx:hr>
          </gpxtpx:TrackPointExtension>
        </extensions>
      </trkpt>
      <trkpt lat="31.217804479769484" lon="121.55665766716855">
        <ele>6.0</ele>
        <time>2026-08-18T12:03:42Z</time>
        <extensions>
          <gpxtpx:TrackPointExtension>
            <gpxtpx:hr>130</gpxtpx:hr>
          </gpxtpx:TrackPointExtension>
        </extensions>
      </trkpt>
      <trkpt lat="31.21772954128359" lon="121.55667370632187">
        <ele>6.0</ele>
        <time>2026-08-18T12:03:45Z</time>
        <extensions>
          <gpxtpx:TrackPointExtension>
            <gpxtpx:hr>130</gpxtpx:hr>
          </gpxtpx:TrackPointExtension>
        </extensions>
      </trkpt>
      <trkpt lat="31.217654606022133" lon="121.5566917495768">
        <ele>6.0</ele>
        <time>2026-08-18T12:03:48Z</time>
        <extensions>
          <gpxtpx:TrackPointExtension>
            <gpxtpx:hr>130</gpxtpx:hr>
          </gpxtpx:TrackPointExtension>
        </extensions>
      </trkpt>
      <trkpt lat="31.217609645184176" lon="121.55670277593374">
        <ele>6.0</ele>
        <time>2026-08-18T12:03:51Z</time>
        <extensions>
          <gpxtpx:TrackPointExtension>
            <gpxtpx:hr>129</gpxtpx:hr>
          </gpxtpx:TrackPointExtension>
        </extensions>
      </trkpt>
      <trkpt lat="31.21753270601909" lon="121.556717813164">
        <ele>6.0</ele>
        <time>2026-08-18T12:03:54Z</time>
        <extensions>
          <gpxtpx:TrackPointExtension>
            <gpxtpx:hr>129</gpxtpx:hr>
          </gpxtpx:TrackPointExtension>
        </extensions>
      </trkpt>
      <trkpt lat="31.217455766849987" lon="121.55673285038377">
        <ele>6.0</ele>
        <time>2026-08-18T12:03:57Z</time>
        <extensions>
          <gpxtpx:TrackPointExtension>
            <gpxtpx:hr>128</gpxtpx:hr>
          </gpxtpx:TrackPointExtension>
        </extensions>
      </trkpt>
      <trkpt lat="31.21737982881374" lon="121.55674888956409">
        <ele>6.0</ele>
        <time>2026-08-18T12:04:00Z</time>
        <extensions>
          <gpxtpx:TrackPointExtension>
            <gpxtpx:hr>128</gpxtpx:hr>
          </gpxtpx:TrackPointExtension>
        </extensions>
      </trkpt>
      <trkpt lat="31.217334866348793" lon="121.5567589138382">
        <ele>6.0</ele>
        <time>2026-08-18T12:04:03Z</time>
        <extensions>
          <gpxtpx:TrackPointExtension>
            <gpxtpx:hr>128</gpxtpx:hr>
          </gpxtpx:TrackPointExtension>
        </extensions>
      </trkpt>
      <trkpt lat="31.217258933138087" lon="121.55677795915749">
        <ele>6.0</ele>
        <time>2026-08-18T12:04:06Z</time>
        <extensions>
          <gpxtpx:TrackPointExtension>
            <gpxtpx:hr>128</gpxtpx:hr>
          </gpxtpx:TrackPointExtension>
        </extensions>
      </trkpt>
      <trkpt lat="31.217182002004275" lon="121.55679800659478">
        <ele>6.0</ele>
        <time>2026-08-18T12:04:09Z</time>
        <extensions>
          <gpxtpx:TrackPointExtension>
            <gpxtpx:hr>128</gpxtpx:hr>
          </gpxtpx:TrackPointExtension>
        </extensions>
      </trkpt>
      <trkpt lat="31.217107068297445" lon="121.55681705179649">
        <ele>6.0</ele>
        <time>2026-08-18T12:04:12Z</time>
        <extensions>
          <gpxtpx:TrackPointExtension>
            <gpxtpx:hr>129</gpxtpx:hr>
          </gpxtpx:TrackPointExtension>
        </extensions>
      </trkpt>
      <trkpt lat="31.21706410969148" lon="121.55683008202394">
        <ele>6.0</ele>
        <time>2026-08-18T12:04:15Z</time>
        <extensions>
          <gpxtpx:TrackPointExtension>
            <gpxtpx:hr>129</gpxtpx:hr>
          </gpxtpx:TrackPointExtension>
        </extensions>
      </trkpt>
      <trkpt lat="31.21699117984075" lon="121.55685213317932">
        <ele>6.0</ele>
        <time>2026-08-18T12:04:18Z</time>
        <extensions>
          <gpxtpx:TrackPointExtension>
            <gpxtpx:hr>129</gpxtpx:hr>
          </gpxtpx:TrackPointExtension>
        </extensions>
      </trkpt>
      <trkpt lat="31.216916249319713" lon="121.55687318242985">
        <ele>6.0</ele>
        <time>2026-08-18T12:04:21Z</time>
        <extensions>
          <gpxtpx:TrackPointExtension>
            <gpxtpx:hr>130</gpxtpx:hr>
          </gpxtpx:TrackPointExtension>
        </extensions>
      </trkpt>
      <trkpt lat="31.216833327415497" lon="121.55689723846565">
        <ele>6.0</ele>
        <time>2026-08-18T12:04:24Z</time>
        <extensions>
          <gpxtpx:TrackPointExtension>
            <gpxtpx:hr>130</gpxtpx:hr>
          </gpxtpx:TrackPointExtension>
        </extensions>
      </trkpt>
      <trkpt lat="31.21678437163508" lon="121.55691026914266">
        <ele>6.0</ele>
        <time>2026-08-18T12:04:27Z</time>
        <extensions>
          <gpxtpx:TrackPointExtension>
            <gpxtpx:hr>130</gpxtpx:hr>
          </gpxtpx:TrackPointExtension>
        </extensions>
      </trkpt>
      <trkpt lat="31.216705434956747" lon="121.55692630843976">
        <ele>6.0</ele>
        <time>2026-08-18T12:04:30Z</time>
        <extensions>
          <gpxtpx:TrackPointExtension>
            <gpxtpx:hr>130</gpxtpx:hr>
          </gpxtpx:TrackPointExtension>
        </extensions>
      </trkpt>
      <trkpt lat="31.21662850373919" lon="121.55694635573887">
        <ele>6.0</ele>
        <time>2026-08-18T12:04:33Z</time>
        <extensions>
          <gpxtpx:TrackPointExtension>
            <gpxtpx:hr>129</gpxtpx:hr>
          </gpxtpx:TrackPointExtension>
        </extensions>
      </trkpt>
      <trkpt lat="31.2165505874192" lon="121.55697542149619">
        <ele>6.0</ele>
        <time>2026-08-18T12:04:36Z</time>
        <extensions>
          <gpxtpx:TrackPointExtension>
            <gpxtpx:hr>129</gpxtpx:hr>
          </gpxtpx:TrackPointExtension>
        </extensions>
      </trkpt>
      <trkpt lat="31.2165036450805" lon="121.55699747034447">
        <ele>6.0</ele>
        <time>2026-08-18T12:04:39Z</time>
        <extensions>
          <gpxtpx:TrackPointExtension>
            <gpxtpx:hr>129</gpxtpx:hr>
          </gpxtpx:TrackPointExtension>
        </extensions>
      </trkpt>
      <trkpt lat="31.21642675224711" lon="121.55704156656222">
        <ele>6.0</ele>
        <time>2026-08-18T12:04:42Z</time>
        <extensions>
          <gpxtpx:TrackPointExtension>
            <gpxtpx:hr>128</gpxtpx:hr>
          </gpxtpx:TrackPointExtension>
        </extensions>
      </trkpt>
      <trkpt lat="31.216347855496174" lon="121.55708265674018">
        <ele>6.0</ele>
        <time>2026-08-18T12:04:45Z</time>
        <extensions>
          <gpxtpx:TrackPointExtension>
            <gpxtpx:hr>128</gpxtpx:hr>
          </gpxtpx:TrackPointExtension>
        </extensions>
      </trkpt>
      <trkpt lat="31.216269942229616" lon="121.5571137263878">
        <ele>6.0</ele>
        <time>2026-08-18T12:04:48Z</time>
        <extensions>
          <gpxtpx:TrackPointExtension>
            <gpxtpx:hr>129</gpxtpx:hr>
          </gpxtpx:TrackPointExtension>
        </extensions>
      </trkpt>
      <trkpt lat="31.216221979492403" lon="121.5571227487042">
        <ele>6.0</ele>
        <time>2026-08-18T12:04:51Z</time>
        <extensions>
          <gpxtpx:TrackPointExtension>
            <gpxtpx:hr>130</gpxtpx:hr>
          </gpxtpx:TrackPointExtension>
        </extensions>
      </trkpt>
      <trkpt lat="31.216146006145326" lon="121.55711674279142">
        <ele>6.0</ele>
        <time>2026-08-18T12:04:54Z</time>
        <extensions>
          <gpxtpx:TrackPointExtension>
            <gpxtpx:hr>130</gpxtpx:hr>
          </gpxtpx:TrackPointExtension>
        </extensions>
      </trkpt>
      <trkpt lat="31.216075003247276" lon="121.55709370182178">
        <ele>6.0</ele>
        <time>2026-08-18T12:04:57Z</time>
        <extensions>
          <gpxtpx:TrackPointExtension>
            <gpxtpx:hr>130</gpxtpx:hr>
          </gpxtpx:TrackPointExtension>
        </extensions>
      </trkpt>
      <trkpt lat="31.21600897394972" lon="121.55705562982045">
        <ele>5.0</ele>
        <time>2026-08-18T12:05:00Z</time>
        <extensions>
          <gpxtpx:TrackPointExtension>
            <gpxtpx:hr>130</gpxtpx:hr>
          </gpxtpx:TrackPointExtension>
        </extensions>
      </trkpt>
      <trkpt lat="31.21597294309873" lon="121.55702557159307">
        <ele>5.0</ele>
        <time>2026-08-18T12:05:03Z</time>
        <extensions>
          <gpxtpx:TrackPointExtension>
            <gpxtpx:hr>130</gpxtpx:hr>
          </gpxtpx:TrackPointExtension>
        </extensions>
      </trkpt>
      <trkpt lat="31.215920873352523" lon="121.55696645539662">
        <ele>5.0</ele>
        <time>2026-08-18T12:05:06Z</time>
        <extensions>
          <gpxtpx:TrackPointExtension>
            <gpxtpx:hr>130</gpxtpx:hr>
          </gpxtpx:TrackPointExtension>
        </extensions>
      </trkpt>
      <trkpt lat="31.215878784238352" lon="121.55689831978604">
        <ele>5.0</ele>
        <time>2026-08-18T12:05:09Z</time>
        <extensions>
          <gpxtpx:TrackPointExtension>
            <gpxtpx:hr>131</gpxtpx:hr>
          </gpxtpx:TrackPointExtension>
        </extensions>
      </trkpt>
      <trkpt lat="31.21584867472606" lon="121.55682116451005">
        <ele>5.0</ele>
        <time>2026-08-18T12:05:12Z</time>
        <extensions>
          <gpxtpx:TrackPointExtension>
            <gpxtpx:hr>131</gpxtpx:hr>
          </gpxtpx:TrackPointExtension>
        </extensions>
      </trkpt>
      <trkpt lat="31.215836596692426" lon="121.5567690588069">
        <ele>5.0</ele>
        <time>2026-08-18T12:05:15Z</time>
        <extensions>
          <gpxtpx:TrackPointExtension>
            <gpxtpx:hr>131</gpxtpx:hr>
          </gpxtpx:TrackPointExtension>
        </extensions>
      </trkpt>
      <trkpt lat="31.215817460529806" lon="121.55667887541561">
        <ele>5.0</ele>
        <time>2026-08-18T12:05:18Z</time>
        <extensions>
          <gpxtpx:TrackPointExtension>
            <gpxtpx:hr>131</gpxtpx:hr>
          </gpxtpx:TrackPointExtension>
        </extensions>
      </trkpt>
      <trkpt lat="31.215797330990863" lon="121.55659269997705">
        <ele>5.0</ele>
        <time>2026-08-18T12:05:21Z</time>
        <extensions>
          <gpxtpx:TrackPointExtension>
            <gpxtpx:hr>130</gpxtpx:hr>
          </gpxtpx:TrackPointExtension>
        </extensions>
      </trkpt>
      <trkpt lat="31.215783199910614" lon="121.55650752576275">
        <ele>6.0</ele>
        <time>2026-08-18T12:05:24Z</time>
        <extensions>
          <gpxtpx:TrackPointExtension>
            <gpxtpx:hr>130</gpxtpx:hr>
          </gpxtpx:TrackPointExtension>
        </extensions>
      </trkpt>
      <trkpt lat="31.215779117397375" lon="121.55645541864062">
        <ele>6.0</ele>
        <time>2026-08-18T12:05:27Z</time>
        <extensions>
          <gpxtpx:TrackPointExtension>
            <gpxtpx:hr>130</gpxtpx:hr>
          </gpxtpx:TrackPointExtension>
        </extensions>
      </trkpt>
      <trkpt lat="31.215778969394506" lon="121.55636423029452">
        <ele>6.0</ele>
        <time>2026-08-18T12:05:30Z</time>
        <extensions>
          <gpxtpx:TrackPointExtension>
            <gpxtpx:hr>130</gpxtpx:hr>
          </gpxtpx:TrackPointExtension>
        </extensions>
      </trkpt>
      <trkpt lat="31.21578081846887" lon="121.55627203932309">
        <ele>6.0</ele>
        <time>2026-08-18T12:05:33Z</time>
        <extensions>
          <gpxtpx:TrackPointExtension>
            <gpxtpx:hr>129</gpxtpx:hr>
          </gpxtpx:TrackPointExtension>
        </extensions>
      </trkpt>
      <trkpt lat="31.215772678513837" lon="121.5561838571116">
        <ele>6.0</ele>
        <time>2026-08-18T12:05:36Z</time>
        <extensions>
          <gpxtpx:TrackPointExtension>
            <gpxtpx:hr>129</gpxtpx:hr>
          </gpxtpx:TrackPointExtension>
        </extensions>
      </trkpt>
      <trkpt lat="31.215763596066637" lon="121.55613074754515">
        <ele>6.0</ele>
        <time>2026-08-18T12:05:39Z</time>
        <extensions>
          <gpxtpx:TrackPointExtension>
            <gpxtpx:hr>130</gpxtpx:hr>
          </gpxtpx:TrackPointExtension>
        </extensions>
      </trkpt>
      <trkpt lat="31.21574844745886" lon="121.55603555073397">
        <ele>6.0</ele>
        <time>2026-08-18T12:05:42Z</time>
        <extensions>
          <gpxtpx:TrackPointExtension>
            <gpxtpx:hr>130</gpxtpx:hr>
          </gpxtpx:TrackPointExtension>
        </extensions>
      </trkpt>
      <trkpt lat="31.215728295935275" lon="121.55593734764729">
        <ele>6.0</ele>
        <time>2026-08-18T12:05:45Z</time>
        <extensions>
          <gpxtpx:TrackPointExtension>
            <gpxtpx:hr>129</gpxtpx:hr>
          </gpxtpx:TrackPointExtension>
        </extensions>
      </trkpt>
      <trkpt lat="31.21571014801715" lon="121.55584215023984">
        <ele>6.0</ele>
        <time>2026-08-18T12:05:48Z</time>
        <extensions>
          <gpxtpx:TrackPointExtension>
            <gpxtpx:hr>128</gpxtpx:hr>
          </gpxtpx:TrackPointExtension>
        </extensions>
      </trkpt>
      <trkpt lat="31.21569706014111" lon="121.55578503177857">
        <ele>6.0</ele>
        <time>2026-08-18T12:05:51Z</time>
        <extensions>
          <gpxtpx:TrackPointExtension>
            <gpxtpx:hr>128</gpxtpx:hr>
          </gpxtpx:TrackPointExtension>
        </extensions>
      </trkpt>
      <trkpt lat="31.21567291450316" lon="121.55568983420464">
        <ele>6.0</ele>
        <time>2026-08-18T12:05:54Z</time>
        <extensions>
          <gpxtpx:TrackPointExtension>
            <gpxtpx:hr>129</gpxtpx:hr>
          </gpxtpx:TrackPointExtension>
        </extensions>
      </trkpt>
      <trkpt lat="31.215643782502088" lon="121.55560165138061">
        <ele>6.0</ele>
        <time>2026-08-18T12:05:57Z</time>
        <extensions>
          <gpxtpx:TrackPointExtension>
            <gpxtpx:hr>131</gpxtpx:hr>
          </gpxtpx:TrackPointExtension>
        </extensions>
      </trkpt>
      <trkpt lat="31.215618653267715" lon="121.55551647420144">
        <ele>6.0</ele>
        <time>2026-08-18T12:06:00Z</time>
        <extensions>
          <gpxtpx:TrackPointExtension>
            <gpxtpx:hr>131</gpxtpx:hr>
          </gpxtpx:TrackPointExtension>
        </extensions>
      </trkpt>
      <trkpt lat="31.215607577007283" lon="121.55546737162888">
        <ele>6.0</ele>
        <time>2026-08-18T12:06:03Z</time>
        <extensions>
          <gpxtpx:TrackPointExtension>
            <gpxtpx:hr>130</gpxtpx:hr>
          </gpxtpx:TrackPointExtension>
        </extensions>
      </trkpt>
      <trkpt lat="31.215592444209136" lon="121.55538319521364">
        <ele>6.0</ele>
        <time>2026-08-18T12:06:06Z</time>
        <extensions>
          <gpxtpx:TrackPointExtension>
            <gpxtpx:hr>128</gpxtpx:hr>
          </gpxtpx:TrackPointExtension>
        </extensions>
      </trkpt>
      <trkpt lat="31.215578302293" lon="121.55529400778738">
        <ele>6.0</ele>
        <time>2026-08-18T12:06:09Z</time>
        <extensions>
          <gpxtpx:TrackPointExtension>
            <gpxtpx:hr>128</gpxtpx:hr>
          </gpxtpx:TrackPointExtension>
        </extensions>
      </trkpt>
      <trkpt lat="31.21556116149036" lon="121.55520482024743">
        <ele>6.0</ele>
        <time>2026-08-18T12:06:12Z</time>
        <extensions>
          <gpxtpx:TrackPointExtension>
            <gpxtpx:hr>130</gpxtpx:hr>
          </gpxtpx:TrackPointExtension>
        </extensions>
      </trkpt>
      <trkpt lat="31.215551075754245" lon="121.5551507062563">
        <ele>6.0</ele>
        <time>2026-08-18T12:06:15Z</time>
        <extensions>
          <gpxtpx:TrackPointExtension>
            <gpxtpx:hr>133</gpxtpx:hr>
          </gpxtpx:TrackPointExtension>
        </extensions>
      </trkpt>
      <trkpt lat="31.215533934440458" lon="121.55506151813404">
        <ele>6.0</ele>
        <time>2026-08-18T12:06:18Z</time>
        <extensions>
          <gpxtpx:TrackPointExtension>
            <gpxtpx:hr>133</gpxtpx:hr>
          </gpxtpx:TrackPointExtension>
        </extensions>
      </trkpt>
      <trkpt lat="31.215518795222714" lon="121.55497433375498">
        <ele>6.0</ele>
        <time>2026-08-18T12:06:21Z</time>
        <extensions>
          <gpxtpx:TrackPointExtension>
            <gpxtpx:hr>133</gpxtpx:hr>
          </gpxtpx:TrackPointExtension>
        </extensions>
      </trkpt>
      <trkpt lat="31.21550365063811" lon="121.55488414261136">
        <ele>6.0</ele>
        <time>2026-08-18T12:06:24Z</time>
        <extensions>
          <gpxtpx:TrackPointExtension>
            <gpxtpx:hr>133</gpxtpx:hr>
          </gpxtpx:TrackPointExtension>
        </extensions>
      </trkpt>
      <trkpt lat="31.2154925646864" lon="121.5548300279139">
        <ele>6.0</ele>
        <time>2026-08-18T12:06:27Z</time>
        <extensions>
          <gpxtpx:TrackPointExtension>
            <gpxtpx:hr>133</gpxtpx:hr>
          </gpxtpx:TrackPointExtension>
        </extensions>
      </trkpt>
      <trkpt lat="31.21547342487968" lon="121.55474184080381">
        <ele>6.0</ele>
        <time>2026-08-18T12:06:30Z</time>
        <extensions>
          <gpxtpx:TrackPointExtension>
            <gpxtpx:hr>133</gpxtpx:hr>
          </gpxtpx:TrackPointExtension>
        </extensions>
      </trkpt>
      <trkpt lat="31.215455287679926" lon="121.55465565755819">
        <ele>6.0</ele>
        <time>2026-08-18T12:06:33Z</time>
        <extensions>
          <gpxtpx:TrackPointExtension>
            <gpxtpx:hr>133</gpxtpx:hr>
          </gpxtpx:TrackPointExtension>
        </extensions>
      </trkpt>
      <trkpt lat="31.215434161818894" lon="121.55457548714833">
        <ele>6.0</ele>
        <time>2026-08-18T12:06:36Z</time>
        <extensions>
          <gpxtpx:TrackPointExtension>
            <gpxtpx:hr>133</gpxtpx:hr>
          </gpxtpx:TrackPointExtension>
        </extensions>
      </trkpt>
      <trkpt lat="31.21542208929734" lon="121.55452938902461">
        <ele>6.0</ele>
        <time>2026-08-18T12:06:39Z</time>
        <extensions>
          <gpxtpx:TrackPointExtension>
            <gpxtpx:hr>133</gpxtpx:hr>
          </gpxtpx:TrackPointExtension>
        </extensions>
      </trkpt>
      <trkpt lat="31.215405965762233" lon="121.55445222421935">
        <ele>6.0</ele>
        <time>2026-08-18T12:06:42Z</time>
        <extensions>
          <gpxtpx:TrackPointExtension>
            <gpxtpx:hr>132</gpxtpx:hr>
          </gpxtpx:TrackPointExtension>
        </extensions>
      </trkpt>
      <trkpt lat="31.215385830233988" lon="121.55436704217284">
        <ele>6.0</ele>
        <time>2026-08-18T12:06:45Z</time>
        <extensions>
          <gpxtpx:TrackPointExtension>
            <gpxtpx:hr>132</gpxtpx:hr>
          </gpxtpx:TrackPointExtension>
        </extensions>
      </trkpt>
      <trkpt lat="31.215363688525112" lon="121.55427785129595">
        <ele>6.0</ele>
        <time>2026-08-18T12:06:48Z</time>
        <extensions>
          <gpxtpx:TrackPointExtension>
            <gpxtpx:hr>132</gpxtpx:hr>
          </gpxtpx:TrackPointExtension>
        </extensions>
      </trkpt>
      <trkpt lat="31.2153526046977" lon="121.55422573945211">
        <ele>6.0</ele>
        <time>2026-08-18T12:06:51Z</time>
        <extensions>
          <gpxtpx:TrackPointExtension>
            <gpxtpx:hr>132</gpxtpx:hr>
          </gpxtpx:TrackPointExtension>
        </extensions>
      </trkpt>
      <trkpt lat="31.215332471839666" lon="121.5541425608811">
        <ele>6.0</ele>
        <time>2026-08-18T12:06:54Z</time>
        <extensions>
          <gpxtpx:TrackPointExtension>
            <gpxtpx:hr>133</gpxtpx:hr>
          </gpxtpx:TrackPointExtension>
        </extensions>
      </trkpt>
      <trkpt lat="31.215309343581882" lon="121.55406138660143">
        <ele>6.0</ele>
        <time>2026-08-18T12:06:57Z</time>
        <extensions>
          <gpxtpx:TrackPointExtension>
            <gpxtpx:hr>132</gpxtpx:hr>
          </gpxtpx:TrackPointExtension>
        </extensions>
      </trkpt>
      <trkpt lat="31.215287214586084" lon="121.55398021194183">
        <ele>5.0</ele>
        <time>2026-08-18T12:07:00Z</time>
        <extensions>
          <gpxtpx:TrackPointExtension>
            <gpxtpx:hr>132</gpxtpx:hr>
          </gpxtpx:TrackPointExtension>
        </extensions>
      </trkpt>
      <trkpt lat="31.21527313675542" lon="121.55393110619697">
        <ele>5.0</ele>
        <time>2026-08-18T12:07:03Z</time>
        <extensions>
          <gpxtpx:TrackPointExtension>
            <gpxtpx:hr>132</gpxtpx:hr>
          </gpxtpx:TrackPointExtension>
        </extensions>
      </trkpt>
      <trkpt lat="31.21524901002627" lon="121.55385093341411">
        <ele>5.0</ele>
        <time>2026-08-18T12:07:06Z</time>
        <extensions>
          <gpxtpx:TrackPointExtension>
            <gpxtpx:hr>132</gpxtpx:hr>
          </gpxtpx:TrackPointExtension>
        </extensions>
      </trkpt>
      <trkpt lat="31.215225887762312" lon="121.55377376682938">
        <ele>5.0</ele>
        <time>2026-08-18T12:07:09Z</time>
        <extensions>
          <gpxtpx:TrackPointExtension>
            <gpxtpx:hr>132</gpxtpx:hr>
          </gpxtpx:TrackPointExtension>
        </extensions>
      </trkpt>
      <trkpt lat="31.21520776461053" lon="121.55369760175525">
        <ele>5.0</ele>
        <time>2026-08-18T12:07:12Z</time>
        <extensions>
          <gpxtpx:TrackPointExtension>
            <gpxtpx:hr>132</gpxtpx:hr>
          </gpxtpx:TrackPointExtension>
        </extensions>
      </trkpt>
      <trkpt lat="31.215193687969695" lon="121.55364949758233">
        <ele>5.0</ele>
        <time>2026-08-18T12:07:15Z</time>
        <extensions>
          <gpxtpx:TrackPointExtension>
            <gpxtpx:hr>132</gpxtpx:hr>
          </gpxtpx:TrackPointExtension>
        </extensions>
      </trkpt>
      <trkpt lat="31.21516755608589" lon="121.55356631735393">
        <ele>5.0</ele>
        <time>2026-08-18T12:07:18Z</time>
        <extensions>
          <gpxtpx:TrackPointExtension>
            <gpxtpx:hr>132</gpxtpx:hr>
          </gpxtpx:TrackPointExtension>
        </extensions>
      </trkpt>
      <trkpt lat="31.21514142218656" lon="121.55348213461232">
        <ele>5.0</ele>
        <time>2026-08-18T12:07:21Z</time>
        <extensions>
          <gpxtpx:TrackPointExtension>
            <gpxtpx:hr>132</gpxtpx:hr>
          </gpxtpx:TrackPointExtension>
        </extensions>
      </trkpt>
      <trkpt lat="31.215114290233444" lon="121.55339895384328">
        <ele>5.0</ele>
        <time>2026-08-18T12:07:24Z</time>
        <extensions>
          <gpxtpx:TrackPointExtension>
            <gpxtpx:hr>132</gpxtpx:hr>
          </gpxtpx:TrackPointExtension>
        </extensions>
      </trkpt>
      <trkpt lat="31.21509821048594" lon="121.55334884477482">
        <ele>5.0</ele>
        <time>2026-08-18T12:07:27Z</time>
        <extensions>
          <gpxtpx:TrackPointExtension>
            <gpxtpx:hr>132</gpxtpx:hr>
          </gpxtpx:TrackPointExtension>
        </extensions>
      </trkpt>
      <trkpt lat="31.215072063602157" lon="121.55325764572287">
        <ele>5.0</ele>
        <time>2026-08-18T12:07:30Z</time>
        <extensions>
          <gpxtpx:TrackPointExtension>
            <gpxtpx:hr>132</gpxtpx:hr>
          </gpxtpx:TrackPointExtension>
        </extensions>
      </trkpt>
      <trkpt lat="31.215048904422293" lon="121.55316043274578">
        <ele>6.0</ele>
        <time>2026-08-18T12:07:33Z</time>
        <extensions>
          <gpxtpx:TrackPointExtension>
            <gpxtpx:hr>131</gpxtpx:hr>
          </gpxtpx:TrackPointExtension>
        </extensions>
      </trkpt>
      <trkpt lat="31.21502474358988" lon="121.5530622172081">
        <ele>6.0</ele>
        <time>2026-08-18T12:07:36Z</time>
        <extensions>
          <gpxtpx:TrackPointExtension>
            <gpxtpx:hr>131</gpxtpx:hr>
          </gpxtpx:TrackPointExtension>
        </extensions>
      </trkpt>
      <trkpt lat="31.215007654848357" lon="121.55300709634797">
        <ele>6.0</ele>
        <time>2026-08-18T12:07:39Z</time>
        <extensions>
          <gpxtpx:TrackPointExtension>
            <gpxtpx:hr>131</gpxtpx:hr>
          </gpxtpx:TrackPointExtension>
        </extensions>
      </trkpt>
      <trkpt lat="31.21497651089925" lon="121.55291689854924">
        <ele>6.0</ele>
        <time>2026-08-18T12:07:42Z</time>
        <extensions>
          <gpxtpx:TrackPointExtension>
            <gpxtpx:hr>131</gpxtpx:hr>
          </gpxtpx:TrackPointExtension>
        </extensions>
      </trkpt>
      <trkpt lat="31.214947365676842" lon="121.55282670022217">
        <ele>6.0</ele>
        <time>2026-08-18T12:07:45Z</time>
        <extensions>
          <gpxtpx:TrackPointExtension>
            <gpxtpx:hr>132</gpxtpx:hr>
          </gpxtpx:TrackPointExtension>
        </extensions>
      </trkpt>
      <trkpt lat="31.214920220954138" lon="121.55273750360351">
        <ele>6.0</ele>
        <time>2026-08-18T12:07:48Z</time>
        <extensions>
          <gpxtpx:TrackPointExtension>
            <gpxtpx:hr>132</gpxtpx:hr>
          </gpxtpx:TrackPointExtension>
        </extensions>
      </trkpt>
      <trkpt lat="31.214904134586018" lon="121.55268438634151">
        <ele>6.0</ele>
        <time>2026-08-18T12:07:51Z</time>
        <extensions>
          <gpxtpx:TrackPointExtension>
            <gpxtpx:hr>133</gpxtpx:hr>
          </gpxtpx:TrackPointExtension>
        </extensions>
      </trkpt>
      <trkpt lat="31.214879991491543" lon="121.55259719339512">
        <ele>6.0</ele>
        <time>2026-08-18T12:07:54Z</time>
        <extensions>
          <gpxtpx:TrackPointExtension>
            <gpxtpx:hr>133</gpxtpx:hr>
          </gpxtpx:TrackPointExtension>
        </extensions>
      </trkpt>
      <trkpt lat="31.21485585166441" lon="121.55251200460438">
        <ele>6.0</ele>
        <time>2026-08-18T12:07:57Z</time>
        <extensions>
          <gpxtpx:TrackPointExtension>
            <gpxtpx:hr>133</gpxtpx:hr>
          </gpxtpx:TrackPointExtension>
        </extensions>
      </trkpt>
      <trkpt lat="31.214832695010777" lon="121.55241779515524">
        <ele>5.0</ele>
        <time>2026-08-18T12:08:00Z</time>
        <extensions>
          <gpxtpx:TrackPointExtension>
            <gpxtpx:hr>133</gpxtpx:hr>
          </gpxtpx:TrackPointExtension>
        </extensions>
      </trkpt>
      <trkpt lat="31.2148155923718" lon="121.55235565694488">
        <ele>5.0</ele>
        <time>2026-08-18T12:08:03Z</time>
        <extensions>
          <gpxtpx:TrackPointExtension>
            <gpxtpx:hr>134</gpxtpx:hr>
          </gpxtpx:TrackPointExtension>
        </extensions>
      </trkpt>
      <trkpt lat="31.214782414842354" lon="121.55224741606494">
        <ele>5.0</ele>
        <time>2026-08-18T12:08:06Z</time>
        <extensions>
          <gpxtpx:TrackPointExtension>
            <gpxtpx:hr>135</gpxtpx:hr>
          </gpxtpx:TrackPointExtension>
        </extensions>
      </trkpt>
      <trkpt lat="31.21475124847475" lon="121.5521461903406">
        <ele>5.0</ele>
        <time>2026-08-18T12:08:09Z</time>
        <extensions>
          <gpxtpx:TrackPointExtension>
            <gpxtpx:hr>136</gpxtpx:hr>
          </gpxtpx:TrackPointExtension>
        </extensions>
      </trkpt>
      <trkpt lat="31.2147220987505" lon="121.5520549866667">
        <ele>6.0</ele>
        <time>2026-08-18T12:08:12Z</time>
        <extensions>
          <gpxtpx:TrackPointExtension>
            <gpxtpx:hr>137</gpxtpx:hr>
          </gpxtpx:TrackPointExtension>
        </extensions>
      </trkpt>
      <trkpt lat="31.21470900773885" lon="121.55200086528204">
        <ele>6.0</ele>
        <time>2026-08-18T12:08:15Z</time>
        <extensions>
          <gpxtpx:TrackPointExtension>
            <gpxtpx:hr>137</gpxtpx:hr>
          </gpxtpx:TrackPointExtension>
        </extensions>
      </trkpt>
      <trkpt lat="31.214689859940922" lon="121.55191366928477">
        <ele>6.0</ele>
        <time>2026-08-18T12:08:18Z</time>
        <extensions>
          <gpxtpx:TrackPointExtension>
            <gpxtpx:hr>137</gpxtpx:hr>
          </gpxtpx:TrackPointExtension>
        </extensions>
      </trkpt>
      <trkpt lat="31.2146717149874" lon="121.55182847742303">
        <ele>6.0</ele>
        <time>2026-08-18T12:08:21Z</time>
        <extensions>
          <gpxtpx:TrackPointExtension>
            <gpxtpx:hr>137</gpxtpx:hr>
          </gpxtpx:TrackPointExtension>
        </extensions>
      </trkpt>
      <trkpt lat="31.214652573854554" lon="121.55174528988593">
        <ele>6.0</ele>
        <time>2026-08-18T12:08:24Z</time>
        <extensions>
          <gpxtpx:TrackPointExtension>
            <gpxtpx:hr>137</gpxtpx:hr>
          </gpxtpx:TrackPointExtension>
        </extensions>
      </trkpt>
      <trkpt lat="31.214639489448963" lon="121.55169517689414">
        <ele>6.0</ele>
        <time>2026-08-18T12:08:27Z</time>
        <extensions>
          <gpxtpx:TrackPointExtension>
            <gpxtpx:hr>136</gpxtpx:hr>
          </gpxtpx:TrackPointExtension>
        </extensions>
      </trkpt>
      <trkpt lat="31.21461135037503" lon="121.55161098733167">
        <ele>6.0</ele>
        <time>2026-08-18T12:08:30Z</time>
        <extensions>
          <gpxtpx:TrackPointExtension>
            <gpxtpx:hr>136</gpxtpx:hr>
          </gpxtpx:TrackPointExtension>
        </extensions>
      </trkpt>
      <trkpt lat="31.21458420873017" lon="121.55152579508513">
        <ele>6.0</ele>
        <time>2026-08-18T12:08:33Z</time>
        <extensions>
          <gpxtpx:TrackPointExtension>
            <gpxtpx:hr>136</gpxtpx:hr>
          </gpxtpx:TrackPointExtension>
        </extensions>
      </trkpt>
      <trkpt lat="31.214558060858064" lon="121.55143759555588">
        <ele>6.0</ele>
        <time>2026-08-18T12:08:36Z</time>
        <extensions>
          <gpxtpx:TrackPointExtension>
            <gpxtpx:hr>136</gpxtpx:hr>
          </gpxtpx:TrackPointExtension>
        </extensions>
      </trkpt>
      <trkpt lat="31.21454197181747" lon="121.55138447524881">
        <ele>6.0</ele>
        <time>2026-08-18T12:08:39Z</time>
        <extensions>
          <gpxtpx:TrackPointExtension>
            <gpxtpx:hr>136</gpxtpx:hr>
          </gpxtpx:TrackPointExtension>
        </extensions>
      </trkpt>
      <trkpt lat="31.214515830781334" lon="121.55130028437382">
        <ele>6.0</ele>
        <time>2026-08-18T12:08:42Z</time>
        <extensions>
          <gpxtpx:TrackPointExtension>
            <gpxtpx:hr>136</gpxtpx:hr>
          </gpxtpx:TrackPointExtension>
        </extensions>
      </trkpt>
      <trkpt lat="31.214490687163043" lon="121.55121509080222">
        <ele>6.0</ele>
        <time>2026-08-18T12:08:45Z</time>
        <extensions>
          <gpxtpx:TrackPointExtension>
            <gpxtpx:hr>135</gpxtpx:hr>
          </gpxtpx:TrackPointExtension>
        </extensions>
      </trkpt>
      <trkpt lat="31.214466539117694" lon="121.55112789221563">
        <ele>6.0</ele>
        <time>2026-08-18T12:08:48Z</time>
        <extensions>
          <gpxtpx:TrackPointExtension>
            <gpxtpx:hr>135</gpxtpx:hr>
          </gpxtpx:TrackPointExtension>
        </extensions>
      </trkpt>
      <trkpt lat="31.214451450805075" lon="121.55107577341623">
        <ele>6.0</ele>
        <time>2026-08-18T12:08:51Z</time>
        <extensions>
          <gpxtpx:TrackPointExtension>
            <gpxtpx:hr>135</gpxtpx:hr>
          </gpxtpx:TrackPointExtension>
        </extensions>
      </trkpt>
      <trkpt lat="31.21442729861309" lon="121.55098656967256">
        <ele>5.0</ele>
        <time>2026-08-18T12:08:54Z</time>
        <extensions>
          <gpxtpx:TrackPointExtension>
            <gpxtpx:hr>133</gpxtpx:hr>
          </gpxtpx:TrackPointExtension>
        </extensions>
      </trkpt>
      <trkpt lat="31.214403147960827" lon="121.55089836789972">
        <ele>5.0</ele>
        <time>2026-08-18T12:08:57Z</time>
        <extensions>
          <gpxtpx:TrackPointExtension>
            <gpxtpx:hr>132</gpxtpx:hr>
          </gpxtpx:TrackPointExtension>
        </extensions>
      </trkpt>
      <trkpt lat="31.21438100159684" lon="121.55081317258579">
        <ele>5.0</ele>
        <time>2026-08-18T12:09:00Z</time>
        <extensions>
          <gpxtpx:TrackPointExtension>
            <gpxtpx:hr>132</gpxtpx:hr>
          </gpxtpx:TrackPointExtension>
        </extensions>
      </trkpt>
      <trkpt lat="31.21436690847994" lon="121.550759048342">
        <ele>5.0</ele>
        <time>2026-08-18T12:09:03Z</time>
        <extensions>
          <gpxtpx:TrackPointExtension>
            <gpxtpx:hr>132</gpxtpx:hr>
          </gpxtpx:TrackPointExtension>
        </extensions>
      </trkpt>
      <trkpt lat="31.214339758496546" lon="121.55067084594592">
        <ele>5.0</ele>
        <time>2026-08-18T12:09:06Z</time>
        <extensions>
          <gpxtpx:TrackPointExtension>
            <gpxtpx:hr>132</gpxtpx:hr>
          </gpxtpx:TrackPointExtension>
        </extensions>
      </trkpt>
      <trkpt lat="31.214312602648008" lon="121.55057963621833">
        <ele>5.0</ele>
        <time>2026-08-18T12:09:09Z</time>
        <extensions>
          <gpxtpx:TrackPointExtension>
            <gpxtpx:hr>131</gpxtpx:hr>
          </gpxtpx:TrackPointExtension>
        </extensions>
      </trkpt>
      <trkpt lat="31.214288439467953" lon="121.55048541887449">
        <ele>5.0</ele>
        <time>2026-08-18T12:09:12Z</time>
        <extensions>
          <gpxtpx:TrackPointExtension>
            <gpxtpx:hr>132</gpxtpx:hr>
          </gpxtpx:TrackPointExtension>
        </extensions>
      </trkpt>
      <trkpt lat="31.2142713433866" lon="121.55042928943494">
        <ele>5.0</ele>
        <time>2026-08-18T12:09:15Z</time>
        <extensions>
          <gpxtpx:TrackPointExtension>
            <gpxtpx:hr>132</gpxtpx:hr>
          </gpxtpx:TrackPointExtension>
        </extensions>
      </trkpt>
      <trkpt lat="31.21423818210852" lon="121.55033406988414">
        <ele>5.0</ele>
        <time>2026-08-18T12:09:18Z</time>
        <extensions>
          <gpxtpx:TrackPointExtension>
            <gpxtpx:hr>132</gpxtpx:hr>
          </gpxtpx:TrackPointExtension>
        </extensions>
      </trkpt>
      <trkpt lat="31.21420502609433" lon="121.5502418569796">
        <ele>5.0</ele>
        <time>2026-08-18T12:09:21Z</time>
        <extensions>
          <gpxtpx:TrackPointExtension>
            <gpxtpx:hr>133</gpxtpx:hr>
          </gpxtpx:TrackPointExtension>
        </extensions>
      </trkpt>
      <trkpt lat="31.214176871110716" lon="121.55015164799204">
        <ele>5.0</ele>
        <time>2026-08-18T12:09:24Z</time>
        <extensions>
          <gpxtpx:TrackPointExtension>
            <gpxtpx:hr>132</gpxtpx:hr>
          </gpxtpx:TrackPointExtension>
        </extensions>
      </trkpt>
      <trkpt lat="31.21416077571508" lon="121.5500965200122">
        <ele>5.0</ele>
        <time>2026-08-18T12:09:27Z</time>
        <extensions>
          <gpxtpx:TrackPointExtension>
            <gpxtpx:hr>133</gpxtpx:hr>
          </gpxtpx:TrackPointExtension>
        </extensions>
      </trkpt>
      <trkpt lat="31.214138602337318" lon="121.54999829110952">
        <ele>5.0</ele>
        <time>2026-08-18T12:09:30Z</time>
        <extensions>
          <gpxtpx:TrackPointExtension>
            <gpxtpx:hr>133</gpxtpx:hr>
          </gpxtpx:TrackPointExtension>
        </extensions>
      </trkpt>
      <trkpt lat="31.21411643047664" lon="121.54990106415211">
        <ele>5.0</ele>
        <time>2026-08-18T12:09:33Z</time>
        <extensions>
          <gpxtpx:TrackPointExtension>
            <gpxtpx:hr>133</gpxtpx:hr>
          </gpxtpx:TrackPointExtension>
        </extensions>
      </trkpt>
      <trkpt lat="31.214091272894414" lon="121.54981085359097">
        <ele>5.0</ele>
        <time>2026-08-18T12:09:36Z</time>
        <extensions>
          <gpxtpx:TrackPointExtension>
            <gpxtpx:hr>134</gpxtpx:hr>
          </gpxtpx:TrackPointExtension>
        </extensions>
      </trkpt>
      <trkpt lat="31.214077179606655" lon="121.54975772937021">
        <ele>5.0</ele>
        <time>2026-08-18T12:09:39Z</time>
        <extensions>
          <gpxtpx:TrackPointExtension>
            <gpxtpx:hr>133</gpxtpx:hr>
          </gpxtpx:TrackPointExtension>
        </extensions>
      </trkpt>
      <trkpt lat="31.21405202342768" lon="121.54966852062454">
        <ele>5.0</ele>
        <time>2026-08-18T12:09:42Z</time>
        <extensions>
          <gpxtpx:TrackPointExtension>
            <gpxtpx:hr>133</gpxtpx:hr>
          </gpxtpx:TrackPointExtension>
        </extensions>
      </trkpt>
      <trkpt lat="31.21402487358909" lon="121.54958231882742">
        <ele>5.0</ele>
        <time>2026-08-18T12:09:45Z</time>
        <extensions>
          <gpxtpx:TrackPointExtension>
            <gpxtpx:hr>133</gpxtpx:hr>
          </gpxtpx:TrackPointExtension>
        </extensions>
      </trkpt>
      <trkpt lat="31.21399672774458" lon="121.54949812155138">
        <ele>5.0</ele>
        <time>2026-08-18T12:09:48Z</time>
        <extensions>
          <gpxtpx:TrackPointExtension>
            <gpxtpx:hr>134</gpxtpx:hr>
          </gpxtpx:TrackPointExtension>
        </extensions>
      </trkpt>
      <trkpt lat="31.2139806385875" lon="121.54944700154543">
        <ele>6.0</ele>
        <time>2026-08-18T12:09:51Z</time>
        <extensions>
          <gpxtpx:TrackPointExtension>
            <gpxtpx:hr>135</gpxtpx:hr>
          </gpxtpx:TrackPointExtension>
        </extensions>
      </trkpt>
      <trkpt lat="31.213952484704894" lon="121.54935879424625">
        <ele>6.0</ele>
        <time>2026-08-18T12:09:54Z</time>
        <extensions>
          <gpxtpx:TrackPointExtension>
            <gpxtpx:hr>134</gpxtpx:hr>
          </gpxtpx:TrackPointExtension>
        </extensions>
      </trkpt>
      <trkpt lat="31.213926327667" lon="121.54926958406053">
        <ele>6.0</ele>
        <time>2026-08-18T12:09:57Z</time>
        <extensions>
          <gpxtpx:TrackPointExtension>
            <gpxtpx:hr>134</gpxtpx:hr>
          </gpxtpx:TrackPointExtension>
        </extensions>
      </trkpt>
      <trkpt lat="31.213900181786336" lon="121.54918638788438">
        <ele>6.0</ele>
        <time>2026-08-18T12:10:00Z</time>
        <extensions>
          <gpxtpx:TrackPointExtension>
            <gpxtpx:hr>133</gpxtpx:hr>
          </gpxtpx:TrackPointExtension>
        </extensions>
      </trkpt>
      <trkpt lat="31.213885097286056" lon="121.54913827429543">
        <ele>6.0</ele>
        <time>2026-08-18T12:10:03Z</time>
        <extensions>
          <gpxtpx:TrackPointExtension>
            <gpxtpx:hr>133</gpxtpx:hr>
          </gpxtpx:TrackPointExtension>
        </extensions>
      </trkpt>
      <trkpt lat="31.21385695004014" lon="121.54905407542309">
        <ele>6.0</ele>
        <time>2026-08-18T12:10:06Z</time>
        <extensions>
          <gpxtpx:TrackPointExtension>
            <gpxtpx:hr>133</gpxtpx:hr>
          </gpxtpx:TrackPointExtension>
        </extensions>
      </trkpt>
      <trkpt lat="31.213826793900246" lon="121.54896486441167">
        <ele>6.0</ele>
        <time>2026-08-18T12:10:09Z</time>
        <extensions>
          <gpxtpx:TrackPointExtension>
            <gpxtpx:hr>134</gpxtpx:hr>
          </gpxtpx:TrackPointExtension>
        </extensions>
      </trkpt>
      <trkpt lat="31.213794644183317" lon="121.5488786604421">
        <ele>6.0</ele>
        <time>2026-08-18T12:10:12Z</time>
        <extensions>
          <gpxtpx:TrackPointExtension>
            <gpxtpx:hr>134</gpxtpx:hr>
          </gpxtpx:TrackPointExtension>
        </extensions>
      </trkpt>
      <trkpt lat="31.213778559609064" lon="121.54883054630663">
        <ele>6.0</ele>
        <time>2026-08-18T12:10:15Z</time>
        <extensions>
          <gpxtpx:TrackPointExtension>
            <gpxtpx:hr>134</gpxtpx:hr>
          </gpxtpx:TrackPointExtension>
        </extensions>
      </trkpt>
      <trkpt lat="31.213755416704423" lon="121.5487503555576">
        <ele>6.0</ele>
        <time>2026-08-18T12:10:18Z</time>
        <extensions>
          <gpxtpx:TrackPointExtension>
            <gpxtpx:hr>133</gpxtpx:hr>
          </gpxtpx:TrackPointExtension>
        </extensions>
      </trkpt>
      <trkpt lat="31.213730266803896" lon="121.54866615504842">
        <ele>6.0</ele>
        <time>2026-08-18T12:10:21Z</time>
        <extensions>
          <gpxtpx:TrackPointExtension>
            <gpxtpx:hr>134</gpxtpx:hr>
          </gpxtpx:TrackPointExtension>
        </extensions>
      </trkpt>
      <trkpt lat="31.213704113254952" lon="121.54857994948787">
        <ele>6.0</ele>
        <time>2026-08-18T12:10:24Z</time>
        <extensions>
          <gpxtpx:TrackPointExtension>
            <gpxtpx:hr>134</gpxtpx:hr>
          </gpxtpx:TrackPointExtension>
        </extensions>
      </trkpt>
      <trkpt lat="31.21369001558554" lon="121.54852582006082">
        <ele>6.0</ele>
        <time>2026-08-18T12:10:27Z</time>
        <extensions>
          <gpxtpx:TrackPointExtension>
            <gpxtpx:hr>134</gpxtpx:hr>
          </gpxtpx:TrackPointExtension>
        </extensions>
      </trkpt>
      <trkpt lat="31.213665850943404" lon="121.54843460170598">
        <ele>6.0</ele>
        <time>2026-08-18T12:10:30Z</time>
        <extensions>
          <gpxtpx:TrackPointExtension>
            <gpxtpx:hr>134</gpxtpx:hr>
          </gpxtpx:TrackPointExtension>
        </extensions>
      </trkpt>
      <trkpt lat="31.213641691814363" lon="121.54834639028132">
        <ele>6.0</ele>
        <time>2026-08-18T12:10:33Z</time>
        <extensions>
          <gpxtpx:TrackPointExtension>
            <gpxtpx:hr>134</gpxtpx:hr>
          </gpxtpx:TrackPointExtension>
        </extensions>
      </trkpt>
      <trkpt lat="31.21361953532654" lon="121.5482601832237">
        <ele>6.0</ele>
        <time>2026-08-18T12:10:36Z</time>
        <extensions>
          <gpxtpx:TrackPointExtension>
            <gpxtpx:hr>135</gpxtpx:hr>
          </gpxtpx:TrackPointExtension>
        </extensions>
      </trkpt>
      <trkpt lat="31.213605446743617" lon="121.54821106523087">
        <ele>6.0</ele>
        <time>2026-08-18T12:10:39Z</time>
        <extensions>
          <gpxtpx:TrackPointExtension>
            <gpxtpx:hr>135</gpxtpx:hr>
          </gpxtpx:TrackPointExtension>
        </extensions>
      </trkpt>
      <trkpt lat="31.213582292251818" lon="121.54812586020161">
        <ele>6.0</ele>
        <time>2026-08-18T12:10:42Z</time>
        <extensions>
          <gpxtpx:TrackPointExtension>
            <gpxtpx:hr>135</gpxtpx:hr>
          </gpxtpx:TrackPointExtension>
        </extensions>
      </trkpt>
      <trkpt lat="31.21355913749172" lon="121.54804065486702">
        <ele>6.0</ele>
        <time>2026-08-18T12:10:45Z</time>
        <extensions>
          <gpxtpx:TrackPointExtension>
            <gpxtpx:hr>135</gpxtpx:hr>
          </gpxtpx:TrackPointExtension>
        </extensions>
      </trkpt>
      <trkpt lat="31.213536983939587" lon="121.54795645158785">
        <ele>6.0</ele>
        <time>2026-08-18T12:10:48Z</time>
        <extensions>
          <gpxtpx:TrackPointExtension>
            <gpxtpx:hr>135</gpxtpx:hr>
          </gpxtpx:TrackPointExtension>
        </extensions>
      </trkpt>
      <trkpt lat="31.213524887976785" lon="121.54790432546456">
        <ele>6.0</ele>
        <time>2026-08-18T12:10:51Z</time>
        <extensions>
          <gpxtpx:TrackPointExtension>
            <gpxtpx:hr>135</gpxtpx:hr>
          </gpxtpx:TrackPointExtension>
        </extensions>
      </trkpt>
      <trkpt lat="31.213507723765296" lon="121.54781611149038">
        <ele>5.0</ele>
        <time>2026-08-18T12:10:54Z</time>
        <extensions>
          <gpxtpx:TrackPointExtension>
            <gpxtpx:hr>134</gpxtpx:hr>
          </gpxtpx:TrackPointExtension>
        </extensions>
      </trkpt>
      <trkpt lat="31.213496552465436" lon="121.54772589178464">
        <ele>5.0</ele>
        <time>2026-08-18T12:10:57Z</time>
        <extensions>
          <gpxtpx:TrackPointExtension>
            <gpxtpx:hr>134</gpxtpx:hr>
          </gpxtpx:TrackPointExtension>
        </extensions>
      </trkpt>
      <trkpt lat="31.21348936714748" lon="121.54762965666264">
        <ele>5.0</ele>
        <time>2026-08-18T12:11:00Z</time>
        <extensions>
          <gpxtpx:TrackPointExtension>
            <gpxtpx:hr>133</gpxtpx:hr>
          </gpxtpx:TrackPointExtension>
        </extensions>
      </trkpt>
      <trkpt lat="31.21348226028545" lon="121.54757351957208">
        <ele>6.0</ele>
        <time>2026-08-18T12:11:03Z</time>
        <extensions>
          <gpxtpx:TrackPointExtension>
            <gpxtpx:hr>133</gpxtpx:hr>
          </gpxtpx:TrackPointExtension>
        </extensions>
      </trkpt>
      <trkpt lat="31.2134570988334" lon="121.54748530504327">
        <ele>6.0</ele>
        <time>2026-08-18T12:11:06Z</time>
        <extensions>
          <gpxtpx:TrackPointExtension>
            <gpxtpx:hr>132</gpxtpx:hr>
          </gpxtpx:TrackPointExtension>
        </extensions>
      </trkpt>
      <trkpt lat="31.213429953858668" lon="121.54740511009103">
        <ele>6.0</ele>
        <time>2026-08-18T12:11:09Z</time>
        <extensions>
          <gpxtpx:TrackPointExtension>
            <gpxtpx:hr>132</gpxtpx:hr>
          </gpxtpx:TrackPointExtension>
        </extensions>
      </trkpt>
      <trkpt lat="31.213403814104296" lon="121.54732792219755">
        <ele>6.0</ele>
        <time>2026-08-18T12:11:12Z</time>
        <extensions>
          <gpxtpx:TrackPointExtension>
            <gpxtpx:hr>132</gpxtpx:hr>
          </gpxtpx:TrackPointExtension>
        </extensions>
      </trkpt>
      <trkpt lat="31.213387722814915" lon="121.54727779998255">
        <ele>6.0</ele>
        <time>2026-08-18T12:11:15Z</time>
        <extensions>
          <gpxtpx:TrackPointExtension>
            <gpxtpx:hr>132</gpxtpx:hr>
          </gpxtpx:TrackPointExtension>
        </extensions>
      </trkpt>
      <trkpt lat="31.213360559383553" lon="121.54718858205827">
        <ele>6.0</ele>
        <time>2026-08-18T12:11:18Z</time>
        <extensions>
          <gpxtpx:TrackPointExtension>
            <gpxtpx:hr>132</gpxtpx:hr>
          </gpxtpx:TrackPointExtension>
        </extensions>
      </trkpt>
      <trkpt lat="31.213325413400952" lon="121.54710638182402">
        <ele>6.0</ele>
        <time>2026-08-18T12:11:21Z</time>
        <extensions>
          <gpxtpx:TrackPointExtension>
            <gpxtpx:hr>132</gpxtpx:hr>
          </gpxtpx:TrackPointExtension>
        </extensions>
      </trkpt>
      <trkpt lat="31.21329230201622" lon="121.54704222582181">
        <ele>6.0</ele>
        <time>2026-08-18T12:11:24Z</time>
        <extensions>
          <gpxtpx:TrackPointExtension>
            <gpxtpx:hr>132</gpxtpx:hr>
          </gpxtpx:TrackPointExtension>
        </extensions>
      </trkpt>
      <trkpt lat="31.21322493366446" lon="121.54684073171956">
        <ele>6.0</ele>
        <time>2026-08-18T12:22:48Z</time>
        <extensions>
          <gpxtpx:TrackPointExtension>
            <gpxtpx:hr>93</gpxtpx:hr>
          </gpxtpx:TrackPointExtension>
        </extensions>
      </trkpt>
      <trkpt lat="31.213214866576543" lon="121.54680464287983">
        <ele>5.0</ele>
        <time>2026-08-18T12:22:51Z</time>
        <extensions>
          <gpxtpx:TrackPointExtension>
            <gpxtpx:hr>95</gpxtpx:hr>
          </gpxtpx:TrackPointExtension>
        </extensions>
      </trkpt>
      <trkpt lat="31.213196763295322" lon="121.54674850478125">
        <ele>5.0</ele>
        <time>2026-08-18T12:22:54Z</time>
        <extensions>
          <gpxtpx:TrackPointExtension>
            <gpxtpx:hr>98</gpxtpx:hr>
          </gpxtpx:TrackPointExtension>
        </extensions>
      </trkpt>
      <trkpt lat="31.213173624262474" lon="121.54667331953186">
        <ele>5.0</ele>
        <time>2026-08-18T12:22:57Z</time>
        <extensions>
          <gpxtpx:TrackPointExtension>
            <gpxtpx:hr>99</gpxtpx:hr>
          </gpxtpx:TrackPointExtension>
        </extensions>
      </trkpt>
      <trkpt lat="31.21316052633347" lon="121.54662119071016">
        <ele>5.0</ele>
        <time>2026-08-18T12:23:00Z</time>
        <extensions>
          <gpxtpx:TrackPointExtension>
            <gpxtpx:hr>101</gpxtpx:hr>
          </gpxtpx:TrackPointExtension>
        </extensions>
      </trkpt>
      <trkpt lat="31.213136343275224" lon="121.5465239500881">
        <ele>5.0</ele>
        <time>2026-08-18T12:23:03Z</time>
        <extensions>
          <gpxtpx:TrackPointExtension>
            <gpxtpx:hr>104</gpxtpx:hr>
          </gpxtpx:TrackPointExtension>
        </extensions>
      </trkpt>
      <trkpt lat="31.213111152309416" lon="121.5464226991308">
        <ele>5.0</ele>
        <time>2026-08-18T12:23:06Z</time>
        <extensions>
          <gpxtpx:TrackPointExtension>
            <gpxtpx:hr>107</gpxtpx:hr>
          </gpxtpx:TrackPointExtension>
        </extensions>
      </trkpt>
      <trkpt lat="31.213084973541438" lon="121.54632746290422">
        <ele>5.0</ele>
        <time>2026-08-18T12:23:09Z</time>
        <extensions>
          <gpxtpx:TrackPointExtension>
            <gpxtpx:hr>110</gpxtpx:hr>
          </gpxtpx:TrackPointExtension>
        </extensions>
      </trkpt>
      <trkpt lat="31.21306887438214" lon="121.54627433107727">
        <ele>6.0</ele>
        <time>2026-08-18T12:23:12Z</time>
        <extensions>
          <gpxtpx:TrackPointExtension>
            <gpxtpx:hr>113</gpxtpx:hr>
          </gpxtpx:TrackPointExtension>
        </extensions>
      </trkpt>
      <trkpt lat="31.213043710784483" lon="121.5461871143259">
        <ele>6.0</ele>
        <time>2026-08-18T12:23:15Z</time>
        <extensions>
          <gpxtpx:TrackPointExtension>
            <gpxtpx:hr>115</gpxtpx:hr>
          </gpxtpx:TrackPointExtension>
        </extensions>
      </trkpt>
      <trkpt lat="31.21301954643338" lon="121.54609989717973">
        <ele>6.0</ele>
        <time>2026-08-18T12:23:18Z</time>
        <extensions>
          <gpxtpx:TrackPointExtension>
            <gpxtpx:hr>118</gpxtpx:hr>
          </gpxtpx:TrackPointExtension>
        </extensions>
      </trkpt>
      <trkpt lat="31.212999375838244" lon="121.54601067434075">
        <ele>6.0</ele>
        <time>2026-08-18T12:23:21Z</time>
        <extensions>
          <gpxtpx:TrackPointExtension>
            <gpxtpx:hr>120</gpxtpx:hr>
          </gpxtpx:TrackPointExtension>
        </extensions>
      </trkpt>
      <trkpt lat="31.212991276292943" lon="121.54595954621178">
        <ele>6.0</ele>
        <time>2026-08-18T12:23:24Z</time>
        <extensions>
          <gpxtpx:TrackPointExtension>
            <gpxtpx:hr>121</gpxtpx:hr>
          </gpxtpx:TrackPointExtension>
        </extensions>
      </trkpt>
      <trkpt lat="31.212975121609087" lon="121.54587934529744">
        <ele>6.0</ele>
        <time>2026-08-18T12:23:27Z</time>
        <extensions>
          <gpxtpx:TrackPointExtension>
            <gpxtpx:hr>121</gpxtpx:hr>
          </gpxtpx:TrackPointExtension>
        </extensions>
      </trkpt>
      <trkpt lat="31.212954972680123" lon="121.54580114951969">
        <ele>6.0</ele>
        <time>2026-08-18T12:23:30Z</time>
        <extensions>
          <gpxtpx:TrackPointExtension>
            <gpxtpx:hr>122</gpxtpx:hr>
          </gpxtpx:TrackPointExtension>
        </extensions>
      </trkpt>
      <trkpt lat="31.21293281634483" lon="121.54571894351461">
        <ele>6.0</ele>
        <time>2026-08-18T12:23:33Z</time>
        <extensions>
          <gpxtpx:TrackPointExtension>
            <gpxtpx:hr>123</gpxtpx:hr>
          </gpxtpx:TrackPointExtension>
        </extensions>
      </trkpt>
      <trkpt lat="31.212921713626084" lon="121.54566580995062">
        <ele>6.0</ele>
        <time>2026-08-18T12:23:36Z</time>
        <extensions>
          <gpxtpx:TrackPointExtension>
            <gpxtpx:hr>124</gpxtpx:hr>
          </gpxtpx:TrackPointExtension>
        </extensions>
      </trkpt>
      <trkpt lat="31.212902530952906" lon="121.54557157273887">
        <ele>6.0</ele>
        <time>2026-08-18T12:23:39Z</time>
        <extensions>
          <gpxtpx:TrackPointExtension>
            <gpxtpx:hr>126</gpxtpx:hr>
          </gpxtpx:TrackPointExtension>
        </extensions>
      </trkpt>
      <trkpt lat="31.212887354224918" lon="121.54548134501755">
        <ele>6.0</ele>
        <time>2026-08-18T12:23:42Z</time>
        <extensions>
          <gpxtpx:TrackPointExtension>
            <gpxtpx:hr>127</gpxtpx:hr>
          </gpxtpx:TrackPointExtension>
        </extensions>
      </trkpt>
      <trkpt lat="31.212874184440405" lon="121.5453951269977">
        <ele>7.0</ele>
        <time>2026-08-18T12:23:45Z</time>
        <extensions>
          <gpxtpx:TrackPointExtension>
            <gpxtpx:hr>128</gpxtpx:hr>
          </gpxtpx:TrackPointExtension>
        </extensions>
      </trkpt>
      <trkpt lat="31.212867081238652" lon="121.54534299495401">
        <ele>7.0</ele>
        <time>2026-08-18T12:23:48Z</time>
        <extensions>
          <gpxtpx:TrackPointExtension>
            <gpxtpx:hr>128</gpxtpx:hr>
          </gpxtpx:TrackPointExtension>
        </extensions>
      </trkpt>
      <trkpt lat="31.212857907057018" lon="121.54525577356306">
        <ele>7.0</ele>
        <time>2026-08-18T12:23:51Z</time>
        <extensions>
          <gpxtpx:TrackPointExtension>
            <gpxtpx:hr>128</gpxtpx:hr>
          </gpxtpx:TrackPointExtension>
        </extensions>
      </trkpt>
      <trkpt lat="31.212845727874207" lon="121.54516554443828">
        <ele>7.0</ele>
        <time>2026-08-18T12:23:54Z</time>
        <extensions>
          <gpxtpx:TrackPointExtension>
            <gpxtpx:hr>129</gpxtpx:hr>
          </gpxtpx:TrackPointExtension>
        </extensions>
      </trkpt>
      <trkpt lat="31.212832542702362" lon="121.54507230738069">
        <ele>7.0</ele>
        <time>2026-08-18T12:23:57Z</time>
        <extensions>
          <gpxtpx:TrackPointExtension>
            <gpxtpx:hr>130</gpxtpx:hr>
          </gpxtpx:TrackPointExtension>
        </extensions>
      </trkpt>
      <trkpt lat="31.212825430654977" lon="121.54501616439832">
        <ele>7.0</ele>
        <time>2026-08-18T12:24:00Z</time>
        <extensions>
          <gpxtpx:TrackPointExtension>
            <gpxtpx:hr>130</gpxtpx:hr>
          </gpxtpx:TrackPointExtension>
        </extensions>
      </trkpt>
      <trkpt lat="31.212814239899153" lon="121.54492092147574">
        <ele>7.0</ele>
        <time>2026-08-18T12:24:03Z</time>
        <extensions>
          <gpxtpx:TrackPointExtension>
            <gpxtpx:hr>130</gpxtpx:hr>
          </gpxtpx:TrackPointExtension>
        </extensions>
      </trkpt>
      <trkpt lat="31.21280405041077" lon="121.54482668067746">
        <ele>7.0</ele>
        <time>2026-08-18T12:24:06Z</time>
        <extensions>
          <gpxtpx:TrackPointExtension>
            <gpxtpx:hr>131</gpxtpx:hr>
          </gpxtpx:TrackPointExtension>
        </extensions>
      </trkpt>
      <trkpt lat="31.212797856617424" lon="121.54473143661303">
        <ele>7.0</ele>
        <time>2026-08-18T12:24:09Z</time>
        <extensions>
          <gpxtpx:TrackPointExtension>
            <gpxtpx:hr>132</gpxtpx:hr>
          </gpxtpx:TrackPointExtension>
        </extensions>
      </trkpt>
      <trkpt lat="31.212797740534498" lon="121.54467529227841">
        <ele>7.0</ele>
        <time>2026-08-18T12:24:12Z</time>
        <extensions>
          <gpxtpx:TrackPointExtension>
            <gpxtpx:hr>133</gpxtpx:hr>
          </gpxtpx:TrackPointExtension>
        </extensions>
      </trkpt>
      <trkpt lat="31.212795538080954" lon="121.54457703955542">
        <ele>7.0</ele>
        <time>2026-08-18T12:24:15Z</time>
        <extensions>
          <gpxtpx:TrackPointExtension>
            <gpxtpx:hr>134</gpxtpx:hr>
          </gpxtpx:TrackPointExtension>
        </extensions>
      </trkpt>
      <trkpt lat="31.212794338968898" lon="121.54448079153552">
        <ele>7.0</ele>
        <time>2026-08-18T12:24:18Z</time>
        <extensions>
          <gpxtpx:TrackPointExtension>
            <gpxtpx:hr>135</gpxtpx:hr>
          </gpxtpx:TrackPointExtension>
        </extensions>
      </trkpt>
      <trkpt lat="31.212798135047915" lon="121.54438354013874">
        <ele>7.0</ele>
        <time>2026-08-18T12:24:21Z</time>
        <extensions>
          <gpxtpx:TrackPointExtension>
            <gpxtpx:hr>135</gpxtpx:hr>
          </gpxtpx:TrackPointExtension>
        </extensions>
      </trkpt>
      <trkpt lat="31.212802016357852" lon="121.54432739468972">
        <ele>7.0</ele>
        <time>2026-08-18T12:24:24Z</time>
        <extensions>
          <gpxtpx:TrackPointExtension>
            <gpxtpx:hr>135</gpxtpx:hr>
          </gpxtpx:TrackPointExtension>
        </extensions>
      </trkpt>
      <trkpt lat="31.212808825099874" lon="121.54423716062146">
        <ele>7.0</ele>
        <time>2026-08-18T12:24:27Z</time>
        <extensions>
          <gpxtpx:TrackPointExtension>
            <gpxtpx:hr>135</gpxtpx:hr>
          </gpxtpx:TrackPointExtension>
        </extensions>
      </trkpt>
      <trkpt lat="31.212813644977853" lon="121.54415193939347">
        <ele>7.0</ele>
        <time>2026-08-18T12:24:30Z</time>
        <extensions>
          <gpxtpx:TrackPointExtension>
            <gpxtpx:hr>135</gpxtpx:hr>
          </gpxtpx:TrackPointExtension>
        </extensions>
      </trkpt>
      <trkpt lat="31.212820461546603" lon="121.54406571510712">
        <ele>7.0</ele>
        <time>2026-08-18T12:24:33Z</time>
        <extensions>
          <gpxtpx:TrackPointExtension>
            <gpxtpx:hr>136</gpxtpx:hr>
          </gpxtpx:TrackPointExtension>
        </extensions>
      </trkpt>
      <trkpt lat="31.21282835079851" lon="121.54401458164">
        <ele>8.0</ele>
        <time>2026-08-18T12:24:36Z</time>
        <extensions>
          <gpxtpx:TrackPointExtension>
            <gpxtpx:hr>136</gpxtpx:hr>
          </gpxtpx:TrackPointExtension>
        </extensions>
      </trkpt>
      <trkpt lat="31.212838169714328" lon="121.54393036185017">
        <ele>8.0</ele>
        <time>2026-08-18T12:24:39Z</time>
        <extensions>
          <gpxtpx:TrackPointExtension>
            <gpxtpx:hr>136</gpxtpx:hr>
          </gpxtpx:TrackPointExtension>
        </extensions>
      </trkpt>
      <trkpt lat="31.212848979490207" lon="121.54384213124898">
        <ele>8.0</ele>
        <time>2026-08-18T12:24:42Z</time>
        <extensions>
          <gpxtpx:TrackPointExtension>
            <gpxtpx:hr>135</gpxtpx:hr>
          </gpxtpx:TrackPointExtension>
        </extensions>
      </trkpt>
      <trkpt lat="31.212856767262064" lon="121.54374287181878">
        <ele>8.0</ele>
        <time>2026-08-18T12:24:45Z</time>
        <extensions>
          <gpxtpx:TrackPointExtension>
            <gpxtpx:hr>136</gpxtpx:hr>
          </gpxtpx:TrackPointExtension>
        </extensions>
      </trkpt>
      <trkpt lat="31.21286163418159" lon="121.54368070914984">
        <ele>8.0</ele>
        <time>2026-08-18T12:24:48Z</time>
        <extensions>
          <gpxtpx:TrackPointExtension>
            <gpxtpx:hr>135</gpxtpx:hr>
          </gpxtpx:TrackPointExtension>
        </extensions>
      </trkpt>
      <trkpt lat="31.212872422069104" lon="121.54358245145883">
        <ele>8.0</ele>
        <time>2026-08-18T12:24:51Z</time>
        <extensions>
          <gpxtpx:TrackPointExtension>
            <gpxtpx:hr>135</gpxtpx:hr>
          </gpxtpx:TrackPointExtension>
        </extensions>
      </trkpt>
      <trkpt lat="31.212882205869384" lon="121.54348218821848">
        <ele>8.0</ele>
        <time>2026-08-18T12:24:54Z</time>
        <extensions>
          <gpxtpx:TrackPointExtension>
            <gpxtpx:hr>135</gpxtpx:hr>
          </gpxtpx:TrackPointExtension>
        </extensions>
      </trkpt>
      <trkpt lat="31.212899989722548" lon="121.54338392917579">
        <ele>8.0</ele>
        <time>2026-08-18T12:24:57Z</time>
        <extensions>
          <gpxtpx:TrackPointExtension>
            <gpxtpx:hr>135</gpxtpx:hr>
          </gpxtpx:TrackPointExtension>
        </extensions>
      </trkpt>
      <trkpt lat="31.212913857915048" lon="121.5433247727749">
        <ele>8.0</ele>
        <time>2026-08-18T12:25:00Z</time>
        <extensions>
          <gpxtpx:TrackPointExtension>
            <gpxtpx:hr>135</gpxtpx:hr>
          </gpxtpx:TrackPointExtension>
        </extensions>
      </trkpt>
      <trkpt lat="31.21293365089681" lon="121.54323152613797">
        <ele>8.0</ele>
        <time>2026-08-18T12:25:03Z</time>
        <extensions>
          <gpxtpx:TrackPointExtension>
            <gpxtpx:hr>135</gpxtpx:hr>
          </gpxtpx:TrackPointExtension>
        </extensions>
      </trkpt>
      <trkpt lat="31.21295344357841" lon="121.54313827916005">
        <ele>8.0</ele>
        <time>2026-08-18T12:25:06Z</time>
        <extensions>
          <gpxtpx:TrackPointExtension>
            <gpxtpx:hr>135</gpxtpx:hr>
          </gpxtpx:TrackPointExtension>
        </extensions>
      </trkpt>
      <trkpt lat="31.21297623878345" lon="121.54304703687808">
        <ele>8.0</ele>
        <time>2026-08-18T12:25:09Z</time>
        <extensions>
          <gpxtpx:TrackPointExtension>
            <gpxtpx:hr>135</gpxtpx:hr>
          </gpxtpx:TrackPointExtension>
        </extensions>
      </trkpt>
      <trkpt lat="31.212990123350746" lon="121.54299590085883">
        <ele>8.0</ele>
        <time>2026-08-18T12:25:12Z</time>
        <extensions>
          <gpxtpx:TrackPointExtension>
            <gpxtpx:hr>136</gpxtpx:hr>
          </gpxtpx:TrackPointExtension>
        </extensions>
      </trkpt>
      <trkpt lat="31.213015925213316" lon="121.54290866841376">
        <ele>8.0</ele>
        <time>2026-08-18T12:25:15Z</time>
        <extensions>
          <gpxtpx:TrackPointExtension>
            <gpxtpx:hr>136</gpxtpx:hr>
          </gpxtpx:TrackPointExtension>
        </extensions>
      </trkpt>
      <trkpt lat="31.21304270922501" lon="121.5428134143712">
        <ele>8.0</ele>
        <time>2026-08-18T12:25:18Z</time>
        <extensions>
          <gpxtpx:TrackPointExtension>
            <gpxtpx:hr>137</gpxtpx:hr>
          </gpxtpx:TrackPointExtension>
        </extensions>
      </trkpt>
      <trkpt lat="31.2130714855401" lon="121.5427151518402">
        <ele>8.0</ele>
        <time>2026-08-18T12:25:21Z</time>
        <extensions>
          <gpxtpx:TrackPointExtension>
            <gpxtpx:hr>137</gpxtpx:hr>
          </gpxtpx:TrackPointExtension>
        </extensions>
      </trkpt>
      <trkpt lat="31.21309635996336" lon="121.54266200892624">
        <ele>8.0</ele>
        <time>2026-08-18T12:25:24Z</time>
        <extensions>
          <gpxtpx:TrackPointExtension>
            <gpxtpx:hr>139</gpxtpx:hr>
          </gpxtpx:TrackPointExtension>
        </extensions>
      </trkpt>
      <trkpt lat="31.213144169604455" lon="121.54258379746635">
        <ele>8.0</ele>
        <time>2026-08-18T12:25:27Z</time>
        <extensions>
          <gpxtpx:TrackPointExtension>
            <gpxtpx:hr>141</gpxtpx:hr>
          </gpxtpx:TrackPointExtension>
        </extensions>
      </trkpt>
      <trkpt lat="31.21318998429588" lon="121.54250759126414">
        <ele>8.0</ele>
        <time>2026-08-18T12:25:30Z</time>
        <extensions>
          <gpxtpx:TrackPointExtension>
            <gpxtpx:hr>142</gpxtpx:hr>
          </gpxtpx:TrackPointExtension>
        </extensions>
      </trkpt>
      <trkpt lat="31.213230792578848" lon="121.54242737458434">
        <ele>9.0</ele>
        <time>2026-08-18T12:25:33Z</time>
        <extensions>
          <gpxtpx:TrackPointExtension>
            <gpxtpx:hr>142</gpxtpx:hr>
          </gpxtpx:TrackPointExtension>
        </extensions>
      </trkpt>
      <trkpt lat="31.213250671033126" lon="121.54237523416305">
        <ele>9.0</ele>
        <time>2026-08-18T12:25:36Z</time>
        <extensions>
          <gpxtpx:TrackPointExtension>
            <gpxtpx:hr>142</gpxtpx:hr>
          </gpxtpx:TrackPointExtension>
        </extensions>
      </trkpt>
      <trkpt lat="31.21328345690735" lon="121.54228298566653">
        <ele>9.0</ele>
        <time>2026-08-18T12:25:39Z</time>
        <extensions>
          <gpxtpx:TrackPointExtension>
            <gpxtpx:hr>142</gpxtpx:hr>
          </gpxtpx:TrackPointExtension>
        </extensions>
      </trkpt>
      <trkpt lat="31.213311221124084" lon="121.54217970781406">
        <ele>9.0</ele>
        <time>2026-08-18T12:25:42Z</time>
        <extensions>
          <gpxtpx:TrackPointExtension>
            <gpxtpx:hr>141</gpxtpx:hr>
          </gpxtpx:TrackPointExtension>
        </extensions>
      </trkpt>
      <trkpt lat="31.213335992908863" lon="121.54207943784294">
        <ele>9.0</ele>
        <time>2026-08-18T12:25:45Z</time>
        <extensions>
          <gpxtpx:TrackPointExtension>
            <gpxtpx:hr>141</gpxtpx:hr>
          </gpxtpx:TrackPointExtension>
        </extensions>
      </trkpt>
      <trkpt lat="31.213351868332897" lon="121.54202529168916">
        <ele>9.0</ele>
        <time>2026-08-18T12:25:48Z</time>
        <extensions>
          <gpxtpx:TrackPointExtension>
            <gpxtpx:hr>141</gpxtpx:hr>
          </gpxtpx:TrackPointExtension>
        </extensions>
      </trkpt>
      <trkpt lat="31.213379666353674" lon="121.5419380557968">
        <ele>9.0</ele>
        <time>2026-08-18T12:25:51Z</time>
        <extensions>
          <gpxtpx:TrackPointExtension>
            <gpxtpx:hr>140</gpxtpx:hr>
          </gpxtpx:TrackPointExtension>
        </extensions>
      </trkpt>
      <trkpt lat="31.213408461466415" lon="121.54184981683913">
        <ele>9.0</ele>
        <time>2026-08-18T12:25:54Z</time>
        <extensions>
          <gpxtpx:TrackPointExtension>
            <gpxtpx:hr>139</gpxtpx:hr>
          </gpxtpx:TrackPointExtension>
        </extensions>
      </trkpt>
      <trkpt lat="31.213434251229337" lon="121.5417585697536">
        <ele>9.0</ele>
        <time>2026-08-18T12:25:57Z</time>
        <extensions>
          <gpxtpx:TrackPointExtension>
            <gpxtpx:hr>138</gpxtpx:hr>
          </gpxtpx:TrackPointExtension>
        </extensions>
      </trkpt>
      <trkpt lat="31.213449133076114" lon="121.54170743110191">
        <ele>9.0</ele>
        <time>2026-08-18T12:26:00Z</time>
        <extensions>
          <gpxtpx:TrackPointExtension>
            <gpxtpx:hr>138</gpxtpx:hr>
          </gpxtpx:TrackPointExtension>
        </extensions>
      </trkpt>
      <trkpt lat="31.213473942496986" lon="121.54162520788843">
        <ele>9.0</ele>
        <time>2026-08-18T12:26:03Z</time>
        <extensions>
          <gpxtpx:TrackPointExtension>
            <gpxtpx:hr>138</gpxtpx:hr>
          </gpxtpx:TrackPointExtension>
        </extensions>
      </trkpt>
      <trkpt lat="31.21349475578917" lon="121.5415439874515">
        <ele>9.0</ele>
        <time>2026-08-18T12:26:06Z</time>
        <extensions>
          <gpxtpx:TrackPointExtension>
            <gpxtpx:hr>139</gpxtpx:hr>
          </gpxtpx:TrackPointExtension>
        </extensions>
      </trkpt>
      <trkpt lat="31.213516579304933" lon="121.54146778020146">
        <ele>9.0</ele>
        <time>2026-08-18T12:26:09Z</time>
        <extensions>
          <gpxtpx:TrackPointExtension>
            <gpxtpx:hr>139</gpxtpx:hr>
          </gpxtpx:TrackPointExtension>
        </extensions>
      </trkpt>
      <trkpt lat="31.213530469876783" lon="121.54142065188998">
        <ele>8.0</ele>
        <time>2026-08-18T12:26:12Z</time>
        <extensions>
          <gpxtpx:TrackPointExtension>
            <gpxtpx:hr>138</gpxtpx:hr>
          </gpxtpx:TrackPointExtension>
        </extensions>
      </trkpt>
      <trkpt lat="31.213550285279627" lon="121.5413404336123">
        <ele>8.0</ele>
        <time>2026-08-18T12:26:15Z</time>
        <extensions>
          <gpxtpx:TrackPointExtension>
            <gpxtpx:hr>138</gpxtpx:hr>
          </gpxtpx:TrackPointExtension>
        </extensions>
      </trkpt>
      <trkpt lat="31.213570091699747" lon="121.54125620424078">
        <ele>8.0</ele>
        <time>2026-08-18T12:26:18Z</time>
        <extensions>
          <gpxtpx:TrackPointExtension>
            <gpxtpx:hr>137</gpxtpx:hr>
          </gpxtpx:TrackPointExtension>
        </extensions>
      </trkpt>
      <trkpt lat="31.213596892334852" lon="121.54117097130062">
        <ele>8.0</ele>
        <time>2026-08-18T12:26:21Z</time>
        <extensions>
          <gpxtpx:TrackPointExtension>
            <gpxtpx:hr>136</gpxtpx:hr>
          </gpxtpx:TrackPointExtension>
        </extensions>
      </trkpt>
      <trkpt lat="31.21361477613024" lon="121.5411218366892">
        <ele>8.0</ele>
        <time>2026-08-18T12:26:24Z</time>
        <extensions>
          <gpxtpx:TrackPointExtension>
            <gpxtpx:hr>135</gpxtpx:hr>
          </gpxtpx:TrackPointExtension>
        </extensions>
      </trkpt>
      <trkpt lat="31.213644585942447" lon="121.54104161666787">
        <ele>8.0</ele>
        <time>2026-08-18T12:26:27Z</time>
        <extensions>
          <gpxtpx:TrackPointExtension>
            <gpxtpx:hr>135</gpxtpx:hr>
          </gpxtpx:TrackPointExtension>
        </extensions>
      </trkpt>
      <trkpt lat="31.21367338060649" lon="121.54095437742053">
        <ele>8.0</ele>
        <time>2026-08-18T12:26:30Z</time>
        <extensions>
          <gpxtpx:TrackPointExtension>
            <gpxtpx:hr>135</gpxtpx:hr>
          </gpxtpx:TrackPointExtension>
        </extensions>
      </trkpt>
      <trkpt lat="31.213703176743635" lon="121.5408681405294">
        <ele>7.0</ele>
        <time>2026-08-18T12:26:33Z</time>
        <extensions>
          <gpxtpx:TrackPointExtension>
            <gpxtpx:hr>135</gpxtpx:hr>
          </gpxtpx:TrackPointExtension>
        </extensions>
      </trkpt>
      <trkpt lat="31.21371705313381" lon="121.54081499477289">
        <ele>7.0</ele>
        <time>2026-08-18T12:26:36Z</time>
        <extensions>
          <gpxtpx:TrackPointExtension>
            <gpxtpx:hr>134</gpxtpx:hr>
          </gpxtpx:TrackPointExtension>
        </extensions>
      </trkpt>
      <trkpt lat="31.213738839445615" lon="121.5407227417008">
        <ele>7.0</ele>
        <time>2026-08-18T12:26:39Z</time>
        <extensions>
          <gpxtpx:TrackPointExtension>
            <gpxtpx:hr>134</gpxtpx:hr>
          </gpxtpx:TrackPointExtension>
        </extensions>
      </trkpt>
      <trkpt lat="31.213765625293817" lon="121.54063149062758">
        <ele>7.0</ele>
        <time>2026-08-18T12:26:42Z</time>
        <extensions>
          <gpxtpx:TrackPointExtension>
            <gpxtpx:hr>135</gpxtpx:hr>
          </gpxtpx:TrackPointExtension>
        </extensions>
      </trkpt>
      <trkpt lat="31.21380041811454" lon="121.54054525227117">
        <ele>7.0</ele>
        <time>2026-08-18T12:26:45Z</time>
        <extensions>
          <gpxtpx:TrackPointExtension>
            <gpxtpx:hr>134</gpxtpx:hr>
          </gpxtpx:TrackPointExtension>
        </extensions>
      </trkpt>
      <trkpt lat="31.213821306105864" lon="121.54049912447357">
        <ele>7.0</ele>
        <time>2026-08-18T12:26:48Z</time>
        <extensions>
          <gpxtpx:TrackPointExtension>
            <gpxtpx:hr>133</gpxtpx:hr>
          </gpxtpx:TrackPointExtension>
        </extensions>
      </trkpt>
      <trkpt lat="31.213851092064285" lon="121.54040887512878">
        <ele>7.0</ele>
        <time>2026-08-18T12:26:51Z</time>
        <extensions>
          <gpxtpx:TrackPointExtension>
            <gpxtpx:hr>134</gpxtpx:hr>
          </gpxtpx:TrackPointExtension>
        </extensions>
      </trkpt>
      <trkpt lat="31.213876864106922" lon="121.54031160657743">
        <ele>6.0</ele>
        <time>2026-08-18T12:26:54Z</time>
        <extensions>
          <gpxtpx:TrackPointExtension>
            <gpxtpx:hr>134</gpxtpx:hr>
          </gpxtpx:TrackPointExtension>
        </extensions>
      </trkpt>
      <trkpt lat="31.213902631385075" lon="121.54021233216918">
        <ele>6.0</ele>
        <time>2026-08-18T12:26:57Z</time>
        <extensions>
          <gpxtpx:TrackPointExtension>
            <gpxtpx:hr>134</gpxtpx:hr>
          </gpxtpx:TrackPointExtension>
        </extensions>
      </trkpt>
      <trkpt lat="31.213920498024645" lon="121.5401561765109">
        <ele>6.0</ele>
        <time>2026-08-18T12:27:00Z</time>
        <extensions>
          <gpxtpx:TrackPointExtension>
            <gpxtpx:hr>134</gpxtpx:hr>
          </gpxtpx:TrackPointExtension>
        </extensions>
      </trkpt>
      <trkpt lat="31.213950296354096" lon="121.540071942553">
        <ele>6.0</ele>
        <time>2026-08-18T12:27:03Z</time>
        <extensions>
          <gpxtpx:TrackPointExtension>
            <gpxtpx:hr>135</gpxtpx:hr>
          </gpxtpx:TrackPointExtension>
        </extensions>
      </trkpt>
      <trkpt lat="31.213975090142515" lon="121.5399847004676">
        <ele>6.0</ele>
        <time>2026-08-18T12:27:06Z</time>
        <extensions>
          <gpxtpx:TrackPointExtension>
            <gpxtpx:hr>136</gpxtpx:hr>
          </gpxtpx:TrackPointExtension>
        </extensions>
      </trkpt>
      <trkpt lat="31.213994877127032" lon="121.53989344746226">
        <ele>6.0</ele>
        <time>2026-08-18T12:27:09Z</time>
        <extensions>
          <gpxtpx:TrackPointExtension>
            <gpxtpx:hr>136</gpxtpx:hr>
          </gpxtpx:TrackPointExtension>
        </extensions>
      </trkpt>
      <trkpt lat="31.214005746531193" lon="121.53983729172228">
        <ele>6.0</ele>
        <time>2026-08-18T12:27:12Z</time>
        <extensions>
          <gpxtpx:TrackPointExtension>
            <gpxtpx:hr>135</gpxtpx:hr>
          </gpxtpx:TrackPointExtension>
        </extensions>
      </trkpt>
      <trkpt lat="31.21402753211898" lon="121.53974603805158">
        <ele>6.0</ele>
        <time>2026-08-18T12:27:15Z</time>
        <extensions>
          <gpxtpx:TrackPointExtension>
            <gpxtpx:hr>135</gpxtpx:hr>
          </gpxtpx:TrackPointExtension>
        </extensions>
      </trkpt>
      <trkpt lat="31.214049315190405" lon="121.53965378130039">
        <ele>6.0</ele>
        <time>2026-08-18T12:27:18Z</time>
        <extensions>
          <gpxtpx:TrackPointExtension>
            <gpxtpx:hr>134</gpxtpx:hr>
          </gpxtpx:TrackPointExtension>
        </extensions>
      </trkpt>
      <trkpt lat="31.214069089949835" lon="121.53955751329771">
        <ele>6.0</ele>
        <time>2026-08-18T12:27:21Z</time>
        <extensions>
          <gpxtpx:TrackPointExtension>
            <gpxtpx:hr>134</gpxtpx:hr>
          </gpxtpx:TrackPointExtension>
        </extensions>
      </trkpt>
      <trkpt lat="31.214082948303634" lon="121.5394973454974">
        <ele>6.0</ele>
        <time>2026-08-18T12:27:24Z</time>
        <extensions>
          <gpxtpx:TrackPointExtension>
            <gpxtpx:hr>133</gpxtpx:hr>
          </gpxtpx:TrackPointExtension>
        </extensions>
      </trkpt>
      <trkpt lat="31.214108712942785" lon="121.5393980680936">
        <ele>6.0</ele>
        <time>2026-08-18T12:27:27Z</time>
        <extensions>
          <gpxtpx:TrackPointExtension>
            <gpxtpx:hr>133</gpxtpx:hr>
          </gpxtpx:TrackPointExtension>
        </extensions>
      </trkpt>
      <trkpt lat="31.21413448854506" lon="121.53930380425527">
        <ele>6.0</ele>
        <time>2026-08-18T12:27:30Z</time>
        <extensions>
          <gpxtpx:TrackPointExtension>
            <gpxtpx:hr>133</gpxtpx:hr>
          </gpxtpx:TrackPointExtension>
        </extensions>
      </trkpt>
      <trkpt lat="31.214165281801186" lon="121.53921856477247">
        <ele>6.0</ele>
        <time>2026-08-18T12:27:33Z</time>
        <extensions>
          <gpxtpx:TrackPointExtension>
            <gpxtpx:hr>133</gpxtpx:hr>
          </gpxtpx:TrackPointExtension>
        </extensions>
      </trkpt>
      <trkpt lat="31.214184166494" lon="121.53917143208315">
        <ele>6.0</ele>
        <time>2026-08-18T12:27:36Z</time>
        <extensions>
          <gpxtpx:TrackPointExtension>
            <gpxtpx:hr>134</gpxtpx:hr>
          </gpxtpx:TrackPointExtension>
        </extensions>
      </trkpt>
      <trkpt lat="31.214210970354056" lon="121.53909020369431">
        <ele>6.0</ele>
        <time>2026-08-18T12:27:39Z</time>
        <extensions>
          <gpxtpx:TrackPointExtension>
            <gpxtpx:hr>135</gpxtpx:hr>
          </gpxtpx:TrackPointExtension>
        </extensions>
      </trkpt>
      <trkpt lat="31.214231770074598" lon="121.53900596717601">
        <ele>6.0</ele>
        <time>2026-08-18T12:27:42Z</time>
        <extensions>
          <gpxtpx:TrackPointExtension>
            <gpxtpx:hr>135</gpxtpx:hr>
          </gpxtpx:TrackPointExtension>
        </extensions>
      </trkpt>
      <trkpt lat="31.214251563238967" lon="121.5389187220837">
        <ele>6.0</ele>
        <time>2026-08-18T12:27:45Z</time>
        <extensions>
          <gpxtpx:TrackPointExtension>
            <gpxtpx:hr>136</gpxtpx:hr>
          </gpxtpx:TrackPointExtension>
        </extensions>
      </trkpt>
      <trkpt lat="31.214263441744812" lon="121.53886757825691">
        <ele>6.0</ele>
        <time>2026-08-18T12:27:48Z</time>
        <extensions>
          <gpxtpx:TrackPointExtension>
            <gpxtpx:hr>136</gpxtpx:hr>
          </gpxtpx:TrackPointExtension>
        </extensions>
      </trkpt>
      <trkpt lat="31.214283236794813" lon="121.53878133552952">
        <ele>6.0</ele>
        <time>2026-08-18T12:27:51Z</time>
        <extensions>
          <gpxtpx:TrackPointExtension>
            <gpxtpx:hr>136</gpxtpx:hr>
          </gpxtpx:TrackPointExtension>
        </extensions>
      </trkpt>
      <trkpt lat="31.21430602789529" lon="121.5386940894738">
        <ele>6.0</ele>
        <time>2026-08-18T12:27:54Z</time>
        <extensions>
          <gpxtpx:TrackPointExtension>
            <gpxtpx:hr>136</gpxtpx:hr>
          </gpxtpx:TrackPointExtension>
        </extensions>
      </trkpt>
      <trkpt lat="31.21432782150958" lon="121.53860784603626">
        <ele>6.0</ele>
        <time>2026-08-18T12:27:57Z</time>
        <extensions>
          <gpxtpx:TrackPointExtension>
            <gpxtpx:hr>136</gpxtpx:hr>
          </gpxtpx:TrackPointExtension>
        </extensions>
      </trkpt>
      <trkpt lat="31.21434270035186" lon="121.53855770419455">
        <ele>6.0</ele>
        <time>2026-08-18T12:28:00Z</time>
        <extensions>
          <gpxtpx:TrackPointExtension>
            <gpxtpx:hr>136</gpxtpx:hr>
          </gpxtpx:TrackPointExtension>
        </extensions>
      </trkpt>
      <trkpt lat="31.214371499375073" lon="121.53847547100999">
        <ele>6.0</ele>
        <time>2026-08-18T12:28:03Z</time>
        <extensions>
          <gpxtpx:TrackPointExtension>
            <gpxtpx:hr>136</gpxtpx:hr>
          </gpxtpx:TrackPointExtension>
        </extensions>
      </trkpt>
      <trkpt lat="31.214404296270025" lon="121.53839323724725">
        <ele>6.0</ele>
        <time>2026-08-18T12:28:06Z</time>
        <extensions>
          <gpxtpx:TrackPointExtension>
            <gpxtpx:hr>136</gpxtpx:hr>
          </gpxtpx:TrackPointExtension>
        </extensions>
      </trkpt>
      <trkpt lat="31.214439075974774" lon="121.53830398332119">
        <ele>6.0</ele>
        <time>2026-08-18T12:28:09Z</time>
        <extensions>
          <gpxtpx:TrackPointExtension>
            <gpxtpx:hr>136</gpxtpx:hr>
          </gpxtpx:TrackPointExtension>
        </extensions>
      </trkpt>
      <trkpt lat="31.214463949550215" lon="121.53825384009473">
        <ele>6.0</ele>
        <time>2026-08-18T12:28:12Z</time>
        <extensions>
          <gpxtpx:TrackPointExtension>
            <gpxtpx:hr>136</gpxtpx:hr>
          </gpxtpx:TrackPointExtension>
        </extensions>
      </trkpt>
      <trkpt lat="31.214529803439756" lon="121.53820369335571">
        <ele>6.0</ele>
        <time>2026-08-18T12:28:15Z</time>
        <extensions>
          <gpxtpx:TrackPointExtension>
            <gpxtpx:hr>136</gpxtpx:hr>
          </gpxtpx:TrackPointExtension>
        </extensions>
      </trkpt>
      <trkpt lat="31.214608772540522" lon="121.53820669523836">
        <ele>6.0</ele>
        <time>2026-08-18T12:28:18Z</time>
        <extensions>
          <gpxtpx:TrackPointExtension>
            <gpxtpx:hr>136</gpxtpx:hr>
          </gpxtpx:TrackPointExtension>
        </extensions>
      </trkpt>
      <trkpt lat="31.21469275987893" lon="121.53821872212959">
        <ele>6.0</ele>
        <time>2026-08-18T12:28:21Z</time>
        <extensions>
          <gpxtpx:TrackPointExtension>
            <gpxtpx:hr>137</gpxtpx:hr>
          </gpxtpx:TrackPointExtension>
        </extensions>
      </trkpt>
      <trkpt lat="31.214741708957852" lon="121.53820668413749">
        <ele>6.0</ele>
        <time>2026-08-18T12:28:24Z</time>
        <extensions>
          <gpxtpx:TrackPointExtension>
            <gpxtpx:hr>138</gpxtpx:hr>
          </gpxtpx:TrackPointExtension>
        </extensions>
      </trkpt>
      <trkpt lat="31.214810556767755" lon="121.53815453140808">
        <ele>6.0</ele>
        <time>2026-08-18T12:28:27Z</time>
        <extensions>
          <gpxtpx:TrackPointExtension>
            <gpxtpx:hr>138</gpxtpx:hr>
          </gpxtpx:TrackPointExtension>
        </extensions>
      </trkpt>
      <trkpt lat="31.214855388423025" lon="121.53809034663148">
        <ele>6.0</ele>
        <time>2026-08-18T12:28:30Z</time>
        <extensions>
          <gpxtpx:TrackPointExtension>
            <gpxtpx:hr>139</gpxtpx:hr>
          </gpxtpx:TrackPointExtension>
        </extensions>
      </trkpt>
      <trkpt lat="31.21489121735806" lon="121.53802315396236">
        <ele>6.0</ele>
        <time>2026-08-18T12:28:33Z</time>
        <extensions>
          <gpxtpx:TrackPointExtension>
            <gpxtpx:hr>139</gpxtpx:hr>
          </gpxtpx:TrackPointExtension>
        </extensions>
      </trkpt>
      <trkpt lat="31.21492214739517" lon="121.53799908339597">
        <ele>6.0</ele>
        <time>2026-08-18T12:28:36Z</time>
        <extensions>
          <gpxtpx:TrackPointExtension>
            <gpxtpx:hr>139</gpxtpx:hr>
          </gpxtpx:TrackPointExtension>
        </extensions>
      </trkpt>
      <trkpt lat="31.214991107530544" lon="121.53799606913758">
        <ele>6.0</ele>
        <time>2026-08-18T12:28:39Z</time>
        <extensions>
          <gpxtpx:TrackPointExtension>
            <gpxtpx:hr>139</gpxtpx:hr>
          </gpxtpx:TrackPointExtension>
        </extensions>
      </trkpt>
      <trkpt lat="31.215069127714322" lon="121.53802113344032">
        <ele>6.0</ele>
        <time>2026-08-18T12:28:42Z</time>
        <extensions>
          <gpxtpx:TrackPointExtension>
            <gpxtpx:hr>139</gpxtpx:hr>
          </gpxtpx:TrackPointExtension>
        </extensions>
      </trkpt>
      <trkpt lat="31.215152159275192" lon="121.53805221428982">
        <ele>6.0</ele>
        <time>2026-08-18T12:28:45Z</time>
        <extensions>
          <gpxtpx:TrackPointExtension>
            <gpxtpx:hr>139</gpxtpx:hr>
          </gpxtpx:TrackPointExtension>
        </extensions>
      </trkpt>
      <trkpt lat="31.215200175385974" lon="121.53806925840466">
        <ele>5.0</ele>
        <time>2026-08-18T12:28:48Z</time>
        <extensions>
          <gpxtpx:TrackPointExtension>
            <gpxtpx:hr>139</gpxtpx:hr>
          </gpxtpx:TrackPointExtension>
        </extensions>
      </trkpt>
      <trkpt lat="31.21527020393649" lon="121.53809632896855">
        <ele>5.0</ele>
        <time>2026-08-18T12:28:51Z</time>
        <extensions>
          <gpxtpx:TrackPointExtension>
            <gpxtpx:hr>138</gpxtpx:hr>
          </gpxtpx:TrackPointExtension>
        </extensions>
      </trkpt>
      <trkpt lat="31.215335237149766" lon="121.53812440275199">
        <ele>5.0</ele>
        <time>2026-08-18T12:28:54Z</time>
        <extensions>
          <gpxtpx:TrackPointExtension>
            <gpxtpx:hr>137</gpxtpx:hr>
          </gpxtpx:TrackPointExtension>
        </extensions>
      </trkpt>
      <trkpt lat="31.21540027263506" lon="121.5381534793346">
        <ele>5.0</ele>
        <time>2026-08-18T12:28:57Z</time>
        <extensions>
          <gpxtpx:TrackPointExtension>
            <gpxtpx:hr>137</gpxtpx:hr>
          </gpxtpx:TrackPointExtension>
        </extensions>
      </trkpt>
      <trkpt lat="31.215443297966655" lon="121.53817353228511">
        <ele>5.0</ele>
        <time>2026-08-18T12:29:00Z</time>
        <extensions>
          <gpxtpx:TrackPointExtension>
            <gpxtpx:hr>136</gpxtpx:hr>
          </gpxtpx:TrackPointExtension>
        </extensions>
      </trkpt>
      <trkpt lat="31.215514344298764" lon="121.53820862526857">
        <ele>5.0</ele>
        <time>2026-08-18T12:29:03Z</time>
        <extensions>
          <gpxtpx:TrackPointExtension>
            <gpxtpx:hr>136</gpxtpx:hr>
          </gpxtpx:TrackPointExtension>
        </extensions>
      </trkpt>
      <trkpt lat="31.215585397467393" lon="121.53824672668">
        <ele>5.0</ele>
        <time>2026-08-18T12:29:06Z</time>
        <extensions>
          <gpxtpx:TrackPointExtension>
            <gpxtpx:hr>135</gpxtpx:hr>
          </gpxtpx:TrackPointExtension>
        </extensions>
      </trkpt>
      <trkpt lat="31.21565545793881" lon="121.53828783659051">
        <ele>5.0</ele>
        <time>2026-08-18T12:29:09Z</time>
        <extensions>
          <gpxtpx:TrackPointExtension>
            <gpxtpx:hr>135</gpxtpx:hr>
          </gpxtpx:TrackPointExtension>
        </extensions>
      </trkpt>
      <trkpt lat="31.21569948729387" lon="121.53830989500442">
        <ele>5.0</ele>
        <time>2026-08-18T12:29:12Z</time>
        <extensions>
          <gpxtpx:TrackPointExtension>
            <gpxtpx:hr>135</gpxtpx:hr>
          </gpxtpx:TrackPointExtension>
        </extensions>
      </trkpt>
      <trkpt lat="31.21577453615547" lon="121.53834699312313">
        <ele>5.0</ele>
        <time>2026-08-18T12:29:15Z</time>
        <extensions>
          <gpxtpx:TrackPointExtension>
            <gpxtpx:hr>135</gpxtpx:hr>
          </gpxtpx:TrackPointExtension>
        </extensions>
      </trkpt>
      <trkpt lat="31.215851586309988" lon="121.53838509384444">
        <ele>5.0</ele>
        <time>2026-08-18T12:29:18Z</time>
        <extensions>
          <gpxtpx:TrackPointExtension>
            <gpxtpx:hr>136</gpxtpx:hr>
          </gpxtpx:TrackPointExtension>
        </extensions>
      </trkpt>
      <trkpt lat="31.21592264385471" lon="121.5384252006495">
        <ele>5.0</ele>
        <time>2026-08-18T12:29:21Z</time>
        <extensions>
          <gpxtpx:TrackPointExtension>
            <gpxtpx:hr>137</gpxtpx:hr>
          </gpxtpx:TrackPointExtension>
        </extensions>
      </trkpt>
      <trkpt lat="31.215964678645182" lon="121.53844926475483">
        <ele>5.0</ele>
        <time>2026-08-18T12:29:24Z</time>
        <extensions>
          <gpxtpx:TrackPointExtension>
            <gpxtpx:hr>137</gpxtpx:hr>
          </gpxtpx:TrackPointExtension>
        </extensions>
      </trkpt>
      <trkpt lat="31.21603672878981" lon="121.53848636293789">
        <ele>5.0</ele>
        <time>2026-08-18T12:29:27Z</time>
        <extensions>
          <gpxtpx:TrackPointExtension>
            <gpxtpx:hr>137</gpxtpx:hr>
          </gpxtpx:TrackPointExtension>
        </extensions>
      </trkpt>
      <trkpt lat="31.216104783083814" lon="121.53852446421918">
        <ele>5.0</ele>
        <time>2026-08-18T12:29:30Z</time>
        <extensions>
          <gpxtpx:TrackPointExtension>
            <gpxtpx:hr>137</gpxtpx:hr>
          </gpxtpx:TrackPointExtension>
        </extensions>
      </trkpt>
      <trkpt lat="31.216175849586264" lon="121.53856858207254">
        <ele>5.0</ele>
        <time>2026-08-18T12:29:33Z</time>
        <extensions>
          <gpxtpx:TrackPointExtension>
            <gpxtpx:hr>136</gpxtpx:hr>
          </gpxtpx:TrackPointExtension>
        </extensions>
      </trkpt>
      <trkpt lat="31.216219894718467" lon="121.53859765994349">
        <ele>5.0</ele>
        <time>2026-08-18T12:29:36Z</time>
        <extensions>
          <gpxtpx:TrackPointExtension>
            <gpxtpx:hr>136</gpxtpx:hr>
          </gpxtpx:TrackPointExtension>
        </extensions>
      </trkpt>
      <trkpt lat="31.216288971188767" lon="121.53864578908565">
        <ele>5.0</ele>
        <time>2026-08-18T12:29:39Z</time>
        <extensions>
          <gpxtpx:TrackPointExtension>
            <gpxtpx:hr>136</gpxtpx:hr>
          </gpxtpx:TrackPointExtension>
        </extensions>
      </trkpt>
      <trkpt lat="31.216359042560196" lon="121.53869191244489">
        <ele>5.0</ele>
        <time>2026-08-18T12:29:42Z</time>
        <extensions>
          <gpxtpx:TrackPointExtension>
            <gpxtpx:hr>136</gpxtpx:hr>
          </gpxtpx:TrackPointExtension>
        </extensions>
      </trkpt>
      <trkpt lat="31.21643411148495" lon="121.53873803530985">
        <ele>5.0</ele>
        <time>2026-08-18T12:29:45Z</time>
        <extensions>
          <gpxtpx:TrackPointExtension>
            <gpxtpx:hr>137</gpxtpx:hr>
          </gpxtpx:TrackPointExtension>
        </extensions>
      </trkpt>
      <trkpt lat="31.216478156469137" lon="121.53876711300254">
        <ele>5.0</ele>
        <time>2026-08-18T12:29:48Z</time>
        <extensions>
          <gpxtpx:TrackPointExtension>
            <gpxtpx:hr>137</gpxtpx:hr>
          </gpxtpx:TrackPointExtension>
        </extensions>
      </trkpt>
      <trkpt lat="31.216549240828936" lon="121.53881925289579">
        <ele>5.0</ele>
        <time>2026-08-18T12:29:51Z</time>
        <extensions>
          <gpxtpx:TrackPointExtension>
            <gpxtpx:hr>137</gpxtpx:hr>
          </gpxtpx:TrackPointExtension>
        </extensions>
      </trkpt>
      <trkpt lat="31.216619323311793" lon="121.53887038997249">
        <ele>5.0</ele>
        <time>2026-08-18T12:29:54Z</time>
        <extensions>
          <gpxtpx:TrackPointExtension>
            <gpxtpx:hr>137</gpxtpx:hr>
          </gpxtpx:TrackPointExtension>
        </extensions>
      </trkpt>
      <trkpt lat="31.21668641168122" lon="121.53892353280352">
        <ele>5.0</ele>
        <time>2026-08-18T12:29:57Z</time>
        <extensions>
          <gpxtpx:TrackPointExtension>
            <gpxtpx:hr>137</gpxtpx:hr>
          </gpxtpx:TrackPointExtension>
        </extensions>
      </trkpt>
      <trkpt lat="31.216726465209913" lon="121.5389556190292">
        <ele>5.0</ele>
        <time>2026-08-18T12:30:00Z</time>
        <extensions>
          <gpxtpx:TrackPointExtension>
            <gpxtpx:hr>137</gpxtpx:hr>
          </gpxtpx:TrackPointExtension>
        </extensions>
      </trkpt>
      <trkpt lat="31.216788553555002" lon="121.53900775931638">
        <ele>5.0</ele>
        <time>2026-08-18T12:30:03Z</time>
        <extensions>
          <gpxtpx:TrackPointExtension>
            <gpxtpx:hr>137</gpxtpx:hr>
          </gpxtpx:TrackPointExtension>
        </extensions>
      </trkpt>
      <trkpt lat="31.2168516458681" lon="121.53906190500993">
        <ele>5.0</ele>
        <time>2026-08-18T12:30:06Z</time>
        <extensions>
          <gpxtpx:TrackPointExtension>
            <gpxtpx:hr>136</gpxtpx:hr>
          </gpxtpx:TrackPointExtension>
        </extensions>
      </trkpt>
      <trkpt lat="31.2169147403525" lon="121.53911705338899">
        <ele>5.0</ele>
        <time>2026-08-18T12:30:09Z</time>
        <extensions>
          <gpxtpx:TrackPointExtension>
            <gpxtpx:hr>137</gpxtpx:hr>
          </gpxtpx:TrackPointExtension>
        </extensions>
      </trkpt>
      <trkpt lat="31.21695179963987" lon="121.53915114522106">
        <ele>5.0</ele>
        <time>2026-08-18T12:30:12Z</time>
        <extensions>
          <gpxtpx:TrackPointExtension>
            <gpxtpx:hr>137</gpxtpx:hr>
          </gpxtpx:TrackPointExtension>
        </extensions>
      </trkpt>
      <trkpt lat="31.2170108936154" lon="121.53920529096509">
        <ele>5.0</ele>
        <time>2026-08-18T12:30:15Z</time>
        <extensions>
          <gpxtpx:TrackPointExtension>
            <gpxtpx:hr>138</gpxtpx:hr>
          </gpxtpx:TrackPointExtension>
        </extensions>
      </trkpt>
      <trkpt lat="31.217065987145297" lon="121.53925843414851">
        <ele>5.0</ele>
        <time>2026-08-18T12:30:18Z</time>
        <extensions>
          <gpxtpx:TrackPointExtension>
            <gpxtpx:hr>139</gpxtpx:hr>
          </gpxtpx:TrackPointExtension>
        </extensions>
      </trkpt>
      <trkpt lat="31.217123084146657" lon="121.5393135826321">
        <ele>5.0</ele>
        <time>2026-08-18T12:30:21Z</time>
        <extensions>
          <gpxtpx:TrackPointExtension>
            <gpxtpx:hr>139</gpxtpx:hr>
          </gpxtpx:TrackPointExtension>
        </extensions>
      </trkpt>
      <trkpt lat="31.217161138238044" lon="121.53934566856773">
        <ele>5.0</ele>
        <time>2026-08-18T12:30:24Z</time>
        <extensions>
          <gpxtpx:TrackPointExtension>
            <gpxtpx:hr>139</gpxtpx:hr>
          </gpxtpx:TrackPointExtension>
        </extensions>
      </trkpt>
      <trkpt lat="31.217228223569748" lon="121.53939780769461">
        <ele>6.0</ele>
        <time>2026-08-18T12:30:27Z</time>
        <extensions>
          <gpxtpx:TrackPointExtension>
            <gpxtpx:hr>139</gpxtpx:hr>
          </gpxtpx:TrackPointExtension>
        </extensions>
      </trkpt>
      <trkpt lat="31.217292328256384" lon="121.53945796921205">
        <ele>6.0</ele>
        <time>2026-08-18T12:30:30Z</time>
        <extensions>
          <gpxtpx:TrackPointExtension>
            <gpxtpx:hr>139</gpxtpx:hr>
          </gpxtpx:TrackPointExtension>
        </extensions>
      </trkpt>
      <trkpt lat="31.217348443383028" lon="121.53952113959677">
        <ele>5.0</ele>
        <time>2026-08-18T12:30:33Z</time>
        <extensions>
          <gpxtpx:TrackPointExtension>
            <gpxtpx:hr>139</gpxtpx:hr>
          </gpxtpx:TrackPointExtension>
        </extensions>
      </trkpt>
      <trkpt lat="31.21738051585684" lon="121.53956024522198">
        <ele>5.0</ele>
        <time>2026-08-18T12:30:36Z</time>
        <extensions>
          <gpxtpx:TrackPointExtension>
            <gpxtpx:hr>139</gpxtpx:hr>
          </gpxtpx:TrackPointExtension>
        </extensions>
      </trkpt>
      <trkpt lat="31.217431646631113" lon="121.53962943242792">
        <ele>5.0</ele>
        <time>2026-08-18T12:30:39Z</time>
        <extensions>
          <gpxtpx:TrackPointExtension>
            <gpxtpx:hr>139</gpxtpx:hr>
          </gpxtpx:TrackPointExtension>
        </extensions>
      </trkpt>
      <trkpt lat="31.21748777936041" lon="121.5397006245821">
        <ele>5.0</ele>
        <time>2026-08-18T12:30:42Z</time>
        <extensions>
          <gpxtpx:TrackPointExtension>
            <gpxtpx:hr>138</gpxtpx:hr>
          </gpxtpx:TrackPointExtension>
        </extensions>
      </trkpt>
      <trkpt lat="31.217549906832474" lon="121.53977081328038">
        <ele>5.0</ele>
        <time>2026-08-18T12:30:45Z</time>
        <extensions>
          <gpxtpx:TrackPointExtension>
            <gpxtpx:hr>138</gpxtpx:hr>
          </gpxtpx:TrackPointExtension>
        </extensions>
      </trkpt>
      <trkpt lat="31.21758797166047" lon="121.53980791251117">
        <ele>6.0</ele>
        <time>2026-08-18T12:30:48Z</time>
        <extensions>
          <gpxtpx:TrackPointExtension>
            <gpxtpx:hr>138</gpxtpx:hr>
          </gpxtpx:TrackPointExtension>
        </extensions>
      </trkpt>
      <trkpt lat="31.217651069324592" lon="121.53986506490861">
        <ele>6.0</ele>
        <time>2026-08-18T12:30:51Z</time>
        <extensions>
          <gpxtpx:TrackPointExtension>
            <gpxtpx:hr>138</gpxtpx:hr>
          </gpxtpx:TrackPointExtension>
        </extensions>
      </trkpt>
      <trkpt lat="31.21770917820689" lon="121.53992622865267">
        <ele>6.0</ele>
        <time>2026-08-18T12:30:54Z</time>
        <extensions>
          <gpxtpx:TrackPointExtension>
            <gpxtpx:hr>138</gpxtpx:hr>
          </gpxtpx:TrackPointExtension>
        </extensions>
      </trkpt>
      <trkpt lat="31.217765296856207" lon="121.53999140346566">
        <ele>6.0</ele>
        <time>2026-08-18T12:30:57Z</time>
        <extensions>
          <gpxtpx:TrackPointExtension>
            <gpxtpx:hr>139</gpxtpx:hr>
          </gpxtpx:TrackPointExtension>
        </extensions>
      </trkpt>
      <trkpt lat="31.21779936555749" lon="121.5400295054858">
        <ele>6.0</ele>
        <time>2026-08-18T12:31:00Z</time>
        <extensions>
          <gpxtpx:TrackPointExtension>
            <gpxtpx:hr>139</gpxtpx:hr>
          </gpxtpx:TrackPointExtension>
        </extensions>
      </trkpt>
      <trkpt lat="31.217857476348144" lon="121.54009167161327">
        <ele>7.0</ele>
        <time>2026-08-18T12:31:03Z</time>
        <extensions>
          <gpxtpx:TrackPointExtension>
            <gpxtpx:hr>139</gpxtpx:hr>
          </gpxtpx:TrackPointExtension>
        </extensions>
      </trkpt>
      <trkpt lat="31.217913585736742" lon="121.5401528350099">
        <ele>7.0</ele>
        <time>2026-08-18T12:31:06Z</time>
        <extensions>
          <gpxtpx:TrackPointExtension>
            <gpxtpx:hr>139</gpxtpx:hr>
          </gpxtpx:TrackPointExtension>
        </extensions>
      </trkpt>
      <trkpt lat="31.217971691828055" lon="121.54021299534874">
        <ele>7.0</ele>
        <time>2026-08-18T12:31:09Z</time>
        <extensions>
          <gpxtpx:TrackPointExtension>
            <gpxtpx:hr>139</gpxtpx:hr>
          </gpxtpx:TrackPointExtension>
        </extensions>
      </trkpt>
      <trkpt lat="31.21800675533203" lon="121.54024909147068">
        <ele>7.0</ele>
        <time>2026-08-18T12:31:12Z</time>
        <extensions>
          <gpxtpx:TrackPointExtension>
            <gpxtpx:hr>139</gpxtpx:hr>
          </gpxtpx:TrackPointExtension>
        </extensions>
      </trkpt>
      <trkpt lat="31.21806886156024" lon="121.54031025400835">
        <ele>7.0</ele>
        <time>2026-08-18T12:31:15Z</time>
        <extensions>
          <gpxtpx:TrackPointExtension>
            <gpxtpx:hr>139</gpxtpx:hr>
          </gpxtpx:TrackPointExtension>
        </extensions>
      </trkpt>
      <trkpt lat="31.218130961004224" lon="121.54036840816862">
        <ele>7.0</ele>
        <time>2026-08-18T12:31:18Z</time>
        <extensions>
          <gpxtpx:TrackPointExtension>
            <gpxtpx:hr>139</gpxtpx:hr>
          </gpxtpx:TrackPointExtension>
        </extensions>
      </trkpt>
      <trkpt lat="31.218195030533153" lon="121.54041352636276">
        <ele>7.0</ele>
        <time>2026-08-18T12:31:21Z</time>
        <extensions>
          <gpxtpx:TrackPointExtension>
            <gpxtpx:hr>138</gpxtpx:hr>
          </gpxtpx:TrackPointExtension>
        </extensions>
      </trkpt>
      <trkpt lat="31.21823405418135" lon="121.540432575245">
        <ele>7.0</ele>
        <time>2026-08-18T12:31:24Z</time>
        <extensions>
          <gpxtpx:TrackPointExtension>
            <gpxtpx:hr>137</gpxtpx:hr>
          </gpxtpx:TrackPointExtension>
        </extensions>
      </trkpt>
      <trkpt lat="31.218304080844327" lon="121.5404596434699">
        <ele>7.0</ele>
        <time>2026-08-18T12:31:27Z</time>
        <extensions>
          <gpxtpx:TrackPointExtension>
            <gpxtpx:hr>136</gpxtpx:hr>
          </gpxtpx:TrackPointExtension>
        </extensions>
      </trkpt>
      <trkpt lat="31.218372130610806" lon="121.54049673924817">
        <ele>6.0</ele>
        <time>2026-08-18T12:31:30Z</time>
        <extensions>
          <gpxtpx:TrackPointExtension>
            <gpxtpx:hr>136</gpxtpx:hr>
          </gpxtpx:TrackPointExtension>
        </extensions>
      </trkpt>
      <trkpt lat="31.218429221010076" lon="121.54054987972471">
        <ele>6.0</ele>
        <time>2026-08-18T12:31:33Z</time>
        <extensions>
          <gpxtpx:TrackPointExtension>
            <gpxtpx:hr>136</gpxtpx:hr>
          </gpxtpx:TrackPointExtension>
        </extensions>
      </trkpt>
      <trkpt lat="31.21846228729023" lon="121.54058697829709">
        <ele>6.0</ele>
        <time>2026-08-18T12:31:36Z</time>
        <extensions>
          <gpxtpx:TrackPointExtension>
            <gpxtpx:hr>135</gpxtpx:hr>
          </gpxtpx:TrackPointExtension>
        </extensions>
      </trkpt>
      <trkpt lat="31.21851240740531" lon="121.54065215200485">
        <ele>6.0</ele>
        <time>2026-08-18T12:31:39Z</time>
        <extensions>
          <gpxtpx:TrackPointExtension>
            <gpxtpx:hr>135</gpxtpx:hr>
          </gpxtpx:TrackPointExtension>
        </extensions>
      </trkpt>
      <trkpt lat="31.21855852928052" lon="121.54071732588683">
        <ele>5.0</ele>
        <time>2026-08-18T12:31:42Z</time>
        <extensions>
          <gpxtpx:TrackPointExtension>
            <gpxtpx:hr>134</gpxtpx:hr>
          </gpxtpx:TrackPointExtension>
        </extensions>
      </trkpt>
      <trkpt lat="31.218605654957248" lon="121.54078450498658">
        <ele>5.0</ele>
        <time>2026-08-18T12:31:45Z</time>
        <extensions>
          <gpxtpx:TrackPointExtension>
            <gpxtpx:hr>133</gpxtpx:hr>
          </gpxtpx:TrackPointExtension>
        </extensions>
      </trkpt>
      <trkpt lat="31.218635731202905" lon="121.54082561439789">
        <ele>5.0</ele>
        <time>2026-08-18T12:31:48Z</time>
        <extensions>
          <gpxtpx:TrackPointExtension>
            <gpxtpx:hr>133</gpxtpx:hr>
          </gpxtpx:TrackPointExtension>
        </extensions>
      </trkpt>
      <trkpt lat="31.218689846706535" lon="121.54088978446102">
        <ele>5.0</ele>
        <time>2026-08-18T12:31:51Z</time>
        <extensions>
          <gpxtpx:TrackPointExtension>
            <gpxtpx:hr>133</gpxtpx:hr>
          </gpxtpx:TrackPointExtension>
        </extensions>
      </trkpt>
      <trkpt lat="31.218741958620658" lon="121.54095194908776">
        <ele>5.0</ele>
        <time>2026-08-18T12:31:54Z</time>
        <extensions>
          <gpxtpx:TrackPointExtension>
            <gpxtpx:hr>133</gpxtpx:hr>
          </gpxtpx:TrackPointExtension>
        </extensions>
      </trkpt>
      <trkpt lat="31.2187960716593" lon="121.54101511612357">
        <ele>5.0</ele>
        <time>2026-08-18T12:31:57Z</time>
        <extensions>
          <gpxtpx:TrackPointExtension>
            <gpxtpx:hr>133</gpxtpx:hr>
          </gpxtpx:TrackPointExtension>
        </extensions>
      </trkpt>
      <trkpt lat="31.21882914397213" lon="121.54105522220709">
        <ele>5.0</ele>
        <time>2026-08-18T12:32:00Z</time>
        <extensions>
          <gpxtpx:TrackPointExtension>
            <gpxtpx:hr>133</gpxtpx:hr>
          </gpxtpx:TrackPointExtension>
        </extensions>
      </trkpt>
      <trkpt lat="31.21888526463396" lon="121.5411223997003">
        <ele>5.0</ele>
        <time>2026-08-18T12:32:03Z</time>
        <extensions>
          <gpxtpx:TrackPointExtension>
            <gpxtpx:hr>132</gpxtpx:hr>
          </gpxtpx:TrackPointExtension>
        </extensions>
      </trkpt>
      <trkpt lat="31.21893339552483" lon="121.54119258583485">
        <ele>5.0</ele>
        <time>2026-08-18T12:32:06Z</time>
        <extensions>
          <gpxtpx:TrackPointExtension>
            <gpxtpx:hr>132</gpxtpx:hr>
          </gpxtpx:TrackPointExtension>
        </extensions>
      </trkpt>
      <trkpt lat="31.218980520152137" lon="121.54125976372922">
        <ele>5.0</ele>
        <time>2026-08-18T12:32:09Z</time>
        <extensions>
          <gpxtpx:TrackPointExtension>
            <gpxtpx:hr>133</gpxtpx:hr>
          </gpxtpx:TrackPointExtension>
        </extensions>
      </trkpt>
      <trkpt lat="31.219009591848955" lon="121.54129886706396">
        <ele>5.0</ele>
        <time>2026-08-18T12:32:12Z</time>
        <extensions>
          <gpxtpx:TrackPointExtension>
            <gpxtpx:hr>133</gpxtpx:hr>
          </gpxtpx:TrackPointExtension>
        </extensions>
      </trkpt>
      <trkpt lat="31.219063717296518" lon="121.54136804952024">
        <ele>5.0</ele>
        <time>2026-08-18T12:32:15Z</time>
        <extensions>
          <gpxtpx:TrackPointExtension>
            <gpxtpx:hr>133</gpxtpx:hr>
          </gpxtpx:TrackPointExtension>
        </extensions>
      </trkpt>
      <trkpt lat="31.219121849431943" lon="121.5414412422832">
        <ele>5.0</ele>
        <time>2026-08-18T12:32:18Z</time>
        <extensions>
          <gpxtpx:TrackPointExtension>
            <gpxtpx:hr>134</gpxtpx:hr>
          </gpxtpx:TrackPointExtension>
        </extensions>
      </trkpt>
      <trkpt lat="31.219178977498068" lon="121.54151242952034">
        <ele>5.0</ele>
        <time>2026-08-18T12:32:21Z</time>
        <extensions>
          <gpxtpx:TrackPointExtension>
            <gpxtpx:hr>134</gpxtpx:hr>
          </gpxtpx:TrackPointExtension>
        </extensions>
      </trkpt>
      <trkpt lat="31.21921204915347" lon="121.5415525348471">
        <ele>5.0</ele>
        <time>2026-08-18T12:32:24Z</time>
        <extensions>
          <gpxtpx:TrackPointExtension>
            <gpxtpx:hr>134</gpxtpx:hr>
          </gpxtpx:TrackPointExtension>
        </extensions>
      </trkpt>
      <trkpt lat="31.21926616748192" lon="121.54161870853969">
        <ele>5.0</ele>
        <time>2026-08-18T12:32:27Z</time>
        <extensions>
          <gpxtpx:TrackPointExtension>
            <gpxtpx:hr>134</gpxtpx:hr>
          </gpxtpx:TrackPointExtension>
        </extensions>
      </trkpt>
      <trkpt lat="31.219318304031642" lon="121.54169290379976">
        <ele>5.0</ele>
        <time>2026-08-18T12:32:30Z</time>
        <extensions>
          <gpxtpx:TrackPointExtension>
            <gpxtpx:hr>134</gpxtpx:hr>
          </gpxtpx:TrackPointExtension>
        </extensions>
      </trkpt>
      <trkpt lat="31.219369445221187" lon="121.54176910431876">
        <ele>5.0</ele>
        <time>2026-08-18T12:32:33Z</time>
        <extensions>
          <gpxtpx:TrackPointExtension>
            <gpxtpx:hr>134</gpxtpx:hr>
          </gpxtpx:TrackPointExtension>
        </extensions>
      </trkpt>
      <trkpt lat="31.21940251436172" lon="121.54180820656104">
        <ele>5.0</ele>
        <time>2026-08-18T12:32:36Z</time>
        <extensions>
          <gpxtpx:TrackPointExtension>
            <gpxtpx:hr>133</gpxtpx:hr>
          </gpxtpx:TrackPointExtension>
        </extensions>
      </trkpt>
      <trkpt lat="31.21947159462216" lon="121.54186034070858">
        <ele>5.0</ele>
        <time>2026-08-18T12:32:39Z</time>
        <extensions>
          <gpxtpx:TrackPointExtension>
            <gpxtpx:hr>133</gpxtpx:hr>
          </gpxtpx:TrackPointExtension>
        </extensions>
      </trkpt>
      <trkpt lat="31.219546667612256" lon="121.54191046887694">
        <ele>5.0</ele>
        <time>2026-08-18T12:32:42Z</time>
        <extensions>
          <gpxtpx:TrackPointExtension>
            <gpxtpx:hr>133</gpxtpx:hr>
          </gpxtpx:TrackPointExtension>
        </extensions>
      </trkpt>
      <trkpt lat="31.219612766465165" lon="121.54197062455287">
        <ele>5.0</ele>
        <time>2026-08-18T12:32:45Z</time>
        <extensions>
          <gpxtpx:TrackPointExtension>
            <gpxtpx:hr>133</gpxtpx:hr>
          </gpxtpx:TrackPointExtension>
        </extensions>
      </trkpt>
      <trkpt lat="31.21964483798613" lon="121.54201072926018">
        <ele>5.0</ele>
        <time>2026-08-18T12:32:48Z</time>
        <extensions>
          <gpxtpx:TrackPointExtension>
            <gpxtpx:hr>133</gpxtpx:hr>
          </gpxtpx:TrackPointExtension>
        </extensions>
      </trkpt>
      <trkpt lat="31.219698953145844" lon="121.54207589911105">
        <ele>5.0</ele>
        <time>2026-08-18T12:32:51Z</time>
        <extensions>
          <gpxtpx:TrackPointExtension>
            <gpxtpx:hr>134</gpxtpx:hr>
          </gpxtpx:TrackPointExtension>
        </extensions>
      </trkpt>
      <trkpt lat="31.21975306600198" lon="121.54214006612004">
        <ele>5.0</ele>
        <time>2026-08-18T12:32:54Z</time>
        <extensions>
          <gpxtpx:TrackPointExtension>
            <gpxtpx:hr>134</gpxtpx:hr>
          </gpxtpx:TrackPointExtension>
        </extensions>
      </trkpt>
      <trkpt lat="31.219799182509714" lon="121.54220423363749">
        <ele>5.0</ele>
        <time>2026-08-18T12:32:57Z</time>
        <extensions>
          <gpxtpx:TrackPointExtension>
            <gpxtpx:hr>133</gpxtpx:hr>
          </gpxtpx:TrackPointExtension>
        </extensions>
      </trkpt>
      <trkpt lat="31.21982323807946" lon="121.54223531457845">
        <ele>5.0</ele>
        <time>2026-08-18T12:33:00Z</time>
        <extensions>
          <gpxtpx:TrackPointExtension>
            <gpxtpx:hr>134</gpxtpx:hr>
          </gpxtpx:TrackPointExtension>
        </extensions>
      </trkpt>
      <trkpt lat="31.21987435417075" lon="121.54230048411593">
        <ele>5.0</ele>
        <time>2026-08-18T12:33:03Z</time>
        <extensions>
          <gpxtpx:TrackPointExtension>
            <gpxtpx:hr>134</gpxtpx:hr>
          </gpxtpx:TrackPointExtension>
        </extensions>
      </trkpt>
      <trkpt lat="31.219908514786933" lon="121.54238270028934">
        <ele>5.0</ele>
        <time>2026-08-18T12:33:06Z</time>
        <extensions>
          <gpxtpx:TrackPointExtension>
            <gpxtpx:hr>135</gpxtpx:hr>
          </gpxtpx:TrackPointExtension>
        </extensions>
      </trkpt>
      <trkpt lat="31.219942696680455" lon="121.54247494285991">
        <ele>5.0</ele>
        <time>2026-08-18T12:33:09Z</time>
        <extensions>
          <gpxtpx:TrackPointExtension>
            <gpxtpx:hr>136</gpxtpx:hr>
          </gpxtpx:TrackPointExtension>
        </extensions>
      </trkpt>
      <trkpt lat="31.219972796405134" lon="121.54252808158408">
        <ele>4.0</ele>
        <time>2026-08-18T12:33:12Z</time>
        <extensions>
          <gpxtpx:TrackPointExtension>
            <gpxtpx:hr>136</gpxtpx:hr>
          </gpxtpx:TrackPointExtension>
        </extensions>
      </trkpt>
      <trkpt lat="31.220014948305856" lon="121.54260829104548">
        <ele>4.0</ele>
        <time>2026-08-18T12:33:15Z</time>
        <extensions>
          <gpxtpx:TrackPointExtension>
            <gpxtpx:hr>136</gpxtpx:hr>
          </gpxtpx:TrackPointExtension>
        </extensions>
      </trkpt>
      <trkpt lat="31.220036118501955" lon="121.54269251263686">
        <ele>4.0</ele>
        <time>2026-08-18T12:33:18Z</time>
        <extensions>
          <gpxtpx:TrackPointExtension>
            <gpxtpx:hr>137</gpxtpx:hr>
          </gpxtpx:TrackPointExtension>
        </extensions>
      </trkpt>
      <trkpt lat="31.220058290122044" lon="121.54277773652312">
        <ele>4.0</ele>
        <time>2026-08-18T12:33:21Z</time>
        <extensions>
          <gpxtpx:TrackPointExtension>
            <gpxtpx:hr>137</gpxtpx:hr>
          </gpxtpx:TrackPointExtension>
        </extensions>
      </trkpt>
      <trkpt lat="31.22008037811664" lon="121.54282385672586">
        <ele>4.0</ele>
        <time>2026-08-18T12:33:24Z</time>
        <extensions>
          <gpxtpx:TrackPointExtension>
            <gpxtpx:hr>137</gpxtpx:hr>
          </gpxtpx:TrackPointExtension>
        </extensions>
      </trkpt>
      <trkpt lat="31.220130510469815" lon="121.54289704605485">
        <ele>4.0</ele>
        <time>2026-08-18T12:33:27Z</time>
        <extensions>
          <gpxtpx:TrackPointExtension>
            <gpxtpx:hr>137</gpxtpx:hr>
          </gpxtpx:TrackPointExtension>
        </extensions>
      </trkpt>
      <trkpt lat="31.220181663500835" lon="121.54298026155323">
        <ele>4.0</ele>
        <time>2026-08-18T12:33:30Z</time>
        <extensions>
          <gpxtpx:TrackPointExtension>
            <gpxtpx:hr>137</gpxtpx:hr>
          </gpxtpx:TrackPointExtension>
        </extensions>
      </trkpt>
      <trkpt lat="31.220220836885726" lon="121.54307049627943">
        <ele>5.0</ele>
        <time>2026-08-18T12:33:33Z</time>
        <extensions>
          <gpxtpx:TrackPointExtension>
            <gpxtpx:hr>138</gpxtpx:hr>
          </gpxtpx:TrackPointExtension>
        </extensions>
      </trkpt>
      <trkpt lat="31.220243926073945" lon="121.5431176185127">
        <ele>5.0</ele>
        <time>2026-08-18T12:33:36Z</time>
        <extensions>
          <gpxtpx:TrackPointExtension>
            <gpxtpx:hr>138</gpxtpx:hr>
          </gpxtpx:TrackPointExtension>
        </extensions>
      </trkpt>
      <trkpt lat="31.220289060059596" lon="121.543190807419">
        <ele>5.0</ele>
        <time>2026-08-18T12:33:39Z</time>
        <extensions>
          <gpxtpx:TrackPointExtension>
            <gpxtpx:hr>139</gpxtpx:hr>
          </gpxtpx:TrackPointExtension>
        </extensions>
      </trkpt>
      <trkpt lat="31.22033319858171" lon="121.54326600146845">
        <ele>5.0</ele>
        <time>2026-08-18T12:33:42Z</time>
        <extensions>
          <gpxtpx:TrackPointExtension>
            <gpxtpx:hr>139</gpxtpx:hr>
          </gpxtpx:TrackPointExtension>
        </extensions>
      </trkpt>
      <trkpt lat="31.220367345882448" lon="121.54334320139314">
        <ele>5.0</ele>
        <time>2026-08-18T12:33:45Z</time>
        <extensions>
          <gpxtpx:TrackPointExtension>
            <gpxtpx:hr>139</gpxtpx:hr>
          </gpxtpx:TrackPointExtension>
        </extensions>
      </trkpt>
      <trkpt lat="31.220385430637997" lon="121.54338731564987">
        <ele>5.0</ele>
        <time>2026-08-18T12:33:48Z</time>
        <extensions>
          <gpxtpx:TrackPointExtension>
            <gpxtpx:hr>139</gpxtpx:hr>
          </gpxtpx:TrackPointExtension>
        </extensions>
      </trkpt>
      <trkpt lat="31.220416572685902" lon="121.54346150757581">
        <ele>5.0</ele>
        <time>2026-08-18T12:33:51Z</time>
        <extensions>
          <gpxtpx:TrackPointExtension>
            <gpxtpx:hr>139</gpxtpx:hr>
          </gpxtpx:TrackPointExtension>
        </extensions>
      </trkpt>
      <trkpt lat="31.220449728393945" lon="121.54354271748643">
        <ele>5.0</ele>
        <time>2026-08-18T12:33:54Z</time>
        <extensions>
          <gpxtpx:TrackPointExtension>
            <gpxtpx:hr>139</gpxtpx:hr>
          </gpxtpx:TrackPointExtension>
        </extensions>
      </trkpt>
      <trkpt lat="31.220481903342815" lon="121.5436329508047">
        <ele>5.0</ele>
        <time>2026-08-18T12:33:57Z</time>
        <extensions>
          <gpxtpx:TrackPointExtension>
            <gpxtpx:hr>139</gpxtpx:hr>
          </gpxtpx:TrackPointExtension>
        </extensions>
      </trkpt>
      <trkpt lat="31.220502005689635" lon="121.54368608795677">
        <ele>5.0</ele>
        <time>2026-08-18T12:34:00Z</time>
        <extensions>
          <gpxtpx:TrackPointExtension>
            <gpxtpx:hr>139</gpxtpx:hr>
          </gpxtpx:TrackPointExtension>
        </extensions>
      </trkpt>
      <trkpt lat="31.22053816145288" lon="121.54376829951325">
        <ele>5.0</ele>
        <time>2026-08-18T12:34:03Z</time>
        <extensions>
          <gpxtpx:TrackPointExtension>
            <gpxtpx:hr>139</gpxtpx:hr>
          </gpxtpx:TrackPointExtension>
        </extensions>
      </trkpt>
      <trkpt lat="31.220573304836645" lon="121.54384449521535">
        <ele>4.0</ele>
        <time>2026-08-18T12:34:06Z</time>
        <extensions>
          <gpxtpx:TrackPointExtension>
            <gpxtpx:hr>139</gpxtpx:hr>
          </gpxtpx:TrackPointExtension>
        </extensions>
      </trkpt>
      <trkpt lat="31.220612444026788" lon="121.54391968774554">
        <ele>4.0</ele>
        <time>2026-08-18T12:34:09Z</time>
        <extensions>
          <gpxtpx:TrackPointExtension>
            <gpxtpx:hr>139</gpxtpx:hr>
          </gpxtpx:TrackPointExtension>
        </extensions>
      </trkpt>
      <trkpt lat="31.220638530414938" lon="121.54396680815368">
        <ele>4.0</ele>
        <time>2026-08-18T12:34:12Z</time>
        <extensions>
          <gpxtpx:TrackPointExtension>
            <gpxtpx:hr>139</gpxtpx:hr>
          </gpxtpx:TrackPointExtension>
        </extensions>
      </trkpt>
      <trkpt lat="31.220679685108635" lon="121.5440500209839">
        <ele>4.0</ele>
        <time>2026-08-18T12:34:15Z</time>
        <extensions>
          <gpxtpx:TrackPointExtension>
            <gpxtpx:hr>139</gpxtpx:hr>
          </gpxtpx:TrackPointExtension>
        </extensions>
      </trkpt>
      <trkpt lat="31.2207188572499" lon="121.54414125450793">
        <ele>4.0</ele>
        <time>2026-08-18T12:34:18Z</time>
        <extensions>
          <gpxtpx:TrackPointExtension>
            <gpxtpx:hr>138</gpxtpx:hr>
          </gpxtpx:TrackPointExtension>
        </extensions>
      </trkpt>
      <trkpt lat="31.22075203611648" lon="121.54423449339389">
        <ele>4.0</ele>
        <time>2026-08-18T12:34:21Z</time>
        <extensions>
          <gpxtpx:TrackPointExtension>
            <gpxtpx:hr>138</gpxtpx:hr>
          </gpxtpx:TrackPointExtension>
        </extensions>
      </trkpt>
      <trkpt lat="31.220771141998725" lon="121.54428963455071">
        <ele>4.0</ele>
        <time>2026-08-18T12:34:24Z</time>
        <extensions>
          <gpxtpx:TrackPointExtension>
            <gpxtpx:hr>138</gpxtpx:hr>
          </gpxtpx:TrackPointExtension>
        </extensions>
      </trkpt>
      <trkpt lat="31.220803322938064" lon="121.54438387555943">
        <ele>4.0</ele>
        <time>2026-08-18T12:34:27Z</time>
        <extensions>
          <gpxtpx:TrackPointExtension>
            <gpxtpx:hr>137</gpxtpx:hr>
          </gpxtpx:TrackPointExtension>
        </extensions>
      </trkpt>
      <trkpt lat="31.22083350034964" lon="121.54447611120713">
        <ele>4.0</ele>
        <time>2026-08-18T12:34:30Z</time>
        <extensions>
          <gpxtpx:TrackPointExtension>
            <gpxtpx:hr>136</gpxtpx:hr>
          </gpxtpx:TrackPointExtension>
        </extensions>
      </trkpt>
      <trkpt lat="31.220866663577755" lon="121.5445623307662">
        <ele>4.0</ele>
        <time>2026-08-18T12:34:33Z</time>
        <extensions>
          <gpxtpx:TrackPointExtension>
            <gpxtpx:hr>137</gpxtpx:hr>
          </gpxtpx:TrackPointExtension>
        </extensions>
      </trkpt>
      <trkpt lat="31.220885756369615" lon="121.54461145571439">
        <ele>4.0</ele>
        <time>2026-08-18T12:34:36Z</time>
        <extensions>
          <gpxtpx:TrackPointExtension>
            <gpxtpx:hr>137</gpxtpx:hr>
          </gpxtpx:TrackPointExtension>
        </extensions>
      </trkpt>
      <trkpt lat="31.220919908349135" lon="121.54469266183358">
        <ele>4.0</ele>
        <time>2026-08-18T12:34:39Z</time>
        <extensions>
          <gpxtpx:TrackPointExtension>
            <gpxtpx:hr>138</gpxtpx:hr>
          </gpxtpx:TrackPointExtension>
        </extensions>
      </trkpt>
      <trkpt lat="31.220952063112296" lon="121.54477487042982">
        <ele>4.0</ele>
        <time>2026-08-18T12:34:42Z</time>
        <extensions>
          <gpxtpx:TrackPointExtension>
            <gpxtpx:hr>138</gpxtpx:hr>
          </gpxtpx:TrackPointExtension>
        </extensions>
      </trkpt>
      <trkpt lat="31.22098021332525" lon="121.54485407137368">
        <ele>4.0</ele>
        <time>2026-08-18T12:34:45Z</time>
        <extensions>
          <gpxtpx:TrackPointExtension>
            <gpxtpx:hr>136</gpxtpx:hr>
          </gpxtpx:TrackPointExtension>
        </extensions>
      </trkpt>
      <trkpt lat="31.2209953075027" lon="121.5449031960803">
        <ele>4.0</ele>
        <time>2026-08-18T12:34:48Z</time>
        <extensions>
          <gpxtpx:TrackPointExtension>
            <gpxtpx:hr>134</gpxtpx:hr>
          </gpxtpx:TrackPointExtension>
        </extensions>
      </trkpt>
      <trkpt lat="31.22102046908878" lon="121.54498740969679">
        <ele>4.0</ele>
        <time>2026-08-18T12:34:51Z</time>
        <extensions>
          <gpxtpx:TrackPointExtension>
            <gpxtpx:hr>133</gpxtpx:hr>
          </gpxtpx:TrackPointExtension>
        </extensions>
      </trkpt>
      <trkpt lat="31.22104764183685" lon="121.5450776382369">
        <ele>4.0</ele>
        <time>2026-08-18T12:34:54Z</time>
        <extensions>
          <gpxtpx:TrackPointExtension>
            <gpxtpx:hr>135</gpxtpx:hr>
          </gpxtpx:TrackPointExtension>
        </extensions>
      </trkpt>
      <trkpt lat="31.221072813184996" lon="121.54516686405654">
        <ele>4.0</ele>
        <time>2026-08-18T12:34:57Z</time>
        <extensions>
          <gpxtpx:TrackPointExtension>
            <gpxtpx:hr>137</gpxtpx:hr>
          </gpxtpx:TrackPointExtension>
        </extensions>
      </trkpt>
      <trkpt lat="31.221084912344864" lon="121.54521799350772">
        <ele>4.0</ele>
        <time>2026-08-18T12:35:00Z</time>
        <extensions>
          <gpxtpx:TrackPointExtension>
            <gpxtpx:hr>138</gpxtpx:hr>
          </gpxtpx:TrackPointExtension>
        </extensions>
      </trkpt>
      <trkpt lat="31.22110907346329" lon="121.54530220613839">
        <ele>4.0</ele>
        <time>2026-08-18T12:35:03Z</time>
        <extensions>
          <gpxtpx:TrackPointExtension>
            <gpxtpx:hr>139</gpxtpx:hr>
          </gpxtpx:TrackPointExtension>
        </extensions>
      </trkpt>
      <trkpt lat="31.221146215895523" lon="121.54538040209876">
        <ele>4.0</ele>
        <time>2026-08-18T12:35:06Z</time>
        <extensions>
          <gpxtpx:TrackPointExtension>
            <gpxtpx:hr>139</gpxtpx:hr>
          </gpxtpx:TrackPointExtension>
        </extensions>
      </trkpt>
      <trkpt lat="31.221192349767037" lon="121.54545659196779">
        <ele>4.0</ele>
        <time>2026-08-18T12:35:09Z</time>
        <extensions>
          <gpxtpx:TrackPointExtension>
            <gpxtpx:hr>139</gpxtpx:hr>
          </gpxtpx:TrackPointExtension>
        </extensions>
      </trkpt>
      <trkpt lat="31.221217436126018" lon="121.54550471210143">
        <ele>4.0</ele>
        <time>2026-08-18T12:35:12Z</time>
        <extensions>
          <gpxtpx:TrackPointExtension>
            <gpxtpx:hr>139</gpxtpx:hr>
          </gpxtpx:TrackPointExtension>
        </extensions>
      </trkpt>
      <trkpt lat="31.221243593399414" lon="121.54558792104581">
        <ele>4.0</ele>
        <time>2026-08-18T12:35:15Z</time>
        <extensions>
          <gpxtpx:TrackPointExtension>
            <gpxtpx:hr>138</gpxtpx:hr>
          </gpxtpx:TrackPointExtension>
        </extensions>
      </trkpt>
      <trkpt lat="31.221264756864016" lon="121.54567313520212">
        <ele>4.0</ele>
        <time>2026-08-18T12:35:18Z</time>
        <extensions>
          <gpxtpx:TrackPointExtension>
            <gpxtpx:hr>138</gpxtpx:hr>
          </gpxtpx:TrackPointExtension>
        </extensions>
      </trkpt>
      <trkpt lat="31.2212869338422" lon="121.5457653667228">
        <ele>4.0</ele>
        <time>2026-08-18T12:35:21Z</time>
        <extensions>
          <gpxtpx:TrackPointExtension>
            <gpxtpx:hr>138</gpxtpx:hr>
          </gpxtpx:TrackPointExtension>
        </extensions>
      </trkpt>
      <trkpt lat="31.221305033143125" lon="121.54581849949805">
        <ele>4.0</ele>
        <time>2026-08-18T12:35:24Z</time>
        <extensions>
          <gpxtpx:TrackPointExtension>
            <gpxtpx:hr>137</gpxtpx:hr>
          </gpxtpx:TrackPointExtension>
        </extensions>
      </trkpt>
      <trkpt lat="31.221342184287582" lon="121.54590170646419">
        <ele>4.0</ele>
        <time>2026-08-18T12:35:27Z</time>
        <extensions>
          <gpxtpx:TrackPointExtension>
            <gpxtpx:hr>137</gpxtpx:hr>
          </gpxtpx:TrackPointExtension>
        </extensions>
      </trkpt>
      <trkpt lat="31.221372338490166" lon="121.54598491373083">
        <ele>4.0</ele>
        <time>2026-08-18T12:35:30Z</time>
        <extensions>
          <gpxtpx:TrackPointExtension>
            <gpxtpx:hr>137</gpxtpx:hr>
          </gpxtpx:TrackPointExtension>
        </extensions>
      </trkpt>
      <trkpt lat="31.221395499798085" lon="121.54607012634187">
        <ele>4.0</ele>
        <time>2026-08-18T12:35:33Z</time>
        <extensions>
          <gpxtpx:TrackPointExtension>
            <gpxtpx:hr>137</gpxtpx:hr>
          </gpxtpx:TrackPointExtension>
        </extensions>
      </trkpt>
      <trkpt lat="31.22140959231873" lon="121.54611924870926">
        <ele>4.0</ele>
        <time>2026-08-18T12:35:36Z</time>
        <extensions>
          <gpxtpx:TrackPointExtension>
            <gpxtpx:hr>137</gpxtpx:hr>
          </gpxtpx:TrackPointExtension>
        </extensions>
      </trkpt>
      <trkpt lat="31.22142675806723" lon="121.54620546386818">
        <ele>4.0</ele>
        <time>2026-08-18T12:35:39Z</time>
        <extensions>
          <gpxtpx:TrackPointExtension>
            <gpxtpx:hr>138</gpxtpx:hr>
          </gpxtpx:TrackPointExtension>
        </extensions>
      </trkpt>
      <trkpt lat="31.22144492307554" lon="121.54629167863924">
        <ele>4.0</ele>
        <time>2026-08-18T12:35:42Z</time>
        <extensions>
          <gpxtpx:TrackPointExtension>
            <gpxtpx:hr>138</gpxtpx:hr>
          </gpxtpx:TrackPointExtension>
        </extensions>
      </trkpt>
      <trkpt lat="31.221468089480314" lon="121.54637989770782">
        <ele>4.0</ele>
        <time>2026-08-18T12:35:45Z</time>
        <extensions>
          <gpxtpx:TrackPointExtension>
            <gpxtpx:hr>137</gpxtpx:hr>
          </gpxtpx:TrackPointExtension>
        </extensions>
      </trkpt>
      <trkpt lat="31.221483191034693" lon="121.54643403190424">
        <ele>4.0</ele>
        <time>2026-08-18T12:35:48Z</time>
        <extensions>
          <gpxtpx:TrackPointExtension>
            <gpxtpx:hr>137</gpxtpx:hr>
          </gpxtpx:TrackPointExtension>
        </extensions>
      </trkpt>
      <trkpt lat="31.221512356160535" lon="121.54652325246069">
        <ele>4.0</ele>
        <time>2026-08-18T12:35:51Z</time>
        <extensions>
          <gpxtpx:TrackPointExtension>
            <gpxtpx:hr>136</gpxtpx:hr>
          </gpxtpx:TrackPointExtension>
        </extensions>
      </trkpt>
      <trkpt lat="31.22154051946633" lon="121.54661147027302">
        <ele>4.0</ele>
        <time>2026-08-18T12:35:54Z</time>
        <extensions>
          <gpxtpx:TrackPointExtension>
            <gpxtpx:hr>137</gpxtpx:hr>
          </gpxtpx:TrackPointExtension>
        </extensions>
      </trkpt>
      <trkpt lat="31.221567682962473" lon="121.54669968784792">
        <ele>4.0</ele>
        <time>2026-08-18T12:35:57Z</time>
        <extensions>
          <gpxtpx:TrackPointExtension>
            <gpxtpx:hr>137</gpxtpx:hr>
          </gpxtpx:TrackPointExtension>
        </extensions>
      </trkpt>
      <trkpt lat="31.22158078483443" lon="121.54675382149793">
        <ele>4.0</ele>
        <time>2026-08-18T12:36:00Z</time>
        <extensions>
          <gpxtpx:TrackPointExtension>
            <gpxtpx:hr>137</gpxtpx:hr>
          </gpxtpx:TrackPointExtension>
        </extensions>
      </trkpt>
      <trkpt lat="31.221598966094398" lon="121.54684905673469">
        <ele>4.0</ele>
        <time>2026-08-18T12:36:03Z</time>
        <extensions>
          <gpxtpx:TrackPointExtension>
            <gpxtpx:hr>136</gpxtpx:hr>
          </gpxtpx:TrackPointExtension>
        </extensions>
      </trkpt>
      <trkpt lat="31.221620155569024" lon="121.54694930377632">
        <ele>4.0</ele>
        <time>2026-08-18T12:36:06Z</time>
        <extensions>
          <gpxtpx:TrackPointExtension>
            <gpxtpx:hr>136</gpxtpx:hr>
          </gpxtpx:TrackPointExtension>
        </extensions>
      </trkpt>
      <trkpt lat="31.221654340529852" lon="121.54705055180126">
        <ele>4.0</ele>
        <time>2026-08-18T12:36:09Z</time>
        <extensions>
          <gpxtpx:TrackPointExtension>
            <gpxtpx:hr>136</gpxtpx:hr>
          </gpxtpx:TrackPointExtension>
        </extensions>
      </trkpt>
      <trkpt lat="31.221677450894514" lon="121.54711170118748">
        <ele>4.0</ele>
        <time>2026-08-18T12:36:12Z</time>
        <extensions>
          <gpxtpx:TrackPointExtension>
            <gpxtpx:hr>136</gpxtpx:hr>
          </gpxtpx:TrackPointExtension>
        </extensions>
      </trkpt>
      <trkpt lat="31.22171063374612" lon="121.54721194613889">
        <ele>4.0</ele>
        <time>2026-08-18T12:36:15Z</time>
        <extensions>
          <gpxtpx:TrackPointExtension>
            <gpxtpx:hr>137</gpxtpx:hr>
          </gpxtpx:TrackPointExtension>
        </extensions>
      </trkpt>
      <trkpt lat="31.221737813126236" lon="121.54730918375992">
        <ele>4.0</ele>
        <time>2026-08-18T12:36:18Z</time>
        <extensions>
          <gpxtpx:TrackPointExtension>
            <gpxtpx:hr>138</gpxtpx:hr>
          </gpxtpx:TrackPointExtension>
        </extensions>
      </trkpt>
      <trkpt lat="31.22176398275566" lon="121.54740140873638">
        <ele>4.0</ele>
        <time>2026-08-18T12:36:21Z</time>
        <extensions>
          <gpxtpx:TrackPointExtension>
            <gpxtpx:hr>138</gpxtpx:hr>
          </gpxtpx:TrackPointExtension>
        </extensions>
      </trkpt>
      <trkpt lat="31.22177507826588" lon="121.54745253358308">
        <ele>4.0</ele>
        <time>2026-08-18T12:36:24Z</time>
        <extensions>
          <gpxtpx:TrackPointExtension>
            <gpxtpx:hr>138</gpxtpx:hr>
          </gpxtpx:TrackPointExtension>
        </extensions>
      </trkpt>
      <trkpt lat="31.22179423889248" lon="121.54753874382453">
        <ele>4.0</ele>
        <time>2026-08-18T12:36:27Z</time>
        <extensions>
          <gpxtpx:TrackPointExtension>
            <gpxtpx:hr>137</gpxtpx:hr>
          </gpxtpx:TrackPointExtension>
        </extensions>
      </trkpt>
      <trkpt lat="31.22181840868979" lon="121.54763096808477">
        <ele>4.0</ele>
        <time>2026-08-18T12:36:30Z</time>
        <extensions>
          <gpxtpx:TrackPointExtension>
            <gpxtpx:hr>137</gpxtpx:hr>
          </gpxtpx:TrackPointExtension>
        </extensions>
      </trkpt>
      <trkpt lat="31.221838580062133" lon="121.54772319232255">
        <ele>4.0</ele>
        <time>2026-08-18T12:36:33Z</time>
        <extensions>
          <gpxtpx:TrackPointExtension>
            <gpxtpx:hr>138</gpxtpx:hr>
          </gpxtpx:TrackPointExtension>
        </extensions>
      </trkpt>
      <trkpt lat="31.22184867740183" lon="121.54777531901684">
        <ele>4.0</ele>
        <time>2026-08-18T12:36:36Z</time>
        <extensions>
          <gpxtpx:TrackPointExtension>
            <gpxtpx:hr>138</gpxtpx:hr>
          </gpxtpx:TrackPointExtension>
        </extensions>
      </trkpt>
      <trkpt lat="31.22186282957184" lon="121.54785651627216">
        <ele>4.0</ele>
        <time>2026-08-18T12:36:39Z</time>
        <extensions>
          <gpxtpx:TrackPointExtension>
            <gpxtpx:hr>138</gpxtpx:hr>
          </gpxtpx:TrackPointExtension>
        </extensions>
      </trkpt>
      <trkpt lat="31.22187996834856" lon="121.54793169833361">
        <ele>4.0</ele>
        <time>2026-08-18T12:36:42Z</time>
        <extensions>
          <gpxtpx:TrackPointExtension>
            <gpxtpx:hr>138</gpxtpx:hr>
          </gpxtpx:TrackPointExtension>
        </extensions>
      </trkpt>
      <trkpt lat="31.221900107454534" lon="121.54800788234984">
        <ele>4.0</ele>
        <time>2026-08-18T12:36:45Z</time>
        <extensions>
          <gpxtpx:TrackPointExtension>
            <gpxtpx:hr>138</gpxtpx:hr>
          </gpxtpx:TrackPointExtension>
        </extensions>
      </trkpt>
      <trkpt lat="31.221914196506283" lon="121.54805700077068">
        <ele>4.0</ele>
        <time>2026-08-18T12:36:48Z</time>
        <extensions>
          <gpxtpx:TrackPointExtension>
            <gpxtpx:hr>137</gpxtpx:hr>
          </gpxtpx:TrackPointExtension>
        </extensions>
      </trkpt>
      <trkpt lat="31.221934356690518" lon="121.54814421118252">
        <ele>4.0</ele>
        <time>2026-08-18T12:36:51Z</time>
        <extensions>
          <gpxtpx:TrackPointExtension>
            <gpxtpx:hr>136</gpxtpx:hr>
          </gpxtpx:TrackPointExtension>
        </extensions>
      </trkpt>
      <trkpt lat="31.22195651953951" lon="121.54823342597213">
        <ele>4.0</ele>
        <time>2026-08-18T12:36:54Z</time>
        <extensions>
          <gpxtpx:TrackPointExtension>
            <gpxtpx:hr>136</gpxtpx:hr>
          </gpxtpx:TrackPointExtension>
        </extensions>
      </trkpt>
      <trkpt lat="31.22198268214837" lon="121.54832364252192">
        <ele>4.0</ele>
        <time>2026-08-18T12:36:57Z</time>
        <extensions>
          <gpxtpx:TrackPointExtension>
            <gpxtpx:hr>136</gpxtpx:hr>
          </gpxtpx:TrackPointExtension>
        </extensions>
      </trkpt>
      <trkpt lat="31.221997781791362" lon="121.54837877476297">
        <ele>4.0</ele>
        <time>2026-08-18T12:37:00Z</time>
        <extensions>
          <gpxtpx:TrackPointExtension>
            <gpxtpx:hr>136</gpxtpx:hr>
          </gpxtpx:TrackPointExtension>
        </extensions>
      </trkpt>
      <trkpt lat="31.222026946371127" lon="121.54847099535414">
        <ele>4.0</ele>
        <time>2026-08-18T12:37:03Z</time>
        <extensions>
          <gpxtpx:TrackPointExtension>
            <gpxtpx:hr>136</gpxtpx:hr>
          </gpxtpx:TrackPointExtension>
        </extensions>
      </trkpt>
      <trkpt lat="31.222065116052253" lon="121.54856822692707">
        <ele>4.0</ele>
        <time>2026-08-18T12:37:06Z</time>
        <extensions>
          <gpxtpx:TrackPointExtension>
            <gpxtpx:hr>136</gpxtpx:hr>
          </gpxtpx:TrackPointExtension>
        </extensions>
      </trkpt>
      <trkpt lat="31.222098283883483" lon="121.54866345368862">
        <ele>4.0</ele>
        <time>2026-08-18T12:37:09Z</time>
        <extensions>
          <gpxtpx:TrackPointExtension>
            <gpxtpx:hr>137</gpxtpx:hr>
          </gpxtpx:TrackPointExtension>
        </extensions>
      </trkpt>
      <trkpt lat="31.222113378977642" lon="121.54871658031463">
        <ele>4.0</ele>
        <time>2026-08-18T12:37:12Z</time>
        <extensions>
          <gpxtpx:TrackPointExtension>
            <gpxtpx:hr>137</gpxtpx:hr>
          </gpxtpx:TrackPointExtension>
        </extensions>
      </trkpt>
      <trkpt lat="31.222134534632712" lon="121.54880278580659">
        <ele>4.0</ele>
        <time>2026-08-18T12:37:15Z</time>
        <extensions>
          <gpxtpx:TrackPointExtension>
            <gpxtpx:hr>138</gpxtpx:hr>
          </gpxtpx:TrackPointExtension>
        </extensions>
      </trkpt>
      <trkpt lat="31.222161685261018" lon="121.54888798807974">
        <ele>4.0</ele>
        <time>2026-08-18T12:37:18Z</time>
        <extensions>
          <gpxtpx:TrackPointExtension>
            <gpxtpx:hr>138</gpxtpx:hr>
          </gpxtpx:TrackPointExtension>
        </extensions>
      </trkpt>
      <trkpt lat="31.222195826566384" lon="121.54897018225998">
        <ele>4.0</ele>
        <time>2026-08-18T12:37:21Z</time>
        <extensions>
          <gpxtpx:TrackPointExtension>
            <gpxtpx:hr>138</gpxtpx:hr>
          </gpxtpx:TrackPointExtension>
        </extensions>
      </trkpt>
      <trkpt lat="31.222213910061967" lon="121.54901829595151">
        <ele>4.0</ele>
        <time>2026-08-18T12:37:24Z</time>
        <extensions>
          <gpxtpx:TrackPointExtension>
            <gpxtpx:hr>138</gpxtpx:hr>
          </gpxtpx:TrackPointExtension>
        </extensions>
      </trkpt>
      <trkpt lat="31.222240050915282" lon="121.54909848555131">
        <ele>4.0</ele>
        <time>2026-08-18T12:37:27Z</time>
        <extensions>
          <gpxtpx:TrackPointExtension>
            <gpxtpx:hr>138</gpxtpx:hr>
          </gpxtpx:TrackPointExtension>
        </extensions>
      </trkpt>
      <trkpt lat="31.222267200603234" lon="121.54918368675308">
        <ele>4.0</ele>
        <time>2026-08-18T12:37:30Z</time>
        <extensions>
          <gpxtpx:TrackPointExtension>
            <gpxtpx:hr>139</gpxtpx:hr>
          </gpxtpx:TrackPointExtension>
        </extensions>
      </trkpt>
      <trkpt lat="31.222292350962423" lon="121.5492688878118">
        <ele>4.0</ele>
        <time>2026-08-18T12:37:33Z</time>
        <extensions>
          <gpxtpx:TrackPointExtension>
            <gpxtpx:hr>139</gpxtpx:hr>
          </gpxtpx:TrackPointExtension>
        </extensions>
      </trkpt>
      <trkpt lat="31.22230744104738" lon="121.54932000829835">
        <ele>4.0</ele>
        <time>2026-08-18T12:37:36Z</time>
        <extensions>
          <gpxtpx:TrackPointExtension>
            <gpxtpx:hr>139</gpxtpx:hr>
          </gpxtpx:TrackPointExtension>
        </extensions>
      </trkpt>
      <trkpt lat="31.222331591442607" lon="121.54940520894445">
        <ele>4.0</ele>
        <time>2026-08-18T12:37:39Z</time>
        <extensions>
          <gpxtpx:TrackPointExtension>
            <gpxtpx:hr>139</gpxtpx:hr>
          </gpxtpx:TrackPointExtension>
        </extensions>
      </trkpt>
      <trkpt lat="31.222356739196247" lon="121.54948940681847">
        <ele>4.0</ele>
        <time>2026-08-18T12:37:42Z</time>
        <extensions>
          <gpxtpx:TrackPointExtension>
            <gpxtpx:hr>139</gpxtpx:hr>
          </gpxtpx:TrackPointExtension>
        </extensions>
      </trkpt>
      <trkpt lat="31.222381892366865" lon="121.5495766115139">
        <ele>4.0</ele>
        <time>2026-08-18T12:37:45Z</time>
        <extensions>
          <gpxtpx:TrackPointExtension>
            <gpxtpx:hr>140</gpxtpx:hr>
          </gpxtpx:TrackPointExtension>
        </extensions>
      </trkpt>
      <trkpt lat="31.222395988009584" lon="121.54963073852859">
        <ele>4.0</ele>
        <time>2026-08-18T12:37:48Z</time>
        <extensions>
          <gpxtpx:TrackPointExtension>
            <gpxtpx:hr>140</gpxtpx:hr>
          </gpxtpx:TrackPointExtension>
        </extensions>
      </trkpt>
      <trkpt lat="31.22242314921848" lon="121.54972295437284">
        <ele>4.0</ele>
        <time>2026-08-18T12:37:51Z</time>
        <extensions>
          <gpxtpx:TrackPointExtension>
            <gpxtpx:hr>140</gpxtpx:hr>
          </gpxtpx:TrackPointExtension>
        </extensions>
      </trkpt>
      <trkpt lat="31.222452309164314" lon="121.5498151696858">
        <ele>4.0</ele>
        <time>2026-08-18T12:37:54Z</time>
        <extensions>
          <gpxtpx:TrackPointExtension>
            <gpxtpx:hr>140</gpxtpx:hr>
          </gpxtpx:TrackPointExtension>
        </extensions>
      </trkpt>
      <trkpt lat="31.22248247584536" lon="121.54991139399235">
        <ele>4.0</ele>
        <time>2026-08-18T12:37:57Z</time>
        <extensions>
          <gpxtpx:TrackPointExtension>
            <gpxtpx:hr>140</gpxtpx:hr>
          </gpxtpx:TrackPointExtension>
        </extensions>
      </trkpt>
      <trkpt lat="31.222500582076385" lon="121.54997253640195">
        <ele>4.0</ele>
        <time>2026-08-18T12:38:00Z</time>
        <extensions>
          <gpxtpx:TrackPointExtension>
            <gpxtpx:hr>141</gpxtpx:hr>
          </gpxtpx:TrackPointExtension>
        </extensions>
      </trkpt>
      <trkpt lat="31.22252875850622" lon="121.55007377199104">
        <ele>4.0</ele>
        <time>2026-08-18T12:38:03Z</time>
        <extensions>
          <gpxtpx:TrackPointExtension>
            <gpxtpx:hr>142</gpxtpx:hr>
          </gpxtpx:TrackPointExtension>
        </extensions>
      </trkpt>
      <trkpt lat="31.222555920044552" lon="121.55016698842768">
        <ele>4.0</ele>
        <time>2026-08-18T12:38:06Z</time>
        <extensions>
          <gpxtpx:TrackPointExtension>
            <gpxtpx:hr>142</gpxtpx:hr>
          </gpxtpx:TrackPointExtension>
        </extensions>
      </trkpt>
      <trkpt lat="31.222582072382146" lon="121.55025519284519">
        <ele>4.0</ele>
        <time>2026-08-18T12:38:09Z</time>
        <extensions>
          <gpxtpx:TrackPointExtension>
            <gpxtpx:hr>142</gpxtpx:hr>
          </gpxtpx:TrackPointExtension>
        </extensions>
      </trkpt>
      <trkpt lat="31.222598161961322" lon="121.55030731342647">
        <ele>4.0</ele>
        <time>2026-08-18T12:38:12Z</time>
        <extensions>
          <gpxtpx:TrackPointExtension>
            <gpxtpx:hr>142</gpxtpx:hr>
          </gpxtpx:TrackPointExtension>
        </extensions>
      </trkpt>
      <trkpt lat="31.22262530776822" lon="121.5503925102073">
        <ele>4.0</ele>
        <time>2026-08-18T12:38:15Z</time>
        <extensions>
          <gpxtpx:TrackPointExtension>
            <gpxtpx:hr>142</gpxtpx:hr>
          </gpxtpx:TrackPointExtension>
        </extensions>
      </trkpt>
      <trkpt lat="31.222653449107984" lon="121.55047570191896">
        <ele>4.0</ele>
        <time>2026-08-18T12:38:18Z</time>
        <extensions>
          <gpxtpx:TrackPointExtension>
            <gpxtpx:hr>142</gpxtpx:hr>
          </gpxtpx:TrackPointExtension>
        </extensions>
      </trkpt>
      <trkpt lat="31.22268558644328" lon="121.55055789066577">
        <ele>4.0</ele>
        <time>2026-08-18T12:38:21Z</time>
        <extensions>
          <gpxtpx:TrackPointExtension>
            <gpxtpx:hr>142</gpxtpx:hr>
          </gpxtpx:TrackPointExtension>
        </extensions>
      </trkpt>
      <trkpt lat="31.22270367077075" lon="121.55060800573739">
        <ele>4.0</ele>
        <time>2026-08-18T12:38:24Z</time>
        <extensions>
          <gpxtpx:TrackPointExtension>
            <gpxtpx:hr>143</gpxtpx:hr>
          </gpxtpx:TrackPointExtension>
        </extensions>
      </trkpt>
      <trkpt lat="31.22273481927536" lon="121.55069620805537">
        <ele>4.0</ele>
        <time>2026-08-18T12:38:27Z</time>
        <extensions>
          <gpxtpx:TrackPointExtension>
            <gpxtpx:hr>143</gpxtpx:hr>
          </gpxtpx:TrackPointExtension>
        </extensions>
      </trkpt>
      <trkpt lat="31.222759972158375" lon="121.55078541285714">
        <ele>4.0</ele>
        <time>2026-08-18T12:38:30Z</time>
        <extensions>
          <gpxtpx:TrackPointExtension>
            <gpxtpx:hr>143</gpxtpx:hr>
          </gpxtpx:TrackPointExtension>
        </extensions>
      </trkpt>
      <trkpt lat="31.2227851265827" lon="121.55087561963165">
        <ele>4.0</ele>
        <time>2026-08-18T12:38:33Z</time>
        <extensions>
          <gpxtpx:TrackPointExtension>
            <gpxtpx:hr>142</gpxtpx:hr>
          </gpxtpx:TrackPointExtension>
        </extensions>
      </trkpt>
      <trkpt lat="31.222803219517928" lon="121.5509307455932">
        <ele>4.0</ele>
        <time>2026-08-18T12:38:36Z</time>
        <extensions>
          <gpxtpx:TrackPointExtension>
            <gpxtpx:hr>142</gpxtpx:hr>
          </gpxtpx:TrackPointExtension>
        </extensions>
      </trkpt>
      <trkpt lat="31.22283836505276" lon="121.55101894634088">
        <ele>4.0</ele>
        <time>2026-08-18T12:38:39Z</time>
        <extensions>
          <gpxtpx:TrackPointExtension>
            <gpxtpx:hr>142</gpxtpx:hr>
          </gpxtpx:TrackPointExtension>
        </extensions>
      </trkpt>
      <trkpt lat="31.222873508454413" lon="121.551106144441">
        <ele>4.0</ele>
        <time>2026-08-18T12:38:42Z</time>
        <extensions>
          <gpxtpx:TrackPointExtension>
            <gpxtpx:hr>141</gpxtpx:hr>
          </gpxtpx:TrackPointExtension>
        </extensions>
      </trkpt>
      <trkpt lat="31.222909654759878" lon="121.55119534673562">
        <ele>4.0</ele>
        <time>2026-08-18T12:38:45Z</time>
        <extensions>
          <gpxtpx:TrackPointExtension>
            <gpxtpx:hr>141</gpxtpx:hr>
          </gpxtpx:TrackPointExtension>
        </extensions>
      </trkpt>
      <trkpt lat="31.22293174147643" lon="121.55124846699147">
        <ele>4.0</ele>
        <time>2026-08-18T12:38:48Z</time>
        <extensions>
          <gpxtpx:TrackPointExtension>
            <gpxtpx:hr>140</gpxtpx:hr>
          </gpxtpx:TrackPointExtension>
        </extensions>
      </trkpt>
      <trkpt lat="31.222966880457857" lon="121.55133365962064">
        <ele>4.0</ele>
        <time>2026-08-18T12:38:51Z</time>
        <extensions>
          <gpxtpx:TrackPointExtension>
            <gpxtpx:hr>139</gpxtpx:hr>
          </gpxtpx:TrackPointExtension>
        </extensions>
      </trkpt>
      <trkpt lat="31.222995016984733" lon="121.55141584562965">
        <ele>4.0</ele>
        <time>2026-08-18T12:38:54Z</time>
        <extensions>
          <gpxtpx:TrackPointExtension>
            <gpxtpx:hr>139</gpxtpx:hr>
          </gpxtpx:TrackPointExtension>
        </extensions>
      </trkpt>
      <trkpt lat="31.22302315325223" lon="121.5514980313429">
        <ele>4.0</ele>
        <time>2026-08-18T12:38:57Z</time>
        <extensions>
          <gpxtpx:TrackPointExtension>
            <gpxtpx:hr>139</gpxtpx:hr>
          </gpxtpx:TrackPointExtension>
        </extensions>
      </trkpt>
      <trkpt lat="31.22304423800405" lon="121.5515501486892">
        <ele>4.0</ele>
        <time>2026-08-18T12:39:00Z</time>
        <extensions>
          <gpxtpx:TrackPointExtension>
            <gpxtpx:hr>139</gpxtpx:hr>
          </gpxtpx:TrackPointExtension>
        </extensions>
      </trkpt>
      <trkpt lat="31.223081382319958" lon="121.55163934916759">
        <ele>4.0</ele>
        <time>2026-08-18T12:39:03Z</time>
        <extensions>
          <gpxtpx:TrackPointExtension>
            <gpxtpx:hr>139</gpxtpx:hr>
          </gpxtpx:TrackPointExtension>
        </extensions>
      </trkpt>
      <trkpt lat="31.223114526400792" lon="121.55172754734804">
        <ele>4.0</ele>
        <time>2026-08-18T12:39:06Z</time>
        <extensions>
          <gpxtpx:TrackPointExtension>
            <gpxtpx:hr>139</gpxtpx:hr>
          </gpxtpx:TrackPointExtension>
        </extensions>
      </trkpt>
      <trkpt lat="31.22314566388839" lon="121.55181173624301">
        <ele>4.0</ele>
        <time>2026-08-18T12:39:09Z</time>
        <extensions>
          <gpxtpx:TrackPointExtension>
            <gpxtpx:hr>139</gpxtpx:hr>
          </gpxtpx:TrackPointExtension>
        </extensions>
      </trkpt>
      <trkpt lat="31.223164745338767" lon="121.551861848487">
        <ele>4.0</ele>
        <time>2026-08-18T12:39:12Z</time>
        <extensions>
          <gpxtpx:TrackPointExtension>
            <gpxtpx:hr>139</gpxtpx:hr>
          </gpxtpx:TrackPointExtension>
        </extensions>
      </trkpt>
      <trkpt lat="31.223196878312358" lon="121.55194403225805">
        <ele>4.0</ele>
        <time>2026-08-18T12:39:15Z</time>
        <extensions>
          <gpxtpx:TrackPointExtension>
            <gpxtpx:hr>139</gpxtpx:hr>
          </gpxtpx:TrackPointExtension>
        </extensions>
      </trkpt>
      <trkpt lat="31.223237009060746" lon="121.55202721733464">
        <ele>4.0</ele>
        <time>2026-08-18T12:39:18Z</time>
        <extensions>
          <gpxtpx:TrackPointExtension>
            <gpxtpx:hr>138</gpxtpx:hr>
          </gpxtpx:TrackPointExtension>
        </extensions>
      </trkpt>
      <trkpt lat="31.223286138901464" lon="121.55211240588667">
        <ele>4.0</ele>
        <time>2026-08-18T12:39:21Z</time>
        <extensions>
          <gpxtpx:TrackPointExtension>
            <gpxtpx:hr>138</gpxtpx:hr>
          </gpxtpx:TrackPointExtension>
        </extensions>
      </trkpt>
      <trkpt lat="31.22331522045028" lon="121.55216552342146">
        <ele>4.0</ele>
        <time>2026-08-18T12:39:24Z</time>
        <extensions>
          <gpxtpx:TrackPointExtension>
            <gpxtpx:hr>138</gpxtpx:hr>
          </gpxtpx:TrackPointExtension>
        </extensions>
      </trkpt>
      <trkpt lat="31.223355361238593" lon="121.55225472123405">
        <ele>4.0</ele>
        <time>2026-08-18T12:39:27Z</time>
        <extensions>
          <gpxtpx:TrackPointExtension>
            <gpxtpx:hr>138</gpxtpx:hr>
          </gpxtpx:TrackPointExtension>
        </extensions>
      </trkpt>
      <trkpt lat="31.223387500118413" lon="121.55234091259771">
        <ele>4.0</ele>
        <time>2026-08-18T12:39:30Z</time>
        <extensions>
          <gpxtpx:TrackPointExtension>
            <gpxtpx:hr>137</gpxtpx:hr>
          </gpxtpx:TrackPointExtension>
        </extensions>
      </trkpt>
      <trkpt lat="31.22341363260794" lon="121.55242209287914">
        <ele>4.0</ele>
        <time>2026-08-18T12:39:33Z</time>
        <extensions>
          <gpxtpx:TrackPointExtension>
            <gpxtpx:hr>137</gpxtpx:hr>
          </gpxtpx:TrackPointExtension>
        </extensions>
      </trkpt>
      <trkpt lat="31.223430706683704" lon="121.55246819494552">
        <ele>4.0</ele>
        <time>2026-08-18T12:39:36Z</time>
        <extensions>
          <gpxtpx:TrackPointExtension>
            <gpxtpx:hr>137</gpxtpx:hr>
          </gpxtpx:TrackPointExtension>
        </extensions>
      </trkpt>
      <trkpt lat="31.22346083154957" lon="121.55254636770182">
        <ele>4.0</ele>
        <time>2026-08-18T12:39:39Z</time>
        <extensions>
          <gpxtpx:TrackPointExtension>
            <gpxtpx:hr>136</gpxtpx:hr>
          </gpxtpx:TrackPointExtension>
        </extensions>
      </trkpt>
      <trkpt lat="31.223493958321146" lon="121.55262654442089">
        <ele>4.0</ele>
        <time>2026-08-18T12:39:42Z</time>
        <extensions>
          <gpxtpx:TrackPointExtension>
            <gpxtpx:hr>135</gpxtpx:hr>
          </gpxtpx:TrackPointExtension>
        </extensions>
      </trkpt>
      <trkpt lat="31.22352808792042" lon="121.55270872524733">
        <ele>4.0</ele>
        <time>2026-08-18T12:39:45Z</time>
        <extensions>
          <gpxtpx:TrackPointExtension>
            <gpxtpx:hr>135</gpxtpx:hr>
          </gpxtpx:TrackPointExtension>
        </extensions>
      </trkpt>
      <trkpt lat="31.22354516857068" lon="121.55275883567033">
        <ele>4.0</ele>
        <time>2026-08-18T12:39:48Z</time>
        <extensions>
          <gpxtpx:TrackPointExtension>
            <gpxtpx:hr>135</gpxtpx:hr>
          </gpxtpx:TrackPointExtension>
        </extensions>
      </trkpt>
      <trkpt lat="31.22357730222489" lon="121.55284302064378">
        <ele>4.0</ele>
        <time>2026-08-18T12:39:51Z</time>
        <extensions>
          <gpxtpx:TrackPointExtension>
            <gpxtpx:hr>135</gpxtpx:hr>
          </gpxtpx:TrackPointExtension>
        </extensions>
      </trkpt>
      <trkpt lat="31.223613433721695" lon="121.55292720496952">
        <ele>4.0</ele>
        <time>2026-08-18T12:39:54Z</time>
        <extensions>
          <gpxtpx:TrackPointExtension>
            <gpxtpx:hr>135</gpxtpx:hr>
          </gpxtpx:TrackPointExtension>
        </extensions>
      </trkpt>
      <trkpt lat="31.22364456200729" lon="121.55300838272211">
        <ele>4.0</ele>
        <time>2026-08-18T12:39:57Z</time>
        <extensions>
          <gpxtpx:TrackPointExtension>
            <gpxtpx:hr>136</gpxtpx:hr>
          </gpxtpx:TrackPointExtension>
        </extensions>
      </trkpt>
      <trkpt lat="31.22365863644154" lon="121.55305448383692">
        <ele>4.0</ele>
        <time>2026-08-18T12:40:00Z</time>
        <extensions>
          <gpxtpx:TrackPointExtension>
            <gpxtpx:hr>137</gpxtpx:hr>
          </gpxtpx:TrackPointExtension>
        </extensions>
      </trkpt>
      <trkpt lat="31.22367977078302" lon="121.55313666417885">
        <ele>4.0</ele>
        <time>2026-08-18T12:40:03Z</time>
        <extensions>
          <gpxtpx:TrackPointExtension>
            <gpxtpx:hr>138</gpxtpx:hr>
          </gpxtpx:TrackPointExtension>
        </extensions>
      </trkpt>
      <trkpt lat="31.223691928382422" lon="121.55322986933034">
        <ele>4.0</ele>
        <time>2026-08-18T12:40:06Z</time>
        <extensions>
          <gpxtpx:TrackPointExtension>
            <gpxtpx:hr>138</gpxtpx:hr>
          </gpxtpx:TrackPointExtension>
        </extensions>
      </trkpt>
      <trkpt lat="31.223701099299124" lon="121.55333008981471">
        <ele>4.0</ele>
        <time>2026-08-18T12:40:09Z</time>
        <extensions>
          <gpxtpx:TrackPointExtension>
            <gpxtpx:hr>138</gpxtpx:hr>
          </gpxtpx:TrackPointExtension>
        </extensions>
      </trkpt>
      <trkpt lat="31.223711192507874" lon="121.55338621267757">
        <ele>4.0</ele>
        <time>2026-08-18T12:40:12Z</time>
        <extensions>
          <gpxtpx:TrackPointExtension>
            <gpxtpx:hr>138</gpxtpx:hr>
          </gpxtpx:TrackPointExtension>
        </extensions>
      </trkpt>
      <trkpt lat="31.22373933818336" lon="121.5534774110526">
        <ele>4.0</ele>
        <time>2026-08-18T12:40:15Z</time>
        <extensions>
          <gpxtpx:TrackPointExtension>
            <gpxtpx:hr>137</gpxtpx:hr>
          </gpxtpx:TrackPointExtension>
        </extensions>
      </trkpt>
      <trkpt lat="31.22377547106989" lon="121.5535635973929">
        <ele>4.0</ele>
        <time>2026-08-18T12:40:18Z</time>
        <extensions>
          <gpxtpx:TrackPointExtension>
            <gpxtpx:hr>137</gpxtpx:hr>
          </gpxtpx:TrackPointExtension>
        </extensions>
      </trkpt>
      <trkpt lat="31.223815600047544" lon="121.5536487808721">
        <ele>4.0</ele>
        <time>2026-08-18T12:40:21Z</time>
        <extensions>
          <gpxtpx:TrackPointExtension>
            <gpxtpx:hr>137</gpxtpx:hr>
          </gpxtpx:TrackPointExtension>
        </extensions>
      </trkpt>
      <trkpt lat="31.223840683766763" lon="121.55370389949383">
        <ele>4.0</ele>
        <time>2026-08-18T12:40:24Z</time>
        <extensions>
          <gpxtpx:TrackPointExtension>
            <gpxtpx:hr>137</gpxtpx:hr>
          </gpxtpx:TrackPointExtension>
        </extensions>
      </trkpt>
      <trkpt lat="31.223878823603105" lon="121.55379509573888">
        <ele>5.0</ele>
        <time>2026-08-18T12:40:27Z</time>
        <extensions>
          <gpxtpx:TrackPointExtension>
            <gpxtpx:hr>137</gpxtpx:hr>
          </gpxtpx:TrackPointExtension>
        </extensions>
      </trkpt>
      <trkpt lat="31.2239139576119" lon="121.55388228311887">
        <ele>5.0</ele>
        <time>2026-08-18T12:40:30Z</time>
        <extensions>
          <gpxtpx:TrackPointExtension>
            <gpxtpx:hr>138</gpxtpx:hr>
          </gpxtpx:TrackPointExtension>
        </extensions>
      </trkpt>
      <trkpt lat="31.223949080975135" lon="121.55396345706824">
        <ele>5.0</ele>
        <time>2026-08-18T12:40:33Z</time>
        <extensions>
          <gpxtpx:TrackPointExtension>
            <gpxtpx:hr>139</gpxtpx:hr>
          </gpxtpx:TrackPointExtension>
        </extensions>
      </trkpt>
      <trkpt lat="31.223970153834962" lon="121.55401155998788">
        <ele>5.0</ele>
        <time>2026-08-18T12:40:36Z</time>
        <extensions>
          <gpxtpx:TrackPointExtension>
            <gpxtpx:hr>139</gpxtpx:hr>
          </gpxtpx:TrackPointExtension>
        </extensions>
      </trkpt>
      <trkpt lat="31.22400327428585" lon="121.5540907292794">
        <ele>5.0</ele>
        <time>2026-08-18T12:40:39Z</time>
        <extensions>
          <gpxtpx:TrackPointExtension>
            <gpxtpx:hr>139</gpxtpx:hr>
          </gpxtpx:TrackPointExtension>
        </extensions>
      </trkpt>
      <trkpt lat="31.224037397452047" lon="121.55417190254981">
        <ele>5.0</ele>
        <time>2026-08-18T12:40:42Z</time>
        <extensions>
          <gpxtpx:TrackPointExtension>
            <gpxtpx:hr>139</gpxtpx:hr>
          </gpxtpx:TrackPointExtension>
        </extensions>
      </trkpt>
      <trkpt lat="31.224072523314103" lon="121.5542550797769">
        <ele>5.0</ele>
        <time>2026-08-18T12:40:45Z</time>
        <extensions>
          <gpxtpx:TrackPointExtension>
            <gpxtpx:hr>139</gpxtpx:hr>
          </gpxtpx:TrackPointExtension>
        </extensions>
      </trkpt>
      <trkpt lat="31.224091598271126" lon="121.55430418439647">
        <ele>5.0</ele>
        <time>2026-08-18T12:40:48Z</time>
        <extensions>
          <gpxtpx:TrackPointExtension>
            <gpxtpx:hr>140</gpxtpx:hr>
          </gpxtpx:TrackPointExtension>
        </extensions>
      </trkpt>
      <trkpt lat="31.22412572416811" lon="121.55438736120982">
        <ele>5.0</ele>
        <time>2026-08-18T12:40:51Z</time>
        <extensions>
          <gpxtpx:TrackPointExtension>
            <gpxtpx:hr>140</gpxtpx:hr>
          </gpxtpx:TrackPointExtension>
        </extensions>
      </trkpt>
      <trkpt lat="31.224160852730094" lon="121.55447254194459">
        <ele>4.0</ele>
        <time>2026-08-18T12:40:54Z</time>
        <extensions>
          <gpxtpx:TrackPointExtension>
            <gpxtpx:hr>139</gpxtpx:hr>
          </gpxtpx:TrackPointExtension>
        </extensions>
      </trkpt>
      <trkpt lat="31.22418998212253" lon="121.55455672069486">
        <ele>4.0</ele>
        <time>2026-08-18T12:40:57Z</time>
        <extensions>
          <gpxtpx:TrackPointExtension>
            <gpxtpx:hr>139</gpxtpx:hr>
          </gpxtpx:TrackPointExtension>
        </extensions>
      </trkpt>
      <trkpt lat="31.224207057432466" lon="121.55460582481078">
        <ele>4.0</ele>
        <time>2026-08-18T12:41:00Z</time>
        <extensions>
          <gpxtpx:TrackPointExtension>
            <gpxtpx:hr>139</gpxtpx:hr>
          </gpxtpx:TrackPointExtension>
        </extensions>
      </trkpt>
      <trkpt lat="31.224236182988335" lon="121.5546879987554">
        <ele>4.0</ele>
        <time>2026-08-18T12:41:03Z</time>
        <extensions>
          <gpxtpx:TrackPointExtension>
            <gpxtpx:hr>138</gpxtpx:hr>
          </gpxtpx:TrackPointExtension>
        </extensions>
      </trkpt>
      <trkpt lat="31.22426930808943" lon="121.55477117420656">
        <ele>4.0</ele>
        <time>2026-08-18T12:41:06Z</time>
        <extensions>
          <gpxtpx:TrackPointExtension>
            <gpxtpx:hr>138</gpxtpx:hr>
          </gpxtpx:TrackPointExtension>
        </extensions>
      </trkpt>
      <trkpt lat="31.224299432635686" lon="121.5548533474518">
        <ele>4.0</ele>
        <time>2026-08-18T12:41:09Z</time>
        <extensions>
          <gpxtpx:TrackPointExtension>
            <gpxtpx:hr>139</gpxtpx:hr>
          </gpxtpx:TrackPointExtension>
        </extensions>
      </trkpt>
      <trkpt lat="31.224311511402227" lon="121.5549034534614">
        <ele>4.0</ele>
        <time>2026-08-18T12:41:12Z</time>
        <extensions>
          <gpxtpx:TrackPointExtension>
            <gpxtpx:hr>139</gpxtpx:hr>
          </gpxtpx:TrackPointExtension>
        </extensions>
      </trkpt>
      <trkpt lat="31.224315664562706" lon="121.55499564972291">
        <ele>4.0</ele>
        <time>2026-08-18T12:41:15Z</time>
        <extensions>
          <gpxtpx:TrackPointExtension>
            <gpxtpx:hr>138</gpxtpx:hr>
          </gpxtpx:TrackPointExtension>
        </extensions>
      </trkpt>
      <trkpt lat="31.22430183591515" lon="121.55509385987573">
        <ele>4.0</ele>
        <time>2026-08-18T12:41:18Z</time>
        <extensions>
          <gpxtpx:TrackPointExtension>
            <gpxtpx:hr>138</gpxtpx:hr>
          </gpxtpx:TrackPointExtension>
        </extensions>
      </trkpt>
      <trkpt lat="31.224267003340767" lon="121.55518405432565">
        <ele>4.0</ele>
        <time>2026-08-18T12:41:21Z</time>
        <extensions>
          <gpxtpx:TrackPointExtension>
            <gpxtpx:hr>138</gpxtpx:hr>
          </gpxtpx:TrackPointExtension>
        </extensions>
      </trkpt>
      <trkpt lat="31.224237087781482" lon="121.5552261460773">
        <ele>4.0</ele>
        <time>2026-08-18T12:41:24Z</time>
        <extensions>
          <gpxtpx:TrackPointExtension>
            <gpxtpx:hr>138</gpxtpx:hr>
          </gpxtpx:TrackPointExtension>
        </extensions>
      </trkpt>
      <trkpt lat="31.224174197688978" lon="121.55527425322258">
        <ele>4.0</ele>
        <time>2026-08-18T12:41:27Z</time>
        <extensions>
          <gpxtpx:TrackPointExtension>
            <gpxtpx:hr>138</gpxtpx:hr>
          </gpxtpx:TrackPointExtension>
        </extensions>
      </trkpt>
      <trkpt lat="31.224101278792634" lon="121.5553023186863">
        <ele>4.0</ele>
        <time>2026-08-18T12:41:30Z</time>
        <extensions>
          <gpxtpx:TrackPointExtension>
            <gpxtpx:hr>138</gpxtpx:hr>
          </gpxtpx:TrackPointExtension>
        </extensions>
      </trkpt>
      <trkpt lat="31.224025344577857" lon="121.5553203631659">
        <ele>4.0</ele>
        <time>2026-08-18T12:41:33Z</time>
        <extensions>
          <gpxtpx:TrackPointExtension>
            <gpxtpx:hr>137</gpxtpx:hr>
          </gpxtpx:TrackPointExtension>
        </extensions>
      </trkpt>
      <trkpt lat="31.223977378827193" lon="121.55532738199157">
        <ele>4.0</ele>
        <time>2026-08-18T12:41:36Z</time>
        <extensions>
          <gpxtpx:TrackPointExtension>
            <gpxtpx:hr>137</gpxtpx:hr>
          </gpxtpx:TrackPointExtension>
        </extensions>
      </trkpt>
      <trkpt lat="31.223898430987138" lon="121.55533640762852">
        <ele>4.0</ele>
        <time>2026-08-18T12:41:39Z</time>
        <extensions>
          <gpxtpx:TrackPointExtension>
            <gpxtpx:hr>137</gpxtpx:hr>
          </gpxtpx:TrackPointExtension>
        </extensions>
      </trkpt>
      <trkpt lat="31.223819496502774" lon="121.55535345021067">
        <ele>4.0</ele>
        <time>2026-08-18T12:41:42Z</time>
        <extensions>
          <gpxtpx:TrackPointExtension>
            <gpxtpx:hr>138</gpxtpx:hr>
          </gpxtpx:TrackPointExtension>
        </extensions>
      </trkpt>
      <trkpt lat="31.22373957082365" lon="121.55537550345029">
        <ele>4.0</ele>
        <time>2026-08-18T12:41:45Z</time>
        <extensions>
          <gpxtpx:TrackPointExtension>
            <gpxtpx:hr>139</gpxtpx:hr>
          </gpxtpx:TrackPointExtension>
        </extensions>
      </trkpt>
      <trkpt lat="31.223690612210966" lon="121.55538653080929">
        <ele>4.0</ele>
        <time>2026-08-18T12:41:48Z</time>
        <extensions>
          <gpxtpx:TrackPointExtension>
            <gpxtpx:hr>140</gpxtpx:hr>
          </gpxtpx:TrackPointExtension>
        </extensions>
      </trkpt>
      <trkpt lat="31.223611674372865" lon="121.5554015691199">
        <ele>4.0</ele>
        <time>2026-08-18T12:41:51Z</time>
        <extensions>
          <gpxtpx:TrackPointExtension>
            <gpxtpx:hr>141</gpxtpx:hr>
          </gpxtpx:TrackPointExtension>
        </extensions>
      </trkpt>
      <trkpt lat="31.22353273319819" lon="121.55541460318892">
        <ele>4.0</ele>
        <time>2026-08-18T12:41:54Z</time>
        <extensions>
          <gpxtpx:TrackPointExtension>
            <gpxtpx:hr>142</gpxtpx:hr>
          </gpxtpx:TrackPointExtension>
        </extensions>
      </trkpt>
      <trkpt lat="31.22345379702017" lon="121.55543064359505">
        <ele>4.0</ele>
        <time>2026-08-18T12:41:57Z</time>
        <extensions>
          <gpxtpx:TrackPointExtension>
            <gpxtpx:hr>142</gpxtpx:hr>
          </gpxtpx:TrackPointExtension>
        </extensions>
      </trkpt>
      <trkpt lat="31.22340684078543" lon="121.55544367498872">
        <ele>4.0</ele>
        <time>2026-08-18T12:42:00Z</time>
        <extensions>
          <gpxtpx:TrackPointExtension>
            <gpxtpx:hr>143</gpxtpx:hr>
          </gpxtpx:TrackPointExtension>
        </extensions>
      </trkpt>
      <trkpt lat="31.223331916032006" lon="121.55546773194827">
        <ele>4.0</ele>
        <time>2026-08-18T12:42:03Z</time>
        <extensions>
          <gpxtpx:TrackPointExtension>
            <gpxtpx:hr>144</gpxtpx:hr>
          </gpxtpx:TrackPointExtension>
        </extensions>
      </trkpt>
      <trkpt lat="31.22325397603562" lon="121.5554817680072">
        <ele>4.0</ele>
        <time>2026-08-18T12:42:06Z</time>
        <extensions>
          <gpxtpx:TrackPointExtension>
            <gpxtpx:hr>144</gpxtpx:hr>
          </gpxtpx:TrackPointExtension>
        </extensions>
      </trkpt>
      <trkpt lat="31.223174028661116" lon="121.55549079366305">
        <ele>4.0</ele>
        <time>2026-08-18T12:42:09Z</time>
        <extensions>
          <gpxtpx:TrackPointExtension>
            <gpxtpx:hr>144</gpxtpx:hr>
          </gpxtpx:TrackPointExtension>
        </extensions>
      </trkpt>
      <trkpt lat="31.223124065503427" lon="121.55549881471163">
        <ele>4.0</ele>
        <time>2026-08-18T12:42:12Z</time>
        <extensions>
          <gpxtpx:TrackPointExtension>
            <gpxtpx:hr>144</gpxtpx:hr>
          </gpxtpx:TrackPointExtension>
        </extensions>
      </trkpt>
      <trkpt lat="31.223040138303684" lon="121.55551886391477">
        <ele>4.0</ele>
        <time>2026-08-18T12:42:15Z</time>
        <extensions>
          <gpxtpx:TrackPointExtension>
            <gpxtpx:hr>144</gpxtpx:hr>
          </gpxtpx:TrackPointExtension>
        </extensions>
      </trkpt>
      <trkpt lat="31.222963204474688" lon="121.5555369082981">
        <ele>4.0</ele>
        <time>2026-08-18T12:42:18Z</time>
        <extensions>
          <gpxtpx:TrackPointExtension>
            <gpxtpx:hr>143</gpxtpx:hr>
          </gpxtpx:TrackPointExtension>
        </extensions>
      </trkpt>
      <trkpt lat="31.222894258565255" lon="121.55554994145544">
        <ele>4.0</ele>
        <time>2026-08-18T12:42:21Z</time>
        <extensions>
          <gpxtpx:TrackPointExtension>
            <gpxtpx:hr>142</gpxtpx:hr>
          </gpxtpx:TrackPointExtension>
        </extensions>
      </trkpt>
      <trkpt lat="31.22285229329386" lon="121.5555589639268">
        <ele>4.0</ele>
        <time>2026-08-18T12:42:24Z</time>
        <extensions>
          <gpxtpx:TrackPointExtension>
            <gpxtpx:hr>141</gpxtpx:hr>
          </gpxtpx:TrackPointExtension>
        </extensions>
      </trkpt>
      <trkpt lat="31.222777356846503" lon="121.55557600600255">
        <ele>4.0</ele>
        <time>2026-08-18T12:42:27Z</time>
        <extensions>
          <gpxtpx:TrackPointExtension>
            <gpxtpx:hr>140</gpxtpx:hr>
          </gpxtpx:TrackPointExtension>
        </extensions>
      </trkpt>
      <trkpt lat="31.222698423936258" lon="121.5555940505046">
        <ele>4.0</ele>
        <time>2026-08-18T12:42:30Z</time>
        <extensions>
          <gpxtpx:TrackPointExtension>
            <gpxtpx:hr>139</gpxtpx:hr>
          </gpxtpx:TrackPointExtension>
        </extensions>
      </trkpt>
      <trkpt lat="31.222622486287605" lon="121.55561009052929">
        <ele>4.0</ele>
        <time>2026-08-18T12:42:33Z</time>
        <extensions>
          <gpxtpx:TrackPointExtension>
            <gpxtpx:hr>138</gpxtpx:hr>
          </gpxtpx:TrackPointExtension>
        </extensions>
      </trkpt>
      <trkpt lat="31.222578523605275" lon="121.55562011524802">
        <ele>4.0</ele>
        <time>2026-08-18T12:42:36Z</time>
        <extensions>
          <gpxtpx:TrackPointExtension>
            <gpxtpx:hr>138</gpxtpx:hr>
          </gpxtpx:TrackPointExtension>
        </extensions>
      </trkpt>
      <trkpt lat="31.22249958073083" lon="121.5556321470804">
        <ele>4.0</ele>
        <time>2026-08-18T12:42:39Z</time>
        <extensions>
          <gpxtpx:TrackPointExtension>
            <gpxtpx:hr>139</gpxtpx:hr>
          </gpxtpx:TrackPointExtension>
        </extensions>
      </trkpt>
      <trkpt lat="31.22241563524072" lon="121.55564117300588">
        <ele>4.0</ele>
        <time>2026-08-18T12:42:42Z</time>
        <extensions>
          <gpxtpx:TrackPointExtension>
            <gpxtpx:hr>138</gpxtpx:hr>
          </gpxtpx:TrackPointExtension>
        </extensions>
      </trkpt>
      <trkpt lat="31.222334693310337" lon="121.55565320499267">
        <ele>4.0</ele>
        <time>2026-08-18T12:42:45Z</time>
        <extensions>
          <gpxtpx:TrackPointExtension>
            <gpxtpx:hr>138</gpxtpx:hr>
          </gpxtpx:TrackPointExtension>
        </extensions>
      </trkpt>
      <trkpt lat="31.22228673250774" lon="121.5556632300237">
        <ele>4.0</ele>
        <time>2026-08-18T12:42:48Z</time>
        <extensions>
          <gpxtpx:TrackPointExtension>
            <gpxtpx:hr>137</gpxtpx:hr>
          </gpxtpx:TrackPointExtension>
        </extensions>
      </trkpt>
      <trkpt lat="31.22220880572002" lon="121.55568528278347">
        <ele>4.0</ele>
        <time>2026-08-18T12:42:51Z</time>
        <extensions>
          <gpxtpx:TrackPointExtension>
            <gpxtpx:hr>137</gpxtpx:hr>
          </gpxtpx:TrackPointExtension>
        </extensions>
      </trkpt>
      <trkpt lat="31.222131885065316" lon="121.55571134384626">
        <ele>4.0</ele>
        <time>2026-08-18T12:42:54Z</time>
        <extensions>
          <gpxtpx:TrackPointExtension>
            <gpxtpx:hr>137</gpxtpx:hr>
          </gpxtpx:TrackPointExtension>
        </extensions>
      </trkpt>
      <trkpt lat="31.2220549676956" lon="121.5557394090794">
        <ele>4.0</ele>
        <time>2026-08-18T12:42:57Z</time>
        <extensions>
          <gpxtpx:TrackPointExtension>
            <gpxtpx:hr>137</gpxtpx:hr>
          </gpxtpx:TrackPointExtension>
        </extensions>
      </trkpt>
      <trkpt lat="31.222012006164597" lon="121.55575043575567">
        <ele>4.0</ele>
        <time>2026-08-18T12:43:00Z</time>
        <extensions>
          <gpxtpx:TrackPointExtension>
            <gpxtpx:hr>137</gpxtpx:hr>
          </gpxtpx:TrackPointExtension>
        </extensions>
      </trkpt>
      <trkpt lat="31.221939060435982" lon="121.55576246701752">
        <ele>4.0</ele>
        <time>2026-08-18T12:43:03Z</time>
        <extensions>
          <gpxtpx:TrackPointExtension>
            <gpxtpx:hr>137</gpxtpx:hr>
          </gpxtpx:TrackPointExtension>
        </extensions>
      </trkpt>
      <trkpt lat="31.2218601191894" lon="121.55577550087006">
        <ele>4.0</ele>
        <time>2026-08-18T12:43:06Z</time>
        <extensions>
          <gpxtpx:TrackPointExtension>
            <gpxtpx:hr>137</gpxtpx:hr>
          </gpxtpx:TrackPointExtension>
        </extensions>
      </trkpt>
      <trkpt lat="31.221776180301106" lon="121.55578853513002">
        <ele>4.0</ele>
        <time>2026-08-18T12:43:09Z</time>
        <extensions>
          <gpxtpx:TrackPointExtension>
            <gpxtpx:hr>137</gpxtpx:hr>
          </gpxtpx:TrackPointExtension>
        </extensions>
      </trkpt>
      <trkpt lat="31.22172521923242" lon="121.55579755824972">
        <ele>5.0</ele>
        <time>2026-08-18T12:43:12Z</time>
        <extensions>
          <gpxtpx:TrackPointExtension>
            <gpxtpx:hr>137</gpxtpx:hr>
          </gpxtpx:TrackPointExtension>
        </extensions>
      </trkpt>
      <trkpt lat="31.221640275862562" lon="121.5558075862869">
        <ele>5.0</ele>
        <time>2026-08-18T12:43:15Z</time>
        <extensions>
          <gpxtpx:TrackPointExtension>
            <gpxtpx:hr>137</gpxtpx:hr>
          </gpxtpx:TrackPointExtension>
        </extensions>
      </trkpt>
      <trkpt lat="31.221555327543832" lon="121.55581460802784">
        <ele>5.0</ele>
        <time>2026-08-18T12:43:18Z</time>
        <extensions>
          <gpxtpx:TrackPointExtension>
            <gpxtpx:hr>137</gpxtpx:hr>
          </gpxtpx:TrackPointExtension>
        </extensions>
      </trkpt>
      <trkpt lat="31.221472373334382" lon="121.55581862330939">
        <ele>5.0</ele>
        <time>2026-08-18T12:43:21Z</time>
        <extensions>
          <gpxtpx:TrackPointExtension>
            <gpxtpx:hr>138</gpxtpx:hr>
          </gpxtpx:TrackPointExtension>
        </extensions>
      </trkpt>
      <trkpt lat="31.221424397650967" lon="121.55581962939266">
        <ele>5.0</ele>
        <time>2026-08-18T12:43:24Z</time>
        <extensions>
          <gpxtpx:TrackPointExtension>
            <gpxtpx:hr>139</gpxtpx:hr>
          </gpxtpx:TrackPointExtension>
        </extensions>
      </trkpt>
      <trkpt lat="31.221348440144137" lon="121.55582364409192">
        <ele>5.0</ele>
        <time>2026-08-18T12:43:27Z</time>
        <extensions>
          <gpxtpx:TrackPointExtension>
            <gpxtpx:hr>139</gpxtpx:hr>
          </gpxtpx:TrackPointExtension>
        </extensions>
      </trkpt>
      <trkpt lat="31.221273485469162" lon="121.55582966290055">
        <ele>5.0</ele>
        <time>2026-08-18T12:43:30Z</time>
        <extensions>
          <gpxtpx:TrackPointExtension>
            <gpxtpx:hr>140</gpxtpx:hr>
          </gpxtpx:TrackPointExtension>
        </extensions>
      </trkpt>
      <trkpt lat="31.221197542816398" lon="121.55584269646342">
        <ele>6.0</ele>
        <time>2026-08-18T12:43:33Z</time>
        <extensions>
          <gpxtpx:TrackPointExtension>
            <gpxtpx:hr>141</gpxtpx:hr>
          </gpxtpx:TrackPointExtension>
        </extensions>
      </trkpt>
      <trkpt lat="31.221154592813278" lon="121.55586073775419">
        <ele>5.0</ele>
        <time>2026-08-18T12:43:36Z</time>
        <extensions>
          <gpxtpx:TrackPointExtension>
            <gpxtpx:hr>141</gpxtpx:hr>
          </gpxtpx:TrackPointExtension>
        </extensions>
      </trkpt>
      <trkpt lat="31.221085691327655" lon="121.55590082725263">
        <ele>5.0</ele>
        <time>2026-08-18T12:43:39Z</time>
        <extensions>
          <gpxtpx:TrackPointExtension>
            <gpxtpx:hr>141</gpxtpx:hr>
          </gpxtpx:TrackPointExtension>
        </extensions>
      </trkpt>
      <trkpt lat="31.221020794472235" lon="121.55594492471043">
        <ele>5.0</ele>
        <time>2026-08-18T12:43:42Z</time>
        <extensions>
          <gpxtpx:TrackPointExtension>
            <gpxtpx:hr>141</gpxtpx:hr>
          </gpxtpx:TrackPointExtension>
        </extensions>
      </trkpt>
      <trkpt lat="31.220950885113005" lon="121.55598000368916">
        <ele>5.0</ele>
        <time>2026-08-18T12:43:45Z</time>
        <extensions>
          <gpxtpx:TrackPointExtension>
            <gpxtpx:hr>141</gpxtpx:hr>
          </gpxtpx:TrackPointExtension>
        </extensions>
      </trkpt>
      <trkpt lat="31.220905934321745" lon="121.55599704294329">
        <ele>5.0</ele>
        <time>2026-08-18T12:43:48Z</time>
        <extensions>
          <gpxtpx:TrackPointExtension>
            <gpxtpx:hr>141</gpxtpx:hr>
          </gpxtpx:TrackPointExtension>
        </extensions>
      </trkpt>
      <trkpt lat="31.220828007332727" lon="121.55601909536416">
        <ele>5.0</ele>
        <time>2026-08-18T12:43:51Z</time>
        <extensions>
          <gpxtpx:TrackPointExtension>
            <gpxtpx:hr>141</gpxtpx:hr>
          </gpxtpx:TrackPointExtension>
        </extensions>
      </trkpt>
      <trkpt lat="31.220749070953676" lon="121.55603513532387">
        <ele>4.0</ele>
        <time>2026-08-18T12:43:54Z</time>
        <extensions>
          <gpxtpx:TrackPointExtension>
            <gpxtpx:hr>140</gpxtpx:hr>
          </gpxtpx:TrackPointExtension>
        </extensions>
      </trkpt>
      <trkpt lat="31.220674135959875" lon="121.5560531791122">
        <ele>4.0</ele>
        <time>2026-08-18T12:43:57Z</time>
        <extensions>
          <gpxtpx:TrackPointExtension>
            <gpxtpx:hr>141</gpxtpx:hr>
          </gpxtpx:TrackPointExtension>
        </extensions>
      </trkpt>
      <trkpt lat="31.220629178568426" lon="121.55606620996656">
        <ele>4.0</ele>
        <time>2026-08-18T12:44:00Z</time>
        <extensions>
          <gpxtpx:TrackPointExtension>
            <gpxtpx:hr>141</gpxtpx:hr>
          </gpxtpx:TrackPointExtension>
        </extensions>
      </trkpt>
      <trkpt lat="31.22054924264572" lon="121.55608224997442">
        <ele>4.0</ele>
        <time>2026-08-18T12:44:03Z</time>
        <extensions>
          <gpxtpx:TrackPointExtension>
            <gpxtpx:hr>141</gpxtpx:hr>
          </gpxtpx:TrackPointExtension>
        </extensions>
      </trkpt>
      <trkpt lat="31.220470294771165" lon="121.55609127529691">
        <ele>4.0</ele>
        <time>2026-08-18T12:44:06Z</time>
        <extensions>
          <gpxtpx:TrackPointExtension>
            <gpxtpx:hr>141</gpxtpx:hr>
          </gpxtpx:TrackPointExtension>
        </extensions>
      </trkpt>
      <trkpt lat="31.22039135017657" lon="121.5561023047837">
        <ele>4.0</ele>
        <time>2026-08-18T12:44:09Z</time>
        <extensions>
          <gpxtpx:TrackPointExtension>
            <gpxtpx:hr>141</gpxtpx:hr>
          </gpxtpx:TrackPointExtension>
        </extensions>
      </trkpt>
      <trkpt lat="31.220343395828337" lon="121.55611633794099">
        <ele>4.0</ele>
        <time>2026-08-18T12:44:12Z</time>
        <extensions>
          <gpxtpx:TrackPointExtension>
            <gpxtpx:hr>141</gpxtpx:hr>
          </gpxtpx:TrackPointExtension>
        </extensions>
      </trkpt>
      <trkpt lat="31.220263479541874" lon="121.55614440289973">
        <ele>4.0</ele>
        <time>2026-08-18T12:44:15Z</time>
        <extensions>
          <gpxtpx:TrackPointExtension>
            <gpxtpx:hr>140</gpxtpx:hr>
          </gpxtpx:TrackPointExtension>
        </extensions>
      </trkpt>
      <trkpt lat="31.220186558537172" lon="121.55617046341142">
        <ele>4.0</ele>
        <time>2026-08-18T12:44:18Z</time>
        <extensions>
          <gpxtpx:TrackPointExtension>
            <gpxtpx:hr>139</gpxtpx:hr>
          </gpxtpx:TrackPointExtension>
        </extensions>
      </trkpt>
      <trkpt lat="31.22011062395532" lon="121.55618850717003">
        <ele>4.0</ele>
        <time>2026-08-18T12:44:21Z</time>
        <extensions>
          <gpxtpx:TrackPointExtension>
            <gpxtpx:hr>139</gpxtpx:hr>
          </gpxtpx:TrackPointExtension>
        </extensions>
      </trkpt>
      <trkpt lat="31.220065658340353" lon="121.55619652754531">
        <ele>4.0</ele>
        <time>2026-08-18T12:44:24Z</time>
        <extensions>
          <gpxtpx:TrackPointExtension>
            <gpxtpx:hr>139</gpxtpx:hr>
          </gpxtpx:TrackPointExtension>
        </extensions>
      </trkpt>
      <trkpt lat="31.21999172116627" lon="121.55621356903727">
        <ele>4.0</ele>
        <time>2026-08-18T12:44:27Z</time>
        <extensions>
          <gpxtpx:TrackPointExtension>
            <gpxtpx:hr>139</gpxtpx:hr>
          </gpxtpx:TrackPointExtension>
        </extensions>
      </trkpt>
      <trkpt lat="31.21991379568068" lon="121.55623662331557">
        <ele>4.0</ele>
        <time>2026-08-18T12:44:30Z</time>
        <extensions>
          <gpxtpx:TrackPointExtension>
            <gpxtpx:hr>139</gpxtpx:hr>
          </gpxtpx:TrackPointExtension>
        </extensions>
      </trkpt>
      <trkpt lat="31.21983187207349" lon="121.55625967790148">
        <ele>4.0</ele>
        <time>2026-08-18T12:44:33Z</time>
        <extensions>
          <gpxtpx:TrackPointExtension>
            <gpxtpx:hr>138</gpxtpx:hr>
          </gpxtpx:TrackPointExtension>
        </extensions>
      </trkpt>
      <trkpt lat="31.219784917185994" lon="121.55627371087378">
        <ele>4.0</ele>
        <time>2026-08-18T12:44:36Z</time>
        <extensions>
          <gpxtpx:TrackPointExtension>
            <gpxtpx:hr>139</gpxtpx:hr>
          </gpxtpx:TrackPointExtension>
        </extensions>
      </trkpt>
      <trkpt lat="31.219707994446654" lon="121.55629876915498">
        <ele>4.0</ele>
        <time>2026-08-18T12:44:39Z</time>
        <extensions>
          <gpxtpx:TrackPointExtension>
            <gpxtpx:hr>139</gpxtpx:hr>
          </gpxtpx:TrackPointExtension>
        </extensions>
      </trkpt>
      <trkpt lat="31.21963306095953" lon="121.55631781479765">
        <ele>4.0</ele>
        <time>2026-08-18T12:44:42Z</time>
        <extensions>
          <gpxtpx:TrackPointExtension>
            <gpxtpx:hr>140</gpxtpx:hr>
          </gpxtpx:TrackPointExtension>
        </extensions>
      </trkpt>
      <trkpt lat="31.219557121418834" lon="121.5563328522135">
        <ele>4.0</ele>
        <time>2026-08-18T12:44:45Z</time>
        <extensions>
          <gpxtpx:TrackPointExtension>
            <gpxtpx:hr>139</gpxtpx:hr>
          </gpxtpx:TrackPointExtension>
        </extensions>
      </trkpt>
      <trkpt lat="31.219507161406817" lon="121.55634287709624">
        <ele>4.0</ele>
        <time>2026-08-18T12:44:48Z</time>
        <extensions>
          <gpxtpx:TrackPointExtension>
            <gpxtpx:hr>139</gpxtpx:hr>
          </gpxtpx:TrackPointExtension>
        </extensions>
      </trkpt>
      <trkpt lat="31.2194232289081" lon="121.55635991930318">
        <ele>4.0</ele>
        <time>2026-08-18T12:44:51Z</time>
        <extensions>
          <gpxtpx:TrackPointExtension>
            <gpxtpx:hr>139</gpxtpx:hr>
          </gpxtpx:TrackPointExtension>
        </extensions>
      </trkpt>
      <trkpt lat="31.219345291931685" lon="121.55637595892715">
        <ele>4.0</ele>
        <time>2026-08-18T12:44:54Z</time>
        <extensions>
          <gpxtpx:TrackPointExtension>
            <gpxtpx:hr>138</gpxtpx:hr>
          </gpxtpx:TrackPointExtension>
        </extensions>
      </trkpt>
      <trkpt lat="31.21927234607077" lon="121.55638798984121">
        <ele>4.0</ele>
        <time>2026-08-18T12:44:57Z</time>
        <extensions>
          <gpxtpx:TrackPointExtension>
            <gpxtpx:hr>138</gpxtpx:hr>
          </gpxtpx:TrackPointExtension>
        </extensions>
      </trkpt>
      <trkpt lat="31.219228378323088" lon="121.55639500798894">
        <ele>4.0</ele>
        <time>2026-08-18T12:45:00Z</time>
        <extensions>
          <gpxtpx:TrackPointExtension>
            <gpxtpx:hr>137</gpxtpx:hr>
          </gpxtpx:TrackPointExtension>
        </extensions>
      </trkpt>
      <trkpt lat="31.219155430833855" lon="121.55640603682242">
        <ele>4.0</ele>
        <time>2026-08-18T12:45:03Z</time>
        <extensions>
          <gpxtpx:TrackPointExtension>
            <gpxtpx:hr>137</gpxtpx:hr>
          </gpxtpx:TrackPointExtension>
        </extensions>
      </trkpt>
      <trkpt lat="31.2190774922199" lon="121.55642107434285">
        <ele>4.0</ele>
        <time>2026-08-18T12:45:06Z</time>
        <extensions>
          <gpxtpx:TrackPointExtension>
            <gpxtpx:hr>136</gpxtpx:hr>
          </gpxtpx:TrackPointExtension>
        </extensions>
      </trkpt>
      <trkpt lat="31.21899855895226" lon="121.55643911814134">
        <ele>4.0</ele>
        <time>2026-08-18T12:45:09Z</time>
        <extensions>
          <gpxtpx:TrackPointExtension>
            <gpxtpx:hr>137</gpxtpx:hr>
          </gpxtpx:TrackPointExtension>
        </extensions>
      </trkpt>
      <trkpt lat="31.218950596347984" lon="121.55644814074067">
        <ele>4.0</ele>
        <time>2026-08-18T12:45:12Z</time>
        <extensions>
          <gpxtpx:TrackPointExtension>
            <gpxtpx:hr>137</gpxtpx:hr>
          </gpxtpx:TrackPointExtension>
        </extensions>
      </trkpt>
      <trkpt lat="31.21887565305043" lon="121.55646117384792">
        <ele>4.0</ele>
        <time>2026-08-18T12:45:15Z</time>
        <extensions>
          <gpxtpx:TrackPointExtension>
            <gpxtpx:hr>137</gpxtpx:hr>
          </gpxtpx:TrackPointExtension>
        </extensions>
      </trkpt>
      <trkpt lat="31.218799716720245" lon="121.5564782152972">
        <ele>4.0</ele>
        <time>2026-08-18T12:45:18Z</time>
        <extensions>
          <gpxtpx:TrackPointExtension>
            <gpxtpx:hr>138</gpxtpx:hr>
          </gpxtpx:TrackPointExtension>
        </extensions>
      </trkpt>
      <trkpt lat="31.218720786675767" lon="121.5564982631794">
        <ele>4.0</ele>
        <time>2026-08-18T12:45:21Z</time>
        <extensions>
          <gpxtpx:TrackPointExtension>
            <gpxtpx:hr>138</gpxtpx:hr>
          </gpxtpx:TrackPointExtension>
        </extensions>
      </trkpt>
      <trkpt lat="31.21867083474474" lon="121.55651329831088">
        <ele>4.0</ele>
        <time>2026-08-18T12:45:24Z</time>
        <extensions>
          <gpxtpx:TrackPointExtension>
            <gpxtpx:hr>138</gpxtpx:hr>
          </gpxtpx:TrackPointExtension>
        </extensions>
      </trkpt>
      <trkpt lat="31.21858792603319" lon="121.55654537125818">
        <ele>4.0</ele>
        <time>2026-08-18T12:45:27Z</time>
        <extensions>
          <gpxtpx:TrackPointExtension>
            <gpxtpx:hr>138</gpxtpx:hr>
          </gpxtpx:TrackPointExtension>
        </extensions>
      </trkpt>
      <trkpt lat="31.218503008517317" lon="121.55657143195087">
        <ele>4.0</ele>
        <time>2026-08-18T12:45:30Z</time>
        <extensions>
          <gpxtpx:TrackPointExtension>
            <gpxtpx:hr>138</gpxtpx:hr>
          </gpxtpx:TrackPointExtension>
        </extensions>
      </trkpt>
      <trkpt lat="31.218419079172943" lon="121.55659047810025">
        <ele>4.0</ele>
        <time>2026-08-18T12:45:33Z</time>
        <extensions>
          <gpxtpx:TrackPointExtension>
            <gpxtpx:hr>138</gpxtpx:hr>
          </gpxtpx:TrackPointExtension>
        </extensions>
      </trkpt>
      <trkpt lat="31.218374121587384" lon="121.55660350863084">
        <ele>4.0</ele>
        <time>2026-08-18T12:45:36Z</time>
        <extensions>
          <gpxtpx:TrackPointExtension>
            <gpxtpx:hr>138</gpxtpx:hr>
          </gpxtpx:TrackPointExtension>
        </extensions>
      </trkpt>
      <trkpt lat="31.218306181392478" lon="121.55662054930356">
        <ele>4.0</ele>
        <time>2026-08-18T12:45:39Z</time>
        <extensions>
          <gpxtpx:TrackPointExtension>
            <gpxtpx:hr>138</gpxtpx:hr>
          </gpxtpx:TrackPointExtension>
        </extensions>
      </trkpt>
      <trkpt lat="31.21823723196126" lon="121.55663157768953">
        <ele>4.0</ele>
        <time>2026-08-18T12:45:42Z</time>
        <extensions>
          <gpxtpx:TrackPointExtension>
            <gpxtpx:hr>138</gpxtpx:hr>
          </gpxtpx:TrackPointExtension>
        </extensions>
      </trkpt>
      <trkpt lat="31.218171269784403" lon="121.55663559140656">
        <ele>4.0</ele>
        <time>2026-08-18T12:45:45Z</time>
        <extensions>
          <gpxtpx:TrackPointExtension>
            <gpxtpx:hr>138</gpxtpx:hr>
          </gpxtpx:TrackPointExtension>
        </extensions>
      </trkpt>
      <trkpt lat="31.218131290405825" lon="121.55663659678665">
        <ele>4.0</ele>
        <time>2026-08-18T12:45:48Z</time>
        <extensions>
          <gpxtpx:TrackPointExtension>
            <gpxtpx:hr>138</gpxtpx:hr>
          </gpxtpx:TrackPointExtension>
        </extensions>
      </trkpt>
      <trkpt lat="31.218058333177535" lon="121.55664161314292">
        <ele>4.0</ele>
        <time>2026-08-18T12:45:51Z</time>
        <extensions>
          <gpxtpx:TrackPointExtension>
            <gpxtpx:hr>137</gpxtpx:hr>
          </gpxtpx:TrackPointExtension>
        </extensions>
      </trkpt>
      <trkpt lat="31.21798039126206" lon="121.55665464638219">
        <ele>4.0</ele>
        <time>2026-08-18T12:45:54Z</time>
        <extensions>
          <gpxtpx:TrackPointExtension>
            <gpxtpx:hr>138</gpxtpx:hr>
          </gpxtpx:TrackPointExtension>
        </extensions>
      </trkpt>
      <trkpt lat="31.217902459039813" lon="121.55667369195982">
        <ele>4.0</ele>
        <time>2026-08-18T12:45:57Z</time>
        <extensions>
          <gpxtpx:TrackPointExtension>
            <gpxtpx:hr>139</gpxtpx:hr>
          </gpxtpx:TrackPointExtension>
        </extensions>
      </trkpt>
      <trkpt lat="31.21785549915093" lon="121.5566847184921">
        <ele>4.0</ele>
        <time>2026-08-18T12:46:00Z</time>
        <extensions>
          <gpxtpx:TrackPointExtension>
            <gpxtpx:hr>139</gpxtpx:hr>
          </gpxtpx:TrackPointExtension>
        </extensions>
      </trkpt>
      <trkpt lat="31.21777655608718" lon="121.5566967497318">
        <ele>4.0</ele>
        <time>2026-08-18T12:46:03Z</time>
        <extensions>
          <gpxtpx:TrackPointExtension>
            <gpxtpx:hr>139</gpxtpx:hr>
          </gpxtpx:TrackPointExtension>
        </extensions>
      </trkpt>
      <trkpt lat="31.21769661188422" lon="121.55670777899182">
        <ele>4.0</ele>
        <time>2026-08-18T12:46:06Z</time>
        <extensions>
          <gpxtpx:TrackPointExtension>
            <gpxtpx:hr>139</gpxtpx:hr>
          </gpxtpx:TrackPointExtension>
        </extensions>
      </trkpt>
      <trkpt lat="31.21761767688868" lon="121.55672482049516">
        <ele>4.0</ele>
        <time>2026-08-18T12:46:09Z</time>
        <extensions>
          <gpxtpx:TrackPointExtension>
            <gpxtpx:hr>138</gpxtpx:hr>
          </gpxtpx:TrackPointExtension>
        </extensions>
      </trkpt>
      <trkpt lat="31.217572716037374" lon="121.55673584683522">
        <ele>4.0</ele>
        <time>2026-08-18T12:46:12Z</time>
        <extensions>
          <gpxtpx:TrackPointExtension>
            <gpxtpx:hr>138</gpxtpx:hr>
          </gpxtpx:TrackPointExtension>
        </extensions>
      </trkpt>
      <trkpt lat="31.217495780079595" lon="121.55675288815031">
        <ele>4.0</ele>
        <time>2026-08-18T12:46:15Z</time>
        <extensions>
          <gpxtpx:TrackPointExtension>
            <gpxtpx:hr>137</gpxtpx:hr>
          </gpxtpx:TrackPointExtension>
        </extensions>
      </trkpt>
      <trkpt lat="31.21741684184306" lon="121.55676792551164">
        <ele>4.0</ele>
        <time>2026-08-18T12:46:18Z</time>
        <extensions>
          <gpxtpx:TrackPointExtension>
            <gpxtpx:hr>135</gpxtpx:hr>
          </gpxtpx:TrackPointExtension>
        </extensions>
      </trkpt>
      <trkpt lat="31.2173399010399" lon="121.5567819606439">
        <ele>4.0</ele>
        <time>2026-08-18T12:46:21Z</time>
        <extensions>
          <gpxtpx:TrackPointExtension>
            <gpxtpx:hr>135</gpxtpx:hr>
          </gpxtpx:TrackPointExtension>
        </extensions>
      </trkpt>
      <trkpt lat="31.21729193837973" lon="121.55679098309957">
        <ele>4.0</ele>
        <time>2026-08-18T12:46:24Z</time>
        <extensions>
          <gpxtpx:TrackPointExtension>
            <gpxtpx:hr>136</gpxtpx:hr>
          </gpxtpx:TrackPointExtension>
        </extensions>
      </trkpt>
      <trkpt lat="31.217208004123865" lon="121.55680702290073">
        <ele>4.0</ele>
        <time>2026-08-18T12:46:27Z</time>
        <extensions>
          <gpxtpx:TrackPointExtension>
            <gpxtpx:hr>137</gpxtpx:hr>
          </gpxtpx:TrackPointExtension>
        </extensions>
      </trkpt>
      <trkpt lat="31.217128069569284" lon="121.55682406440846">
        <ele>4.0</ele>
        <time>2026-08-18T12:46:30Z</time>
        <extensions>
          <gpxtpx:TrackPointExtension>
            <gpxtpx:hr>139</gpxtpx:hr>
          </gpxtpx:TrackPointExtension>
        </extensions>
      </trkpt>
      <trkpt lat="31.21704913775007" lon="121.5568431099192">
        <ele>4.0</ele>
        <time>2026-08-18T12:46:33Z</time>
        <extensions>
          <gpxtpx:TrackPointExtension>
            <gpxtpx:hr>139</gpxtpx:hr>
          </gpxtpx:TrackPointExtension>
        </extensions>
      </trkpt>
      <trkpt lat="31.217000180380833" lon="121.55685513857986">
        <ele>4.0</ele>
        <time>2026-08-18T12:46:36Z</time>
        <extensions>
          <gpxtpx:TrackPointExtension>
            <gpxtpx:hr>140</gpxtpx:hr>
          </gpxtpx:TrackPointExtension>
        </extensions>
      </trkpt>
      <trkpt lat="31.216922249677697" lon="121.5568751860283">
        <ele>4.0</ele>
        <time>2026-08-18T12:46:39Z</time>
        <extensions>
          <gpxtpx:TrackPointExtension>
            <gpxtpx:hr>140</gpxtpx:hr>
          </gpxtpx:TrackPointExtension>
        </extensions>
      </trkpt>
      <trkpt lat="31.216841323605507" lon="121.55689723780158">
        <ele>4.0</ele>
        <time>2026-08-18T12:46:42Z</time>
        <extensions>
          <gpxtpx:TrackPointExtension>
            <gpxtpx:hr>140</gpxtpx:hr>
          </gpxtpx:TrackPointExtension>
        </extensions>
      </trkpt>
      <trkpt lat="31.216757395736746" lon="121.55691728570886">
        <ele>4.0</ele>
        <time>2026-08-18T12:46:45Z</time>
        <extensions>
          <gpxtpx:TrackPointExtension>
            <gpxtpx:hr>141</gpxtpx:hr>
          </gpxtpx:TrackPointExtension>
        </extensions>
      </trkpt>
      <trkpt lat="31.2167034407255" lon="121.55692931474309">
        <ele>4.0</ele>
        <time>2026-08-18T12:46:48Z</time>
        <extensions>
          <gpxtpx:TrackPointExtension>
            <gpxtpx:hr>141</gpxtpx:hr>
          </gpxtpx:TrackPointExtension>
        </extensions>
      </trkpt>
      <trkpt lat="31.216619517653875" lon="121.55695236875455">
        <ele>4.0</ele>
        <time>2026-08-18T12:46:51Z</time>
        <extensions>
          <gpxtpx:TrackPointExtension>
            <gpxtpx:hr>141</gpxtpx:hr>
          </gpxtpx:TrackPointExtension>
        </extensions>
      </trkpt>
      <trkpt lat="31.216540605010124" lon="121.5569834386732">
        <ele>4.0</ele>
        <time>2026-08-18T12:46:54Z</time>
        <extensions>
          <gpxtpx:TrackPointExtension>
            <gpxtpx:hr>141</gpxtpx:hr>
          </gpxtpx:TrackPointExtension>
        </extensions>
      </trkpt>
      <trkpt lat="31.21646171315258" lon="121.5570275350857">
        <ele>4.0</ele>
        <time>2026-08-18T12:46:57Z</time>
        <extensions>
          <gpxtpx:TrackPointExtension>
            <gpxtpx:hr>141</gpxtpx:hr>
          </gpxtpx:TrackPointExtension>
        </extensions>
      </trkpt>
      <trkpt lat="31.21641478357248" lon="121.55705760020003">
        <ele>4.0</ele>
        <time>2026-08-18T12:47:00Z</time>
        <extensions>
          <gpxtpx:TrackPointExtension>
            <gpxtpx:hr>141</gpxtpx:hr>
          </gpxtpx:TrackPointExtension>
        </extensions>
      </trkpt>
      <trkpt lat="31.2163348904689" lon="121.55710069450596">
        <ele>4.0</ele>
        <time>2026-08-18T12:47:03Z</time>
        <extensions>
          <gpxtpx:TrackPointExtension>
            <gpxtpx:hr>141</gpxtpx:hr>
          </gpxtpx:TrackPointExtension>
        </extensions>
      </trkpt>
      <trkpt lat="31.21625497174548" lon="121.55712775614803">
        <ele>4.0</ele>
        <time>2026-08-18T12:47:06Z</time>
        <extensions>
          <gpxtpx:TrackPointExtension>
            <gpxtpx:hr>141</gpxtpx:hr>
          </gpxtpx:TrackPointExtension>
        </extensions>
      </trkpt>
      <trkpt lat="31.21617501627704" lon="121.55713177093382">
        <ele>4.0</ele>
        <time>2026-08-18T12:47:09Z</time>
        <extensions>
          <gpxtpx:TrackPointExtension>
            <gpxtpx:hr>141</gpxtpx:hr>
          </gpxtpx:TrackPointExtension>
        </extensions>
      </trkpt>
      <trkpt lat="31.21612702319329" lon="121.55712175455281">
        <ele>4.0</ele>
        <time>2026-08-18T12:47:12Z</time>
        <extensions>
          <gpxtpx:TrackPointExtension>
            <gpxtpx:hr>141</gpxtpx:hr>
          </gpxtpx:TrackPointExtension>
        </extensions>
      </trkpt>
      <trkpt lat="31.216055006391016" lon="121.55708969532927">
        <ele>4.0</ele>
        <time>2026-08-18T12:47:15Z</time>
        <extensions>
          <gpxtpx:TrackPointExtension>
            <gpxtpx:hr>140</gpxtpx:hr>
          </gpxtpx:TrackPointExtension>
        </extensions>
      </trkpt>
      <trkpt lat="31.215987953556326" lon="121.55703659279857">
        <ele>4.0</ele>
        <time>2026-08-18T12:47:18Z</time>
        <extensions>
          <gpxtpx:TrackPointExtension>
            <gpxtpx:hr>139</gpxtpx:hr>
          </gpxtpx:TrackPointExtension>
        </extensions>
      </trkpt>
      <trkpt lat="31.215928872743657" lon="121.5569684588204">
        <ele>4.0</ele>
        <time>2026-08-18T12:47:21Z</time>
        <extensions>
          <gpxtpx:TrackPointExtension>
            <gpxtpx:hr>139</gpxtpx:hr>
          </gpxtpx:TrackPointExtension>
        </extensions>
      </trkpt>
      <trkpt lat="31.215898808425404" lon="121.55691936110523">
        <ele>4.0</ele>
        <time>2026-08-18T12:47:24Z</time>
        <extensions>
          <gpxtpx:TrackPointExtension>
            <gpxtpx:hr>138</gpxtpx:hr>
          </gpxtpx:TrackPointExtension>
        </extensions>
      </trkpt>
      <trkpt lat="31.215863682055122" lon="121.55683018171935">
        <ele>4.0</ele>
        <time>2026-08-18T12:47:27Z</time>
        <extensions>
          <gpxtpx:TrackPointExtension>
            <gpxtpx:hr>138</gpxtpx:hr>
          </gpxtpx:TrackPointExtension>
        </extensions>
      </trkpt>
      <trkpt lat="31.215847538232286" lon="121.55673599011568">
        <ele>4.0</ele>
        <time>2026-08-18T12:47:30Z</time>
        <extensions>
          <gpxtpx:TrackPointExtension>
            <gpxtpx:hr>138</gpxtpx:hr>
          </gpxtpx:TrackPointExtension>
        </extensions>
      </trkpt>
      <trkpt lat="31.21584538575286" lon="121.55664079488061">
        <ele>4.0</ele>
        <time>2026-08-18T12:47:33Z</time>
        <extensions>
          <gpxtpx:TrackPointExtension>
            <gpxtpx:hr>137</gpxtpx:hr>
          </gpxtpx:TrackPointExtension>
        </extensions>
      </trkpt>
      <trkpt lat="31.215845295135537" lon="121.55658467950066">
        <ele>4.0</ele>
        <time>2026-08-18T12:47:36Z</time>
        <extensions>
          <gpxtpx:TrackPointExtension>
            <gpxtpx:hr>137</gpxtpx:hr>
          </gpxtpx:TrackPointExtension>
        </extensions>
      </trkpt>
      <trkpt lat="31.215842149041446" lon="121.55649349194721">
        <ele>4.0</ele>
        <time>2026-08-18T12:47:39Z</time>
        <extensions>
          <gpxtpx:TrackPointExtension>
            <gpxtpx:hr>137</gpxtpx:hr>
          </gpxtpx:TrackPointExtension>
        </extensions>
      </trkpt>
      <trkpt lat="31.21583199944315" lon="121.55639829631053">
        <ele>4.0</ele>
        <time>2026-08-18T12:47:42Z</time>
        <extensions>
          <gpxtpx:TrackPointExtension>
            <gpxtpx:hr>137</gpxtpx:hr>
          </gpxtpx:TrackPointExtension>
        </extensions>
      </trkpt>
      <trkpt lat="31.21582184947813" lon="121.55630310025616">
        <ele>4.0</ele>
        <time>2026-08-18T12:47:45Z</time>
        <extensions>
          <gpxtpx:TrackPointExtension>
            <gpxtpx:hr>137</gpxtpx:hr>
          </gpxtpx:TrackPointExtension>
        </extensions>
      </trkpt>
      <trkpt lat="31.215814766332205" lon="121.55624999081503">
        <ele>4.0</ele>
        <time>2026-08-18T12:47:48Z</time>
        <extensions>
          <gpxtpx:TrackPointExtension>
            <gpxtpx:hr>137</gpxtpx:hr>
          </gpxtpx:TrackPointExtension>
        </extensions>
      </trkpt>
      <trkpt lat="31.215801625411107" lon="121.55615980476668">
        <ele>4.0</ele>
        <time>2026-08-18T12:47:51Z</time>
        <extensions>
          <gpxtpx:TrackPointExtension>
            <gpxtpx:hr>138</gpxtpx:hr>
          </gpxtpx:TrackPointExtension>
        </extensions>
      </trkpt>
      <trkpt lat="31.21578548231265" lon="121.55606761442237">
        <ele>4.0</ele>
        <time>2026-08-18T12:47:54Z</time>
        <extensions>
          <gpxtpx:TrackPointExtension>
            <gpxtpx:hr>138</gpxtpx:hr>
          </gpxtpx:TrackPointExtension>
        </extensions>
      </trkpt>
      <trkpt lat="31.215770338394254" lon="121.55597542360454">
        <ele>4.0</ele>
        <time>2026-08-18T12:47:57Z</time>
        <extensions>
          <gpxtpx:TrackPointExtension>
            <gpxtpx:hr>139</gpxtpx:hr>
          </gpxtpx:TrackPointExtension>
        </extensions>
      </trkpt>
      <trkpt lat="31.215762250084612" lon="121.55591930716962">
        <ele>4.0</ele>
        <time>2026-08-18T12:48:00Z</time>
        <extensions>
          <gpxtpx:TrackPointExtension>
            <gpxtpx:hr>139</gpxtpx:hr>
          </gpxtpx:TrackPointExtension>
        </extensions>
      </trkpt>
      <trkpt lat="31.215745106569717" lon="121.55582711589025">
        <ele>4.0</ele>
        <time>2026-08-18T12:48:03Z</time>
        <extensions>
          <gpxtpx:TrackPointExtension>
            <gpxtpx:hr>139</gpxtpx:hr>
          </gpxtpx:TrackPointExtension>
        </extensions>
      </trkpt>
      <trkpt lat="31.215722965098866" lon="121.55573492463643">
        <ele>4.0</ele>
        <time>2026-08-18T12:48:06Z</time>
        <extensions>
          <gpxtpx:TrackPointExtension>
            <gpxtpx:hr>139</gpxtpx:hr>
          </gpxtpx:TrackPointExtension>
        </extensions>
      </trkpt>
      <trkpt lat="31.21569883087027" lon="121.55564674157917">
        <ele>4.0</ele>
        <time>2026-08-18T12:48:09Z</time>
        <extensions>
          <gpxtpx:TrackPointExtension>
            <gpxtpx:hr>139</gpxtpx:hr>
          </gpxtpx:TrackPointExtension>
        </extensions>
      </trkpt>
      <trkpt lat="31.21568675036539" lon="121.55559463306052">
        <ele>4.0</ele>
        <time>2026-08-18T12:48:12Z</time>
        <extensions>
          <gpxtpx:TrackPointExtension>
            <gpxtpx:hr>140</gpxtpx:hr>
          </gpxtpx:TrackPointExtension>
        </extensions>
      </trkpt>
      <trkpt lat="31.215667616579722" lon="121.55550845324457">
        <ele>4.0</ele>
        <time>2026-08-18T12:48:15Z</time>
        <extensions>
          <gpxtpx:TrackPointExtension>
            <gpxtpx:hr>141</gpxtpx:hr>
          </gpxtpx:TrackPointExtension>
        </extensions>
      </trkpt>
      <trkpt lat="31.215651471065915" lon="121.55541626014835">
        <ele>4.0</ele>
        <time>2026-08-18T12:48:18Z</time>
        <extensions>
          <gpxtpx:TrackPointExtension>
            <gpxtpx:hr>141</gpxtpx:hr>
          </gpxtpx:TrackPointExtension>
        </extensions>
      </trkpt>
      <trkpt lat="31.21563732592701" lon="121.55532506861749">
        <ele>4.0</ele>
        <time>2026-08-18T12:48:21Z</time>
        <extensions>
          <gpxtpx:TrackPointExtension>
            <gpxtpx:hr>142</gpxtpx:hr>
          </gpxtpx:TrackPointExtension>
        </extensions>
      </trkpt>
      <trkpt lat="31.215628239973547" lon="121.55527095483993">
        <ele>4.0</ele>
        <time>2026-08-18T12:48:24Z</time>
        <extensions>
          <gpxtpx:TrackPointExtension>
            <gpxtpx:hr>141</gpxtpx:hr>
          </gpxtpx:TrackPointExtension>
        </extensions>
      </trkpt>
      <trkpt lat="31.215612093582536" lon="121.55517876074448">
        <ele>4.0</ele>
        <time>2026-08-18T12:48:27Z</time>
        <extensions>
          <gpxtpx:TrackPointExtension>
            <gpxtpx:hr>141</gpxtpx:hr>
          </gpxtpx:TrackPointExtension>
        </extensions>
      </trkpt>
      <trkpt lat="31.215597947576647" lon="121.55508756822614">
        <ele>4.0</ele>
        <time>2026-08-18T12:48:30Z</time>
        <extensions>
          <gpxtpx:TrackPointExtension>
            <gpxtpx:hr>141</gpxtpx:hr>
          </gpxtpx:TrackPointExtension>
        </extensions>
      </trkpt>
      <trkpt lat="31.215584807494213" lon="121.55500038378425">
        <ele>4.0</ele>
        <time>2026-08-18T12:48:33Z</time>
        <extensions>
          <gpxtpx:TrackPointExtension>
            <gpxtpx:hr>141</gpxtpx:hr>
          </gpxtpx:TrackPointExtension>
        </extensions>
      </trkpt>
      <trkpt lat="31.215578722776883" lon="121.554948273231">
        <ele>4.0</ele>
        <time>2026-08-18T12:48:36Z</time>
        <extensions>
          <gpxtpx:TrackPointExtension>
            <gpxtpx:hr>142</gpxtpx:hr>
          </gpxtpx:TrackPointExtension>
        </extensions>
      </trkpt>
      <trkpt lat="31.215570579822817" lon="121.55486108782162">
        <ele>4.0</ele>
        <time>2026-08-18T12:48:39Z</time>
        <extensions>
          <gpxtpx:TrackPointExtension>
            <gpxtpx:hr>143</gpxtpx:hr>
          </gpxtpx:TrackPointExtension>
        </extensions>
      </trkpt>
      <trkpt lat="31.21555944476631" lon="121.55477791089467">
        <ele>4.0</ele>
        <time>2026-08-18T12:48:42Z</time>
        <extensions>
          <gpxtpx:TrackPointExtension>
            <gpxtpx:hr>144</gpxtpx:hr>
          </gpxtpx:TrackPointExtension>
        </extensions>
      </trkpt>
      <trkpt lat="31.215543306734396" lon="121.55469172762382">
        <ele>4.0</ele>
        <time>2026-08-18T12:48:45Z</time>
        <extensions>
          <gpxtpx:TrackPointExtension>
            <gpxtpx:hr>145</gpxtpx:hr>
          </gpxtpx:TrackPointExtension>
        </extensions>
      </trkpt>
      <trkpt lat="31.21553221697172" lon="121.55463560815186">
        <ele>4.0</ele>
        <time>2026-08-18T12:48:48Z</time>
        <extensions>
          <gpxtpx:TrackPointExtension>
            <gpxtpx:hr>146</gpxtpx:hr>
          </gpxtpx:TrackPointExtension>
        </extensions>
      </trkpt>
      <trkpt lat="31.215504079076563" lon="121.55454641885672">
        <ele>4.0</ele>
        <time>2026-08-18T12:48:51Z</time>
        <extensions>
          <gpxtpx:TrackPointExtension>
            <gpxtpx:hr>146</gpxtpx:hr>
          </gpxtpx:TrackPointExtension>
        </extensions>
      </trkpt>
      <trkpt lat="31.215476940388196" lon="121.5544572291184">
        <ele>4.0</ele>
        <time>2026-08-18T12:48:54Z</time>
        <extensions>
          <gpxtpx:TrackPointExtension>
            <gpxtpx:hr>145</gpxtpx:hr>
          </gpxtpx:TrackPointExtension>
        </extensions>
      </trkpt>
      <trkpt lat="31.21545179359524" lon="121.55436403020113">
        <ele>4.0</ele>
        <time>2026-08-18T12:48:57Z</time>
        <extensions>
          <gpxtpx:TrackPointExtension>
            <gpxtpx:hr>145</gpxtpx:hr>
          </gpxtpx:TrackPointExtension>
        </extensions>
      </trkpt>
      <trkpt lat="31.21543770453451" lon="121.55430791014611">
        <ele>4.0</ele>
        <time>2026-08-18T12:49:00Z</time>
        <extensions>
          <gpxtpx:TrackPointExtension>
            <gpxtpx:hr>145</gpxtpx:hr>
          </gpxtpx:TrackPointExtension>
        </extensions>
      </trkpt>
      <trkpt lat="31.215414554520382" lon="121.55421370826386">
        <ele>4.0</ele>
        <time>2026-08-18T12:49:03Z</time>
        <extensions>
          <gpxtpx:TrackPointExtension>
            <gpxtpx:hr>144</gpxtpx:hr>
          </gpxtpx:TrackPointExtension>
        </extensions>
      </trkpt>
      <trkpt lat="31.215394402722353" lon="121.554119505732">
        <ele>4.0</ele>
        <time>2026-08-18T12:49:06Z</time>
        <extensions>
          <gpxtpx:TrackPointExtension>
            <gpxtpx:hr>144</gpxtpx:hr>
          </gpxtpx:TrackPointExtension>
        </extensions>
      </trkpt>
      <trkpt lat="31.215373252772682" lon="121.55402630506177">
        <ele>4.0</ele>
        <time>2026-08-18T12:49:09Z</time>
        <extensions>
          <gpxtpx:TrackPointExtension>
            <gpxtpx:hr>143</gpxtpx:hr>
          </gpxtpx:TrackPointExtension>
        </extensions>
      </trkpt>
      <trkpt lat="31.215358165163458" lon="121.55397118641605">
        <ele>4.0</ele>
        <time>2026-08-18T12:49:12Z</time>
        <extensions>
          <gpxtpx:TrackPointExtension>
            <gpxtpx:hr>142</gpxtpx:hr>
          </gpxtpx:TrackPointExtension>
        </extensions>
      </trkpt>
      <trkpt lat="31.215333020033388" lon="121.55387998982617">
        <ele>4.0</ele>
        <time>2026-08-18T12:49:15Z</time>
        <extensions>
          <gpxtpx:TrackPointExtension>
            <gpxtpx:hr>141</gpxtpx:hr>
          </gpxtpx:TrackPointExtension>
        </extensions>
      </trkpt>
      <trkpt lat="31.215303881679592" lon="121.55379179976232">
        <ele>4.0</ele>
        <time>2026-08-18T12:49:18Z</time>
        <extensions>
          <gpxtpx:TrackPointExtension>
            <gpxtpx:hr>141</gpxtpx:hr>
          </gpxtpx:TrackPointExtension>
        </extensions>
      </trkpt>
      <trkpt lat="31.215274749958343" lon="121.55370761812127">
        <ele>4.0</ele>
        <time>2026-08-18T12:49:21Z</time>
        <extensions>
          <gpxtpx:TrackPointExtension>
            <gpxtpx:hr>141</gpxtpx:hr>
          </gpxtpx:TrackPointExtension>
        </extensions>
      </trkpt>
      <trkpt lat="31.215258663870877" lon="121.55365350096447">
        <ele>4.0</ele>
        <time>2026-08-18T12:49:24Z</time>
        <extensions>
          <gpxtpx:TrackPointExtension>
            <gpxtpx:hr>142</gpxtpx:hr>
          </gpxtpx:TrackPointExtension>
        </extensions>
      </trkpt>
      <trkpt lat="31.215230515551266" lon="121.55356029892341">
        <ele>4.0</ele>
        <time>2026-08-18T12:49:27Z</time>
        <extensions>
          <gpxtpx:TrackPointExtension>
            <gpxtpx:hr>142</gpxtpx:hr>
          </gpxtpx:TrackPointExtension>
        </extensions>
      </trkpt>
      <trkpt lat="31.215200369589574" lon="121.55346809886291">
        <ele>4.0</ele>
        <time>2026-08-18T12:49:30Z</time>
        <extensions>
          <gpxtpx:TrackPointExtension>
            <gpxtpx:hr>143</gpxtpx:hr>
          </gpxtpx:TrackPointExtension>
        </extensions>
      </trkpt>
      <trkpt lat="31.21516623219551" lon="121.55337990758522">
        <ele>4.0</ele>
        <time>2026-08-18T12:49:33Z</time>
        <extensions>
          <gpxtpx:TrackPointExtension>
            <gpxtpx:hr>143</gpxtpx:hr>
          </gpxtpx:TrackPointExtension>
        </extensions>
      </trkpt>
      <trkpt lat="31.215146159569098" lon="121.55333280543593">
        <ele>4.0</ele>
        <time>2026-08-18T12:49:36Z</time>
        <extensions>
          <gpxtpx:TrackPointExtension>
            <gpxtpx:hr>144</gpxtpx:hr>
          </gpxtpx:TrackPointExtension>
        </extensions>
      </trkpt>
      <trkpt lat="31.215115039554064" lon="121.55325563772391">
        <ele>4.0</ele>
        <time>2026-08-18T12:49:39Z</time>
        <extensions>
          <gpxtpx:TrackPointExtension>
            <gpxtpx:hr>144</gpxtpx:hr>
          </gpxtpx:TrackPointExtension>
        </extensions>
      </trkpt>
      <trkpt lat="31.215086905583135" lon="121.55317145397855">
        <ele>4.0</ele>
        <time>2026-08-18T12:49:42Z</time>
        <extensions>
          <gpxtpx:TrackPointExtension>
            <gpxtpx:hr>144</gpxtpx:hr>
          </gpxtpx:TrackPointExtension>
        </extensions>
      </trkpt>
      <trkpt lat="31.21506176110547" lon="121.5530822585631">
        <ele>4.0</ele>
        <time>2026-08-18T12:49:45Z</time>
        <extensions>
          <gpxtpx:TrackPointExtension>
            <gpxtpx:hr>144</gpxtpx:hr>
          </gpxtpx:TrackPointExtension>
        </extensions>
      </trkpt>
      <trkpt lat="31.215046667928114" lon="121.55302513313896">
        <ele>4.0</ele>
        <time>2026-08-18T12:49:48Z</time>
        <extensions>
          <gpxtpx:TrackPointExtension>
            <gpxtpx:hr>144</gpxtpx:hr>
          </gpxtpx:TrackPointExtension>
        </extensions>
      </trkpt>
      <trkpt lat="31.215023511393266" lon="121.5529299236094">
        <ele>4.0</ele>
        <time>2026-08-18T12:49:51Z</time>
        <extensions>
          <gpxtpx:TrackPointExtension>
            <gpxtpx:hr>145</gpxtpx:hr>
          </gpxtpx:TrackPointExtension>
        </extensions>
      </trkpt>
      <trkpt lat="31.214996354646388" lon="121.55283371177651">
        <ele>4.0</ele>
        <time>2026-08-18T12:49:54Z</time>
        <extensions>
          <gpxtpx:TrackPointExtension>
            <gpxtpx:hr>145</gpxtpx:hr>
          </gpxtpx:TrackPointExtension>
        </extensions>
      </trkpt>
      <trkpt lat="31.214970200605926" lon="121.55273950392153">
        <ele>4.0</ele>
        <time>2026-08-18T12:49:57Z</time>
        <extensions>
          <gpxtpx:TrackPointExtension>
            <gpxtpx:hr>145</gpxtpx:hr>
          </gpxtpx:TrackPointExtension>
        </extensions>
      </trkpt>
      <trkpt lat="31.21495510843877" lon="121.5526833798649">
        <ele>4.0</ele>
        <time>2026-08-18T12:50:00Z</time>
        <extensions>
          <gpxtpx:TrackPointExtension>
            <gpxtpx:hr>146</gpxtpx:hr>
          </gpxtpx:TrackPointExtension>
        </extensions>
      </trkpt>
      <trkpt lat="31.214924959314942" lon="121.55259117619914">
        <ele>4.0</ele>
        <time>2026-08-18T12:50:03Z</time>
        <extensions>
          <gpxtpx:TrackPointExtension>
            <gpxtpx:hr>146</gpxtpx:hr>
          </gpxtpx:TrackPointExtension>
        </extensions>
      </trkpt>
      <trkpt lat="31.2148968035579" lon="121.55249596524885">
        <ele>4.0</ele>
        <time>2026-08-18T12:50:06Z</time>
        <extensions>
          <gpxtpx:TrackPointExtension>
            <gpxtpx:hr>146</gpxtpx:hr>
          </gpxtpx:TrackPointExtension>
        </extensions>
      </trkpt>
      <trkpt lat="31.21487363970056" lon="121.55239774672707">
        <ele>4.0</ele>
        <time>2026-08-18T12:50:09Z</time>
        <extensions>
          <gpxtpx:TrackPointExtension>
            <gpxtpx:hr>145</gpxtpx:hr>
          </gpxtpx:TrackPointExtension>
        </extensions>
      </trkpt>
      <trkpt lat="31.214858548575293" lon="121.55234262407402">
        <ele>4.0</ele>
        <time>2026-08-18T12:50:12Z</time>
        <extensions>
          <gpxtpx:TrackPointExtension>
            <gpxtpx:hr>145</gpxtpx:hr>
          </gpxtpx:TrackPointExtension>
        </extensions>
      </trkpt>
      <trkpt lat="31.214838397034175" lon="121.55225242270136">
        <ele>4.0</ele>
        <time>2026-08-18T12:50:15Z</time>
        <extensions>
          <gpxtpx:TrackPointExtension>
            <gpxtpx:hr>144</gpxtpx:hr>
          </gpxtpx:TrackPointExtension>
        </extensions>
      </trkpt>
      <trkpt lat="31.214852268412837" lon="121.55218426789531">
        <ele>4.0</ele>
        <time>2026-08-18T12:50:18Z</time>
        <extensions>
          <gpxtpx:TrackPointExtension>
            <gpxtpx:hr>143</gpxtpx:hr>
          </gpxtpx:TrackPointExtension>
        </extensions>
      </trkpt>
      <trkpt lat="31.21491617858867" lon="121.55215118794068">
        <ele>4.0</ele>
        <time>2026-08-18T12:50:21Z</time>
        <extensions>
          <gpxtpx:TrackPointExtension>
            <gpxtpx:hr>143</gpxtpx:hr>
          </gpxtpx:TrackPointExtension>
        </extensions>
      </trkpt>
      <trkpt lat="31.214968132187884" lon="121.55213915646684">
        <ele>4.0</ele>
        <time>2026-08-18T12:50:24Z</time>
        <extensions>
          <gpxtpx:TrackPointExtension>
            <gpxtpx:hr>143</gpxtpx:hr>
          </gpxtpx:TrackPointExtension>
        </extensions>
      </trkpt>
      <trkpt lat="31.215054046179254" lon="121.55211409273176">
        <ele>4.0</ele>
        <time>2026-08-18T12:50:27Z</time>
        <extensions>
          <gpxtpx:TrackPointExtension>
            <gpxtpx:hr>143</gpxtpx:hr>
          </gpxtpx:TrackPointExtension>
        </extensions>
      </trkpt>
      <trkpt lat="31.215139952959873" lon="121.55208501990778">
        <ele>4.0</ele>
        <time>2026-08-18T12:50:30Z</time>
        <extensions>
          <gpxtpx:TrackPointExtension>
            <gpxtpx:hr>142</gpxtpx:hr>
          </gpxtpx:TrackPointExtension>
        </extensions>
      </trkpt>
      <trkpt lat="31.215224854793373" lon="121.55205294032936">
        <ele>4.0</ele>
        <time>2026-08-18T12:50:33Z</time>
        <extensions>
          <gpxtpx:TrackPointExtension>
            <gpxtpx:hr>142</gpxtpx:hr>
          </gpxtpx:TrackPointExtension>
        </extensions>
      </trkpt>
      <trkpt lat="31.215273786390306" lon="121.5520278795737">
        <ele>4.0</ele>
        <time>2026-08-18T12:50:36Z</time>
        <extensions>
          <gpxtpx:TrackPointExtension>
            <gpxtpx:hr>142</gpxtpx:hr>
          </gpxtpx:TrackPointExtension>
        </extensions>
      </trkpt>
      <trkpt lat="31.215348709151883" lon="121.5520048211673">
        <ele>4.0</ele>
        <time>2026-08-18T12:50:39Z</time>
        <extensions>
          <gpxtpx:TrackPointExtension>
            <gpxtpx:hr>142</gpxtpx:hr>
          </gpxtpx:TrackPointExtension>
        </extensions>
      </trkpt>
      <trkpt lat="31.21540577015557" lon="121.55205392755319">
        <ele>4.0</ele>
        <time>2026-08-18T12:50:42Z</time>
        <extensions>
          <gpxtpx:TrackPointExtension>
            <gpxtpx:hr>142</gpxtpx:hr>
          </gpxtpx:TrackPointExtension>
        </extensions>
      </trkpt>
      <trkpt lat="31.215456895027984" lon="121.55213711130102">
        <ele>4.0</ele>
        <time>2026-08-18T12:50:45Z</time>
        <extensions>
          <gpxtpx:TrackPointExtension>
            <gpxtpx:hr>142</gpxtpx:hr>
          </gpxtpx:TrackPointExtension>
        </extensions>
      </trkpt>
      <trkpt lat="31.21549395097686" lon="121.55217820097413">
        <ele>4.0</ele>
        <time>2026-08-18T12:50:48Z</time>
        <extensions>
          <gpxtpx:TrackPointExtension>
            <gpxtpx:hr>142</gpxtpx:hr>
          </gpxtpx:TrackPointExtension>
        </extensions>
      </trkpt>
      <trkpt lat="31.215567996371202" lon="121.55222329653506">
        <ele>4.0</ele>
        <time>2026-08-18T12:50:51Z</time>
        <extensions>
          <gpxtpx:TrackPointExtension>
            <gpxtpx:hr>141</gpxtpx:hr>
          </gpxtpx:TrackPointExtension>
        </extensions>
      </trkpt>
      <trkpt lat="31.21564500980452" lon="121.55225135337729">
        <ele>4.0</ele>
        <time>2026-08-18T12:50:54Z</time>
        <extensions>
          <gpxtpx:TrackPointExtension>
            <gpxtpx:hr>141</gpxtpx:hr>
          </gpxtpx:TrackPointExtension>
        </extensions>
      </trkpt>
      <trkpt lat="31.215720004466647" lon="121.55226838552394">
        <ele>4.0</ele>
        <time>2026-08-18T12:50:57Z</time>
        <extensions>
          <gpxtpx:TrackPointExtension>
            <gpxtpx:hr>141</gpxtpx:hr>
          </gpxtpx:TrackPointExtension>
        </extensions>
      </trkpt>
      <trkpt lat="31.215763996007453" lon="121.55227539766692">
        <ele>4.0</ele>
        <time>2026-08-18T12:51:00Z</time>
        <extensions>
          <gpxtpx:TrackPointExtension>
            <gpxtpx:hr>141</gpxtpx:hr>
          </gpxtpx:TrackPointExtension>
        </extensions>
      </trkpt>
      <trkpt lat="31.21583997586144" lon="121.55228441166147">
        <ele>4.0</ele>
        <time>2026-08-18T12:51:03Z</time>
        <extensions>
          <gpxtpx:TrackPointExtension>
            <gpxtpx:hr>141</gpxtpx:hr>
          </gpxtpx:TrackPointExtension>
        </extensions>
      </trkpt>
      <trkpt lat="31.215916955240214" lon="121.55229342556936">
        <ele>4.0</ele>
        <time>2026-08-18T12:51:06Z</time>
        <extensions>
          <gpxtpx:TrackPointExtension>
            <gpxtpx:hr>141</gpxtpx:hr>
          </gpxtpx:TrackPointExtension>
        </extensions>
      </trkpt>
      <trkpt lat="31.21599494488213" lon="121.55230845292422">
        <ele>4.0</ele>
        <time>2026-08-18T12:51:09Z</time>
        <extensions>
          <gpxtpx:TrackPointExtension>
            <gpxtpx:hr>141</gpxtpx:hr>
          </gpxtpx:TrackPointExtension>
        </extensions>
      </trkpt>
      <trkpt lat="31.216043942983838" lon="121.55232047591457">
        <ele>4.0</ele>
        <time>2026-08-18T12:51:12Z</time>
        <extensions>
          <gpxtpx:TrackPointExtension>
            <gpxtpx:hr>142</gpxtpx:hr>
          </gpxtpx:TrackPointExtension>
        </extensions>
      </trkpt>
      <trkpt lat="31.21612893822262" lon="121.55234051394059">
        <ele>4.0</ele>
        <time>2026-08-18T12:51:15Z</time>
        <extensions>
          <gpxtpx:TrackPointExtension>
            <gpxtpx:hr>142</gpxtpx:hr>
          </gpxtpx:TrackPointExtension>
        </extensions>
      </trkpt>
      <trkpt lat="31.216216928446542" lon="121.55235854719317">
        <ele>4.0</ele>
        <time>2026-08-18T12:51:18Z</time>
        <extensions>
          <gpxtpx:TrackPointExtension>
            <gpxtpx:hr>143</gpxtpx:hr>
          </gpxtpx:TrackPointExtension>
        </extensions>
      </trkpt>
      <trkpt lat="31.21629894117841" lon="121.55238760570441">
        <ele>4.0</ele>
        <time>2026-08-18T12:51:21Z</time>
        <extensions>
          <gpxtpx:TrackPointExtension>
            <gpxtpx:hr>144</gpxtpx:hr>
          </gpxtpx:TrackPointExtension>
        </extensions>
      </trkpt>
      <trkpt lat="31.21634496032977" lon="121.5524106536652">
        <ele>4.0</ele>
        <time>2026-08-18T12:51:24Z</time>
        <extensions>
          <gpxtpx:TrackPointExtension>
            <gpxtpx:hr>145</gpxtpx:hr>
          </gpxtpx:TrackPointExtension>
        </extensions>
      </trkpt>
      <trkpt lat="31.216421991453238" lon="121.55244873277022">
        <ele>4.0</ele>
        <time>2026-08-18T12:51:27Z</time>
        <extensions>
          <gpxtpx:TrackPointExtension>
            <gpxtpx:hr>145</gpxtpx:hr>
          </gpxtpx:TrackPointExtension>
        </extensions>
      </trkpt>
      <trkpt lat="31.21649701991312" lon="121.55248480748206">
        <ele>4.0</ele>
        <time>2026-08-18T12:51:30Z</time>
        <extensions>
          <gpxtpx:TrackPointExtension>
            <gpxtpx:hr>145</gpxtpx:hr>
          </gpxtpx:TrackPointExtension>
        </extensions>
      </trkpt>
      <trkpt lat="31.216573035380755" lon="121.55251386632968">
        <ele>4.0</ele>
        <time>2026-08-18T12:51:33Z</time>
        <extensions>
          <gpxtpx:TrackPointExtension>
            <gpxtpx:hr>146</gpxtpx:hr>
          </gpxtpx:TrackPointExtension>
        </extensions>
      </trkpt>
      <trkpt lat="31.21661904018315" lon="121.55252889619751">
        <ele>4.0</ele>
        <time>2026-08-18T12:51:36Z</time>
        <extensions>
          <gpxtpx:TrackPointExtension>
            <gpxtpx:hr>146</gpxtpx:hr>
          </gpxtpx:TrackPointExtension>
        </extensions>
      </trkpt>
      <trkpt lat="31.216695041368943" lon="121.55254993703169">
        <ele>4.0</ele>
        <time>2026-08-18T12:51:39Z</time>
        <extensions>
          <gpxtpx:TrackPointExtension>
            <gpxtpx:hr>146</gpxtpx:hr>
          </gpxtpx:TrackPointExtension>
        </extensions>
      </trkpt>
      <trkpt lat="31.216773027354034" lon="121.55256295972794">
        <ele>4.0</ele>
        <time>2026-08-18T12:51:42Z</time>
        <extensions>
          <gpxtpx:TrackPointExtension>
            <gpxtpx:hr>146</gpxtpx:hr>
          </gpxtpx:TrackPointExtension>
        </extensions>
      </trkpt>
      <trkpt lat="31.216854993639632" lon="121.55256595964585">
        <ele>4.0</ele>
        <time>2026-08-18T12:51:45Z</time>
        <extensions>
          <gpxtpx:TrackPointExtension>
            <gpxtpx:hr>146</gpxtpx:hr>
          </gpxtpx:TrackPointExtension>
        </extensions>
      </trkpt>
      <trkpt lat="31.216904966270487" lon="121.55256395100247">
        <ele>4.0</ele>
        <time>2026-08-18T12:51:48Z</time>
        <extensions>
          <gpxtpx:TrackPointExtension>
            <gpxtpx:hr>145</gpxtpx:hr>
          </gpxtpx:TrackPointExtension>
        </extensions>
      </trkpt>
      <trkpt lat="31.216988913816376" lon="121.5525569283116">
        <ele>4.0</ele>
        <time>2026-08-18T12:51:51Z</time>
        <extensions>
          <gpxtpx:TrackPointExtension>
            <gpxtpx:hr>145</gpxtpx:hr>
          </gpxtpx:TrackPointExtension>
        </extensions>
      </trkpt>
      <trkpt lat="31.217072850684886" lon="121.55254389214899">
        <ele>4.0</ele>
        <time>2026-08-18T12:51:54Z</time>
        <extensions>
          <gpxtpx:TrackPointExtension>
            <gpxtpx:hr>144</gpxtpx:hr>
          </gpxtpx:TrackPointExtension>
        </extensions>
      </trkpt>
      <trkpt lat="31.217156778647965" lon="121.5525258447501">
        <ele>4.0</ele>
        <time>2026-08-18T12:51:57Z</time>
        <extensions>
          <gpxtpx:TrackPointExtension>
            <gpxtpx:hr>144</gpxtpx:hr>
          </gpxtpx:TrackPointExtension>
        </extensions>
      </trkpt>
      <trkpt lat="31.21720772587274" lon="121.55250980457238">
        <ele>4.0</ele>
        <time>2026-08-18T12:52:00Z</time>
        <extensions>
          <gpxtpx:TrackPointExtension>
            <gpxtpx:hr>144</gpxtpx:hr>
          </gpxtpx:TrackPointExtension>
        </extensions>
      </trkpt>
      <trkpt lat="31.217289635164448" lon="121.55248073258855">
        <ele>4.0</ele>
        <time>2026-08-18T12:52:03Z</time>
        <extensions>
          <gpxtpx:TrackPointExtension>
            <gpxtpx:hr>144</gpxtpx:hr>
          </gpxtpx:TrackPointExtension>
        </extensions>
      </trkpt>
      <trkpt lat="31.21737155156472" lon="121.55245566956339">
        <ele>4.0</ele>
        <time>2026-08-18T12:52:06Z</time>
        <extensions>
          <gpxtpx:TrackPointExtension>
            <gpxtpx:hr>144</gpxtpx:hr>
          </gpxtpx:TrackPointExtension>
        </extensions>
      </trkpt>
      <trkpt lat="31.21745547413389" lon="121.55243461534407">
        <ele>4.0</ele>
        <time>2026-08-18T12:52:09Z</time>
        <extensions>
          <gpxtpx:TrackPointExtension>
            <gpxtpx:hr>144</gpxtpx:hr>
          </gpxtpx:TrackPointExtension>
        </extensions>
      </trkpt>
      <trkpt lat="31.21750542536109" lon="121.55242057968556">
        <ele>4.0</ele>
        <time>2026-08-18T12:52:12Z</time>
        <extensions>
          <gpxtpx:TrackPointExtension>
            <gpxtpx:hr>144</gpxtpx:hr>
          </gpxtpx:TrackPointExtension>
        </extensions>
      </trkpt>
      <trkpt lat="31.217588343028677" lon="121.55239651876188">
        <ele>4.0</ele>
        <time>2026-08-18T12:52:15Z</time>
        <extensions>
          <gpxtpx:TrackPointExtension>
            <gpxtpx:hr>144</gpxtpx:hr>
          </gpxtpx:TrackPointExtension>
        </extensions>
      </trkpt>
      <trkpt lat="31.21767328653037" lon="121.55238749143133">
        <ele>4.0</ele>
        <time>2026-08-18T12:52:18Z</time>
        <extensions>
          <gpxtpx:TrackPointExtension>
            <gpxtpx:hr>144</gpxtpx:hr>
          </gpxtpx:TrackPointExtension>
        </extensions>
      </trkpt>
      <trkpt lat="31.2177532877855" lon="121.55240953431593">
        <ele>4.0</ele>
        <time>2026-08-18T12:52:21Z</time>
        <extensions>
          <gpxtpx:TrackPointExtension>
            <gpxtpx:hr>144</gpxtpx:hr>
          </gpxtpx:TrackPointExtension>
        </extensions>
      </trkpt>
      <trkpt lat="31.21779431649074" lon="121.55243659167">
        <ele>4.0</ele>
        <time>2026-08-18T12:52:24Z</time>
        <extensions>
          <gpxtpx:TrackPointExtension>
            <gpxtpx:hr>145</gpxtpx:hr>
          </gpxtpx:TrackPointExtension>
        </extensions>
      </trkpt>
      <trkpt lat="31.217859383683308" lon="121.55249170994124">
        <ele>4.0</ele>
        <time>2026-08-18T12:52:27Z</time>
        <extensions>
          <gpxtpx:TrackPointExtension>
            <gpxtpx:hr>145</gpxtpx:hr>
          </gpxtpx:TrackPointExtension>
        </extensions>
      </trkpt>
      <trkpt lat="31.217919463818525" lon="121.55255284196227">
        <ele>4.0</ele>
        <time>2026-08-18T12:52:30Z</time>
        <extensions>
          <gpxtpx:TrackPointExtension>
            <gpxtpx:hr>145</gpxtpx:hr>
          </gpxtpx:TrackPointExtension>
        </extensions>
      </trkpt>
      <trkpt lat="31.217982554827962" lon="121.55262098926089">
        <ele>4.0</ele>
        <time>2026-08-18T12:52:33Z</time>
        <extensions>
          <gpxtpx:TrackPointExtension>
            <gpxtpx:hr>145</gpxtpx:hr>
          </gpxtpx:TrackPointExtension>
        </extensions>
      </trkpt>
      <trkpt lat="31.21802160735744" lon="121.55266107564962">
        <ele>4.0</ele>
        <time>2026-08-18T12:52:36Z</time>
        <extensions>
          <gpxtpx:TrackPointExtension>
            <gpxtpx:hr>145</gpxtpx:hr>
          </gpxtpx:TrackPointExtension>
        </extensions>
      </trkpt>
      <trkpt lat="31.218089679749117" lon="121.55272020207232">
        <ele>5.0</ele>
        <time>2026-08-18T12:52:39Z</time>
        <extensions>
          <gpxtpx:TrackPointExtension>
            <gpxtpx:hr>145</gpxtpx:hr>
          </gpxtpx:TrackPointExtension>
        </extensions>
      </trkpt>
      <trkpt lat="31.218167699421556" lon="121.55275226715857">
        <ele>5.0</ele>
        <time>2026-08-18T12:52:42Z</time>
        <extensions>
          <gpxtpx:TrackPointExtension>
            <gpxtpx:hr>145</gpxtpx:hr>
          </gpxtpx:TrackPointExtension>
        </extensions>
      </trkpt>
      <trkpt lat="31.218250675941313" lon="121.55276128038139">
        <ele>5.0</ele>
        <time>2026-08-18T12:52:45Z</time>
        <extensions>
          <gpxtpx:TrackPointExtension>
            <gpxtpx:hr>145</gpxtpx:hr>
          </gpxtpx:TrackPointExtension>
        </extensions>
      </trkpt>
      <trkpt lat="31.21830164640121" lon="121.55275826943672">
        <ele>5.0</ele>
        <time>2026-08-18T12:52:48Z</time>
        <extensions>
          <gpxtpx:TrackPointExtension>
            <gpxtpx:hr>145</gpxtpx:hr>
          </gpxtpx:TrackPointExtension>
        </extensions>
      </trkpt>
      <trkpt lat="31.21838558701301" lon="121.55274723786246">
        <ele>6.0</ele>
        <time>2026-08-18T12:52:51Z</time>
        <extensions>
          <gpxtpx:TrackPointExtension>
            <gpxtpx:hr>145</gpxtpx:hr>
          </gpxtpx:TrackPointExtension>
        </extensions>
      </trkpt>
      <trkpt lat="31.218466514866577" lon="121.5527281886385">
        <ele>6.0</ele>
        <time>2026-08-18T12:52:54Z</time>
        <extensions>
          <gpxtpx:TrackPointExtension>
            <gpxtpx:hr>145</gpxtpx:hr>
          </gpxtpx:TrackPointExtension>
        </extensions>
      </trkpt>
      <trkpt lat="31.218543426869598" lon="121.55269911735125">
        <ele>6.0</ele>
        <time>2026-08-18T12:52:57Z</time>
        <extensions>
          <gpxtpx:TrackPointExtension>
            <gpxtpx:hr>145</gpxtpx:hr>
          </gpxtpx:TrackPointExtension>
        </extensions>
      </trkpt>
      <trkpt lat="31.21858837356272" lon="121.5526810733172">
        <ele>6.0</ele>
        <time>2026-08-18T12:53:00Z</time>
        <extensions>
          <gpxtpx:TrackPointExtension>
            <gpxtpx:hr>146</gpxtpx:hr>
          </gpxtpx:TrackPointExtension>
        </extensions>
      </trkpt>
      <trkpt lat="31.218664287771283" lon="121.55265300429231">
        <ele>6.0</ele>
        <time>2026-08-18T12:53:03Z</time>
        <extensions>
          <gpxtpx:TrackPointExtension>
            <gpxtpx:hr>145</gpxtpx:hr>
          </gpxtpx:TrackPointExtension>
        </extensions>
      </trkpt>
      <trkpt lat="31.21873318572459" lon="121.55261391115518">
        <ele>6.0</ele>
        <time>2026-08-18T12:53:06Z</time>
        <extensions>
          <gpxtpx:TrackPointExtension>
            <gpxtpx:hr>145</gpxtpx:hr>
          </gpxtpx:TrackPointExtension>
        </extensions>
      </trkpt>
      <trkpt lat="31.21879606867603" lon="121.55256479600945">
        <ele>6.0</ele>
        <time>2026-08-18T12:53:09Z</time>
        <extensions>
          <gpxtpx:TrackPointExtension>
            <gpxtpx:hr>144</gpxtpx:hr>
          </gpxtpx:TrackPointExtension>
        </extensions>
      </trkpt>
      <trkpt lat="31.21883299237222" lon="121.55253171885313">
        <ele>5.0</ele>
        <time>2026-08-18T12:53:12Z</time>
        <extensions>
          <gpxtpx:TrackPointExtension>
            <gpxtpx:hr>144</gpxtpx:hr>
          </gpxtpx:TrackPointExtension>
        </extensions>
      </trkpt>
      <trkpt lat="31.218898854135716" lon="121.55247157855028">
        <ele>5.0</ele>
        <time>2026-08-18T12:53:15Z</time>
        <extensions>
          <gpxtpx:TrackPointExtension>
            <gpxtpx:hr>144</gpxtpx:hr>
          </gpxtpx:TrackPointExtension>
        </extensions>
      </trkpt>
      <trkpt lat="31.218966709456616" lon="121.55240843116763">
        <ele>5.0</ele>
        <time>2026-08-18T12:53:18Z</time>
        <extensions>
          <gpxtpx:TrackPointExtension>
            <gpxtpx:hr>143</gpxtpx:hr>
          </gpxtpx:TrackPointExtension>
        </extensions>
      </trkpt>
      <trkpt lat="31.21903456999059" lon="121.55234829036976">
        <ele>5.0</ele>
        <time>2026-08-18T12:53:21Z</time>
        <extensions>
          <gpxtpx:TrackPointExtension>
            <gpxtpx:hr>143</gpxtpx:hr>
          </gpxtpx:TrackPointExtension>
        </extensions>
      </trkpt>
      <trkpt lat="31.219077486991363" lon="121.55231320788661">
        <ele>5.0</ele>
        <time>2026-08-18T12:53:24Z</time>
        <extensions>
          <gpxtpx:TrackPointExtension>
            <gpxtpx:hr>143</gpxtpx:hr>
          </gpxtpx:TrackPointExtension>
        </extensions>
      </trkpt>
      <trkpt lat="31.219149347204088" lon="121.55225406876058">
        <ele>5.0</ele>
        <time>2026-08-18T12:53:27Z</time>
        <extensions>
          <gpxtpx:TrackPointExtension>
            <gpxtpx:hr>143</gpxtpx:hr>
          </gpxtpx:TrackPointExtension>
        </extensions>
      </trkpt>
      <trkpt lat="31.219225210770617" lon="121.55219793592877">
        <ele>5.0</ele>
        <time>2026-08-18T12:53:30Z</time>
        <extensions>
          <gpxtpx:TrackPointExtension>
            <gpxtpx:hr>144</gpxtpx:hr>
          </gpxtpx:TrackPointExtension>
        </extensions>
      </trkpt>
      <trkpt lat="31.21930910454501" lon="121.55216084528018">
        <ele>5.0</ele>
        <time>2026-08-18T12:53:33Z</time>
        <extensions>
          <gpxtpx:TrackPointExtension>
            <gpxtpx:hr>145</gpxtpx:hr>
          </gpxtpx:TrackPointExtension>
        </extensions>
      </trkpt>
      <trkpt lat="31.21936406231248" lon="121.55215182034804">
        <ele>5.0</ele>
        <time>2026-08-18T12:53:36Z</time>
        <extensions>
          <gpxtpx:TrackPointExtension>
            <gpxtpx:hr>146</gpxtpx:hr>
          </gpxtpx:TrackPointExtension>
        </extensions>
      </trkpt>
      <trkpt lat="31.21945001256999" lon="121.55214680188672">
        <ele>5.0</ele>
        <time>2026-08-18T12:53:39Z</time>
        <extensions>
          <gpxtpx:TrackPointExtension>
            <gpxtpx:hr>146</gpxtpx:hr>
          </gpxtpx:TrackPointExtension>
        </extensions>
      </trkpt>
      <trkpt lat="31.2195339727605" lon="121.55214679490457">
        <ele>5.0</ele>
        <time>2026-08-18T12:53:42Z</time>
        <extensions>
          <gpxtpx:TrackPointExtension>
            <gpxtpx:hr>146</gpxtpx:hr>
          </gpxtpx:TrackPointExtension>
        </extensions>
      </trkpt>
      <trkpt lat="31.219618937870756" lon="121.55214979462721">
        <ele>5.0</ele>
        <time>2026-08-18T12:53:45Z</time>
        <extensions>
          <gpxtpx:TrackPointExtension>
            <gpxtpx:hr>145</gpxtpx:hr>
          </gpxtpx:TrackPointExtension>
        </extensions>
      </trkpt>
      <trkpt lat="31.2196689213639" lon="121.55215379952111">
        <ele>5.0</ele>
        <time>2026-08-18T12:53:48Z</time>
        <extensions>
          <gpxtpx:TrackPointExtension>
            <gpxtpx:hr>145</gpxtpx:hr>
          </gpxtpx:TrackPointExtension>
        </extensions>
      </trkpt>
      <trkpt lat="31.219750878926675" lon="121.55215178818027">
        <ele>5.0</ele>
        <time>2026-08-18T12:53:51Z</time>
        <extensions>
          <gpxtpx:TrackPointExtension>
            <gpxtpx:hr>146</gpxtpx:hr>
          </gpxtpx:TrackPointExtension>
        </extensions>
      </trkpt>
      <trkpt lat="31.21982478459774" lon="121.5521187073429">
        <ele>5.0</ele>
        <time>2026-08-18T12:53:54Z</time>
        <extensions>
          <gpxtpx:TrackPointExtension>
            <gpxtpx:hr>146</gpxtpx:hr>
          </gpxtpx:TrackPointExtension>
        </extensions>
      </trkpt>
      <trkpt lat="31.21988464469621" lon="121.55205656190502">
        <ele>5.0</ele>
        <time>2026-08-18T12:53:57Z</time>
        <extensions>
          <gpxtpx:TrackPointExtension>
            <gpxtpx:hr>145</gpxtpx:hr>
          </gpxtpx:TrackPointExtension>
        </extensions>
      </trkpt>
      <trkpt lat="31.219919554315144" lon="121.5520154660235">
        <ele>4.0</ele>
        <time>2026-08-18T12:54:00Z</time>
        <extensions>
          <gpxtpx:TrackPointExtension>
            <gpxtpx:hr>145</gpxtpx:hr>
          </gpxtpx:TrackPointExtension>
        </extensions>
      </trkpt>
      <trkpt lat="31.21998844236282" lon="121.55197136042996">
        <ele>4.0</ele>
        <time>2026-08-18T12:54:03Z</time>
        <extensions>
          <gpxtpx:TrackPointExtension>
            <gpxtpx:hr>144</gpxtpx:hr>
          </gpxtpx:TrackPointExtension>
        </extensions>
      </trkpt>
      <trkpt lat="31.220060374016345" lon="121.55195231129787">
        <ele>4.0</ele>
        <time>2026-08-18T12:54:06Z</time>
        <extensions>
          <gpxtpx:TrackPointExtension>
            <gpxtpx:hr>144</gpxtpx:hr>
          </gpxtpx:TrackPointExtension>
        </extensions>
      </trkpt>
      <trkpt lat="31.220126337361883" lon="121.55194929899733">
        <ele>4.0</ele>
        <time>2026-08-18T12:54:09Z</time>
        <extensions>
          <gpxtpx:TrackPointExtension>
            <gpxtpx:hr>143</gpxtpx:hr>
          </gpxtpx:TrackPointExtension>
        </extensions>
      </trkpt>
      <trkpt lat="31.22016532070477" lon="121.5519502980268">
        <ele>4.0</ele>
        <time>2026-08-18T12:54:12Z</time>
        <extensions>
          <gpxtpx:TrackPointExtension>
            <gpxtpx:hr>142</gpxtpx:hr>
          </gpxtpx:TrackPointExtension>
        </extensions>
      </trkpt>
      <trkpt lat="31.220234273617848" lon="121.55194227411833">
        <ele>4.0</ele>
        <time>2026-08-18T12:54:15Z</time>
        <extensions>
          <gpxtpx:TrackPointExtension>
            <gpxtpx:hr>142</gpxtpx:hr>
          </gpxtpx:TrackPointExtension>
        </extensions>
      </trkpt>
      <trkpt lat="31.220311190266763" lon="121.55191620863668">
        <ele>4.0</ele>
        <time>2026-08-18T12:54:18Z</time>
        <extensions>
          <gpxtpx:TrackPointExtension>
            <gpxtpx:hr>142</gpxtpx:hr>
          </gpxtpx:TrackPointExtension>
        </extensions>
      </trkpt>
      <trkpt lat="31.220393095499354" lon="121.55188513133851">
        <ele>4.0</ele>
        <time>2026-08-18T12:54:21Z</time>
        <extensions>
          <gpxtpx:TrackPointExtension>
            <gpxtpx:hr>142</gpxtpx:hr>
          </gpxtpx:TrackPointExtension>
        </extensions>
      </trkpt>
      <trkpt lat="31.22044304836244" lon="121.55187209761255">
        <ele>4.0</ele>
        <time>2026-08-18T12:54:24Z</time>
        <extensions>
          <gpxtpx:TrackPointExtension>
            <gpxtpx:hr>142</gpxtpx:hr>
          </gpxtpx:TrackPointExtension>
        </extensions>
      </trkpt>
      <trkpt lat="31.220521029527454" lon="121.55188211387484">
        <ele>4.0</ele>
        <time>2026-08-18T12:54:27Z</time>
        <extensions>
          <gpxtpx:TrackPointExtension>
            <gpxtpx:hr>142</gpxtpx:hr>
          </gpxtpx:TrackPointExtension>
        </extensions>
      </trkpt>
      <trkpt lat="31.22056611473626" lon="121.55194124424798">
        <ele>4.0</ele>
        <time>2026-08-18T12:54:30Z</time>
        <extensions>
          <gpxtpx:TrackPointExtension>
            <gpxtpx:hr>142</gpxtpx:hr>
          </gpxtpx:TrackPointExtension>
        </extensions>
      </trkpt>
      <trkpt lat="31.220582263954842" lon="121.55202844039816">
        <ele>4.0</ele>
        <time>2026-08-18T12:54:33Z</time>
        <extensions>
          <gpxtpx:TrackPointExtension>
            <gpxtpx:hr>142</gpxtpx:hr>
          </gpxtpx:TrackPointExtension>
        </extensions>
      </trkpt>
      <trkpt lat="31.220587364152205" lon="121.55208556918436">
        <ele>4.0</ele>
        <time>2026-08-18T12:54:36Z</time>
        <extensions>
          <gpxtpx:TrackPointExtension>
            <gpxtpx:hr>142</gpxtpx:hr>
          </gpxtpx:TrackPointExtension>
        </extensions>
      </trkpt>
      <trkpt lat="31.220593531970092" lon="121.55218078370191">
        <ele>4.0</ele>
        <time>2026-08-18T12:54:39Z</time>
        <extensions>
          <gpxtpx:TrackPointExtension>
            <gpxtpx:hr>142</gpxtpx:hr>
          </gpxtpx:TrackPointExtension>
        </extensions>
      </trkpt>
      <trkpt lat="31.220599695854315" lon="121.55227399330494">
        <ele>4.0</ele>
        <time>2026-08-18T12:54:42Z</time>
        <extensions>
          <gpxtpx:TrackPointExtension>
            <gpxtpx:hr>142</gpxtpx:hr>
          </gpxtpx:TrackPointExtension>
        </extensions>
      </trkpt>
      <trkpt lat="31.220608856194804" lon="121.55236620002147">
        <ele>5.0</ele>
        <time>2026-08-18T12:54:45Z</time>
        <extensions>
          <gpxtpx:TrackPointExtension>
            <gpxtpx:hr>142</gpxtpx:hr>
          </gpxtpx:TrackPointExtension>
        </extensions>
      </trkpt>
      <trkpt lat="31.220615952911793" lon="121.55242232553822">
        <ele>5.0</ele>
        <time>2026-08-18T12:54:48Z</time>
        <extensions>
          <gpxtpx:TrackPointExtension>
            <gpxtpx:hr>142</gpxtpx:hr>
          </gpxtpx:TrackPointExtension>
        </extensions>
      </trkpt>
      <trkpt lat="31.220630113918475" lon="121.55251653572638">
        <ele>5.0</ele>
        <time>2026-08-18T12:54:51Z</time>
        <extensions>
          <gpxtpx:TrackPointExtension>
            <gpxtpx:hr>142</gpxtpx:hr>
          </gpxtpx:TrackPointExtension>
        </extensions>
      </trkpt>
      <trkpt lat="31.22064327149681" lon="121.55260874111981">
        <ele>5.0</ele>
        <time>2026-08-18T12:54:54Z</time>
        <extensions>
          <gpxtpx:TrackPointExtension>
            <gpxtpx:hr>142</gpxtpx:hr>
          </gpxtpx:TrackPointExtension>
        </extensions>
      </trkpt>
      <trkpt lat="31.220657428270794" lon="121.55270094605285">
        <ele>5.0</ele>
        <time>2026-08-18T12:54:57Z</time>
        <extensions>
          <gpxtpx:TrackPointExtension>
            <gpxtpx:hr>142</gpxtpx:hr>
          </gpxtpx:TrackPointExtension>
        </extensions>
      </trkpt>
      <trkpt lat="31.220669521891182" lon="121.55275707032075">
        <ele>5.0</ele>
        <time>2026-08-18T12:55:00Z</time>
        <extensions>
          <gpxtpx:TrackPointExtension>
            <gpxtpx:hr>141</gpxtpx:hr>
          </gpxtpx:TrackPointExtension>
        </extensions>
      </trkpt>
      <trkpt lat="31.220697673279528" lon="121.55285027571409">
        <ele>5.0</ele>
        <time>2026-08-18T12:55:03Z</time>
        <extensions>
          <gpxtpx:TrackPointExtension>
            <gpxtpx:hr>141</gpxtpx:hr>
          </gpxtpx:TrackPointExtension>
        </extensions>
      </trkpt>
      <trkpt lat="31.2207288193808" lon="121.55294147601693">
        <ele>5.0</ele>
        <time>2026-08-18T12:55:06Z</time>
        <extensions>
          <gpxtpx:TrackPointExtension>
            <gpxtpx:hr>141</gpxtpx:hr>
          </gpxtpx:TrackPointExtension>
        </extensions>
      </trkpt>
      <trkpt lat="31.22076195540511" lon="121.55302766466593">
        <ele>5.0</ele>
        <time>2026-08-18T12:55:09Z</time>
        <extensions>
          <gpxtpx:TrackPointExtension>
            <gpxtpx:hr>141</gpxtpx:hr>
          </gpxtpx:TrackPointExtension>
        </extensions>
      </trkpt>
      <trkpt lat="31.22078004019461" lon="121.55308078095575">
        <ele>5.0</ele>
        <time>2026-08-18T12:55:12Z</time>
        <extensions>
          <gpxtpx:TrackPointExtension>
            <gpxtpx:hr>141</gpxtpx:hr>
          </gpxtpx:TrackPointExtension>
        </extensions>
      </trkpt>
      <trkpt lat="31.220812185001886" lon="121.5531719802387">
        <ele>5.0</ele>
        <time>2026-08-18T12:55:15Z</time>
        <extensions>
          <gpxtpx:TrackPointExtension>
            <gpxtpx:hr>142</gpxtpx:hr>
          </gpxtpx:TrackPointExtension>
        </extensions>
      </trkpt>
      <trkpt lat="31.220847329817637" lon="121.55326418111407">
        <ele>5.0</ele>
        <time>2026-08-18T12:55:18Z</time>
        <extensions>
          <gpxtpx:TrackPointExtension>
            <gpxtpx:hr>142</gpxtpx:hr>
          </gpxtpx:TrackPointExtension>
        </extensions>
      </trkpt>
      <trkpt lat="31.22088346333623" lon="121.55335036827265">
        <ele>4.0</ele>
        <time>2026-08-18T12:55:21Z</time>
        <extensions>
          <gpxtpx:TrackPointExtension>
            <gpxtpx:hr>142</gpxtpx:hr>
          </gpxtpx:TrackPointExtension>
        </extensions>
      </trkpt>
      <trkpt lat="31.220904542543376" lon="121.55340147913414">
        <ele>4.0</ele>
        <time>2026-08-18T12:55:24Z</time>
        <extensions>
          <gpxtpx:TrackPointExtension>
            <gpxtpx:hr>142</gpxtpx:hr>
          </gpxtpx:TrackPointExtension>
        </extensions>
      </trkpt>
      <trkpt lat="31.220942671166465" lon="121.55348566119116">
        <ele>4.0</ele>
        <time>2026-08-18T12:55:27Z</time>
        <extensions>
          <gpxtpx:TrackPointExtension>
            <gpxtpx:hr>142</gpxtpx:hr>
          </gpxtpx:TrackPointExtension>
        </extensions>
      </trkpt>
      <trkpt lat="31.22098780142358" lon="121.5535728489468">
        <ele>4.0</ele>
        <time>2026-08-18T12:55:30Z</time>
        <extensions>
          <gpxtpx:TrackPointExtension>
            <gpxtpx:hr>142</gpxtpx:hr>
          </gpxtpx:TrackPointExtension>
        </extensions>
      </trkpt>
      <trkpt lat="31.22103692254632" lon="121.55365602724814">
        <ele>4.0</ele>
        <time>2026-08-18T12:55:33Z</time>
        <extensions>
          <gpxtpx:TrackPointExtension>
            <gpxtpx:hr>141</gpxtpx:hr>
          </gpxtpx:TrackPointExtension>
        </extensions>
      </trkpt>
      <trkpt lat="31.221069985061877" lon="121.55370112325322">
        <ele>4.0</ele>
        <time>2026-08-18T12:55:36Z</time>
        <extensions>
          <gpxtpx:TrackPointExtension>
            <gpxtpx:hr>140</gpxtpx:hr>
          </gpxtpx:TrackPointExtension>
        </extensions>
      </trkpt>
      <trkpt lat="31.22113107411899" lon="121.55376926722936">
        <ele>4.0</ele>
        <time>2026-08-18T12:55:39Z</time>
        <extensions>
          <gpxtpx:TrackPointExtension>
            <gpxtpx:hr>140</gpxtpx:hr>
          </gpxtpx:TrackPointExtension>
        </extensions>
      </trkpt>
      <trkpt lat="31.221199147581586" lon="121.55383039510363">
        <ele>4.0</ele>
        <time>2026-08-18T12:55:42Z</time>
        <extensions>
          <gpxtpx:TrackPointExtension>
            <gpxtpx:hr>142</gpxtpx:hr>
          </gpxtpx:TrackPointExtension>
        </extensions>
      </trkpt>
      <trkpt lat="31.22127420550164" lon="121.55388450693378">
        <ele>4.0</ele>
        <time>2026-08-18T12:55:45Z</time>
        <extensions>
          <gpxtpx:TrackPointExtension>
            <gpxtpx:hr>143</gpxtpx:hr>
          </gpxtpx:TrackPointExtension>
        </extensions>
      </trkpt>
      <trkpt lat="31.221320233858375" lon="121.55391356646098">
        <ele>4.0</ele>
        <time>2026-08-18T12:55:48Z</time>
        <extensions>
          <gpxtpx:TrackPointExtension>
            <gpxtpx:hr>144</gpxtpx:hr>
          </gpxtpx:TrackPointExtension>
        </extensions>
      </trkpt>
      <trkpt lat="31.221395274363164" lon="121.55395765627298">
        <ele>4.0</ele>
        <time>2026-08-18T12:55:51Z</time>
        <extensions>
          <gpxtpx:TrackPointExtension>
            <gpxtpx:hr>144</gpxtpx:hr>
          </gpxtpx:TrackPointExtension>
        </extensions>
      </trkpt>
      <trkpt lat="31.221473303040835" lon="121.55399573266855">
        <ele>4.0</ele>
        <time>2026-08-18T12:55:54Z</time>
        <extensions>
          <gpxtpx:TrackPointExtension>
            <gpxtpx:hr>144</gpxtpx:hr>
          </gpxtpx:TrackPointExtension>
        </extensions>
      </trkpt>
      <trkpt lat="31.221554319919143" lon="121.55402779567859">
        <ele>4.0</ele>
        <time>2026-08-18T12:55:57Z</time>
        <extensions>
          <gpxtpx:TrackPointExtension>
            <gpxtpx:hr>144</gpxtpx:hr>
          </gpxtpx:TrackPointExtension>
        </extensions>
      </trkpt>
      <trkpt lat="31.221603320889844" lon="121.5540418221041">
        <ele>4.0</ele>
        <time>2026-08-18T12:56:00Z</time>
        <extensions>
          <gpxtpx:TrackPointExtension>
            <gpxtpx:hr>144</gpxtpx:hr>
          </gpxtpx:TrackPointExtension>
        </extensions>
      </trkpt>
      <trkpt lat="31.22167831302396" lon="121.55405785071524">
        <ele>4.0</ele>
        <time>2026-08-18T12:56:03Z</time>
        <extensions>
          <gpxtpx:TrackPointExtension>
            <gpxtpx:hr>144</gpxtpx:hr>
          </gpxtpx:TrackPointExtension>
        </extensions>
      </trkpt>
      <trkpt lat="31.2217532810673" lon="121.55405984883836">
        <ele>4.0</ele>
        <time>2026-08-18T12:56:06Z</time>
        <extensions>
          <gpxtpx:TrackPointExtension>
            <gpxtpx:hr>144</gpxtpx:hr>
          </gpxtpx:TrackPointExtension>
        </extensions>
      </trkpt>
      <trkpt lat="31.221829229714615" lon="121.5540508229272">
        <ele>4.0</ele>
        <time>2026-08-18T12:56:09Z</time>
        <extensions>
          <gpxtpx:TrackPointExtension>
            <gpxtpx:hr>144</gpxtpx:hr>
          </gpxtpx:TrackPointExtension>
        </extensions>
      </trkpt>
      <trkpt lat="31.221877193296123" lon="121.5540428015167">
        <ele>4.0</ele>
        <time>2026-08-18T12:56:12Z</time>
        <extensions>
          <gpxtpx:TrackPointExtension>
            <gpxtpx:hr>144</gpxtpx:hr>
          </gpxtpx:TrackPointExtension>
        </extensions>
      </trkpt>
      <trkpt lat="31.221956125033387" lon="121.55402475574193">
        <ele>4.0</ele>
        <time>2026-08-18T12:56:15Z</time>
        <extensions>
          <gpxtpx:TrackPointExtension>
            <gpxtpx:hr>144</gpxtpx:hr>
          </gpxtpx:TrackPointExtension>
        </extensions>
      </trkpt>
      <trkpt lat="31.222034040005177" lon="121.55399668823715">
        <ele>4.0</ele>
        <time>2026-08-18T12:56:18Z</time>
        <extensions>
          <gpxtpx:TrackPointExtension>
            <gpxtpx:hr>145</gpxtpx:hr>
          </gpxtpx:TrackPointExtension>
        </extensions>
      </trkpt>
      <trkpt lat="31.222110936453202" lon="121.55395759678248">
        <ele>4.0</ele>
        <time>2026-08-18T12:56:21Z</time>
        <extensions>
          <gpxtpx:TrackPointExtension>
            <gpxtpx:hr>145</gpxtpx:hr>
          </gpxtpx:TrackPointExtension>
        </extensions>
      </trkpt>
      <trkpt lat="31.222125912129652" lon="121.5539475737156">
        <ele>4.0</ele>
        <time>2026-08-18T12:56:22Z</time>
        <extensions>
          <gpxtpx:TrackPointExtension>
            <gpxtpx:hr>145</gpxtpx:hr>
          </gpxtpx:TrackPointExtension>
        </extensions>
      </trkpt>
      <trkpt lat="31.222195792813054" lon="121.55389745872876">
        <ele>4.0</ele>
        <time>2026-08-18T12:56:25Z</time>
        <extensions>
          <gpxtpx:TrackPointExtension>
            <gpxtpx:hr>145</gpxtpx:hr>
          </gpxtpx:TrackPointExtension>
        </extensions>
      </trkpt>
      <trkpt lat="31.222230722749828" lon="121.55386638807806">
        <ele>4.0</ele>
        <time>2026-08-18T12:56:28Z</time>
        <extensions>
          <gpxtpx:TrackPointExtension>
            <gpxtpx:hr>144</gpxtpx:hr>
          </gpxtpx:TrackPointExtension>
        </extensions>
      </trkpt>
      <trkpt lat="31.222282585806024" lon="121.55380124157548">
        <ele>4.0</ele>
        <time>2026-08-18T12:56:31Z</time>
        <extensions>
          <gpxtpx:TrackPointExtension>
            <gpxtpx:hr>143</gpxtpx:hr>
          </gpxtpx:TrackPointExtension>
        </extensions>
      </trkpt>
      <trkpt lat="31.222327439861623" lon="121.5537290801199">
        <ele>4.0</ele>
        <time>2026-08-18T12:56:34Z</time>
        <extensions>
          <gpxtpx:TrackPointExtension>
            <gpxtpx:hr>143</gpxtpx:hr>
          </gpxtpx:TrackPointExtension>
        </extensions>
      </trkpt>
      <trkpt lat="31.222366287858325" lon="121.5536519079514">
        <ele>5.0</ele>
        <time>2026-08-18T12:56:37Z</time>
        <extensions>
          <gpxtpx:TrackPointExtension>
            <gpxtpx:hr>143</gpxtpx:hr>
          </gpxtpx:TrackPointExtension>
        </extensions>
      </trkpt>
      <trkpt lat="31.222388195813274" lon="121.55360480288013">
        <ele>5.0</ele>
        <time>2026-08-18T12:56:40Z</time>
        <extensions>
          <gpxtpx:TrackPointExtension>
            <gpxtpx:hr>144</gpxtpx:hr>
          </gpxtpx:TrackPointExtension>
        </extensions>
      </trkpt>
      <trkpt lat="31.22241703769646" lon="121.5535216179042">
        <ele>5.0</ele>
        <time>2026-08-18T12:56:43Z</time>
        <extensions>
          <gpxtpx:TrackPointExtension>
            <gpxtpx:hr>144</gpxtpx:hr>
          </gpxtpx:TrackPointExtension>
        </extensions>
      </trkpt>
      <trkpt lat="31.22244086770133" lon="121.55343041539057">
        <ele>5.0</ele>
        <time>2026-08-18T12:56:46Z</time>
        <extensions>
          <gpxtpx:TrackPointExtension>
            <gpxtpx:hr>144</gpxtpx:hr>
          </gpxtpx:TrackPointExtension>
        </extensions>
      </trkpt>
      <trkpt lat="31.222468691995875" lon="121.55333720775262">
        <ele>5.0</ele>
        <time>2026-08-18T12:56:49Z</time>
        <extensions>
          <gpxtpx:TrackPointExtension>
            <gpxtpx:hr>143</gpxtpx:hr>
          </gpxtpx:TrackPointExtension>
        </extensions>
      </trkpt>
      <trkpt lat="31.22249358744834" lon="121.5532840884959">
        <ele>5.0</ele>
        <time>2026-08-18T12:56:52Z</time>
        <extensions>
          <gpxtpx:TrackPointExtension>
            <gpxtpx:hr>143</gpxtpx:hr>
          </gpxtpx:TrackPointExtension>
        </extensions>
      </trkpt>
      <trkpt lat="31.222547409485145" lon="121.55319689138408">
        <ele>5.0</ele>
        <time>2026-08-18T12:56:55Z</time>
        <extensions>
          <gpxtpx:TrackPointExtension>
            <gpxtpx:hr>143</gpxtpx:hr>
          </gpxtpx:TrackPointExtension>
        </extensions>
      </trkpt>
      <trkpt lat="31.222613236120374" lon="121.55311570625392">
        <ele>5.0</ele>
        <time>2026-08-18T12:56:58Z</time>
        <extensions>
          <gpxtpx:TrackPointExtension>
            <gpxtpx:hr>143</gpxtpx:hr>
          </gpxtpx:TrackPointExtension>
        </extensions>
      </trkpt>
      <trkpt lat="31.222693085839172" lon="121.5530515574553">
        <ele>5.0</ele>
        <time>2026-08-18T12:57:01Z</time>
        <extensions>
          <gpxtpx:TrackPointExtension>
            <gpxtpx:hr>144</gpxtpx:hr>
          </gpxtpx:TrackPointExtension>
        </extensions>
      </trkpt>
      <trkpt lat="31.222742024015957" lon="121.55302950447647">
        <ele>5.0</ele>
        <time>2026-08-18T12:57:04Z</time>
        <extensions>
          <gpxtpx:TrackPointExtension>
            <gpxtpx:hr>144</gpxtpx:hr>
          </gpxtpx:TrackPointExtension>
        </extensions>
      </trkpt>
      <trkpt lat="31.222815936301643" lon="121.55299943160067">
        <ele>5.0</ele>
        <time>2026-08-18T12:57:07Z</time>
        <extensions>
          <gpxtpx:TrackPointExtension>
            <gpxtpx:hr>145</gpxtpx:hr>
          </gpxtpx:TrackPointExtension>
        </extensions>
      </trkpt>
      <trkpt lat="31.222902817739055" lon="121.55295532643278">
        <ele>5.0</ele>
        <time>2026-08-18T12:57:10Z</time>
        <extensions>
          <gpxtpx:TrackPointExtension>
            <gpxtpx:hr>145</gpxtpx:hr>
          </gpxtpx:TrackPointExtension>
        </extensions>
      </trkpt>
      <trkpt lat="31.222995699813854" lon="121.5529132251369">
        <ele>5.0</ele>
        <time>2026-08-18T12:57:13Z</time>
        <extensions>
          <gpxtpx:TrackPointExtension>
            <gpxtpx:hr>146</gpxtpx:hr>
          </gpxtpx:TrackPointExtension>
        </extensions>
      </trkpt>
      <trkpt lat="31.223050650958903" lon="121.5529001915886">
        <ele>5.0</ele>
        <time>2026-08-18T12:57:16Z</time>
        <extensions>
          <gpxtpx:TrackPointExtension>
            <gpxtpx:hr>146</gpxtpx:hr>
          </gpxtpx:TrackPointExtension>
        </extensions>
      </trkpt>
      <trkpt lat="31.223139605528967" lon="121.5528981797327">
        <ele>5.0</ele>
        <time>2026-08-18T12:57:19Z</time>
        <extensions>
          <gpxtpx:TrackPointExtension>
            <gpxtpx:hr>146</gpxtpx:hr>
          </gpxtpx:TrackPointExtension>
        </extensions>
      </trkpt>
      <trkpt lat="31.223227588836572" lon="121.55291220362561">
        <ele>5.0</ele>
        <time>2026-08-18T12:57:22Z</time>
        <extensions>
          <gpxtpx:TrackPointExtension>
            <gpxtpx:hr>146</gpxtpx:hr>
          </gpxtpx:TrackPointExtension>
        </extensions>
      </trkpt>
      <trkpt lat="31.22331358014569" lon="121.55293023658818">
        <ele>5.0</ele>
        <time>2026-08-18T12:57:25Z</time>
        <extensions>
          <gpxtpx:TrackPointExtension>
            <gpxtpx:hr>146</gpxtpx:hr>
          </gpxtpx:TrackPointExtension>
        </extensions>
      </trkpt>
      <trkpt lat="31.223363577798747" lon="121.55294225916471">
        <ele>5.0</ele>
        <time>2026-08-18T12:57:28Z</time>
        <extensions>
          <gpxtpx:TrackPointExtension>
            <gpxtpx:hr>146</gpxtpx:hr>
          </gpxtpx:TrackPointExtension>
        </extensions>
      </trkpt>
      <trkpt lat="31.223443563098883" lon="121.55295528146824">
        <ele>5.0</ele>
        <time>2026-08-18T12:57:31Z</time>
        <extensions>
          <gpxtpx:TrackPointExtension>
            <gpxtpx:hr>146</gpxtpx:hr>
          </gpxtpx:TrackPointExtension>
        </extensions>
      </trkpt>
      <trkpt lat="31.223523518408825" lon="121.55295126591135">
        <ele>5.0</ele>
        <time>2026-08-18T12:57:34Z</time>
        <extensions>
          <gpxtpx:TrackPointExtension>
            <gpxtpx:hr>146</gpxtpx:hr>
          </gpxtpx:TrackPointExtension>
        </extensions>
      </trkpt>
      <trkpt lat="31.22359849548314" lon="121.55295827526578">
        <ele>5.0</ele>
        <time>2026-08-18T12:57:37Z</time>
        <extensions>
          <gpxtpx:TrackPointExtension>
            <gpxtpx:hr>145</gpxtpx:hr>
          </gpxtpx:TrackPointExtension>
        </extensions>
      </trkpt>
      <trkpt lat="31.223630522761557" lon="121.55298232603427">
        <ele>5.0</ele>
        <time>2026-08-18T12:57:40Z</time>
        <extensions>
          <gpxtpx:TrackPointExtension>
            <gpxtpx:hr>145</gpxtpx:hr>
          </gpxtpx:TrackPointExtension>
        </extensions>
      </trkpt>
      <trkpt lat="31.223667628688503" lon="121.55305247864399">
        <ele>5.0</ele>
        <time>2026-08-18T12:57:43Z</time>
        <extensions>
          <gpxtpx:TrackPointExtension>
            <gpxtpx:hr>145</gpxtpx:hr>
          </gpxtpx:TrackPointExtension>
        </extensions>
      </trkpt>
      <trkpt lat="31.22369676454624" lon="121.55313766498467">
        <ele>4.0</ele>
        <time>2026-08-18T12:57:46Z</time>
        <extensions>
          <gpxtpx:TrackPointExtension>
            <gpxtpx:hr>144</gpxtpx:hr>
          </gpxtpx:TrackPointExtension>
        </extensions>
      </trkpt>
      <trkpt lat="31.22372889870951" lon="121.55322285075222">
        <ele>4.0</ele>
        <time>2026-08-18T12:57:49Z</time>
        <extensions>
          <gpxtpx:TrackPointExtension>
            <gpxtpx:hr>144</gpxtpx:hr>
          </gpxtpx:TrackPointExtension>
        </extensions>
      </trkpt>
      <trkpt lat="31.22374897343969" lon="121.55327095535272">
        <ele>4.0</ele>
        <time>2026-08-18T12:57:52Z</time>
        <extensions>
          <gpxtpx:TrackPointExtension>
            <gpxtpx:hr>143</gpxtpx:hr>
          </gpxtpx:TrackPointExtension>
        </extensions>
      </trkpt>
      <trkpt lat="31.223783097475348" lon="121.5533511294017">
        <ele>4.0</ele>
        <time>2026-08-18T12:57:55Z</time>
        <extensions>
          <gpxtpx:TrackPointExtension>
            <gpxtpx:hr>143</gpxtpx:hr>
          </gpxtpx:TrackPointExtension>
        </extensions>
      </trkpt>
      <trkpt lat="31.223818222534742" lon="121.55343230528561">
        <ele>4.0</ele>
        <time>2026-08-18T12:57:58Z</time>
        <extensions>
          <gpxtpx:TrackPointExtension>
            <gpxtpx:hr>142</gpxtpx:hr>
          </gpxtpx:TrackPointExtension>
        </extensions>
      </trkpt>
      <trkpt lat="31.2238553463958" lon="121.55351348070838">
        <ele>4.0</ele>
        <time>2026-08-18T12:58:01Z</time>
        <extensions>
          <gpxtpx:TrackPointExtension>
            <gpxtpx:hr>143</gpxtpx:hr>
          </gpxtpx:TrackPointExtension>
        </extensions>
      </trkpt>
      <trkpt lat="31.22387842612944" lon="121.55356559323248">
        <ele>4.0</ele>
        <time>2026-08-18T12:58:04Z</time>
        <extensions>
          <gpxtpx:TrackPointExtension>
            <gpxtpx:hr>143</gpxtpx:hr>
          </gpxtpx:TrackPointExtension>
        </extensions>
      </trkpt>
      <trkpt lat="31.223915568671153" lon="121.55365779232218">
        <ele>4.0</ele>
        <time>2026-08-18T12:58:07Z</time>
        <extensions>
          <gpxtpx:TrackPointExtension>
            <gpxtpx:hr>144</gpxtpx:hr>
          </gpxtpx:TrackPointExtension>
        </extensions>
      </trkpt>
      <trkpt lat="31.223947706296773" lon="121.55374598268077">
        <ele>4.0</ele>
        <time>2026-08-18T12:58:10Z</time>
        <extensions>
          <gpxtpx:TrackPointExtension>
            <gpxtpx:hr>144</gpxtpx:hr>
          </gpxtpx:TrackPointExtension>
        </extensions>
      </trkpt>
      <trkpt lat="31.223981846135537" lon="121.55383617689863">
        <ele>5.0</ele>
        <time>2026-08-18T12:58:13Z</time>
        <extensions>
          <gpxtpx:TrackPointExtension>
            <gpxtpx:hr>144</gpxtpx:hr>
          </gpxtpx:TrackPointExtension>
        </extensions>
      </trkpt>
      <trkpt lat="31.224003929133126" lon="121.55389029312089">
        <ele>5.0</ele>
        <time>2026-08-18T12:58:16Z</time>
        <extensions>
          <gpxtpx:TrackPointExtension>
            <gpxtpx:hr>144</gpxtpx:hr>
          </gpxtpx:TrackPointExtension>
        </extensions>
      </trkpt>
      <trkpt lat="31.224040067519407" lon="121.55398048658734">
        <ele>5.0</ele>
        <time>2026-08-18T12:58:19Z</time>
        <extensions>
          <gpxtpx:TrackPointExtension>
            <gpxtpx:hr>144</gpxtpx:hr>
          </gpxtpx:TrackPointExtension>
        </extensions>
      </trkpt>
      <trkpt lat="31.224074206524783" lon="121.55407067985378">
        <ele>5.0</ele>
        <time>2026-08-18T12:58:22Z</time>
        <extensions>
          <gpxtpx:TrackPointExtension>
            <gpxtpx:hr>145</gpxtpx:hr>
          </gpxtpx:TrackPointExtension>
        </extensions>
      </trkpt>
      <trkpt lat="31.224109346455844" lon="121.55416187484323">
        <ele>4.0</ele>
        <time>2026-08-18T12:58:25Z</time>
        <extensions>
          <gpxtpx:TrackPointExtension>
            <gpxtpx:hr>145</gpxtpx:hr>
          </gpxtpx:TrackPointExtension>
        </extensions>
      </trkpt>
      <trkpt lat="31.224131432187143" lon="121.55421799461199">
        <ele>4.0</ele>
        <time>2026-08-18T12:58:28Z</time>
        <extensions>
          <gpxtpx:TrackPointExtension>
            <gpxtpx:hr>145</gpxtpx:hr>
          </gpxtpx:TrackPointExtension>
        </extensions>
      </trkpt>
      <trkpt lat="31.224170567997376" lon="121.55430818649704">
        <ele>4.0</ele>
        <time>2026-08-18T12:58:31Z</time>
        <extensions>
          <gpxtpx:TrackPointExtension>
            <gpxtpx:hr>146</gpxtpx:hr>
          </gpxtpx:TrackPointExtension>
        </extensions>
      </trkpt>
      <trkpt lat="31.224205701950673" lon="121.55439637402307">
        <ele>4.0</ele>
        <time>2026-08-18T12:58:34Z</time>
        <extensions>
          <gpxtpx:TrackPointExtension>
            <gpxtpx:hr>146</gpxtpx:hr>
          </gpxtpx:TrackPointExtension>
        </extensions>
      </trkpt>
      <trkpt lat="31.22424183171874" lon="121.55448255679829">
        <ele>4.0</ele>
        <time>2026-08-18T12:58:37Z</time>
        <extensions>
          <gpxtpx:TrackPointExtension>
            <gpxtpx:hr>146</gpxtpx:hr>
          </gpxtpx:TrackPointExtension>
        </extensions>
      </trkpt>
      <trkpt lat="31.224263909931217" lon="121.5545346671312">
        <ele>4.0</ele>
        <time>2026-08-18T12:58:40Z</time>
        <extensions>
          <gpxtpx:TrackPointExtension>
            <gpxtpx:hr>146</gpxtpx:hr>
          </gpxtpx:TrackPointExtension>
        </extensions>
      </trkpt>
      <trkpt lat="31.224298038468163" lon="121.55461984738133">
        <ele>5.0</ele>
        <time>2026-08-18T12:58:43Z</time>
        <extensions>
          <gpxtpx:TrackPointExtension>
            <gpxtpx:hr>146</gpxtpx:hr>
          </gpxtpx:TrackPointExtension>
        </extensions>
      </trkpt>
      <trkpt lat="31.22432916643125" lon="121.55470402540388">
        <ele>5.0</ele>
        <time>2026-08-18T12:58:46Z</time>
        <extensions>
          <gpxtpx:TrackPointExtension>
            <gpxtpx:hr>146</gpxtpx:hr>
          </gpxtpx:TrackPointExtension>
        </extensions>
      </trkpt>
      <trkpt lat="31.22436430407496" lon="121.55479521778136">
        <ele>5.0</ele>
        <time>2026-08-18T12:58:49Z</time>
        <extensions>
          <gpxtpx:TrackPointExtension>
            <gpxtpx:hr>146</gpxtpx:hr>
          </gpxtpx:TrackPointExtension>
        </extensions>
      </trkpt>
      <trkpt lat="31.224388392525764" lon="121.55485434219929">
        <ele>5.0</ele>
        <time>2026-08-18T12:58:52Z</time>
        <extensions>
          <gpxtpx:TrackPointExtension>
            <gpxtpx:hr>146</gpxtpx:hr>
          </gpxtpx:TrackPointExtension>
        </extensions>
      </trkpt>
      <trkpt lat="31.224441522857532" lon="121.55494653459614">
        <ele>5.0</ele>
        <time>2026-08-18T12:58:55Z</time>
        <extensions>
          <gpxtpx:TrackPointExtension>
            <gpxtpx:hr>146</gpxtpx:hr>
          </gpxtpx:TrackPointExtension>
        </extensions>
      </trkpt>
      <trkpt lat="31.22450762656613" lon="121.55502669992954">
        <ele>5.0</ele>
        <time>2026-08-18T12:58:58Z</time>
        <extensions>
          <gpxtpx:TrackPointExtension>
            <gpxtpx:hr>145</gpxtpx:hr>
          </gpxtpx:TrackPointExtension>
        </extensions>
      </trkpt>
      <trkpt lat="31.22457870920408" lon="121.5550958411256">
        <ele>4.0</ele>
        <time>2026-08-18T12:59:01Z</time>
        <extensions>
          <gpxtpx:TrackPointExtension>
            <gpxtpx:hr>146</gpxtpx:hr>
          </gpxtpx:TrackPointExtension>
        </extensions>
      </trkpt>
      <trkpt lat="31.22462274226804" lon="121.55512790561424">
        <ele>4.0</ele>
        <time>2026-08-18T12:59:04Z</time>
        <extensions>
          <gpxtpx:TrackPointExtension>
            <gpxtpx:hr>146</gpxtpx:hr>
          </gpxtpx:TrackPointExtension>
        </extensions>
      </trkpt>
      <trkpt lat="31.224700732501088" lon="121.55514393318904">
        <ele>4.0</ele>
        <time>2026-08-18T12:59:07Z</time>
        <extensions>
          <gpxtpx:TrackPointExtension>
            <gpxtpx:hr>146</gpxtpx:hr>
          </gpxtpx:TrackPointExtension>
        </extensions>
      </trkpt>
      <trkpt lat="31.224780656365855" lon="121.55512087758655">
        <ele>4.0</ele>
        <time>2026-08-18T12:59:10Z</time>
        <extensions>
          <gpxtpx:TrackPointExtension>
            <gpxtpx:hr>146</gpxtpx:hr>
          </gpxtpx:TrackPointExtension>
        </extensions>
      </trkpt>
      <trkpt lat="31.224862549043348" lon="121.55507978344372">
        <ele>4.0</ele>
        <time>2026-08-18T12:59:13Z</time>
        <extensions>
          <gpxtpx:TrackPointExtension>
            <gpxtpx:hr>146</gpxtpx:hr>
          </gpxtpx:TrackPointExtension>
        </extensions>
      </trkpt>
      <trkpt lat="31.224914491038785" lon="121.55505973649556">
        <ele>4.0</ele>
        <time>2026-08-18T12:59:16Z</time>
        <extensions>
          <gpxtpx:TrackPointExtension>
            <gpxtpx:hr>146</gpxtpx:hr>
          </gpxtpx:TrackPointExtension>
        </extensions>
      </trkpt>
      <trkpt lat="31.224998429780076" lon="121.55504670179913">
        <ele>4.0</ele>
        <time>2026-08-18T12:59:19Z</time>
        <extensions>
          <gpxtpx:TrackPointExtension>
            <gpxtpx:hr>146</gpxtpx:hr>
          </gpxtpx:TrackPointExtension>
        </extensions>
      </trkpt>
      <trkpt lat="31.22508038459377" lon="121.55504268645683">
        <ele>4.0</ele>
        <time>2026-08-18T12:59:22Z</time>
        <extensions>
          <gpxtpx:TrackPointExtension>
            <gpxtpx:hr>146</gpxtpx:hr>
          </gpxtpx:TrackPointExtension>
        </extensions>
      </trkpt>
      <trkpt lat="31.225158332879822" lon="121.55503366078128">
        <ele>4.0</ele>
        <time>2026-08-18T12:59:25Z</time>
        <extensions>
          <gpxtpx:TrackPointExtension>
            <gpxtpx:hr>146</gpxtpx:hr>
          </gpxtpx:TrackPointExtension>
        </extensions>
      </trkpt>
      <trkpt lat="31.225205294020842" lon="121.55502363554378">
        <ele>4.0</ele>
        <time>2026-08-18T12:59:28Z</time>
        <extensions>
          <gpxtpx:TrackPointExtension>
            <gpxtpx:hr>146</gpxtpx:hr>
          </gpxtpx:TrackPointExtension>
        </extensions>
      </trkpt>
      <trkpt lat="31.225280225204134" lon="121.55500358663343">
        <ele>4.0</ele>
        <time>2026-08-18T12:59:31Z</time>
        <extensions>
          <gpxtpx:TrackPointExtension>
            <gpxtpx:hr>146</gpxtpx:hr>
          </gpxtpx:TrackPointExtension>
        </extensions>
      </trkpt>
      <trkpt lat="31.225353155630035" lon="121.5549825357355">
        <ele>4.0</ele>
        <time>2026-08-18T12:59:34Z</time>
        <extensions>
          <gpxtpx:TrackPointExtension>
            <gpxtpx:hr>146</gpxtpx:hr>
          </gpxtpx:TrackPointExtension>
        </extensions>
      </trkpt>
      <trkpt lat="31.225431097176088" lon="121.55496950149143">
        <ele>4.0</ele>
        <time>2026-08-18T12:59:37Z</time>
        <extensions>
          <gpxtpx:TrackPointExtension>
            <gpxtpx:hr>146</gpxtpx:hr>
          </gpxtpx:TrackPointExtension>
        </extensions>
      </trkpt>
      <trkpt lat="31.225482063167203" lon="121.55496348443766">
        <ele>4.0</ele>
        <time>2026-08-18T12:59:40Z</time>
        <extensions>
          <gpxtpx:TrackPointExtension>
            <gpxtpx:hr>145</gpxtpx:hr>
          </gpxtpx:TrackPointExtension>
        </extensions>
      </trkpt>
      <trkpt lat="31.225566001900912" lon="121.55495044968374">
        <ele>4.0</ele>
        <time>2026-08-18T12:59:43Z</time>
        <extensions>
          <gpxtpx:TrackPointExtension>
            <gpxtpx:hr>146</gpxtpx:hr>
          </gpxtpx:TrackPointExtension>
        </extensions>
      </trkpt>
      <trkpt lat="31.22564393670201" lon="121.55493340687028">
        <ele>4.0</ele>
        <time>2026-08-18T12:59:46Z</time>
        <extensions>
          <gpxtpx:TrackPointExtension>
            <gpxtpx:hr>146</gpxtpx:hr>
          </gpxtpx:TrackPointExtension>
        </extensions>
      </trkpt>
      <trkpt lat="31.225720844975754" lon="121.55490032990595">
        <ele>4.0</ele>
        <time>2026-08-18T12:59:49Z</time>
        <extensions>
          <gpxtpx:TrackPointExtension>
            <gpxtpx:hr>147</gpxtpx:hr>
          </gpxtpx:TrackPointExtension>
        </extensions>
      </trkpt>
      <trkpt lat="31.225767785833256" lon="121.55487827892871">
        <ele>4.0</ele>
        <time>2026-08-18T12:59:52Z</time>
        <extensions>
          <gpxtpx:TrackPointExtension>
            <gpxtpx:hr>147</gpxtpx:hr>
          </gpxtpx:TrackPointExtension>
        </extensions>
      </trkpt>
      <trkpt lat="31.225844690663937" lon="121.55484319759792">
        <ele>4.0</ele>
        <time>2026-08-18T12:59:55Z</time>
        <extensions>
          <gpxtpx:TrackPointExtension>
            <gpxtpx:hr>147</gpxtpx:hr>
          </gpxtpx:TrackPointExtension>
        </extensions>
      </trkpt>
      <trkpt lat="31.225919606531754" lon="121.5548141292366">
        <ele>4.0</ele>
        <time>2026-08-18T12:59:58Z</time>
        <extensions>
          <gpxtpx:TrackPointExtension>
            <gpxtpx:hr>147</gpxtpx:hr>
          </gpxtpx:TrackPointExtension>
        </extensions>
      </trkpt>
      <trkpt lat="31.225995526977886" lon="121.55478806718673">
        <ele>5.0</ele>
        <time>2026-08-18T13:00:01Z</time>
        <extensions>
          <gpxtpx:TrackPointExtension>
            <gpxtpx:hr>147</gpxtpx:hr>
          </gpxtpx:TrackPointExtension>
        </extensions>
      </trkpt>
      <trkpt lat="31.226043480819115" lon="121.55477403317451">
        <ele>5.0</ele>
        <time>2026-08-18T13:00:04Z</time>
        <extensions>
          <gpxtpx:TrackPointExtension>
            <gpxtpx:hr>146</gpxtpx:hr>
          </gpxtpx:TrackPointExtension>
        </extensions>
      </trkpt>
      <trkpt lat="31.22613540898075" lon="121.55475698906079">
        <ele>5.0</ele>
        <time>2026-08-18T13:00:07Z</time>
        <extensions>
          <gpxtpx:TrackPointExtension>
            <gpxtpx:hr>146</gpxtpx:hr>
          </gpxtpx:TrackPointExtension>
        </extensions>
      </trkpt>
      <trkpt lat="31.22622634438034" lon="121.55474395360238">
        <ele>5.0</ele>
        <time>2026-08-18T13:00:10Z</time>
        <extensions>
          <gpxtpx:TrackPointExtension>
            <gpxtpx:hr>146</gpxtpx:hr>
          </gpxtpx:TrackPointExtension>
        </extensions>
      </trkpt>
      <trkpt lat="31.226305283701382" lon="121.55472991698629">
        <ele>5.0</ele>
        <time>2026-08-18T13:00:13Z</time>
        <extensions>
          <gpxtpx:TrackPointExtension>
            <gpxtpx:hr>145</gpxtpx:hr>
          </gpxtpx:TrackPointExtension>
        </extensions>
      </trkpt>
      <trkpt lat="31.22635024401043" lon="121.55471888962857">
        <ele>5.0</ele>
        <time>2026-08-18T13:00:16Z</time>
        <extensions>
          <gpxtpx:TrackPointExtension>
            <gpxtpx:hr>145</gpxtpx:hr>
          </gpxtpx:TrackPointExtension>
        </extensions>
      </trkpt>
      <trkpt lat="31.226425176721996" lon="121.55469984258791">
        <ele>5.0</ele>
        <time>2026-08-18T13:00:19Z</time>
        <extensions>
          <gpxtpx:TrackPointExtension>
            <gpxtpx:hr>144</gpxtpx:hr>
          </gpxtpx:TrackPointExtension>
        </extensions>
      </trkpt>
      <trkpt lat="31.22649810357552" lon="121.55467678709987">
        <ele>5.0</ele>
        <time>2026-08-18T13:00:22Z</time>
        <extensions>
          <gpxtpx:TrackPointExtension>
            <gpxtpx:hr>144</gpxtpx:hr>
          </gpxtpx:TrackPointExtension>
        </extensions>
      </trkpt>
      <trkpt lat="31.226568031815646" lon="121.55465373183691">
        <ele>5.0</ele>
        <time>2026-08-18T13:00:25Z</time>
        <extensions>
          <gpxtpx:TrackPointExtension>
            <gpxtpx:hr>143</gpxtpx:hr>
          </gpxtpx:TrackPointExtension>
        </extensions>
      </trkpt>
      <trkpt lat="31.22660999689956" lon="121.5546447089919">
        <ele>5.0</ele>
        <time>2026-08-18T13:00:28Z</time>
        <extensions>
          <gpxtpx:TrackPointExtension>
            <gpxtpx:hr>143</gpxtpx:hr>
          </gpxtpx:TrackPointExtension>
        </extensions>
      </trkpt>
      <trkpt lat="31.226686930335315" lon="121.55462666387237">
        <ele>5.0</ele>
        <time>2026-08-18T13:00:31Z</time>
        <extensions>
          <gpxtpx:TrackPointExtension>
            <gpxtpx:hr>143</gpxtpx:hr>
          </gpxtpx:TrackPointExtension>
        </extensions>
      </trkpt>
      <trkpt lat="31.22676485650033" lon="121.55460461004479">
        <ele>5.0</ele>
        <time>2026-08-18T13:00:34Z</time>
        <extensions>
          <gpxtpx:TrackPointExtension>
            <gpxtpx:hr>143</gpxtpx:hr>
          </gpxtpx:TrackPointExtension>
        </extensions>
      </trkpt>
      <trkpt lat="31.226842780951564" lon="121.55458155404143">
        <ele>5.0</ele>
        <time>2026-08-18T13:00:37Z</time>
        <extensions>
          <gpxtpx:TrackPointExtension>
            <gpxtpx:hr>143</gpxtpx:hr>
          </gpxtpx:TrackPointExtension>
        </extensions>
      </trkpt>
      <trkpt lat="31.226890738114662" lon="121.55456952420579">
        <ele>5.0</ele>
        <time>2026-08-18T13:00:40Z</time>
        <extensions>
          <gpxtpx:TrackPointExtension>
            <gpxtpx:hr>142</gpxtpx:hr>
          </gpxtpx:TrackPointExtension>
        </extensions>
      </trkpt>
      <trkpt lat="31.226968667646233" lon="121.55454947463124">
        <ele>5.0</ele>
        <time>2026-08-18T13:00:43Z</time>
        <extensions>
          <gpxtpx:TrackPointExtension>
            <gpxtpx:hr>142</gpxtpx:hr>
          </gpxtpx:TrackPointExtension>
        </extensions>
      </trkpt>
      <trkpt lat="31.227055594664115" lon="121.55453042644663">
        <ele>5.0</ele>
        <time>2026-08-18T13:00:46Z</time>
        <extensions>
          <gpxtpx:TrackPointExtension>
            <gpxtpx:hr>142</gpxtpx:hr>
          </gpxtpx:TrackPointExtension>
        </extensions>
      </trkpt>
      <trkpt lat="31.22713152851577" lon="121.55451238131637">
        <ele>5.0</ele>
        <time>2026-08-18T13:00:49Z</time>
        <extensions>
          <gpxtpx:TrackPointExtension>
            <gpxtpx:hr>142</gpxtpx:hr>
          </gpxtpx:TrackPointExtension>
        </extensions>
      </trkpt>
      <trkpt lat="31.22719147494325" lon="121.55449734397347">
        <ele>5.0</ele>
        <time>2026-08-18T13:01:49Z</time>
        <extensions>
          <gpxtpx:TrackPointExtension>
            <gpxtpx:hr>115</gpxtpx:hr>
          </gpxtpx:TrackPointExtension>
        </extensions>
      </trkpt>
      <trkpt lat="31.227207511740723" lon="121.55452339872365">
        <ele>4.0</ele>
        <time>2026-08-18T13:01:52Z</time>
        <extensions>
          <gpxtpx:TrackPointExtension>
            <gpxtpx:hr>115</gpxtpx:hr>
          </gpxtpx:TrackPointExtension>
        </extensions>
      </trkpt>
      <trkpt lat="31.22724960438275" lon="121.55458953745186">
        <ele>4.0</ele>
        <time>2026-08-18T13:01:55Z</time>
        <extensions>
          <gpxtpx:TrackPointExtension>
            <gpxtpx:hr>116</gpxtpx:hr>
          </gpxtpx:TrackPointExtension>
        </extensions>
      </trkpt>
      <trkpt lat="31.2273007350601" lon="121.5546807289778">
        <ele>4.0</ele>
        <time>2026-08-18T13:01:58Z</time>
        <extensions>
          <gpxtpx:TrackPointExtension>
            <gpxtpx:hr>121</gpxtpx:hr>
          </gpxtpx:TrackPointExtension>
        </extensions>
      </trkpt>
      <trkpt lat="31.227335813625125" lon="121.55473684635217">
        <ele>4.0</ele>
        <time>2026-08-18T13:02:01Z</time>
        <extensions>
          <gpxtpx:TrackPointExtension>
            <gpxtpx:hr>124</gpxtpx:hr>
          </gpxtpx:TrackPointExtension>
        </extensions>
      </trkpt>
      <trkpt lat="31.227393938812508" lon="121.55482703454489">
        <ele>4.0</ele>
        <time>2026-08-18T13:02:04Z</time>
        <extensions>
          <gpxtpx:TrackPointExtension>
            <gpxtpx:hr>123</gpxtpx:hr>
          </gpxtpx:TrackPointExtension>
        </extensions>
      </trkpt>
      <trkpt lat="31.22743607789419" lon="121.554921232251">
        <ele>4.0</ele>
        <time>2026-08-18T13:02:07Z</time>
        <extensions>
          <gpxtpx:TrackPointExtension>
            <gpxtpx:hr>122</gpxtpx:hr>
          </gpxtpx:TrackPointExtension>
        </extensions>
      </trkpt>
      <trkpt lat="31.22747421849058" lon="121.55501542988623">
        <ele>4.0</ele>
        <time>2026-08-18T13:02:10Z</time>
        <extensions>
          <gpxtpx:TrackPointExtension>
            <gpxtpx:hr>122</gpxtpx:hr>
          </gpxtpx:TrackPointExtension>
        </extensions>
      </trkpt>
      <trkpt lat="31.227496299019492" lon="121.55506954322469">
        <ele>4.0</ele>
        <time>2026-08-18T13:02:13Z</time>
        <extensions>
          <gpxtpx:TrackPointExtension>
            <gpxtpx:hr>121</gpxtpx:hr>
          </gpxtpx:TrackPointExtension>
        </extensions>
      </trkpt>
      <trkpt lat="31.227529429656208" lon="121.55515672574829">
        <ele>5.0</ele>
        <time>2026-08-18T13:02:16Z</time>
        <extensions>
          <gpxtpx:TrackPointExtension>
            <gpxtpx:hr>123</gpxtpx:hr>
          </gpxtpx:TrackPointExtension>
        </extensions>
      </trkpt>
      <trkpt lat="31.227564562402886" lon="121.55524591200646">
        <ele>5.0</ele>
        <time>2026-08-18T13:02:19Z</time>
        <extensions>
          <gpxtpx:TrackPointExtension>
            <gpxtpx:hr>124</gpxtpx:hr>
          </gpxtpx:TrackPointExtension>
        </extensions>
      </trkpt>
      <trkpt lat="31.227600692695578" lon="121.55533409569954">
        <ele>5.0</ele>
        <time>2026-08-18T13:02:22Z</time>
        <extensions>
          <gpxtpx:TrackPointExtension>
            <gpxtpx:hr>126</gpxtpx:hr>
          </gpxtpx:TrackPointExtension>
        </extensions>
      </trkpt>
      <trkpt lat="31.227621769668044" lon="121.55538620410134">
        <ele>5.0</ele>
        <time>2026-08-18T13:02:25Z</time>
        <extensions>
          <gpxtpx:TrackPointExtension>
            <gpxtpx:hr>127</gpxtpx:hr>
          </gpxtpx:TrackPointExtension>
        </extensions>
      </trkpt>
      <trkpt lat="31.227654894209753" lon="121.55547037902676">
        <ele>5.0</ele>
        <time>2026-08-18T13:02:28Z</time>
        <extensions>
          <gpxtpx:TrackPointExtension>
            <gpxtpx:hr>129</gpxtpx:hr>
          </gpxtpx:TrackPointExtension>
        </extensions>
      </trkpt>
      <trkpt lat="31.227688011824082" lon="121.5555505451909">
        <ele>5.0</ele>
        <time>2026-08-18T13:02:31Z</time>
        <extensions>
          <gpxtpx:TrackPointExtension>
            <gpxtpx:hr>131</gpxtpx:hr>
          </gpxtpx:TrackPointExtension>
        </extensions>
      </trkpt>
      <trkpt lat="31.227721144100215" lon="121.55563973001158">
        <ele>5.0</ele>
        <time>2026-08-18T13:02:34Z</time>
        <extensions>
          <gpxtpx:TrackPointExtension>
            <gpxtpx:hr>132</gpxtpx:hr>
          </gpxtpx:TrackPointExtension>
        </extensions>
      </trkpt>
      <trkpt lat="31.227745228967173" lon="121.55569785005343">
        <ele>5.0</ele>
        <time>2026-08-18T13:02:37Z</time>
        <extensions>
          <gpxtpx:TrackPointExtension>
            <gpxtpx:hr>134</gpxtpx:hr>
          </gpxtpx:TrackPointExtension>
        </extensions>
      </trkpt>
      <trkpt lat="31.22778936053877" lon="121.55579003965471">
        <ele>5.0</ele>
        <time>2026-08-18T13:02:40Z</time>
        <extensions>
          <gpxtpx:TrackPointExtension>
            <gpxtpx:hr>136</gpxtpx:hr>
          </gpxtpx:TrackPointExtension>
        </extensions>
      </trkpt>
      <trkpt lat="31.227827491273725" lon="121.55588022517628">
        <ele>5.0</ele>
        <time>2026-08-18T13:02:43Z</time>
        <extensions>
          <gpxtpx:TrackPointExtension>
            <gpxtpx:hr>137</gpxtpx:hr>
          </gpxtpx:TrackPointExtension>
        </extensions>
      </trkpt>
      <trkpt lat="31.22785862494786" lon="121.55597041090626">
        <ele>5.0</ele>
        <time>2026-08-18T13:02:46Z</time>
        <extensions>
          <gpxtpx:TrackPointExtension>
            <gpxtpx:hr>138</gpxtpx:hr>
          </gpxtpx:TrackPointExtension>
        </extensions>
      </trkpt>
      <trkpt lat="31.22788070176729" lon="121.55602351979486">
        <ele>5.0</ele>
        <time>2026-08-18T13:02:49Z</time>
        <extensions>
          <gpxtpx:TrackPointExtension>
            <gpxtpx:hr>139</gpxtpx:hr>
          </gpxtpx:TrackPointExtension>
        </extensions>
      </trkpt>
      <trkpt lat="31.227925815283143" lon="121.55610568709827">
        <ele>5.0</ele>
        <time>2026-08-18T13:02:52Z</time>
        <extensions>
          <gpxtpx:TrackPointExtension>
            <gpxtpx:hr>139</gpxtpx:hr>
          </gpxtpx:TrackPointExtension>
        </extensions>
      </trkpt>
      <trkpt lat="31.227977925263346" lon="121.55618785350994">
        <ele>5.0</ele>
        <time>2026-08-18T13:02:55Z</time>
        <extensions>
          <gpxtpx:TrackPointExtension>
            <gpxtpx:hr>140</gpxtpx:hr>
          </gpxtpx:TrackPointExtension>
        </extensions>
      </trkpt>
      <trkpt lat="31.22803502611299" lon="121.55626601088984">
        <ele>5.0</ele>
        <time>2026-08-18T13:02:58Z</time>
        <extensions>
          <gpxtpx:TrackPointExtension>
            <gpxtpx:hr>141</gpxtpx:hr>
          </gpxtpx:TrackPointExtension>
        </extensions>
      </trkpt>
      <trkpt lat="31.228069090185414" lon="121.55631510976309">
        <ele>5.0</ele>
        <time>2026-08-18T13:03:01Z</time>
        <extensions>
          <gpxtpx:TrackPointExtension>
            <gpxtpx:hr>142</gpxtpx:hr>
          </gpxtpx:TrackPointExtension>
        </extensions>
      </trkpt>
      <trkpt lat="31.228117201341743" lon="121.55639727571514">
        <ele>5.0</ele>
        <time>2026-08-18T13:03:04Z</time>
        <extensions>
          <gpxtpx:TrackPointExtension>
            <gpxtpx:hr>142</gpxtpx:hr>
          </gpxtpx:TrackPointExtension>
        </extensions>
      </trkpt>
      <trkpt lat="31.2281553168893" lon="121.55647944218657">
        <ele>5.0</ele>
        <time>2026-08-18T13:03:07Z</time>
        <extensions>
          <gpxtpx:TrackPointExtension>
            <gpxtpx:hr>142</gpxtpx:hr>
          </gpxtpx:TrackPointExtension>
        </extensions>
      </trkpt>
      <trkpt lat="31.228186425706333" lon="121.5565555965496">
        <ele>5.0</ele>
        <time>2026-08-18T13:03:10Z</time>
        <extensions>
          <gpxtpx:TrackPointExtension>
            <gpxtpx:hr>142</gpxtpx:hr>
          </gpxtpx:TrackPointExtension>
        </extensions>
      </trkpt>
      <trkpt lat="31.228207482319362" lon="121.55659667935808">
        <ele>5.0</ele>
        <time>2026-08-18T13:03:13Z</time>
        <extensions>
          <gpxtpx:TrackPointExtension>
            <gpxtpx:hr>142</gpxtpx:hr>
          </gpxtpx:TrackPointExtension>
        </extensions>
      </trkpt>
      <trkpt lat="31.228246578967628" lon="121.55666782235507">
        <ele>5.0</ele>
        <time>2026-08-18T13:03:16Z</time>
        <extensions>
          <gpxtpx:TrackPointExtension>
            <gpxtpx:hr>141</gpxtpx:hr>
          </gpxtpx:TrackPointExtension>
        </extensions>
      </trkpt>
      <trkpt lat="31.22828867562644" lon="121.55673996692376">
        <ele>5.0</ele>
        <time>2026-08-18T13:03:19Z</time>
        <extensions>
          <gpxtpx:TrackPointExtension>
            <gpxtpx:hr>142</gpxtpx:hr>
          </gpxtpx:TrackPointExtension>
        </extensions>
      </trkpt>
      <trkpt lat="31.228331766779217" lon="121.55680910501461">
        <ele>5.0</ele>
        <time>2026-08-18T13:03:22Z</time>
        <extensions>
          <gpxtpx:TrackPointExtension>
            <gpxtpx:hr>141</gpxtpx:hr>
          </gpxtpx:TrackPointExtension>
        </extensions>
      </trkpt>
      <trkpt lat="31.22836688878623" lon="121.55689527836246">
        <ele>5.0</ele>
        <time>2026-08-18T13:03:25Z</time>
        <extensions>
          <gpxtpx:TrackPointExtension>
            <gpxtpx:hr>141</gpxtpx:hr>
          </gpxtpx:TrackPointExtension>
        </extensions>
      </trkpt>
    </trkseg>
  </trk>
</gpx>