<?xml version="1.0" encoding="UTF-8"?>
<gpx xmlns="http://www.topografix.com/GPX/1/1" xmlns:gpxtpx="http://www.garmin.com/xmlschemas/TrackPointExtension/v1" xmlns:xsi="http://www.w3.org/2001/XMLSchema-instance" xsi:schemaLocation="http://www.topografix.com/GPX/1/1 http://www.topografix.com/GPX/1/1/gpx.xsd" version="1.1" creator="gpx.py -- https://github.com/tkrajina/gpxpy">
  <trk>
    <name>gpx from keep</name>
    <type>Run</type>
    <trkseg>
      <trkpt lat="50.08827514015138" lon="8.632336165755987">
        <ele>94.0</ele>
        <time>2026-09-23T07:06:58Z</time>
        <extensions>
          <gpxtpx:TrackPointExtension>
            <gpxtpx:hr>124</gpxtpx:hr>
          </gpxtpx:TrackPointExtension>
        </extensions>
      </trkpt>
      <trkpt lat="50.08831847459078" lon="8.632387965917587">
        <ele>94.0</ele>
        <time>2026-09-23T07:07:01Z</time>
        <extensions>
          <gpxtpx:TrackPointExtension>
            <gpxtpx:hr>125</gpxtpx:hr>
          </gpxtpx:TrackPointExtension>
        </extensions>
      </trkpt>
      <trkpt lat="50.08835719898343" lon="8.632479580119252">
        <ele>94.0</ele>
        <time>2026-09-23T07:07:04Z</time>
        <extensions>
          <gpxtpx:TrackPointExtension>
            <gpxtpx:hr>129</gpxtpx:hr>
          </gpxtpx:TrackPointExtension>
        </extensions>
      </trkpt>
      <trkpt lat="50.08839416317642" lon="8.632575301453471">
        <ele>94.0</ele>
        <time>2026-09-23T07:07:07Z</time>
        <extensions>
          <gpxtpx:TrackPointExtension>
            <gpxtpx:hr>132</gpxtpx:hr>
          </gpxtpx:TrackPointExtension>
        </extensions>
      </trkpt>
      <trkpt lat="50.08841469883919" lon="8.632693653926253">
        <ele>94.0</ele>
        <time>2026-09-23T07:07:10Z</time>
        <extensions>
          <gpxtpx:TrackPointExtension>
            <gpxtpx:hr>133</gpxtpx:hr>
          </gpxtpx:TrackPointExtension>
        </extensions>
      </trkpt>
      <trkpt lat="50.088416961953044" lon="8.632815778255463">
        <ele>94.0</ele>
        <time>2026-09-23T07:07:13Z</time>
        <extensions>
          <gpxtpx:TrackPointExtension>
            <gpxtpx:hr>134</gpxtpx:hr>
          </gpxtpx:TrackPointExtension>
        </extensions>
      </trkpt>
      <trkpt lat="50.088431211188436" lon="8.632951732724905">
        <ele>94.0</ele>
        <time>2026-09-23T07:07:16Z</time>
        <extensions>
          <gpxtpx:TrackPointExtension>
            <gpxtpx:hr>134</gpxtpx:hr>
          </gpxtpx:TrackPointExtension>
        </extensions>
      </trkpt>
      <trkpt lat="50.08844713680446" lon="8.633077293634415">
        <ele>94.0</ele>
        <time>2026-09-23T07:07:19Z</time>
        <extensions>
          <gpxtpx:TrackPointExtension>
            <gpxtpx:hr>133</gpxtpx:hr>
          </gpxtpx:TrackPointExtension>
        </extensions>
      </trkpt>
      <trkpt lat="50.08845585398376" lon="8.633194975554943">
        <ele>94.0</ele>
        <time>2026-09-23T07:07:22Z</time>
        <extensions>
          <gpxtpx:TrackPointExtension>
            <gpxtpx:hr>133</gpxtpx:hr>
          </gpxtpx:TrackPointExtension>
        </extensions>
      </trkpt>
      <trkpt lat="50.08846909739077" lon="8.633319027721882">
        <ele>94.0</ele>
        <time>2026-09-23T07:07:25Z</time>
        <extensions>
          <gpxtpx:TrackPointExtension>
            <gpxtpx:hr>134</gpxtpx:hr>
          </gpxtpx:TrackPointExtension>
        </extensions>
      </trkpt>
      <trkpt lat="50.088495751842856" lon="8.633449198678136">
        <ele>94.0</ele>
        <time>2026-09-23T07:07:28Z</time>
        <extensions>
          <gpxtpx:TrackPointExtension>
            <gpxtpx:hr>134</gpxtpx:hr>
          </gpxtpx:TrackPointExtension>
        </extensions>
      </trkpt>
      <trkpt lat="50.08852089755237" lon="8.633573586121202">
        <ele>94.0</ele>
        <time>2026-09-23T07:07:31Z</time>
        <extensions>
          <gpxtpx:TrackPointExtension>
            <gpxtpx:hr>135</gpxtpx:hr>
          </gpxtpx:TrackPointExtension>
        </extensions>
      </trkpt>
      <trkpt lat="50.088539673015475" lon="8.633687496185303">
        <ele>94.0</ele>
        <time>2026-09-23T07:07:34Z</time>
        <extensions>
          <gpxtpx:TrackPointExtension>
            <gpxtpx:hr>135</gpxtpx:hr>
          </gpxtpx:TrackPointExtension>
        </extensions>
      </trkpt>
      <trkpt lat="50.08855794556439" lon="8.633834850043058">
        <ele>94.0</ele>
        <time>2026-09-23T07:07:37Z</time>
        <extensions>
          <gpxtpx:TrackPointExtension>
            <gpxtpx:hr>135</gpxtpx:hr>
          </gpxtpx:TrackPointExtension>
        </extensions>
      </trkpt>
      <trkpt lat="50.08857688866556" lon="8.633988238871098">
        <ele>94.0</ele>
        <time>2026-09-23T07:07:40Z</time>
        <extensions>
          <gpxtpx:TrackPointExtension>
            <gpxtpx:hr>137</gpxtpx:hr>
          </gpxtpx:TrackPointExtension>
        </extensions>
      </trkpt>
      <trkpt lat="50.08861133828759" lon="8.634142130613327">
        <ele>94.0</ele>
        <time>2026-09-23T07:07:43Z</time>
        <extensions>
          <gpxtpx:TrackPointExtension>
            <gpxtpx:hr>139</gpxtpx:hr>
          </gpxtpx:TrackPointExtension>
        </extensions>
      </trkpt>
      <trkpt lat="50.08865123614669" lon="8.634312367066741">
        <ele>94.0</ele>
        <time>2026-09-23T07:07:46Z</time>
        <extensions>
          <gpxtpx:TrackPointExtension>
            <gpxtpx:hr>140</gpxtpx:hr>
          </gpxtpx:TrackPointExtension>
        </extensions>
      </trkpt>
      <trkpt lat="50.08868074044585" lon="8.634498780593276">
        <ele>94.0</ele>
        <time>2026-09-23T07:07:49Z</time>
        <extensions>
          <gpxtpx:TrackPointExtension>
            <gpxtpx:hr>140</gpxtpx:hr>
          </gpxtpx:TrackPointExtension>
        </extensions>
      </trkpt>
      <trkpt lat="50.08870219811797" lon="8.634663401171565">
        <ele>94.0</ele>
        <time>2026-09-23T07:07:52Z</time>
        <extensions>
          <gpxtpx:TrackPointExtension>
            <gpxtpx:hr>141</gpxtpx:hr>
          </gpxtpx:TrackPointExtension>
        </extensions>
      </trkpt>
      <trkpt lat="50.088720973581076" lon="8.634804552420974">
        <ele>95.0</ele>
        <time>2026-09-23T07:07:55Z</time>
        <extensions>
          <gpxtpx:TrackPointExtension>
            <gpxtpx:hr>142</gpxtpx:hr>
          </gpxtpx:TrackPointExtension>
        </extensions>
      </trkpt>
      <trkpt lat="50.08874938823283" lon="8.634950229898095">
        <ele>95.0</ele>
        <time>2026-09-23T07:07:58Z</time>
        <extensions>
          <gpxtpx:TrackPointExtension>
            <gpxtpx:hr>144</gpxtpx:hr>
          </gpxtpx:TrackPointExtension>
        </extensions>
      </trkpt>
      <trkpt lat="50.08877746760845" lon="8.635102277621627">
        <ele>95.0</ele>
        <time>2026-09-23T07:08:01Z</time>
        <extensions>
          <gpxtpx:TrackPointExtension>
            <gpxtpx:hr>143</gpxtpx:hr>
          </gpxtpx:TrackPointExtension>
        </extensions>
      </trkpt>
      <trkpt lat="50.08880068548024" lon="8.63524317741394">
        <ele>95.0</ele>
        <time>2026-09-23T07:08:04Z</time>
        <extensions>
          <gpxtpx:TrackPointExtension>
            <gpxtpx:hr>143</gpxtpx:hr>
          </gpxtpx:TrackPointExtension>
        </extensions>
      </trkpt>
      <trkpt lat="50.08881996385753" lon="8.635379383340478">
        <ele>95.0</ele>
        <time>2026-09-23T07:08:07Z</time>
        <extensions>
          <gpxtpx:TrackPointExtension>
            <gpxtpx:hr>145</gpxtpx:hr>
          </gpxtpx:TrackPointExtension>
        </extensions>
      </trkpt>
      <trkpt lat="50.08883748203516" lon="8.63550846464932">
        <ele>95.0</ele>
        <time>2026-09-23T07:08:10Z</time>
        <extensions>
          <gpxtpx:TrackPointExtension>
            <gpxtpx:hr>147</gpxtpx:hr>
          </gpxtpx:TrackPointExtension>
        </extensions>
      </trkpt>
      <trkpt lat="50.08884829469025" lon="8.63564919680357">
        <ele>95.0</ele>
        <time>2026-09-23T07:08:13Z</time>
        <extensions>
          <gpxtpx:TrackPointExtension>
            <gpxtpx:hr>149</gpxtpx:hr>
          </gpxtpx:TrackPointExtension>
        </extensions>
      </trkpt>
      <trkpt lat="50.08886338211596" lon="8.635813649743795">
        <ele>95.0</ele>
        <time>2026-09-23T07:08:16Z</time>
        <extensions>
          <gpxtpx:TrackPointExtension>
            <gpxtpx:hr>149</gpxtpx:hr>
          </gpxtpx:TrackPointExtension>
        </extensions>
      </trkpt>
      <trkpt lat="50.088880229741335" lon="8.63597466610372">
        <ele>95.0</ele>
        <time>2026-09-23T07:08:19Z</time>
        <extensions>
          <gpxtpx:TrackPointExtension>
            <gpxtpx:hr>151</gpxtpx:hr>
          </gpxtpx:TrackPointExtension>
        </extensions>
      </trkpt>
      <trkpt lat="50.0889044534415" lon="8.63610609434545">
        <ele>94.0</ele>
        <time>2026-09-23T07:08:22Z</time>
        <extensions>
          <gpxtpx:TrackPointExtension>
            <gpxtpx:hr>151</gpxtpx:hr>
          </gpxtpx:TrackPointExtension>
        </extensions>
      </trkpt>
      <trkpt lat="50.08892783895135" lon="8.636214891448617">
        <ele>94.0</ele>
        <time>2026-09-23T07:08:25Z</time>
        <extensions>
          <gpxtpx:TrackPointExtension>
            <gpxtpx:hr>151</gpxtpx:hr>
          </gpxtpx:TrackPointExtension>
        </extensions>
      </trkpt>
      <trkpt lat="50.08893387392163" lon="8.636315390467644">
        <ele>94.0</ele>
        <time>2026-09-23T07:08:28Z</time>
        <extensions>
          <gpxtpx:TrackPointExtension>
            <gpxtpx:hr>151</gpxtpx:hr>
          </gpxtpx:TrackPointExtension>
        </extensions>
      </trkpt>
      <trkpt lat="50.08893555030227" lon="8.636418739333749">
        <ele>94.0</ele>
        <time>2026-09-23T07:08:31Z</time>
        <extensions>
          <gpxtpx:TrackPointExtension>
            <gpxtpx:hr>151</gpxtpx:hr>
          </gpxtpx:TrackPointExtension>
        </extensions>
      </trkpt>
      <trkpt lat="50.08894803933799" lon="8.636533487588167">
        <ele>94.0</ele>
        <time>2026-09-23T07:08:34Z</time>
        <extensions>
          <gpxtpx:TrackPointExtension>
            <gpxtpx:hr>150</gpxtpx:hr>
          </gpxtpx:TrackPointExtension>
        </extensions>
      </trkpt>
      <trkpt lat="50.088961282745004" lon="8.636662485077977">
        <ele>94.0</ele>
        <time>2026-09-23T07:08:37Z</time>
        <extensions>
          <gpxtpx:TrackPointExtension>
            <gpxtpx:hr>149</gpxtpx:hr>
          </gpxtpx:TrackPointExtension>
        </extensions>
      </trkpt>
      <trkpt lat="50.088963294401765" lon="8.636782597750425">
        <ele>94.0</ele>
        <time>2026-09-23T07:08:40Z</time>
        <extensions>
          <gpxtpx:TrackPointExtension>
            <gpxtpx:hr>149</gpxtpx:hr>
          </gpxtpx:TrackPointExtension>
        </extensions>
      </trkpt>
      <trkpt lat="50.08897586725652" lon="8.636897262185812">
        <ele>94.0</ele>
        <time>2026-09-23T07:08:43Z</time>
        <extensions>
          <gpxtpx:TrackPointExtension>
            <gpxtpx:hr>149</gpxtpx:hr>
          </gpxtpx:TrackPointExtension>
        </extensions>
      </trkpt>
      <trkpt lat="50.08900076150894" lon="8.637015949934721">
        <ele>94.0</ele>
        <time>2026-09-23T07:08:46Z</time>
        <extensions>
          <gpxtpx:TrackPointExtension>
            <gpxtpx:hr>149</gpxtpx:hr>
          </gpxtpx:TrackPointExtension>
        </extensions>
      </trkpt>
      <trkpt lat="50.0890252366662" lon="8.637150647118688">
        <ele>94.0</ele>
        <time>2026-09-23T07:08:49Z</time>
        <extensions>
          <gpxtpx:TrackPointExtension>
            <gpxtpx:hr>149</gpxtpx:hr>
          </gpxtpx:TrackPointExtension>
        </extensions>
      </trkpt>
      <trkpt lat="50.089052729308605" lon="8.637297665700316">
        <ele>94.0</ele>
        <time>2026-09-23T07:08:52Z</time>
        <extensions>
          <gpxtpx:TrackPointExtension>
            <gpxtpx:hr>148</gpxtpx:hr>
          </gpxtpx:TrackPointExtension>
        </extensions>
      </trkpt>
      <trkpt lat="50.08908567018807" lon="8.63743077032268">
        <ele>94.0</ele>
        <time>2026-09-23T07:08:55Z</time>
        <extensions>
          <gpxtpx:TrackPointExtension>
            <gpxtpx:hr>148</gpxtpx:hr>
          </gpxtpx:TrackPointExtension>
        </extensions>
      </trkpt>
      <trkpt lat="50.089116180315614" lon="8.63755683414638">
        <ele>93.0</ele>
        <time>2026-09-23T07:08:58Z</time>
        <extensions>
          <gpxtpx:TrackPointExtension>
            <gpxtpx:hr>148</gpxtpx:hr>
          </gpxtpx:TrackPointExtension>
        </extensions>
      </trkpt>
      <trkpt lat="50.08914769627154" lon="8.637682981789112">
        <ele>93.0</ele>
        <time>2026-09-23T07:09:01Z</time>
        <extensions>
          <gpxtpx:TrackPointExtension>
            <gpxtpx:hr>149</gpxtpx:hr>
          </gpxtpx:TrackPointExtension>
        </extensions>
      </trkpt>
      <trkpt lat="50.089173931628466" lon="8.637829581275582">
        <ele>93.0</ele>
        <time>2026-09-23T07:09:04Z</time>
        <extensions>
          <gpxtpx:TrackPointExtension>
            <gpxtpx:hr>149</gpxtpx:hr>
          </gpxtpx:TrackPointExtension>
        </extensions>
      </trkpt>
      <trkpt lat="50.08918893523514" lon="8.637990346178412">
        <ele>93.0</ele>
        <time>2026-09-23T07:09:07Z</time>
        <extensions>
          <gpxtpx:TrackPointExtension>
            <gpxtpx:hr>150</gpxtpx:hr>
          </gpxtpx:TrackPointExtension>
        </extensions>
      </trkpt>
      <trkpt lat="50.08919823914766" lon="8.638140968978405">
        <ele>93.0</ele>
        <time>2026-09-23T07:09:10Z</time>
        <extensions>
          <gpxtpx:TrackPointExtension>
            <gpxtpx:hr>150</gpxtpx:hr>
          </gpxtpx:TrackPointExtension>
        </extensions>
      </trkpt>
      <trkpt lat="50.08921173401177" lon="8.638279102742672">
        <ele>93.0</ele>
        <time>2026-09-23T07:09:13Z</time>
        <extensions>
          <gpxtpx:TrackPointExtension>
            <gpxtpx:hr>150</gpxtpx:hr>
          </gpxtpx:TrackPointExtension>
        </extensions>
      </trkpt>
      <trkpt lat="50.089238891378045" lon="8.638409189879894">
        <ele>93.0</ele>
        <time>2026-09-23T07:09:16Z</time>
        <extensions>
          <gpxtpx:TrackPointExtension>
            <gpxtpx:hr>150</gpxtpx:hr>
          </gpxtpx:TrackPointExtension>
        </extensions>
      </trkpt>
      <trkpt lat="50.08927728049457" lon="8.638534834608436">
        <ele>93.0</ele>
        <time>2026-09-23T07:09:19Z</time>
        <extensions>
          <gpxtpx:TrackPointExtension>
            <gpxtpx:hr>150</gpxtpx:hr>
          </gpxtpx:TrackPointExtension>
        </extensions>
      </trkpt>
      <trkpt lat="50.08932773955166" lon="8.638650588691235">
        <ele>93.0</ele>
        <time>2026-09-23T07:09:22Z</time>
        <extensions>
          <gpxtpx:TrackPointExtension>
            <gpxtpx:hr>151</gpxtpx:hr>
          </gpxtpx:TrackPointExtension>
        </extensions>
      </trkpt>
      <trkpt lat="50.089385407045484" lon="8.638753183186054">
        <ele>93.0</ele>
        <time>2026-09-23T07:09:25Z</time>
        <extensions>
          <gpxtpx:TrackPointExtension>
            <gpxtpx:hr>150</gpxtpx:hr>
          </gpxtpx:TrackPointExtension>
        </extensions>
      </trkpt>
      <trkpt lat="50.08944978006184" lon="8.6388199031353">
        <ele>93.0</ele>
        <time>2026-09-23T07:09:28Z</time>
        <extensions>
          <gpxtpx:TrackPointExtension>
            <gpxtpx:hr>150</gpxtpx:hr>
          </gpxtpx:TrackPointExtension>
        </extensions>
      </trkpt>
      <trkpt lat="50.08952303789556" lon="8.638785788789392">
        <ele>93.0</ele>
        <time>2026-09-23T07:09:31Z</time>
        <extensions>
          <gpxtpx:TrackPointExtension>
            <gpxtpx:hr>150</gpxtpx:hr>
          </gpxtpx:TrackPointExtension>
        </extensions>
      </trkpt>
      <trkpt lat="50.08960157632828" lon="8.638679757714272">
        <ele>93.0</ele>
        <time>2026-09-23T07:09:34Z</time>
        <extensions>
          <gpxtpx:TrackPointExtension>
            <gpxtpx:hr>149</gpxtpx:hr>
          </gpxtpx:TrackPointExtension>
        </extensions>
      </trkpt>
      <trkpt lat="50.0896729901433" lon="8.638561069965363">
        <ele>93.0</ele>
        <time>2026-09-23T07:09:37Z</time>
        <extensions>
          <gpxtpx:TrackPointExtension>
            <gpxtpx:hr>149</gpxtpx:hr>
          </gpxtpx:TrackPointExtension>
        </extensions>
      </trkpt>
      <trkpt lat="50.089745577424765" lon="8.638460151851177">
        <ele>93.0</ele>
        <time>2026-09-23T07:09:40Z</time>
        <extensions>
          <gpxtpx:TrackPointExtension>
            <gpxtpx:hr>149</gpxtpx:hr>
          </gpxtpx:TrackPointExtension>
        </extensions>
      </trkpt>
      <trkpt lat="50.08982453495264" lon="8.63837767392397">
        <ele>93.0</ele>
        <time>2026-09-23T07:09:43Z</time>
        <extensions>
          <gpxtpx:TrackPointExtension>
            <gpxtpx:hr>148</gpxtpx:hr>
          </gpxtpx:TrackPointExtension>
        </extensions>
      </trkpt>
      <trkpt lat="50.08990164846182" lon="8.638306427747011">
        <ele>93.0</ele>
        <time>2026-09-23T07:09:46Z</time>
        <extensions>
          <gpxtpx:TrackPointExtension>
            <gpxtpx:hr>148</gpxtpx:hr>
          </gpxtpx:TrackPointExtension>
        </extensions>
      </trkpt>
      <trkpt lat="50.08997499011457" lon="8.638235181570053">
        <ele>93.0</ele>
        <time>2026-09-23T07:09:49Z</time>
        <extensions>
          <gpxtpx:TrackPointExtension>
            <gpxtpx:hr>148</gpxtpx:hr>
          </gpxtpx:TrackPointExtension>
        </extensions>
      </trkpt>
      <trkpt lat="50.090046068653464" lon="8.638166366145015">
        <ele>92.0</ele>
        <time>2026-09-23T07:09:52Z</time>
        <extensions>
          <gpxtpx:TrackPointExtension>
            <gpxtpx:hr>148</gpxtpx:hr>
          </gpxtpx:TrackPointExtension>
        </extensions>
      </trkpt>
      <trkpt lat="50.090115051716566" lon="8.638093862682581">
        <ele>92.0</ele>
        <time>2026-09-23T07:09:55Z</time>
        <extensions>
          <gpxtpx:TrackPointExtension>
            <gpxtpx:hr>148</gpxtpx:hr>
          </gpxtpx:TrackPointExtension>
        </extensions>
      </trkpt>
      <trkpt lat="50.09017959237099" lon="8.638059664517641">
        <ele>92.0</ele>
        <time>2026-09-23T07:09:58Z</time>
        <extensions>
          <gpxtpx:TrackPointExtension>
            <gpxtpx:hr>147</gpxtpx:hr>
          </gpxtpx:TrackPointExtension>
        </extensions>
      </trkpt>
      <trkpt lat="50.090227453038096" lon="8.638093275949359">
        <ele>91.0</ele>
        <time>2026-09-23T07:10:01Z</time>
        <extensions>
          <gpxtpx:TrackPointExtension>
            <gpxtpx:hr>148</gpxtpx:hr>
          </gpxtpx:TrackPointExtension>
        </extensions>
      </trkpt>
      <trkpt lat="50.09026248939335" lon="8.63818028010428">
        <ele>91.0</ele>
        <time>2026-09-23T07:10:04Z</time>
        <extensions>
          <gpxtpx:TrackPointExtension>
            <gpxtpx:hr>148</gpxtpx:hr>
          </gpxtpx:TrackPointExtension>
        </extensions>
      </trkpt>
      <trkpt lat="50.09028788655996" lon="8.638297626748681">
        <ele>91.0</ele>
        <time>2026-09-23T07:10:07Z</time>
        <extensions>
          <gpxtpx:TrackPointExtension>
            <gpxtpx:hr>148</gpxtpx:hr>
          </gpxtpx:TrackPointExtension>
        </extensions>
      </trkpt>
      <trkpt lat="50.09030666202307" lon="8.63841530866921">
        <ele>91.0</ele>
        <time>2026-09-23T07:10:10Z</time>
        <extensions>
          <gpxtpx:TrackPointExtension>
            <gpxtpx:hr>147</gpxtpx:hr>
          </gpxtpx:TrackPointExtension>
        </extensions>
      </trkpt>
      <trkpt lat="50.090321665629745" lon="8.63853408023715">
        <ele>91.0</ele>
        <time>2026-09-23T07:10:13Z</time>
        <extensions>
          <gpxtpx:TrackPointExtension>
            <gpxtpx:hr>147</gpxtpx:hr>
          </gpxtpx:TrackPointExtension>
        </extensions>
      </trkpt>
      <trkpt lat="50.090348571538925" lon="8.638653103262186">
        <ele>91.0</ele>
        <time>2026-09-23T07:10:16Z</time>
        <extensions>
          <gpxtpx:TrackPointExtension>
            <gpxtpx:hr>146</gpxtpx:hr>
          </gpxtpx:TrackPointExtension>
        </extensions>
      </trkpt>
      <trkpt lat="50.09038209915161" lon="8.638769360259175">
        <ele>91.0</ele>
        <time>2026-09-23T07:10:19Z</time>
        <extensions>
          <gpxtpx:TrackPointExtension>
            <gpxtpx:hr>147</gpxtpx:hr>
          </gpxtpx:TrackPointExtension>
        </extensions>
      </trkpt>
      <trkpt lat="50.090417889878154" lon="8.638873379677534">
        <ele>91.0</ele>
        <time>2026-09-23T07:10:22Z</time>
        <extensions>
          <gpxtpx:TrackPointExtension>
            <gpxtpx:hr>148</gpxtpx:hr>
          </gpxtpx:TrackPointExtension>
        </extensions>
      </trkpt>
      <trkpt lat="50.09045829065144" lon="8.638971950858831">
        <ele>91.0</ele>
        <time>2026-09-23T07:10:25Z</time>
        <extensions>
          <gpxtpx:TrackPointExtension>
            <gpxtpx:hr>148</gpxtpx:hr>
          </gpxtpx:TrackPointExtension>
        </extensions>
      </trkpt>
      <trkpt lat="50.09050078690052" lon="8.639071276411414">
        <ele>91.0</ele>
        <time>2026-09-23T07:10:28Z</time>
        <extensions>
          <gpxtpx:TrackPointExtension>
            <gpxtpx:hr>148</gpxtpx:hr>
          </gpxtpx:TrackPointExtension>
        </extensions>
      </trkpt>
      <trkpt lat="50.09054973721504" lon="8.639179738238454">
        <ele>91.0</ele>
        <time>2026-09-23T07:10:31Z</time>
        <extensions>
          <gpxtpx:TrackPointExtension>
            <gpxtpx:hr>148</gpxtpx:hr>
          </gpxtpx:TrackPointExtension>
        </extensions>
      </trkpt>
      <trkpt lat="50.09059407748282" lon="8.639283338561654">
        <ele>91.0</ele>
        <time>2026-09-23T07:10:34Z</time>
        <extensions>
          <gpxtpx:TrackPointExtension>
            <gpxtpx:hr>147</gpxtpx:hr>
          </gpxtpx:TrackPointExtension>
        </extensions>
      </trkpt>
      <trkpt lat="50.090634897351265" lon="8.639380149543285">
        <ele>91.0</ele>
        <time>2026-09-23T07:10:37Z</time>
        <extensions>
          <gpxtpx:TrackPointExtension>
            <gpxtpx:hr>147</gpxtpx:hr>
          </gpxtpx:TrackPointExtension>
        </extensions>
      </trkpt>
      <trkpt lat="50.09069139137864" lon="8.63949280232191">
        <ele>92.0</ele>
        <time>2026-09-23T07:10:40Z</time>
        <extensions>
          <gpxtpx:TrackPointExtension>
            <gpxtpx:hr>148</gpxtpx:hr>
          </gpxtpx:TrackPointExtension>
        </extensions>
      </trkpt>
      <trkpt lat="50.090745370835066" lon="8.639610232785344">
        <ele>92.0</ele>
        <time>2026-09-23T07:10:43Z</time>
        <extensions>
          <gpxtpx:TrackPointExtension>
            <gpxtpx:hr>148</gpxtpx:hr>
          </gpxtpx:TrackPointExtension>
        </extensions>
      </trkpt>
      <trkpt lat="50.09079557843506" lon="8.639712994918227">
        <ele>92.0</ele>
        <time>2026-09-23T07:10:46Z</time>
        <extensions>
          <gpxtpx:TrackPointExtension>
            <gpxtpx:hr>148</gpxtpx:hr>
          </gpxtpx:TrackPointExtension>
        </extensions>
      </trkpt>
      <trkpt lat="50.09084729477763" lon="8.639833275228739">
        <ele>92.0</ele>
        <time>2026-09-23T07:10:49Z</time>
        <extensions>
          <gpxtpx:TrackPointExtension>
            <gpxtpx:hr>148</gpxtpx:hr>
          </gpxtpx:TrackPointExtension>
        </extensions>
      </trkpt>
      <trkpt lat="50.090891970321536" lon="8.63996529020369">
        <ele>92.0</ele>
        <time>2026-09-23T07:10:52Z</time>
        <extensions>
          <gpxtpx:TrackPointExtension>
            <gpxtpx:hr>148</gpxtpx:hr>
          </gpxtpx:TrackPointExtension>
        </extensions>
      </trkpt>
      <trkpt lat="50.0909405015409" lon="8.640086157247424">
        <ele>92.0</ele>
        <time>2026-09-23T07:10:55Z</time>
        <extensions>
          <gpxtpx:TrackPointExtension>
            <gpxtpx:hr>148</gpxtpx:hr>
          </gpxtpx:TrackPointExtension>
        </extensions>
      </trkpt>
      <trkpt lat="50.090994061902165" lon="8.640201073139906">
        <ele>92.0</ele>
        <time>2026-09-23T07:10:58Z</time>
        <extensions>
          <gpxtpx:TrackPointExtension>
            <gpxtpx:hr>149</gpxtpx:hr>
          </gpxtpx:TrackPointExtension>
        </extensions>
      </trkpt>
      <trkpt lat="50.091039491817355" lon="8.640311630442739">
        <ele>92.0</ele>
        <time>2026-09-23T07:11:01Z</time>
        <extensions>
          <gpxtpx:TrackPointExtension>
            <gpxtpx:hr>149</gpxtpx:hr>
          </gpxtpx:TrackPointExtension>
        </extensions>
      </trkpt>
      <trkpt lat="50.0910768751055" lon="8.640410704538226">
        <ele>92.0</ele>
        <time>2026-09-23T07:11:04Z</time>
        <extensions>
          <gpxtpx:TrackPointExtension>
            <gpxtpx:hr>150</gpxtpx:hr>
          </gpxtpx:TrackPointExtension>
        </extensions>
      </trkpt>
      <trkpt lat="50.09110973216593" lon="8.64052327349782">
        <ele>92.0</ele>
        <time>2026-09-23T07:11:07Z</time>
        <extensions>
          <gpxtpx:TrackPointExtension>
            <gpxtpx:hr>151</gpxtpx:hr>
          </gpxtpx:TrackPointExtension>
        </extensions>
      </trkpt>
      <trkpt lat="50.0911426730454" lon="8.64065084606409">
        <ele>92.0</ele>
        <time>2026-09-23T07:11:10Z</time>
        <extensions>
          <gpxtpx:TrackPointExtension>
            <gpxtpx:hr>151</gpxtpx:hr>
          </gpxtpx:TrackPointExtension>
        </extensions>
      </trkpt>
      <trkpt lat="50.09119153954089" lon="8.640784788876772">
        <ele>92.0</ele>
        <time>2026-09-23T07:11:13Z</time>
        <extensions>
          <gpxtpx:TrackPointExtension>
            <gpxtpx:hr>151</gpxtpx:hr>
          </gpxtpx:TrackPointExtension>
        </extensions>
      </trkpt>
      <trkpt lat="50.0912513025105" lon="8.640908002853394">
        <ele>92.0</ele>
        <time>2026-09-23T07:11:16Z</time>
        <extensions>
          <gpxtpx:TrackPointExtension>
            <gpxtpx:hr>150</gpxtpx:hr>
          </gpxtpx:TrackPointExtension>
        </extensions>
      </trkpt>
      <trkpt lat="50.09132405743003" lon="8.64100162871182">
        <ele>92.0</ele>
        <time>2026-09-23T07:11:19Z</time>
        <extensions>
          <gpxtpx:TrackPointExtension>
            <gpxtpx:hr>150</gpxtpx:hr>
          </gpxtpx:TrackPointExtension>
        </extensions>
      </trkpt>
      <trkpt lat="50.09140075184405" lon="8.64109299145639">
        <ele>92.0</ele>
        <time>2026-09-23T07:11:22Z</time>
        <extensions>
          <gpxtpx:TrackPointExtension>
            <gpxtpx:hr>151</gpxtpx:hr>
          </gpxtpx:TrackPointExtension>
        </extensions>
      </trkpt>
      <trkpt lat="50.09146520867944" lon="8.641202794387937">
        <ele>92.0</ele>
        <time>2026-09-23T07:11:25Z</time>
        <extensions>
          <gpxtpx:TrackPointExtension>
            <gpxtpx:hr>151</gpxtpx:hr>
          </gpxtpx:TrackPointExtension>
        </extensions>
      </trkpt>
      <trkpt lat="50.09150778874755" lon="8.641319302842021">
        <ele>92.0</ele>
        <time>2026-09-23T07:11:28Z</time>
        <extensions>
          <gpxtpx:TrackPointExtension>
            <gpxtpx:hr>151</gpxtpx:hr>
          </gpxtpx:TrackPointExtension>
        </extensions>
      </trkpt>
      <trkpt lat="50.09153570048511" lon="8.641419047489762">
        <ele>92.0</ele>
        <time>2026-09-23T07:11:31Z</time>
        <extensions>
          <gpxtpx:TrackPointExtension>
            <gpxtpx:hr>150</gpxtpx:hr>
          </gpxtpx:TrackPointExtension>
        </extensions>
      </trkpt>
      <trkpt lat="50.091555984690785" lon="8.641509404405951">
        <ele>92.0</ele>
        <time>2026-09-23T07:11:34Z</time>
        <extensions>
          <gpxtpx:TrackPointExtension>
            <gpxtpx:hr>149</gpxtpx:hr>
          </gpxtpx:TrackPointExtension>
        </extensions>
      </trkpt>
      <trkpt lat="50.09158716537058" lon="8.641601856797934">
        <ele>92.0</ele>
        <time>2026-09-23T07:11:37Z</time>
        <extensions>
          <gpxtpx:TrackPointExtension>
            <gpxtpx:hr>148</gpxtpx:hr>
          </gpxtpx:TrackPointExtension>
        </extensions>
      </trkpt>
      <trkpt lat="50.091631673276424" lon="8.64169204607606">
        <ele>92.0</ele>
        <time>2026-09-23T07:11:40Z</time>
        <extensions>
          <gpxtpx:TrackPointExtension>
            <gpxtpx:hr>147</gpxtpx:hr>
          </gpxtpx:TrackPointExtension>
        </extensions>
      </trkpt>
      <trkpt lat="50.091681545600295" lon="8.64177368581295">
        <ele>92.0</ele>
        <time>2026-09-23T07:11:43Z</time>
        <extensions>
          <gpxtpx:TrackPointExtension>
            <gpxtpx:hr>147</gpxtpx:hr>
          </gpxtpx:TrackPointExtension>
        </extensions>
      </trkpt>
      <trkpt lat="50.09174675680697" lon="8.641849039122462">
        <ele>91.0</ele>
        <time>2026-09-23T07:11:46Z</time>
        <extensions>
          <gpxtpx:TrackPointExtension>
            <gpxtpx:hr>147</gpxtpx:hr>
          </gpxtpx:TrackPointExtension>
        </extensions>
      </trkpt>
      <trkpt lat="50.091816829517484" lon="8.641930427402258">
        <ele>91.0</ele>
        <time>2026-09-23T07:11:49Z</time>
        <extensions>
          <gpxtpx:TrackPointExtension>
            <gpxtpx:hr>148</gpxtpx:hr>
          </gpxtpx:TrackPointExtension>
        </extensions>
      </trkpt>
      <trkpt lat="50.091877430677414" lon="8.642030088230968">
        <ele>91.0</ele>
        <time>2026-09-23T07:11:52Z</time>
        <extensions>
          <gpxtpx:TrackPointExtension>
            <gpxtpx:hr>148</gpxtpx:hr>
          </gpxtpx:TrackPointExtension>
        </extensions>
      </trkpt>
      <trkpt lat="50.09194163605571" lon="8.642142657190561">
        <ele>91.0</ele>
        <time>2026-09-23T07:11:55Z</time>
        <extensions>
          <gpxtpx:TrackPointExtension>
            <gpxtpx:hr>148</gpxtpx:hr>
          </gpxtpx:TrackPointExtension>
        </extensions>
      </trkpt>
      <trkpt lat="50.0920092780143" lon="8.64225648343563">
        <ele>91.0</ele>
        <time>2026-09-23T07:11:58Z</time>
        <extensions>
          <gpxtpx:TrackPointExtension>
            <gpxtpx:hr>148</gpxtpx:hr>
          </gpxtpx:TrackPointExtension>
        </extensions>
      </trkpt>
      <trkpt lat="50.09206091053784" lon="8.64236829802394">
        <ele>91.0</ele>
        <time>2026-09-23T07:12:01Z</time>
        <extensions>
          <gpxtpx:TrackPointExtension>
            <gpxtpx:hr>149</gpxtpx:hr>
          </gpxtpx:TrackPointExtension>
        </extensions>
      </trkpt>
      <trkpt lat="50.092100305482745" lon="8.64247290417552">
        <ele>91.0</ele>
        <time>2026-09-23T07:12:04Z</time>
        <extensions>
          <gpxtpx:TrackPointExtension>
            <gpxtpx:hr>150</gpxtpx:hr>
          </gpxtpx:TrackPointExtension>
        </extensions>
      </trkpt>
      <trkpt lat="50.09213869459927" lon="8.642565943300724">
        <ele>91.0</ele>
        <time>2026-09-23T07:12:07Z</time>
        <extensions>
          <gpxtpx:TrackPointExtension>
            <gpxtpx:hr>151</gpxtpx:hr>
          </gpxtpx:TrackPointExtension>
        </extensions>
      </trkpt>
      <trkpt lat="50.09218814782798" lon="8.642671052366495">
        <ele>91.0</ele>
        <time>2026-09-23T07:12:10Z</time>
        <extensions>
          <gpxtpx:TrackPointExtension>
            <gpxtpx:hr>151</gpxtpx:hr>
          </gpxtpx:TrackPointExtension>
        </extensions>
      </trkpt>
      <trkpt lat="50.092232236638665" lon="8.642769707366824">
        <ele>91.0</ele>
        <time>2026-09-23T07:12:13Z</time>
        <extensions>
          <gpxtpx:TrackPointExtension>
            <gpxtpx:hr>150</gpxtpx:hr>
          </gpxtpx:TrackPointExtension>
        </extensions>
      </trkpt>
      <trkpt lat="50.09226811118424" lon="8.642874732613564">
        <ele>91.0</ele>
        <time>2026-09-23T07:12:16Z</time>
        <extensions>
          <gpxtpx:TrackPointExtension>
            <gpxtpx:hr>150</gpxtpx:hr>
          </gpxtpx:TrackPointExtension>
        </extensions>
      </trkpt>
      <trkpt lat="50.092296274378896" lon="8.642982356250286">
        <ele>91.0</ele>
        <time>2026-09-23T07:12:19Z</time>
        <extensions>
          <gpxtpx:TrackPointExtension>
            <gpxtpx:hr>150</gpxtpx:hr>
          </gpxtpx:TrackPointExtension>
        </extensions>
      </trkpt>
      <trkpt lat="50.09231789968908" lon="8.643104899674654">
        <ele>91.0</ele>
        <time>2026-09-23T07:12:22Z</time>
        <extensions>
          <gpxtpx:TrackPointExtension>
            <gpxtpx:hr>150</gpxtpx:hr>
          </gpxtpx:TrackPointExtension>
        </extensions>
      </trkpt>
      <trkpt lat="50.092342710122466" lon="8.64324688911438">
        <ele>90.0</ele>
        <time>2026-09-23T07:12:25Z</time>
        <extensions>
          <gpxtpx:TrackPointExtension>
            <gpxtpx:hr>149</gpxtpx:hr>
          </gpxtpx:TrackPointExtension>
        </extensions>
      </trkpt>
      <trkpt lat="50.092362659052014" lon="8.643397344276309">
        <ele>90.0</ele>
        <time>2026-09-23T07:12:28Z</time>
        <extensions>
          <gpxtpx:TrackPointExtension>
            <gpxtpx:hr>149</gpxtpx:hr>
          </gpxtpx:TrackPointExtension>
        </extensions>
      </trkpt>
      <trkpt lat="50.0923771597445" lon="8.64354008808732">
        <ele>90.0</ele>
        <time>2026-09-23T07:12:31Z</time>
        <extensions>
          <gpxtpx:TrackPointExtension>
            <gpxtpx:hr>148</gpxtpx:hr>
          </gpxtpx:TrackPointExtension>
        </extensions>
      </trkpt>
      <trkpt lat="50.09238738566637" lon="8.643667493015528">
        <ele>90.0</ele>
        <time>2026-09-23T07:12:34Z</time>
        <extensions>
          <gpxtpx:TrackPointExtension>
            <gpxtpx:hr>146</gpxtpx:hr>
          </gpxtpx:TrackPointExtension>
        </extensions>
      </trkpt>
      <trkpt lat="50.0923911575228" lon="8.643784169107676">
        <ele>90.0</ele>
        <time>2026-09-23T07:12:37Z</time>
        <extensions>
          <gpxtpx:TrackPointExtension>
            <gpxtpx:hr>145</gpxtpx:hr>
          </gpxtpx:TrackPointExtension>
        </extensions>
      </trkpt>
      <trkpt lat="50.0924014672637" lon="8.643890200182796">
        <ele>90.0</ele>
        <time>2026-09-23T07:12:40Z</time>
        <extensions>
          <gpxtpx:TrackPointExtension>
            <gpxtpx:hr>145</gpxtpx:hr>
          </gpxtpx:TrackPointExtension>
        </extensions>
      </trkpt>
      <trkpt lat="50.09241093881428" lon="8.643989861011505">
        <ele>90.0</ele>
        <time>2026-09-23T07:12:43Z</time>
        <extensions>
          <gpxtpx:TrackPointExtension>
            <gpxtpx:hr>146</gpxtpx:hr>
          </gpxtpx:TrackPointExtension>
        </extensions>
      </trkpt>
      <trkpt lat="50.09242267347872" lon="8.644091198220849">
        <ele>90.0</ele>
        <time>2026-09-23T07:12:46Z</time>
        <extensions>
          <gpxtpx:TrackPointExtension>
            <gpxtpx:hr>146</gpxtpx:hr>
          </gpxtpx:TrackPointExtension>
        </extensions>
      </trkpt>
      <trkpt lat="50.09245033375919" lon="8.644220363348722">
        <ele>90.0</ele>
        <time>2026-09-23T07:12:49Z</time>
        <extensions>
          <gpxtpx:TrackPointExtension>
            <gpxtpx:hr>147</gpxtpx:hr>
          </gpxtpx:TrackPointExtension>
        </extensions>
      </trkpt>
      <trkpt lat="50.092491656541824" lon="8.644362604245543">
        <ele>90.0</ele>
        <time>2026-09-23T07:12:52Z</time>
        <extensions>
          <gpxtpx:TrackPointExtension>
            <gpxtpx:hr>147</gpxtpx:hr>
          </gpxtpx:TrackPointExtension>
        </extensions>
      </trkpt>
      <trkpt lat="50.09253264404833" lon="8.644499061629176">
        <ele>90.0</ele>
        <time>2026-09-23T07:12:55Z</time>
        <extensions>
          <gpxtpx:TrackPointExtension>
            <gpxtpx:hr>148</gpxtpx:hr>
          </gpxtpx:TrackPointExtension>
        </extensions>
      </trkpt>
      <trkpt lat="50.09257497265935" lon="8.644632250070572">
        <ele>90.0</ele>
        <time>2026-09-23T07:12:58Z</time>
        <extensions>
          <gpxtpx:TrackPointExtension>
            <gpxtpx:hr>149</gpxtpx:hr>
          </gpxtpx:TrackPointExtension>
        </extensions>
      </trkpt>
      <trkpt lat="50.09262425825" lon="8.644757391884923">
        <ele>90.0</ele>
        <time>2026-09-23T07:13:01Z</time>
        <extensions>
          <gpxtpx:TrackPointExtension>
            <gpxtpx:hr>149</gpxtpx:hr>
          </gpxtpx:TrackPointExtension>
        </extensions>
      </trkpt>
      <trkpt lat="50.092662647366524" lon="8.644878678023815">
        <ele>90.0</ele>
        <time>2026-09-23T07:13:04Z</time>
        <extensions>
          <gpxtpx:TrackPointExtension>
            <gpxtpx:hr>149</gpxtpx:hr>
          </gpxtpx:TrackPointExtension>
        </extensions>
      </trkpt>
      <trkpt lat="50.09267329238355" lon="8.644973980262876">
        <ele>90.0</ele>
        <time>2026-09-23T07:13:07Z</time>
        <extensions>
          <gpxtpx:TrackPointExtension>
            <gpxtpx:hr>150</gpxtpx:hr>
          </gpxtpx:TrackPointExtension>
        </extensions>
      </trkpt>
      <trkpt lat="50.09265996515751" lon="8.64504849538207">
        <ele>90.0</ele>
        <time>2026-09-23T07:13:10Z</time>
        <extensions>
          <gpxtpx:TrackPointExtension>
            <gpxtpx:hr>150</gpxtpx:hr>
          </gpxtpx:TrackPointExtension>
        </extensions>
      </trkpt>
      <trkpt lat="50.092627946287394" lon="8.645098451524973">
        <ele>90.0</ele>
        <time>2026-09-23T07:13:13Z</time>
        <extensions>
          <gpxtpx:TrackPointExtension>
            <gpxtpx:hr>151</gpxtpx:hr>
          </gpxtpx:TrackPointExtension>
        </extensions>
      </trkpt>
      <trkpt lat="50.092585450038314" lon="8.645142456516623">
        <ele>90.0</ele>
        <time>2026-09-23T07:13:16Z</time>
        <extensions>
          <gpxtpx:TrackPointExtension>
            <gpxtpx:hr>152</gpxtpx:hr>
          </gpxtpx:TrackPointExtension>
        </extensions>
      </trkpt>
      <trkpt lat="50.09254798293114" lon="8.645187383517623">
        <ele>91.0</ele>
        <time>2026-09-23T07:13:19Z</time>
        <extensions>
          <gpxtpx:TrackPointExtension>
            <gpxtpx:hr>152</gpxtpx:hr>
          </gpxtpx:TrackPointExtension>
        </extensions>
      </trkpt>
      <trkpt lat="50.09252518415451" lon="8.645242871716619">
        <ele>91.0</ele>
        <time>2026-09-23T07:13:22Z</time>
        <extensions>
          <gpxtpx:TrackPointExtension>
            <gpxtpx:hr>152</gpxtpx:hr>
          </gpxtpx:TrackPointExtension>
        </extensions>
      </trkpt>
      <trkpt lat="50.09252795018256" lon="8.64531964994967">
        <ele>91.0</ele>
        <time>2026-09-23T07:13:25Z</time>
        <extensions>
          <gpxtpx:TrackPointExtension>
            <gpxtpx:hr>152</gpxtpx:hr>
          </gpxtpx:TrackPointExtension>
        </extensions>
      </trkpt>
      <trkpt lat="50.092551838606596" lon="8.645419143140316">
        <ele>92.0</ele>
        <time>2026-09-23T07:13:28Z</time>
        <extensions>
          <gpxtpx:TrackPointExtension>
            <gpxtpx:hr>152</gpxtpx:hr>
          </gpxtpx:TrackPointExtension>
        </extensions>
      </trkpt>
      <trkpt lat="50.09257983416319" lon="8.64553120918572">
        <ele>93.0</ele>
        <time>2026-09-23T07:13:31Z</time>
        <extensions>
          <gpxtpx:TrackPointExtension>
            <gpxtpx:hr>152</gpxtpx:hr>
          </gpxtpx:TrackPointExtension>
        </extensions>
      </trkpt>
      <trkpt lat="50.092604560777545" lon="8.645658697932959">
        <ele>93.0</ele>
        <time>2026-09-23T07:13:34Z</time>
        <extensions>
          <gpxtpx:TrackPointExtension>
            <gpxtpx:hr>152</gpxtpx:hr>
          </gpxtpx:TrackPointExtension>
        </extensions>
      </trkpt>
      <trkpt lat="50.09262777864933" lon="8.645783001556993">
        <ele>93.0</ele>
        <time>2026-09-23T07:13:37Z</time>
        <extensions>
          <gpxtpx:TrackPointExtension>
            <gpxtpx:hr>152</gpxtpx:hr>
          </gpxtpx:TrackPointExtension>
        </extensions>
      </trkpt>
      <trkpt lat="50.09263163432479" lon="8.645907137542963">
        <ele>93.0</ele>
        <time>2026-09-23T07:13:40Z</time>
        <extensions>
          <gpxtpx:TrackPointExtension>
            <gpxtpx:hr>152</gpxtpx:hr>
          </gpxtpx:TrackPointExtension>
        </extensions>
      </trkpt>
      <trkpt lat="50.092642195522785" lon="8.646058598533273">
        <ele>93.0</ele>
        <time>2026-09-23T07:13:43Z</time>
        <extensions>
          <gpxtpx:TrackPointExtension>
            <gpxtpx:hr>152</gpxtpx:hr>
          </gpxtpx:TrackPointExtension>
        </extensions>
      </trkpt>
      <trkpt lat="50.092663150280714" lon="8.64621190354228">
        <ele>93.0</ele>
        <time>2026-09-23T07:13:46Z</time>
        <extensions>
          <gpxtpx:TrackPointExtension>
            <gpxtpx:hr>152</gpxtpx:hr>
          </gpxtpx:TrackPointExtension>
        </extensions>
      </trkpt>
      <trkpt lat="50.09269039146602" lon="8.646342074498534">
        <ele>93.0</ele>
        <time>2026-09-23T07:13:49Z</time>
        <extensions>
          <gpxtpx:TrackPointExtension>
            <gpxtpx:hr>153</gpxtpx:hr>
          </gpxtpx:TrackPointExtension>
        </extensions>
      </trkpt>
      <trkpt lat="50.09272308088839" lon="8.646461181342602">
        <ele>93.0</ele>
        <time>2026-09-23T07:13:52Z</time>
        <extensions>
          <gpxtpx:TrackPointExtension>
            <gpxtpx:hr>154</gpxtpx:hr>
          </gpxtpx:TrackPointExtension>
        </extensions>
      </trkpt>
      <trkpt lat="50.09275660850108" lon="8.64658573642373">
        <ele>93.0</ele>
        <time>2026-09-23T07:13:55Z</time>
        <extensions>
          <gpxtpx:TrackPointExtension>
            <gpxtpx:hr>154</gpxtpx:hr>
          </gpxtpx:TrackPointExtension>
        </extensions>
      </trkpt>
      <trkpt lat="50.0927725341171" lon="8.64672596566379">
        <ele>93.0</ele>
        <time>2026-09-23T07:13:58Z</time>
        <extensions>
          <gpxtpx:TrackPointExtension>
            <gpxtpx:hr>154</gpxtpx:hr>
          </gpxtpx:TrackPointExtension>
        </extensions>
      </trkpt>
      <trkpt lat="50.09278477169573" lon="8.646858148276806">
        <ele>93.0</ele>
        <time>2026-09-23T07:14:01Z</time>
        <extensions>
          <gpxtpx:TrackPointExtension>
            <gpxtpx:hr>155</gpxtpx:hr>
          </gpxtpx:TrackPointExtension>
        </extensions>
      </trkpt>
      <trkpt lat="50.09280480444431" lon="8.64697608165443">
        <ele>93.0</ele>
        <time>2026-09-23T07:14:04Z</time>
        <extensions>
          <gpxtpx:TrackPointExtension>
            <gpxtpx:hr>155</gpxtpx:hr>
          </gpxtpx:TrackPointExtension>
        </extensions>
      </trkpt>
      <trkpt lat="50.092826429754496" lon="8.64709728397429">
        <ele>93.0</ele>
        <time>2026-09-23T07:14:07Z</time>
        <extensions>
          <gpxtpx:TrackPointExtension>
            <gpxtpx:hr>155</gpxtpx:hr>
          </gpxtpx:TrackPointExtension>
        </extensions>
      </trkpt>
      <trkpt lat="50.092846462503076" lon="8.647219659760594">
        <ele>93.0</ele>
        <time>2026-09-23T07:14:10Z</time>
        <extensions>
          <gpxtpx:TrackPointExtension>
            <gpxtpx:hr>155</gpxtpx:hr>
          </gpxtpx:TrackPointExtension>
        </extensions>
      </trkpt>
      <trkpt lat="50.09287848137319" lon="8.64733968861401">
        <ele>93.0</ele>
        <time>2026-09-23T07:14:13Z</time>
        <extensions>
          <gpxtpx:TrackPointExtension>
            <gpxtpx:hr>156</gpxtpx:hr>
          </gpxtpx:TrackPointExtension>
        </extensions>
      </trkpt>
      <trkpt lat="50.09292273782194" lon="8.647482935339212">
        <ele>93.0</ele>
        <time>2026-09-23T07:14:16Z</time>
        <extensions>
          <gpxtpx:TrackPointExtension>
            <gpxtpx:hr>156</gpxtpx:hr>
          </gpxtpx:TrackPointExtension>
        </extensions>
      </trkpt>
      <trkpt lat="50.09296431206167" lon="8.647623835131526">
        <ele>93.0</ele>
        <time>2026-09-23T07:14:19Z</time>
        <extensions>
          <gpxtpx:TrackPointExtension>
            <gpxtpx:hr>157</gpxtpx:hr>
          </gpxtpx:TrackPointExtension>
        </extensions>
      </trkpt>
      <trkpt lat="50.092991553246975" lon="8.647752329707146">
        <ele>93.0</ele>
        <time>2026-09-23T07:14:22Z</time>
        <extensions>
          <gpxtpx:TrackPointExtension>
            <gpxtpx:hr>157</gpxtpx:hr>
          </gpxtpx:TrackPointExtension>
        </extensions>
      </trkpt>
      <trkpt lat="50.09302055463195" lon="8.647870598360896">
        <ele>93.0</ele>
        <time>2026-09-23T07:14:25Z</time>
        <extensions>
          <gpxtpx:TrackPointExtension>
            <gpxtpx:hr>157</gpxtpx:hr>
          </gpxtpx:TrackPointExtension>
        </extensions>
      </trkpt>
      <trkpt lat="50.093060452491045" lon="8.64798509515822">
        <ele>93.0</ele>
        <time>2026-09-23T07:14:28Z</time>
        <extensions>
          <gpxtpx:TrackPointExtension>
            <gpxtpx:hr>156</gpxtpx:hr>
          </gpxtpx:TrackPointExtension>
        </extensions>
      </trkpt>
      <trkpt lat="50.09309238754213" lon="8.64809900522232">
        <ele>93.0</ele>
        <time>2026-09-23T07:14:31Z</time>
        <extensions>
          <gpxtpx:TrackPointExtension>
            <gpxtpx:hr>156</gpxtpx:hr>
          </gpxtpx:TrackPointExtension>
        </extensions>
      </trkpt>
      <trkpt lat="50.09312264621258" lon="8.6481898650527">
        <ele>93.0</ele>
        <time>2026-09-23T07:14:34Z</time>
        <extensions>
          <gpxtpx:TrackPointExtension>
            <gpxtpx:hr>155</gpxtpx:hr>
          </gpxtpx:TrackPointExtension>
        </extensions>
      </trkpt>
      <trkpt lat="50.093154329806566" lon="8.648304864764214">
        <ele>93.0</ele>
        <time>2026-09-23T07:14:37Z</time>
        <extensions>
          <gpxtpx:TrackPointExtension>
            <gpxtpx:hr>155</gpxtpx:hr>
          </gpxtpx:TrackPointExtension>
        </extensions>
      </trkpt>
      <trkpt lat="50.09318199008703" lon="8.648418858647346">
        <ele>93.0</ele>
        <time>2026-09-23T07:14:40Z</time>
        <extensions>
          <gpxtpx:TrackPointExtension>
            <gpxtpx:hr>155</gpxtpx:hr>
          </gpxtpx:TrackPointExtension>
        </extensions>
      </trkpt>
      <trkpt lat="50.09322255849838" lon="8.648529332131147">
        <ele>93.0</ele>
        <time>2026-09-23T07:14:43Z</time>
        <extensions>
          <gpxtpx:TrackPointExtension>
            <gpxtpx:hr>154</gpxtpx:hr>
          </gpxtpx:TrackPointExtension>
        </extensions>
      </trkpt>
      <trkpt lat="50.093253990635276" lon="8.648652378469706">
        <ele>93.0</ele>
        <time>2026-09-23T07:14:46Z</time>
        <extensions>
          <gpxtpx:TrackPointExtension>
            <gpxtpx:hr>154</gpxtpx:hr>
          </gpxtpx:TrackPointExtension>
        </extensions>
      </trkpt>
      <trkpt lat="50.09327486157417" lon="8.648776262998581">
        <ele>93.0</ele>
        <time>2026-09-23T07:14:49Z</time>
        <extensions>
          <gpxtpx:TrackPointExtension>
            <gpxtpx:hr>154</gpxtpx:hr>
          </gpxtpx:TrackPointExtension>
        </extensions>
      </trkpt>
      <trkpt lat="50.09330092929304" lon="8.64891104400158">
        <ele>93.0</ele>
        <time>2026-09-23T07:14:52Z</time>
        <extensions>
          <gpxtpx:TrackPointExtension>
            <gpxtpx:hr>154</gpxtpx:hr>
          </gpxtpx:TrackPointExtension>
        </extensions>
      </trkpt>
      <trkpt lat="50.09333437308669" lon="8.649052530527115">
        <ele>93.0</ele>
        <time>2026-09-23T07:14:55Z</time>
        <extensions>
          <gpxtpx:TrackPointExtension>
            <gpxtpx:hr>154</gpxtpx:hr>
          </gpxtpx:TrackPointExtension>
        </extensions>
      </trkpt>
      <trkpt lat="50.093359434977174" lon="8.649217737838626">
        <ele>93.0</ele>
        <time>2026-09-23T07:14:58Z</time>
        <extensions>
          <gpxtpx:TrackPointExtension>
            <gpxtpx:hr>155</gpxtpx:hr>
          </gpxtpx:TrackPointExtension>
        </extensions>
      </trkpt>
      <trkpt lat="50.09338139556348" lon="8.649375988170505">
        <ele>93.0</ele>
        <time>2026-09-23T07:15:01Z</time>
        <extensions>
          <gpxtpx:TrackPointExtension>
            <gpxtpx:hr>155</gpxtpx:hr>
          </gpxtpx:TrackPointExtension>
        </extensions>
      </trkpt>
      <trkpt lat="50.093403942883015" lon="8.649513283744454">
        <ele>93.0</ele>
        <time>2026-09-23T07:15:04Z</time>
        <extensions>
          <gpxtpx:TrackPointExtension>
            <gpxtpx:hr>155</gpxtpx:hr>
          </gpxtpx:TrackPointExtension>
        </extensions>
      </trkpt>
      <trkpt lat="50.09342565201223" lon="8.649624846875668">
        <ele>93.0</ele>
        <time>2026-09-23T07:15:07Z</time>
        <extensions>
          <gpxtpx:TrackPointExtension>
            <gpxtpx:hr>155</gpxtpx:hr>
          </gpxtpx:TrackPointExtension>
        </extensions>
      </trkpt>
      <trkpt lat="50.0934443436563" lon="8.649701289832592">
        <ele>93.0</ele>
        <time>2026-09-23T07:15:10Z</time>
        <extensions>
          <gpxtpx:TrackPointExtension>
            <gpxtpx:hr>155</gpxtpx:hr>
          </gpxtpx:TrackPointExtension>
        </extensions>
      </trkpt>
      <trkpt lat="50.09346236474812" lon="8.64981452934444">
        <ele>93.0</ele>
        <time>2026-09-23T07:15:13Z</time>
        <extensions>
          <gpxtpx:TrackPointExtension>
            <gpxtpx:hr>156</gpxtpx:hr>
          </gpxtpx:TrackPointExtension>
        </extensions>
      </trkpt>
      <trkpt lat="50.093474267050624" lon="8.649978479370475">
        <ele>93.0</ele>
        <time>2026-09-23T07:15:16Z</time>
        <extensions>
          <gpxtpx:TrackPointExtension>
            <gpxtpx:hr>156</gpxtpx:hr>
          </gpxtpx:TrackPointExtension>
        </extensions>
      </trkpt>
      <trkpt lat="50.09349304251373" lon="8.650150978937745">
        <ele>93.0</ele>
        <time>2026-09-23T07:15:19Z</time>
        <extensions>
          <gpxtpx:TrackPointExtension>
            <gpxtpx:hr>155</gpxtpx:hr>
          </gpxtpx:TrackPointExtension>
        </extensions>
      </trkpt>
      <trkpt lat="50.093521205708385" lon="8.650294644758105">
        <ele>93.0</ele>
        <time>2026-09-23T07:15:22Z</time>
        <extensions>
          <gpxtpx:TrackPointExtension>
            <gpxtpx:hr>155</gpxtpx:hr>
          </gpxtpx:TrackPointExtension>
        </extensions>
      </trkpt>
      <trkpt lat="50.09354928508401" lon="8.650420792400837">
        <ele>93.0</ele>
        <time>2026-09-23T07:15:25Z</time>
        <extensions>
          <gpxtpx:TrackPointExtension>
            <gpxtpx:hr>154</gpxtpx:hr>
          </gpxtpx:TrackPointExtension>
        </extensions>
      </trkpt>
      <trkpt lat="50.09357627481222" lon="8.650542665272951">
        <ele>93.0</ele>
        <time>2026-09-23T07:15:28Z</time>
        <extensions>
          <gpxtpx:TrackPointExtension>
            <gpxtpx:hr>154</gpxtpx:hr>
          </gpxtpx:TrackPointExtension>
        </extensions>
      </trkpt>
      <trkpt lat="50.093590104952455" lon="8.650652635842562">
        <ele>93.0</ele>
        <time>2026-09-23T07:15:31Z</time>
        <extensions>
          <gpxtpx:TrackPointExtension>
            <gpxtpx:hr>153</gpxtpx:hr>
          </gpxtpx:TrackPointExtension>
        </extensions>
      </trkpt>
      <trkpt lat="50.093612652271986" lon="8.650759756565094">
        <ele>93.0</ele>
        <time>2026-09-23T07:15:34Z</time>
        <extensions>
          <gpxtpx:TrackPointExtension>
            <gpxtpx:hr>153</gpxtpx:hr>
          </gpxtpx:TrackPointExtension>
        </extensions>
      </trkpt>
      <trkpt lat="50.093642910942435" lon="8.650841983035207">
        <ele>93.0</ele>
        <time>2026-09-23T07:15:37Z</time>
        <extensions>
          <gpxtpx:TrackPointExtension>
            <gpxtpx:hr>153</gpxtpx:hr>
          </gpxtpx:TrackPointExtension>
        </extensions>
      </trkpt>
      <trkpt lat="50.093663865700364" lon="8.650918425992131">
        <ele>93.0</ele>
        <time>2026-09-23T07:15:40Z</time>
        <extensions>
          <gpxtpx:TrackPointExtension>
            <gpxtpx:hr>153</gpxtpx:hr>
          </gpxtpx:TrackPointExtension>
        </extensions>
      </trkpt>
      <trkpt lat="50.09368549101055" lon="8.651023954153061">
        <ele>93.0</ele>
        <time>2026-09-23T07:15:43Z</time>
        <extensions>
          <gpxtpx:TrackPointExtension>
            <gpxtpx:hr>153</gpxtpx:hr>
          </gpxtpx:TrackPointExtension>
        </extensions>
      </trkpt>
      <trkpt lat="50.093709798529744" lon="8.651142390444875">
        <ele>93.0</ele>
        <time>2026-09-23T07:15:46Z</time>
        <extensions>
          <gpxtpx:TrackPointExtension>
            <gpxtpx:hr>154</gpxtpx:hr>
          </gpxtpx:TrackPointExtension>
        </extensions>
      </trkpt>
      <trkpt lat="50.09373678825796" lon="8.651270298287272">
        <ele>93.0</ele>
        <time>2026-09-23T07:15:49Z</time>
        <extensions>
          <gpxtpx:TrackPointExtension>
            <gpxtpx:hr>154</gpxtpx:hr>
          </gpxtpx:TrackPointExtension>
        </extensions>
      </trkpt>
      <trkpt lat="50.093764532357454" lon="8.651395691558719">
        <ele>93.0</ele>
        <time>2026-09-23T07:15:52Z</time>
        <extensions>
          <gpxtpx:TrackPointExtension>
            <gpxtpx:hr>154</gpxtpx:hr>
          </gpxtpx:TrackPointExtension>
        </extensions>
      </trkpt>
      <trkpt lat="50.093793366104364" lon="8.651520079001784">
        <ele>93.0</ele>
        <time>2026-09-23T07:15:55Z</time>
        <extensions>
          <gpxtpx:TrackPointExtension>
            <gpxtpx:hr>153</gpxtpx:hr>
          </gpxtpx:TrackPointExtension>
        </extensions>
      </trkpt>
      <trkpt lat="50.09383175522089" lon="8.651640275493264">
        <ele>93.0</ele>
        <time>2026-09-23T07:15:58Z</time>
        <extensions>
          <gpxtpx:TrackPointExtension>
            <gpxtpx:hr>152</gpxtpx:hr>
          </gpxtpx:TrackPointExtension>
        </extensions>
      </trkpt>
      <trkpt lat="50.09388783015311" lon="8.651750329881907">
        <ele>92.0</ele>
        <time>2026-09-23T07:16:01Z</time>
        <extensions>
          <gpxtpx:TrackPointExtension>
            <gpxtpx:hr>152</gpxtpx:hr>
          </gpxtpx:TrackPointExtension>
        </extensions>
      </trkpt>
      <trkpt lat="50.093973241746426" lon="8.651943448930979">
        <ele>92.0</ele>
        <time>2026-09-23T07:16:04Z</time>
        <extensions>
          <gpxtpx:TrackPointExtension>
            <gpxtpx:hr>152</gpxtpx:hr>
          </gpxtpx:TrackPointExtension>
        </extensions>
      </trkpt>
      <trkpt lat="50.09405278600752" lon="8.652121648192406">
        <ele>92.0</ele>
        <time>2026-09-23T07:16:07Z</time>
        <extensions>
          <gpxtpx:TrackPointExtension>
            <gpxtpx:hr>153</gpxtpx:hr>
          </gpxtpx:TrackPointExtension>
        </extensions>
      </trkpt>
      <trkpt lat="50.094118835404515" lon="8.652285598218441">
        <ele>92.0</ele>
        <time>2026-09-23T07:16:10Z</time>
        <extensions>
          <gpxtpx:TrackPointExtension>
            <gpxtpx:hr>153</gpxtpx:hr>
          </gpxtpx:TrackPointExtension>
        </extensions>
      </trkpt>
      <trkpt lat="50.09416828863323" lon="8.652415266260505">
        <ele>92.0</ele>
        <time>2026-09-23T07:16:13Z</time>
        <extensions>
          <gpxtpx:TrackPointExtension>
            <gpxtpx:hr>153</gpxtpx:hr>
          </gpxtpx:TrackPointExtension>
        </extensions>
      </trkpt>
      <trkpt lat="50.09419435635209" lon="8.652488272637129">
        <ele>92.0</ele>
        <time>2026-09-23T07:16:16Z</time>
        <extensions>
          <gpxtpx:TrackPointExtension>
            <gpxtpx:hr>154</gpxtpx:hr>
          </gpxtpx:TrackPointExtension>
        </extensions>
      </trkpt>
      <trkpt lat="50.09422905743122" lon="8.652571253478527">
        <ele>92.0</ele>
        <time>2026-09-23T07:16:19Z</time>
        <extensions>
          <gpxtpx:TrackPointExtension>
            <gpxtpx:hr>154</gpxtpx:hr>
          </gpxtpx:TrackPointExtension>
        </extensions>
      </trkpt>
      <trkpt lat="50.09426845237613" lon="8.652647193521261">
        <ele>92.0</ele>
        <time>2026-09-23T07:16:22Z</time>
        <extensions>
          <gpxtpx:TrackPointExtension>
            <gpxtpx:hr>154</gpxtpx:hr>
          </gpxtpx:TrackPointExtension>
        </extensions>
      </trkpt>
      <trkpt lat="50.09432083927095" lon="8.652741238474846">
        <ele>92.0</ele>
        <time>2026-09-23T07:16:25Z</time>
        <extensions>
          <gpxtpx:TrackPointExtension>
            <gpxtpx:hr>154</gpxtpx:hr>
          </gpxtpx:TrackPointExtension>
        </extensions>
      </trkpt>
      <trkpt lat="50.09436970576644" lon="8.65285774692893">
        <ele>92.0</ele>
        <time>2026-09-23T07:16:28Z</time>
        <extensions>
          <gpxtpx:TrackPointExtension>
            <gpxtpx:hr>155</gpxtpx:hr>
          </gpxtpx:TrackPointExtension>
        </extensions>
      </trkpt>
      <trkpt lat="50.09441815316677" lon="8.652980290353298">
        <ele>92.0</ele>
        <time>2026-09-23T07:16:31Z</time>
        <extensions>
          <gpxtpx:TrackPointExtension>
            <gpxtpx:hr>155</gpxtpx:hr>
          </gpxtpx:TrackPointExtension>
        </extensions>
      </trkpt>
      <trkpt lat="50.09447246789932" lon="8.653095792979002">
        <ele>92.0</ele>
        <time>2026-09-23T07:16:34Z</time>
        <extensions>
          <gpxtpx:TrackPointExtension>
            <gpxtpx:hr>155</gpxtpx:hr>
          </gpxtpx:TrackPointExtension>
        </extensions>
      </trkpt>
      <trkpt lat="50.09451957419515" lon="8.653196459636092">
        <ele>92.0</ele>
        <time>2026-09-23T07:16:37Z</time>
        <extensions>
          <gpxtpx:TrackPointExtension>
            <gpxtpx:hr>154</gpxtpx:hr>
          </gpxtpx:TrackPointExtension>
        </extensions>
      </trkpt>
      <trkpt lat="50.094558550044894" lon="8.653292767703533">
        <ele>92.0</ele>
        <time>2026-09-23T07:16:40Z</time>
        <extensions>
          <gpxtpx:TrackPointExtension>
            <gpxtpx:hr>154</gpxtpx:hr>
          </gpxtpx:TrackPointExtension>
        </extensions>
      </trkpt>
      <trkpt lat="50.094595262780786" lon="8.653376838192344">
        <ele>92.0</ele>
        <time>2026-09-23T07:16:43Z</time>
        <extensions>
          <gpxtpx:TrackPointExtension>
            <gpxtpx:hr>153</gpxtpx:hr>
          </gpxtpx:TrackPointExtension>
        </extensions>
      </trkpt>
      <trkpt lat="50.0946325622499" lon="8.653466608375311">
        <ele>92.0</ele>
        <time>2026-09-23T07:16:46Z</time>
        <extensions>
          <gpxtpx:TrackPointExtension>
            <gpxtpx:hr>152</gpxtpx:hr>
          </gpxtpx:TrackPointExtension>
        </extensions>
      </trkpt>
      <trkpt lat="50.094672879204154" lon="8.653587391600013">
        <ele>92.0</ele>
        <time>2026-09-23T07:16:49Z</time>
        <extensions>
          <gpxtpx:TrackPointExtension>
            <gpxtpx:hr>152</gpxtpx:hr>
          </gpxtpx:TrackPointExtension>
        </extensions>
      </trkpt>
      <trkpt lat="50.094710094854236" lon="8.65371722728014">
        <ele>92.0</ele>
        <time>2026-09-23T07:16:52Z</time>
        <extensions>
          <gpxtpx:TrackPointExtension>
            <gpxtpx:hr>152</gpxtpx:hr>
          </gpxtpx:TrackPointExtension>
        </extensions>
      </trkpt>
      <trkpt lat="50.0947414431721" lon="8.653853349387646">
        <ele>92.0</ele>
        <time>2026-09-23T07:16:55Z</time>
        <extensions>
          <gpxtpx:TrackPointExtension>
            <gpxtpx:hr>153</gpxtpx:hr>
          </gpxtpx:TrackPointExtension>
        </extensions>
      </trkpt>
      <trkpt lat="50.094768265262246" lon="8.653988549485803">
        <ele>92.0</ele>
        <time>2026-09-23T07:16:58Z</time>
        <extensions>
          <gpxtpx:TrackPointExtension>
            <gpxtpx:hr>153</gpxtpx:hr>
          </gpxtpx:TrackPointExtension>
        </extensions>
      </trkpt>
      <trkpt lat="50.094791147857904" lon="8.654112936928868">
        <ele>92.0</ele>
        <time>2026-09-23T07:17:01Z</time>
        <extensions>
          <gpxtpx:TrackPointExtension>
            <gpxtpx:hr>153</gpxtpx:hr>
          </gpxtpx:TrackPointExtension>
        </extensions>
      </trkpt>
      <trkpt lat="50.09480900131166" lon="8.654227266088128">
        <ele>92.0</ele>
        <time>2026-09-23T07:17:04Z</time>
        <extensions>
          <gpxtpx:TrackPointExtension>
            <gpxtpx:hr>152</gpxtpx:hr>
          </gpxtpx:TrackPointExtension>
        </extensions>
      </trkpt>
      <trkpt lat="50.094817131757736" lon="8.654326004907489">
        <ele>92.0</ele>
        <time>2026-09-23T07:17:07Z</time>
        <extensions>
          <gpxtpx:TrackPointExtension>
            <gpxtpx:hr>152</gpxtpx:hr>
          </gpxtpx:TrackPointExtension>
        </extensions>
      </trkpt>
      <trkpt lat="50.094831045717" lon="8.654422899708152">
        <ele>91.0</ele>
        <time>2026-09-23T07:17:10Z</time>
        <extensions>
          <gpxtpx:TrackPointExtension>
            <gpxtpx:hr>151</gpxtpx:hr>
          </gpxtpx:TrackPointExtension>
        </extensions>
      </trkpt>
      <trkpt lat="50.09481796994805" lon="8.654493391513824">
        <ele>91.0</ele>
        <time>2026-09-23T07:17:13Z</time>
        <extensions>
          <gpxtpx:TrackPointExtension>
            <gpxtpx:hr>151</gpxtpx:hr>
          </gpxtpx:TrackPointExtension>
        </extensions>
      </trkpt>
      <trkpt lat="50.094816545024514" lon="8.654568661004305">
        <ele>91.0</ele>
        <time>2026-09-23T07:17:16Z</time>
        <extensions>
          <gpxtpx:TrackPointExtension>
            <gpxtpx:hr>149</gpxtpx:hr>
          </gpxtpx:TrackPointExtension>
        </extensions>
      </trkpt>
      <trkpt lat="50.09486683644354" lon="8.6546881031245">
        <ele>92.0</ele>
        <time>2026-09-23T07:17:19Z</time>
        <extensions>
          <gpxtpx:TrackPointExtension>
            <gpxtpx:hr>149</gpxtpx:hr>
          </gpxtpx:TrackPointExtension>
        </extensions>
      </trkpt>
      <trkpt lat="50.094920732080936" lon="8.654827158898115">
        <ele>92.0</ele>
        <time>2026-09-23T07:17:22Z</time>
        <extensions>
          <gpxtpx:TrackPointExtension>
            <gpxtpx:hr>148</gpxtpx:hr>
          </gpxtpx:TrackPointExtension>
        </extensions>
      </trkpt>
      <trkpt lat="50.094948559999466" lon="8.654963281005621">
        <ele>92.0</ele>
        <time>2026-09-23T07:17:25Z</time>
        <extensions>
          <gpxtpx:TrackPointExtension>
            <gpxtpx:hr>148</gpxtpx:hr>
          </gpxtpx:TrackPointExtension>
        </extensions>
      </trkpt>
      <trkpt lat="50.09497865103185" lon="8.655102336779237">
        <ele>92.0</ele>
        <time>2026-09-23T07:17:28Z</time>
        <extensions>
          <gpxtpx:TrackPointExtension>
            <gpxtpx:hr>149</gpxtpx:hr>
          </gpxtpx:TrackPointExtension>
        </extensions>
      </trkpt>
      <trkpt lat="50.09500195272267" lon="8.655223371461034">
        <ele>92.0</ele>
        <time>2026-09-23T07:17:31Z</time>
        <extensions>
          <gpxtpx:TrackPointExtension>
            <gpxtpx:hr>150</gpxtpx:hr>
          </gpxtpx:TrackPointExtension>
        </extensions>
      </trkpt>
      <trkpt lat="50.09500580839813" lon="8.655313644558191">
        <ele>92.0</ele>
        <time>2026-09-23T07:17:34Z</time>
        <extensions>
          <gpxtpx:TrackPointExtension>
            <gpxtpx:hr>152</gpxtpx:hr>
          </gpxtpx:TrackPointExtension>
        </extensions>
      </trkpt>
      <trkpt lat="50.094994911924005" lon="8.655391847714782">
        <ele>91.0</ele>
        <time>2026-09-23T07:17:37Z</time>
        <extensions>
          <gpxtpx:TrackPointExtension>
            <gpxtpx:hr>152</gpxtpx:hr>
          </gpxtpx:TrackPointExtension>
        </extensions>
      </trkpt>
      <trkpt lat="50.094997342675924" lon="8.655481366440654">
        <ele>91.0</ele>
        <time>2026-09-23T07:17:40Z</time>
        <extensions>
          <gpxtpx:TrackPointExtension>
            <gpxtpx:hr>153</gpxtpx:hr>
          </gpxtpx:TrackPointExtension>
        </extensions>
      </trkpt>
      <trkpt lat="50.09504453279078" lon="8.655618159100413">
        <ele>91.0</ele>
        <time>2026-09-23T07:17:43Z</time>
        <extensions>
          <gpxtpx:TrackPointExtension>
            <gpxtpx:hr>154</gpxtpx:hr>
          </gpxtpx:TrackPointExtension>
        </extensions>
      </trkpt>
      <trkpt lat="50.09511829353869" lon="8.655848493799567">
        <ele>91.0</ele>
        <time>2026-09-23T07:17:46Z</time>
        <extensions>
          <gpxtpx:TrackPointExtension>
            <gpxtpx:hr>154</gpxtpx:hr>
          </gpxtpx:TrackPointExtension>
        </extensions>
      </trkpt>
      <trkpt lat="50.09515048004687" lon="8.656020071357489">
        <ele>91.0</ele>
        <time>2026-09-23T07:17:49Z</time>
        <extensions>
          <gpxtpx:TrackPointExtension>
            <gpxtpx:hr>154</gpxtpx:hr>
          </gpxtpx:TrackPointExtension>
        </extensions>
      </trkpt>
      <trkpt lat="50.09516313672066" lon="8.656158288940787">
        <ele>91.0</ele>
        <time>2026-09-23T07:17:52Z</time>
        <extensions>
          <gpxtpx:TrackPointExtension>
            <gpxtpx:hr>155</gpxtpx:hr>
          </gpxtpx:TrackPointExtension>
        </extensions>
      </trkpt>
      <trkpt lat="50.09516489692032" lon="8.656273540109396">
        <ele>91.0</ele>
        <time>2026-09-23T07:17:55Z</time>
        <extensions>
          <gpxtpx:TrackPointExtension>
            <gpxtpx:hr>155</gpxtpx:hr>
          </gpxtpx:TrackPointExtension>
        </extensions>
      </trkpt>
      <trkpt lat="50.09517780505121" lon="8.656373536214232">
        <ele>91.0</ele>
        <time>2026-09-23T07:17:58Z</time>
        <extensions>
          <gpxtpx:TrackPointExtension>
            <gpxtpx:hr>156</gpxtpx:hr>
          </gpxtpx:TrackPointExtension>
        </extensions>
      </trkpt>
      <trkpt lat="50.095191886648536" lon="8.65647110156715">
        <ele>91.0</ele>
        <time>2026-09-23T07:18:01Z</time>
        <extensions>
          <gpxtpx:TrackPointExtension>
            <gpxtpx:hr>156</gpxtpx:hr>
          </gpxtpx:TrackPointExtension>
        </extensions>
      </trkpt>
      <trkpt lat="50.09519004262984" lon="8.656572941690683">
        <ele>91.0</ele>
        <time>2026-09-23T07:18:04Z</time>
        <extensions>
          <gpxtpx:TrackPointExtension>
            <gpxtpx:hr>156</gpxtpx:hr>
          </gpxtpx:TrackPointExtension>
        </extensions>
      </trkpt>
      <trkpt lat="50.09517445228994" lon="8.656649636104703">
        <ele>91.0</ele>
        <time>2026-09-23T07:18:07Z</time>
        <extensions>
          <gpxtpx:TrackPointExtension>
            <gpxtpx:hr>156</gpxtpx:hr>
          </gpxtpx:TrackPointExtension>
        </extensions>
      </trkpt>
      <trkpt lat="50.09516766294837" lon="8.65670227445662">
        <ele>91.0</ele>
        <time>2026-09-23T07:18:10Z</time>
        <extensions>
          <gpxtpx:TrackPointExtension>
            <gpxtpx:hr>155</gpxtpx:hr>
          </gpxtpx:TrackPointExtension>
        </extensions>
      </trkpt>
      <trkpt lat="50.09522784501314" lon="8.656855495646596">
        <ele>91.0</ele>
        <time>2026-09-23T07:18:13Z</time>
        <extensions>
          <gpxtpx:TrackPointExtension>
            <gpxtpx:hr>155</gpxtpx:hr>
          </gpxtpx:TrackPointExtension>
        </extensions>
      </trkpt>
      <trkpt lat="50.09527226909995" lon="8.656991953030229">
        <ele>91.0</ele>
        <time>2026-09-23T07:18:16Z</time>
        <extensions>
          <gpxtpx:TrackPointExtension>
            <gpxtpx:hr>156</gpxtpx:hr>
          </gpxtpx:TrackPointExtension>
        </extensions>
      </trkpt>
      <trkpt lat="50.095304204151034" lon="8.657102845609188">
        <ele>91.0</ele>
        <time>2026-09-23T07:18:19Z</time>
        <extensions>
          <gpxtpx:TrackPointExtension>
            <gpxtpx:hr>156</gpxtpx:hr>
          </gpxtpx:TrackPointExtension>
        </extensions>
      </trkpt>
      <trkpt lat="50.09533538483083" lon="8.65720460191369">
        <ele>91.0</ele>
        <time>2026-09-23T07:18:22Z</time>
        <extensions>
          <gpxtpx:TrackPointExtension>
            <gpxtpx:hr>155</gpxtpx:hr>
          </gpxtpx:TrackPointExtension>
        </extensions>
      </trkpt>
      <trkpt lat="50.09538374841213" lon="8.657324966043234">
        <ele>91.0</ele>
        <time>2026-09-23T07:18:25Z</time>
        <extensions>
          <gpxtpx:TrackPointExtension>
            <gpxtpx:hr>156</gpxtpx:hr>
          </gpxtpx:TrackPointExtension>
        </extensions>
      </trkpt>
      <trkpt lat="50.09542800486088" lon="8.6574268899858">
        <ele>91.0</ele>
        <time>2026-09-23T07:18:28Z</time>
        <extensions>
          <gpxtpx:TrackPointExtension>
            <gpxtpx:hr>156</gpxtpx:hr>
          </gpxtpx:TrackPointExtension>
        </extensions>
      </trkpt>
      <trkpt lat="50.09547024965286" lon="8.657525544986129">
        <ele>91.0</ele>
        <time>2026-09-23T07:18:31Z</time>
        <extensions>
          <gpxtpx:TrackPointExtension>
            <gpxtpx:hr>156</gpxtpx:hr>
          </gpxtpx:TrackPointExtension>
        </extensions>
      </trkpt>
      <trkpt lat="50.09550780057907" lon="8.657637862488627">
        <ele>91.0</ele>
        <time>2026-09-23T07:18:34Z</time>
        <extensions>
          <gpxtpx:TrackPointExtension>
            <gpxtpx:hr>156</gpxtpx:hr>
          </gpxtpx:TrackPointExtension>
        </extensions>
      </trkpt>
      <trkpt lat="50.09554183110595" lon="8.657745737582445">
        <ele>91.0</ele>
        <time>2026-09-23T07:18:37Z</time>
        <extensions>
          <gpxtpx:TrackPointExtension>
            <gpxtpx:hr>157</gpxtpx:hr>
          </gpxtpx:TrackPointExtension>
        </extensions>
      </trkpt>
      <trkpt lat="50.09556555189192" lon="8.65785788744688">
        <ele>91.0</ele>
        <time>2026-09-23T07:18:40Z</time>
        <extensions>
          <gpxtpx:TrackPointExtension>
            <gpxtpx:hr>157</gpxtpx:hr>
          </gpxtpx:TrackPointExtension>
        </extensions>
      </trkpt>
      <trkpt lat="50.095578879117966" lon="8.658043630421162">
        <ele>91.0</ele>
        <time>2026-09-23T07:18:43Z</time>
        <extensions>
          <gpxtpx:TrackPointExtension>
            <gpxtpx:hr>158</gpxtpx:hr>
          </gpxtpx:TrackPointExtension>
        </extensions>
      </trkpt>
      <trkpt lat="50.09559857659042" lon="8.658218644559383">
        <ele>91.0</ele>
        <time>2026-09-23T07:18:46Z</time>
        <extensions>
          <gpxtpx:TrackPointExtension>
            <gpxtpx:hr>158</gpxtpx:hr>
          </gpxtpx:TrackPointExtension>
        </extensions>
      </trkpt>
      <trkpt lat="50.095627745613456" lon="8.658373039215803">
        <ele>91.0</ele>
        <time>2026-09-23T07:18:49Z</time>
        <extensions>
          <gpxtpx:TrackPointExtension>
            <gpxtpx:hr>155</gpxtpx:hr>
          </gpxtpx:TrackPointExtension>
        </extensions>
      </trkpt>
      <trkpt lat="50.09567594155669" lon="8.65852139890194">
        <ele>91.0</ele>
        <time>2026-09-23T07:18:52Z</time>
        <extensions>
          <gpxtpx:TrackPointExtension>
            <gpxtpx:hr>154</gpxtpx:hr>
          </gpxtpx:TrackPointExtension>
        </extensions>
      </trkpt>
      <trkpt lat="50.095738135278225" lon="8.658675206825137">
        <ele>91.0</ele>
        <time>2026-09-23T07:18:55Z</time>
        <extensions>
          <gpxtpx:TrackPointExtension>
            <gpxtpx:hr>154</gpxtpx:hr>
          </gpxtpx:TrackPointExtension>
        </extensions>
      </trkpt>
      <trkpt lat="50.095799742266536" lon="8.658810993656516">
        <ele>91.0</ele>
        <time>2026-09-23T07:18:58Z</time>
        <extensions>
          <gpxtpx:TrackPointExtension>
            <gpxtpx:hr>154</gpxtpx:hr>
          </gpxtpx:TrackPointExtension>
        </extensions>
      </trkpt>
      <trkpt lat="50.09585849940777" lon="8.658927083015442">
        <ele>91.0</ele>
        <time>2026-09-23T07:19:01Z</time>
        <extensions>
          <gpxtpx:TrackPointExtension>
            <gpxtpx:hr>154</gpxtpx:hr>
          </gpxtpx:TrackPointExtension>
        </extensions>
      </trkpt>
      <trkpt lat="50.095914993435144" lon="8.65904526785016">
        <ele>91.0</ele>
        <time>2026-09-23T07:19:04Z</time>
        <extensions>
          <gpxtpx:TrackPointExtension>
            <gpxtpx:hr>154</gpxtpx:hr>
          </gpxtpx:TrackPointExtension>
        </extensions>
      </trkpt>
      <trkpt lat="50.095976097509265" lon="8.659166637808084">
        <ele>91.0</ele>
        <time>2026-09-23T07:19:07Z</time>
        <extensions>
          <gpxtpx:TrackPointExtension>
            <gpxtpx:hr>154</gpxtpx:hr>
          </gpxtpx:TrackPointExtension>
        </extensions>
      </trkpt>
      <trkpt lat="50.096057234331965" lon="8.659304436296225">
        <ele>91.0</ele>
        <time>2026-09-23T07:19:10Z</time>
        <extensions>
          <gpxtpx:TrackPointExtension>
            <gpxtpx:hr>154</gpxtpx:hr>
          </gpxtpx:TrackPointExtension>
        </extensions>
      </trkpt>
      <trkpt lat="50.09613987989724" lon="8.65944399498403">
        <ele>90.0</ele>
        <time>2026-09-23T07:19:13Z</time>
        <extensions>
          <gpxtpx:TrackPointExtension>
            <gpxtpx:hr>154</gpxtpx:hr>
          </gpxtpx:TrackPointExtension>
        </extensions>
      </trkpt>
      <trkpt lat="50.09624373167753" lon="8.659560671076179">
        <ele>90.0</ele>
        <time>2026-09-23T07:19:16Z</time>
        <extensions>
          <gpxtpx:TrackPointExtension>
            <gpxtpx:hr>154</gpxtpx:hr>
          </gpxtpx:TrackPointExtension>
        </extensions>
      </trkpt>
      <trkpt lat="50.09634708054364" lon="8.659659326076508">
        <ele>90.0</ele>
        <time>2026-09-23T07:19:19Z</time>
        <extensions>
          <gpxtpx:TrackPointExtension>
            <gpxtpx:hr>153</gpxtpx:hr>
          </gpxtpx:TrackPointExtension>
        </extensions>
      </trkpt>
      <trkpt lat="50.09642964228988" lon="8.65975957363844">
        <ele>89.0</ele>
        <time>2026-09-23T07:19:22Z</time>
        <extensions>
          <gpxtpx:TrackPointExtension>
            <gpxtpx:hr>152</gpxtpx:hr>
          </gpxtpx:TrackPointExtension>
        </extensions>
      </trkpt>
      <trkpt lat="50.096490075811744" lon="8.659871304407716">
        <ele>89.0</ele>
        <time>2026-09-23T07:19:25Z</time>
        <extensions>
          <gpxtpx:TrackPointExtension>
            <gpxtpx:hr>152</gpxtpx:hr>
          </gpxtpx:TrackPointExtension>
        </extensions>
      </trkpt>
      <trkpt lat="50.096535086631775" lon="8.659983957186341">
        <ele>88.0</ele>
        <time>2026-09-23T07:19:28Z</time>
        <extensions>
          <gpxtpx:TrackPointExtension>
            <gpxtpx:hr>151</gpxtpx:hr>
          </gpxtpx:TrackPointExtension>
        </extensions>
      </trkpt>
      <trkpt lat="50.09658169001341" lon="8.6600879766047">
        <ele>88.0</ele>
        <time>2026-09-23T07:19:31Z</time>
        <extensions>
          <gpxtpx:TrackPointExtension>
            <gpxtpx:hr>151</gpxtpx:hr>
          </gpxtpx:TrackPointExtension>
        </extensions>
      </trkpt>
      <trkpt lat="50.096626533195376" lon="8.660193253308535">
        <ele>88.0</ele>
        <time>2026-09-23T07:19:34Z</time>
        <extensions>
          <gpxtpx:TrackPointExtension>
            <gpxtpx:hr>151</gpxtpx:hr>
          </gpxtpx:TrackPointExtension>
        </extensions>
      </trkpt>
      <trkpt lat="50.09666718542576" lon="8.660309594124556">
        <ele>88.0</ele>
        <time>2026-09-23T07:19:37Z</time>
        <extensions>
          <gpxtpx:TrackPointExtension>
            <gpxtpx:hr>151</gpxtpx:hr>
          </gpxtpx:TrackPointExtension>
        </extensions>
      </trkpt>
      <trkpt lat="50.096704149618745" lon="8.660429874435067">
        <ele>88.0</ele>
        <time>2026-09-23T07:19:40Z</time>
        <extensions>
          <gpxtpx:TrackPointExtension>
            <gpxtpx:hr>150</gpxtpx:hr>
          </gpxtpx:TrackPointExtension>
        </extensions>
      </trkpt>
      <trkpt lat="50.096745137125254" lon="8.660553339868784">
        <ele>88.0</ele>
        <time>2026-09-23T07:19:43Z</time>
        <extensions>
          <gpxtpx:TrackPointExtension>
            <gpxtpx:hr>150</gpxtpx:hr>
          </gpxtpx:TrackPointExtension>
        </extensions>
      </trkpt>
      <trkpt lat="50.09678947739303" lon="8.660676972940564">
        <ele>88.0</ele>
        <time>2026-09-23T07:19:46Z</time>
        <extensions>
          <gpxtpx:TrackPointExtension>
            <gpxtpx:hr>150</gpxtpx:hr>
          </gpxtpx:TrackPointExtension>
        </extensions>
      </trkpt>
      <trkpt lat="50.09683943353593" lon="8.660794654861093">
        <ele>88.0</ele>
        <time>2026-09-23T07:19:49Z</time>
        <extensions>
          <gpxtpx:TrackPointExtension>
            <gpxtpx:hr>150</gpxtpx:hr>
          </gpxtpx:TrackPointExtension>
        </extensions>
      </trkpt>
      <trkpt lat="50.096898106858134" lon="8.660903284326196">
        <ele>88.0</ele>
        <time>2026-09-23T07:19:52Z</time>
        <extensions>
          <gpxtpx:TrackPointExtension>
            <gpxtpx:hr>151</gpxtpx:hr>
          </gpxtpx:TrackPointExtension>
        </extensions>
      </trkpt>
      <trkpt lat="50.09695443324745" lon="8.660997748374939">
        <ele>88.0</ele>
        <time>2026-09-23T07:19:55Z</time>
        <extensions>
          <gpxtpx:TrackPointExtension>
            <gpxtpx:hr>152</gpxtpx:hr>
          </gpxtpx:TrackPointExtension>
        </extensions>
      </trkpt>
      <trkpt lat="50.09700438939035" lon="8.661093302071095">
        <ele>87.0</ele>
        <time>2026-09-23T07:19:58Z</time>
        <extensions>
          <gpxtpx:TrackPointExtension>
            <gpxtpx:hr>153</gpxtpx:hr>
          </gpxtpx:TrackPointExtension>
        </extensions>
      </trkpt>
      <trkpt lat="50.09705468080938" lon="8.661186089739203">
        <ele>87.0</ele>
        <time>2026-09-23T07:20:01Z</time>
        <extensions>
          <gpxtpx:TrackPointExtension>
            <gpxtpx:hr>153</gpxtpx:hr>
          </gpxtpx:TrackPointExtension>
        </extensions>
      </trkpt>
      <trkpt lat="50.09709960781038" lon="8.661281140521169">
        <ele>87.0</ele>
        <time>2026-09-23T07:20:04Z</time>
        <extensions>
          <gpxtpx:TrackPointExtension>
            <gpxtpx:hr>153</gpxtpx:hr>
          </gpxtpx:TrackPointExtension>
        </extensions>
      </trkpt>
      <trkpt lat="50.09713045321405" lon="8.661386668682098">
        <ele>87.0</ele>
        <time>2026-09-23T07:20:07Z</time>
        <extensions>
          <gpxtpx:TrackPointExtension>
            <gpxtpx:hr>153</gpxtpx:hr>
          </gpxtpx:TrackPointExtension>
        </extensions>
      </trkpt>
      <trkpt lat="50.097161466255784" lon="8.661497896537185">
        <ele>87.0</ele>
        <time>2026-09-23T07:20:10Z</time>
        <extensions>
          <gpxtpx:TrackPointExtension>
            <gpxtpx:hr>153</gpxtpx:hr>
          </gpxtpx:TrackPointExtension>
        </extensions>
      </trkpt>
      <trkpt lat="50.097206896170974" lon="8.661606526002288">
        <ele>88.0</ele>
        <time>2026-09-23T07:20:13Z</time>
        <extensions>
          <gpxtpx:TrackPointExtension>
            <gpxtpx:hr>153</gpxtpx:hr>
          </gpxtpx:TrackPointExtension>
        </extensions>
      </trkpt>
      <trkpt lat="50.09725450538099" lon="8.661718089133501">
        <ele>88.0</ele>
        <time>2026-09-23T07:20:16Z</time>
        <extensions>
          <gpxtpx:TrackPointExtension>
            <gpxtpx:hr>154</gpxtpx:hr>
          </gpxtpx:TrackPointExtension>
        </extensions>
      </trkpt>
      <trkpt lat="50.09729649871588" lon="8.661828394979239">
        <ele>88.0</ele>
        <time>2026-09-23T07:20:19Z</time>
        <extensions>
          <gpxtpx:TrackPointExtension>
            <gpxtpx:hr>154</gpxtpx:hr>
          </gpxtpx:TrackPointExtension>
        </extensions>
      </trkpt>
      <trkpt lat="50.097336983308196" lon="8.661935264244676">
        <ele>88.0</ele>
        <time>2026-09-23T07:20:22Z</time>
        <extensions>
          <gpxtpx:TrackPointExtension>
            <gpxtpx:hr>155</gpxtpx:hr>
          </gpxtpx:TrackPointExtension>
        </extensions>
      </trkpt>
      <trkpt lat="50.09738375432789" lon="8.662040373310447">
        <ele>88.0</ele>
        <time>2026-09-23T07:20:25Z</time>
        <extensions>
          <gpxtpx:TrackPointExtension>
            <gpxtpx:hr>155</gpxtpx:hr>
          </gpxtpx:TrackPointExtension>
        </extensions>
      </trkpt>
      <trkpt lat="50.09743438102305" lon="8.66214070469141">
        <ele>88.0</ele>
        <time>2026-09-23T07:20:28Z</time>
        <extensions>
          <gpxtpx:TrackPointExtension>
            <gpxtpx:hr>156</gpxtpx:hr>
          </gpxtpx:TrackPointExtension>
        </extensions>
      </trkpt>
      <trkpt lat="50.097490875050426" lon="8.662240449339151">
        <ele>88.0</ele>
        <time>2026-09-23T07:20:31Z</time>
        <extensions>
          <gpxtpx:TrackPointExtension>
            <gpxtpx:hr>156</gpxtpx:hr>
          </gpxtpx:TrackPointExtension>
        </extensions>
      </trkpt>
      <trkpt lat="50.097543597221375" lon="8.662341954186559">
        <ele>88.0</ele>
        <time>2026-09-23T07:20:34Z</time>
        <extensions>
          <gpxtpx:TrackPointExtension>
            <gpxtpx:hr>156</gpxtpx:hr>
          </gpxtpx:TrackPointExtension>
        </extensions>
      </trkpt>
      <trkpt lat="50.09759263135493" lon="8.662435077130795">
        <ele>88.0</ele>
        <time>2026-09-23T07:20:37Z</time>
        <extensions>
          <gpxtpx:TrackPointExtension>
            <gpxtpx:hr>156</gpxtpx:hr>
          </gpxtpx:TrackPointExtension>
        </extensions>
      </trkpt>
      <trkpt lat="50.097643844783306" lon="8.662545466795564">
        <ele>87.0</ele>
        <time>2026-09-23T07:20:40Z</time>
        <extensions>
          <gpxtpx:TrackPointExtension>
            <gpxtpx:hr>155</gpxtpx:hr>
          </gpxtpx:TrackPointExtension>
        </extensions>
      </trkpt>
      <trkpt lat="50.09767728857696" lon="8.662625094875693">
        <ele>87.0</ele>
        <time>2026-09-23T07:20:43Z</time>
        <extensions>
          <gpxtpx:TrackPointExtension>
            <gpxtpx:hr>155</gpxtpx:hr>
          </gpxtpx:TrackPointExtension>
        </extensions>
      </trkpt>
      <trkpt lat="50.09772850200534" lon="8.662734227254987">
        <ele>87.0</ele>
        <time>2026-09-23T07:20:46Z</time>
        <extensions>
          <gpxtpx:TrackPointExtension>
            <gpxtpx:hr>155</gpxtpx:hr>
          </gpxtpx:TrackPointExtension>
        </extensions>
      </trkpt>
      <trkpt lat="50.09778365492821" lon="8.66283556446433">
        <ele>87.0</ele>
        <time>2026-09-23T07:20:49Z</time>
        <extensions>
          <gpxtpx:TrackPointExtension>
            <gpxtpx:hr>156</gpxtpx:hr>
          </gpxtpx:TrackPointExtension>
        </extensions>
      </trkpt>
      <trkpt lat="50.097835371270776" lon="8.662942098453641">
        <ele>87.0</ele>
        <time>2026-09-23T07:20:52Z</time>
        <extensions>
          <gpxtpx:TrackPointExtension>
            <gpxtpx:hr>156</gpxtpx:hr>
          </gpxtpx:TrackPointExtension>
        </extensions>
      </trkpt>
      <trkpt lat="50.09788574650884" lon="8.663047039881349">
        <ele>87.0</ele>
        <time>2026-09-23T07:20:55Z</time>
        <extensions>
          <gpxtpx:TrackPointExtension>
            <gpxtpx:hr>156</gpxtpx:hr>
          </gpxtpx:TrackPointExtension>
        </extensions>
      </trkpt>
      <trkpt lat="50.09793737903237" lon="8.663150556385517">
        <ele>87.0</ele>
        <time>2026-09-23T07:20:58Z</time>
        <extensions>
          <gpxtpx:TrackPointExtension>
            <gpxtpx:hr>156</gpxtpx:hr>
          </gpxtpx:TrackPointExtension>
        </extensions>
      </trkpt>
      <trkpt lat="50.097986748442054" lon="8.663258431479335">
        <ele>87.0</ele>
        <time>2026-09-23T07:21:01Z</time>
        <extensions>
          <gpxtpx:TrackPointExtension>
            <gpxtpx:hr>156</gpxtpx:hr>
          </gpxtpx:TrackPointExtension>
        </extensions>
      </trkpt>
      <trkpt lat="50.09803242981434" lon="8.663369743153453">
        <ele>87.0</ele>
        <time>2026-09-23T07:21:04Z</time>
        <extensions>
          <gpxtpx:TrackPointExtension>
            <gpxtpx:hr>156</gpxtpx:hr>
          </gpxtpx:TrackPointExtension>
        </extensions>
      </trkpt>
      <trkpt lat="50.09807148948312" lon="8.663477199152112">
        <ele>87.0</ele>
        <time>2026-09-23T07:21:07Z</time>
        <extensions>
          <gpxtpx:TrackPointExtension>
            <gpxtpx:hr>155</gpxtpx:hr>
          </gpxtpx:TrackPointExtension>
        </extensions>
      </trkpt>
      <trkpt lat="50.098110465332866" lon="8.663578536361456">
        <ele>87.0</ele>
        <time>2026-09-23T07:21:10Z</time>
        <extensions>
          <gpxtpx:TrackPointExtension>
            <gpxtpx:hr>155</gpxtpx:hr>
          </gpxtpx:TrackPointExtension>
        </extensions>
      </trkpt>
      <trkpt lat="50.09816151112318" lon="8.663680627942085">
        <ele>87.0</ele>
        <time>2026-09-23T07:21:13Z</time>
        <extensions>
          <gpxtpx:TrackPointExtension>
            <gpxtpx:hr>154</gpxtpx:hr>
          </gpxtpx:TrackPointExtension>
        </extensions>
      </trkpt>
      <trkpt lat="50.098214065656066" lon="8.66378489881754">
        <ele>87.0</ele>
        <time>2026-09-23T07:21:16Z</time>
        <extensions>
          <gpxtpx:TrackPointExtension>
            <gpxtpx:hr>154</gpxtpx:hr>
          </gpxtpx:TrackPointExtension>
        </extensions>
      </trkpt>
      <trkpt lat="50.09826058521867" lon="8.663896461948752">
        <ele>87.0</ele>
        <time>2026-09-23T07:21:19Z</time>
        <extensions>
          <gpxtpx:TrackPointExtension>
            <gpxtpx:hr>154</gpxtpx:hr>
          </gpxtpx:TrackPointExtension>
        </extensions>
      </trkpt>
      <trkpt lat="50.09830358438194" lon="8.664018083363771">
        <ele>87.0</ele>
        <time>2026-09-23T07:21:22Z</time>
        <extensions>
          <gpxtpx:TrackPointExtension>
            <gpxtpx:hr>153</gpxtpx:hr>
          </gpxtpx:TrackPointExtension>
        </extensions>
      </trkpt>
      <trkpt lat="50.09835018776357" lon="8.664127886295319">
        <ele>87.0</ele>
        <time>2026-09-23T07:21:25Z</time>
        <extensions>
          <gpxtpx:TrackPointExtension>
            <gpxtpx:hr>153</gpxtpx:hr>
          </gpxtpx:TrackPointExtension>
        </extensions>
      </trkpt>
      <trkpt lat="50.09839930571616" lon="8.66422226652503">
        <ele>87.0</ele>
        <time>2026-09-23T07:21:28Z</time>
        <extensions>
          <gpxtpx:TrackPointExtension>
            <gpxtpx:hr>152</gpxtpx:hr>
          </gpxtpx:TrackPointExtension>
        </extensions>
      </trkpt>
      <trkpt lat="50.098445657640696" lon="8.6643170658499">
        <ele>87.0</ele>
        <time>2026-09-23T07:21:31Z</time>
        <extensions>
          <gpxtpx:TrackPointExtension>
            <gpxtpx:hr>152</gpxtpx:hr>
          </gpxtpx:TrackPointExtension>
        </extensions>
      </trkpt>
      <trkpt lat="50.09849226102233" lon="8.664416391402483">
        <ele>87.0</ele>
        <time>2026-09-23T07:21:34Z</time>
        <extensions>
          <gpxtpx:TrackPointExtension>
            <gpxtpx:hr>152</gpxtpx:hr>
          </gpxtpx:TrackPointExtension>
        </extensions>
      </trkpt>
      <trkpt lat="50.098531572148204" lon="8.664526361972094">
        <ele>87.0</ele>
        <time>2026-09-23T07:21:37Z</time>
        <extensions>
          <gpxtpx:TrackPointExtension>
            <gpxtpx:hr>152</gpxtpx:hr>
          </gpxtpx:TrackPointExtension>
        </extensions>
      </trkpt>
      <trkpt lat="50.09856224991381" lon="8.66464739665389">
        <ele>87.0</ele>
        <time>2026-09-23T07:21:40Z</time>
        <extensions>
          <gpxtpx:TrackPointExtension>
            <gpxtpx:hr>152</gpxtpx:hr>
          </gpxtpx:TrackPointExtension>
        </extensions>
      </trkpt>
      <trkpt lat="50.09860038757324" lon="8.664760971441865">
        <ele>87.0</ele>
        <time>2026-09-23T07:21:43Z</time>
        <extensions>
          <gpxtpx:TrackPointExtension>
            <gpxtpx:hr>152</gpxtpx:hr>
          </gpxtpx:TrackPointExtension>
        </extensions>
      </trkpt>
      <trkpt lat="50.098647493869066" lon="8.664864907041192">
        <ele>87.0</ele>
        <time>2026-09-23T07:21:46Z</time>
        <extensions>
          <gpxtpx:TrackPointExtension>
            <gpxtpx:hr>152</gpxtpx:hr>
          </gpxtpx:TrackPointExtension>
        </extensions>
      </trkpt>
      <trkpt lat="50.09870088659227" lon="8.664964400231838">
        <ele>87.0</ele>
        <time>2026-09-23T07:21:49Z</time>
        <extensions>
          <gpxtpx:TrackPointExtension>
            <gpxtpx:hr>152</gpxtpx:hr>
          </gpxtpx:TrackPointExtension>
        </extensions>
      </trkpt>
      <trkpt lat="50.09876039810479" lon="8.665061965584755">
        <ele>87.0</ele>
        <time>2026-09-23T07:21:52Z</time>
        <extensions>
          <gpxtpx:TrackPointExtension>
            <gpxtpx:hr>152</gpxtpx:hr>
          </gpxtpx:TrackPointExtension>
        </extensions>
      </trkpt>
      <trkpt lat="50.09881999343634" lon="8.665161794051528">
        <ele>87.0</ele>
        <time>2026-09-23T07:21:55Z</time>
        <extensions>
          <gpxtpx:TrackPointExtension>
            <gpxtpx:hr>151</gpxtpx:hr>
          </gpxtpx:TrackPointExtension>
        </extensions>
      </trkpt>
      <trkpt lat="50.09887548163533" lon="8.665262879803777">
        <ele>87.0</ele>
        <time>2026-09-23T07:21:58Z</time>
        <extensions>
          <gpxtpx:TrackPointExtension>
            <gpxtpx:hr>151</gpxtpx:hr>
          </gpxtpx:TrackPointExtension>
        </extensions>
      </trkpt>
      <trkpt lat="50.098926443606615" lon="8.665361199527979">
        <ele>87.0</ele>
        <time>2026-09-23T07:22:01Z</time>
        <extensions>
          <gpxtpx:TrackPointExtension>
            <gpxtpx:hr>150</gpxtpx:hr>
          </gpxtpx:TrackPointExtension>
        </extensions>
      </trkpt>
      <trkpt lat="50.09897933341563" lon="8.665458681061864">
        <ele>87.0</ele>
        <time>2026-09-23T07:22:04Z</time>
        <extensions>
          <gpxtpx:TrackPointExtension>
            <gpxtpx:hr>150</gpxtpx:hr>
          </gpxtpx:TrackPointExtension>
        </extensions>
      </trkpt>
      <trkpt lat="50.099036330357194" lon="8.665556162595749">
        <ele>87.0</ele>
        <time>2026-09-23T07:22:07Z</time>
        <extensions>
          <gpxtpx:TrackPointExtension>
            <gpxtpx:hr>151</gpxtpx:hr>
          </gpxtpx:TrackPointExtension>
        </extensions>
      </trkpt>
      <trkpt lat="50.09909123182297" lon="8.66565397940576">
        <ele>87.0</ele>
        <time>2026-09-23T07:22:10Z</time>
        <extensions>
          <gpxtpx:TrackPointExtension>
            <gpxtpx:hr>152</gpxtpx:hr>
          </gpxtpx:TrackPointExtension>
        </extensions>
      </trkpt>
      <trkpt lat="50.099144792184234" lon="8.665749365463853">
        <ele>88.0</ele>
        <time>2026-09-23T07:22:13Z</time>
        <extensions>
          <gpxtpx:TrackPointExtension>
            <gpxtpx:hr>153</gpxtpx:hr>
          </gpxtpx:TrackPointExtension>
        </extensions>
      </trkpt>
      <trkpt lat="50.099197598174214" lon="8.66584693081677">
        <ele>88.0</ele>
        <time>2026-09-23T07:22:16Z</time>
        <extensions>
          <gpxtpx:TrackPointExtension>
            <gpxtpx:hr>154</gpxtpx:hr>
          </gpxtpx:TrackPointExtension>
        </extensions>
      </trkpt>
      <trkpt lat="50.09924881160259" lon="8.66594416089356">
        <ele>88.0</ele>
        <time>2026-09-23T07:22:19Z</time>
        <extensions>
          <gpxtpx:TrackPointExtension>
            <gpxtpx:hr>154</gpxtpx:hr>
          </gpxtpx:TrackPointExtension>
        </extensions>
      </trkpt>
      <trkpt lat="50.099303210154176" lon="8.666036278009415">
        <ele>88.0</ele>
        <time>2026-09-23T07:22:22Z</time>
        <extensions>
          <gpxtpx:TrackPointExtension>
            <gpxtpx:hr>154</gpxtpx:hr>
          </gpxtpx:TrackPointExtension>
        </extensions>
      </trkpt>
      <trkpt lat="50.09936297312379" lon="8.666119426488876">
        <ele>88.0</ele>
        <time>2026-09-23T07:22:25Z</time>
        <extensions>
          <gpxtpx:TrackPointExtension>
            <gpxtpx:hr>155</gpxtpx:hr>
          </gpxtpx:TrackPointExtension>
        </extensions>
      </trkpt>
      <trkpt lat="50.09941485710442" lon="8.666214561089873">
        <ele>88.0</ele>
        <time>2026-09-23T07:22:28Z</time>
        <extensions>
          <gpxtpx:TrackPointExtension>
            <gpxtpx:hr>155</gpxtpx:hr>
          </gpxtpx:TrackPointExtension>
        </extensions>
      </trkpt>
      <trkpt lat="50.099456598982215" lon="8.666313970461488">
        <ele>88.0</ele>
        <time>2026-09-23T07:22:31Z</time>
        <extensions>
          <gpxtpx:TrackPointExtension>
            <gpxtpx:hr>155</gpxtpx:hr>
          </gpxtpx:TrackPointExtension>
        </extensions>
      </trkpt>
      <trkpt lat="50.09950479492545" lon="8.666399633511901">
        <ele>88.0</ele>
        <time>2026-09-23T07:22:34Z</time>
        <extensions>
          <gpxtpx:TrackPointExtension>
            <gpxtpx:hr>155</gpxtpx:hr>
          </gpxtpx:TrackPointExtension>
        </extensions>
      </trkpt>
      <trkpt lat="50.099564641714096" lon="8.66647238843143">
        <ele>88.0</ele>
        <time>2026-09-23T07:22:37Z</time>
        <extensions>
          <gpxtpx:TrackPointExtension>
            <gpxtpx:hr>155</gpxtpx:hr>
          </gpxtpx:TrackPointExtension>
        </extensions>
      </trkpt>
      <trkpt lat="50.09962800890207" lon="8.66654958575964">
        <ele>87.0</ele>
        <time>2026-09-23T07:22:40Z</time>
        <extensions>
          <gpxtpx:TrackPointExtension>
            <gpxtpx:hr>155</gpxtpx:hr>
          </gpxtpx:TrackPointExtension>
        </extensions>
      </trkpt>
      <trkpt lat="50.09968609549105" lon="8.666643798351288">
        <ele>87.0</ele>
        <time>2026-09-23T07:22:43Z</time>
        <extensions>
          <gpxtpx:TrackPointExtension>
            <gpxtpx:hr>154</gpxtpx:hr>
          </gpxtpx:TrackPointExtension>
        </extensions>
      </trkpt>
      <trkpt lat="50.099744936451316" lon="8.666742369532585">
        <ele>87.0</ele>
        <time>2026-09-23T07:22:46Z</time>
        <extensions>
          <gpxtpx:TrackPointExtension>
            <gpxtpx:hr>154</gpxtpx:hr>
          </gpxtpx:TrackPointExtension>
        </extensions>
      </trkpt>
      <trkpt lat="50.09980947710574" lon="8.666831636801362">
        <ele>87.0</ele>
        <time>2026-09-23T07:22:49Z</time>
        <extensions>
          <gpxtpx:TrackPointExtension>
            <gpxtpx:hr>154</gpxtpx:hr>
          </gpxtpx:TrackPointExtension>
        </extensions>
      </trkpt>
      <trkpt lat="50.09987083263695" lon="8.666919227689505">
        <ele>88.0</ele>
        <time>2026-09-23T07:22:52Z</time>
        <extensions>
          <gpxtpx:TrackPointExtension>
            <gpxtpx:hr>154</gpxtpx:hr>
          </gpxtpx:TrackPointExtension>
        </extensions>
      </trkpt>
      <trkpt lat="50.09993185289204" lon="8.666997598484159">
        <ele>88.0</ele>
        <time>2026-09-23T07:22:55Z</time>
        <extensions>
          <gpxtpx:TrackPointExtension>
            <gpxtpx:hr>154</gpxtpx:hr>
          </gpxtpx:TrackPointExtension>
        </extensions>
      </trkpt>
      <trkpt lat="50.09999228641391" lon="8.667089631780982">
        <ele>88.0</ele>
        <time>2026-09-23T07:22:58Z</time>
        <extensions>
          <gpxtpx:TrackPointExtension>
            <gpxtpx:hr>154</gpxtpx:hr>
          </gpxtpx:TrackPointExtension>
        </extensions>
      </trkpt>
      <trkpt lat="50.10004919953644" lon="8.667195998132229">
        <ele>88.0</ele>
        <time>2026-09-23T07:23:01Z</time>
        <extensions>
          <gpxtpx:TrackPointExtension>
            <gpxtpx:hr>154</gpxtpx:hr>
          </gpxtpx:TrackPointExtension>
        </extensions>
      </trkpt>
      <trkpt lat="50.10009697638452" lon="8.667308734729886">
        <ele>88.0</ele>
        <time>2026-09-23T07:23:04Z</time>
        <extensions>
          <gpxtpx:TrackPointExtension>
            <gpxtpx:hr>153</gpxtpx:hr>
          </gpxtpx:TrackPointExtension>
        </extensions>
      </trkpt>
      <trkpt lat="50.10013997554779" lon="8.667411748319864">
        <ele>88.0</ele>
        <time>2026-09-23T07:23:07Z</time>
        <extensions>
          <gpxtpx:TrackPointExtension>
            <gpxtpx:hr>153</gpxtpx:hr>
          </gpxtpx:TrackPointExtension>
        </extensions>
      </trkpt>
      <trkpt lat="50.100181298330426" lon="8.667504452168941">
        <ele>88.0</ele>
        <time>2026-09-23T07:23:10Z</time>
        <extensions>
          <gpxtpx:TrackPointExtension>
            <gpxtpx:hr>152</gpxtpx:hr>
          </gpxtpx:TrackPointExtension>
        </extensions>
      </trkpt>
      <trkpt lat="50.10022941045463" lon="8.667581230401993">
        <ele>88.0</ele>
        <time>2026-09-23T07:23:13Z</time>
        <extensions>
          <gpxtpx:TrackPointExtension>
            <gpxtpx:hr>152</gpxtpx:hr>
          </gpxtpx:TrackPointExtension>
        </extensions>
      </trkpt>
      <trkpt lat="50.10027810931206" lon="8.667643591761589">
        <ele>88.0</ele>
        <time>2026-09-23T07:23:16Z</time>
        <extensions>
          <gpxtpx:TrackPointExtension>
            <gpxtpx:hr>152</gpxtpx:hr>
          </gpxtpx:TrackPointExtension>
        </extensions>
      </trkpt>
      <trkpt lat="50.10033376514912" lon="8.667709305882454">
        <ele>88.0</ele>
        <time>2026-09-23T07:23:19Z</time>
        <extensions>
          <gpxtpx:TrackPointExtension>
            <gpxtpx:hr>152</gpxtpx:hr>
          </gpxtpx:TrackPointExtension>
        </extensions>
      </trkpt>
      <trkpt lat="50.100392773747444" lon="8.667814247310162">
        <ele>87.0</ele>
        <time>2026-09-23T07:23:22Z</time>
        <extensions>
          <gpxtpx:TrackPointExtension>
            <gpxtpx:hr>153</gpxtpx:hr>
          </gpxtpx:TrackPointExtension>
        </extensions>
      </trkpt>
      <trkpt lat="50.10046108625829" lon="8.66792413406074">
        <ele>87.0</ele>
        <time>2026-09-23T07:23:25Z</time>
        <extensions>
          <gpxtpx:TrackPointExtension>
            <gpxtpx:hr>153</gpxtpx:hr>
          </gpxtpx:TrackPointExtension>
        </extensions>
      </trkpt>
      <trkpt lat="50.10052654892206" lon="8.668019184842706">
        <ele>87.0</ele>
        <time>2026-09-23T07:23:28Z</time>
        <extensions>
          <gpxtpx:TrackPointExtension>
            <gpxtpx:hr>153</gpxtpx:hr>
          </gpxtpx:TrackPointExtension>
        </extensions>
      </trkpt>
      <trkpt lat="50.10059335269034" lon="8.668105937540531">
        <ele>87.0</ele>
        <time>2026-09-23T07:23:31Z</time>
        <extensions>
          <gpxtpx:TrackPointExtension>
            <gpxtpx:hr>151</gpxtpx:hr>
          </gpxtpx:TrackPointExtension>
        </extensions>
      </trkpt>
      <trkpt lat="50.100669376552105" lon="8.668180704116821">
        <ele>87.0</ele>
        <time>2026-09-23T07:23:34Z</time>
        <extensions>
          <gpxtpx:TrackPointExtension>
            <gpxtpx:hr>150</gpxtpx:hr>
          </gpxtpx:TrackPointExtension>
        </extensions>
      </trkpt>
      <trkpt lat="50.100743137300014" lon="8.668255638331175">
        <ele>87.0</ele>
        <time>2026-09-23T07:23:37Z</time>
        <extensions>
          <gpxtpx:TrackPointExtension>
            <gpxtpx:hr>149</gpxtpx:hr>
          </gpxtpx:TrackPointExtension>
        </extensions>
      </trkpt>
      <trkpt lat="50.1008094381541" lon="8.668326633051038">
        <ele>87.0</ele>
        <time>2026-09-23T07:23:40Z</time>
        <extensions>
          <gpxtpx:TrackPointExtension>
            <gpxtpx:hr>149</gpxtpx:hr>
          </gpxtpx:TrackPointExtension>
        </extensions>
      </trkpt>
      <trkpt lat="50.100869284942746" lon="8.668397879227996">
        <ele>87.0</ele>
        <time>2026-09-23T07:23:43Z</time>
        <extensions>
          <gpxtpx:TrackPointExtension>
            <gpxtpx:hr>148</gpxtpx:hr>
          </gpxtpx:TrackPointExtension>
        </extensions>
      </trkpt>
      <trkpt lat="50.100933741778135" lon="8.668471053242683">
        <ele>87.0</ele>
        <time>2026-09-23T07:23:46Z</time>
        <extensions>
          <gpxtpx:TrackPointExtension>
            <gpxtpx:hr>148</gpxtpx:hr>
          </gpxtpx:TrackPointExtension>
        </extensions>
      </trkpt>
      <trkpt lat="50.10100004263222" lon="8.668557638302445">
        <ele>87.0</ele>
        <time>2026-09-23T07:23:49Z</time>
        <extensions>
          <gpxtpx:TrackPointExtension>
            <gpxtpx:hr>149</gpxtpx:hr>
          </gpxtpx:TrackPointExtension>
        </extensions>
      </trkpt>
      <trkpt lat="50.10105988942087" lon="8.668657885864377">
        <ele>87.0</ele>
        <time>2026-09-23T07:23:52Z</time>
        <extensions>
          <gpxtpx:TrackPointExtension>
            <gpxtpx:hr>149</gpxtpx:hr>
          </gpxtpx:TrackPointExtension>
        </extensions>
      </trkpt>
      <trkpt lat="50.10109576396644" lon="8.668765677139163">
        <ele>88.0</ele>
        <time>2026-09-23T07:23:55Z</time>
        <extensions>
          <gpxtpx:TrackPointExtension>
            <gpxtpx:hr>150</gpxtpx:hr>
          </gpxtpx:TrackPointExtension>
        </extensions>
      </trkpt>
      <trkpt lat="50.10112887248397" lon="8.668881179764867">
        <ele>88.0</ele>
        <time>2026-09-23T07:23:58Z</time>
        <extensions>
          <gpxtpx:TrackPointExtension>
            <gpxtpx:hr>150</gpxtpx:hr>
          </gpxtpx:TrackPointExtension>
        </extensions>
      </trkpt>
      <trkpt lat="50.101172709837556" lon="8.66898788139224">
        <ele>88.0</ele>
        <time>2026-09-23T07:24:01Z</time>
        <extensions>
          <gpxtpx:TrackPointExtension>
            <gpxtpx:hr>151</gpxtpx:hr>
          </gpxtpx:TrackPointExtension>
        </extensions>
      </trkpt>
      <trkpt lat="50.10122358798981" lon="8.669098941609263">
        <ele>88.0</ele>
        <time>2026-09-23T07:24:04Z</time>
        <extensions>
          <gpxtpx:TrackPointExtension>
            <gpxtpx:hr>151</gpxtpx:hr>
          </gpxtpx:TrackPointExtension>
        </extensions>
      </trkpt>
      <trkpt lat="50.10125954635441" lon="8.669222658500075">
        <ele>88.0</ele>
        <time>2026-09-23T07:24:07Z</time>
        <extensions>
          <gpxtpx:TrackPointExtension>
            <gpxtpx:hr>151</gpxtpx:hr>
          </gpxtpx:TrackPointExtension>
        </extensions>
      </trkpt>
      <trkpt lat="50.101297767832875" lon="8.669336903840303">
        <ele>88.0</ele>
        <time>2026-09-23T07:24:10Z</time>
        <extensions>
          <gpxtpx:TrackPointExtension>
            <gpxtpx:hr>152</gpxtpx:hr>
          </gpxtpx:TrackPointExtension>
        </extensions>
      </trkpt>
      <trkpt lat="50.101339258253574" lon="8.669434050098062">
        <ele>88.0</ele>
        <time>2026-09-23T07:24:13Z</time>
        <extensions>
          <gpxtpx:TrackPointExtension>
            <gpxtpx:hr>152</gpxtpx:hr>
          </gpxtpx:TrackPointExtension>
        </extensions>
      </trkpt>
      <trkpt lat="50.10138535872102" lon="8.669529100880027">
        <ele>88.0</ele>
        <time>2026-09-23T07:24:16Z</time>
        <extensions>
          <gpxtpx:TrackPointExtension>
            <gpxtpx:hr>153</gpxtpx:hr>
          </gpxtpx:TrackPointExtension>
        </extensions>
      </trkpt>
      <trkpt lat="50.1014294475317" lon="8.669623145833611">
        <ele>88.0</ele>
        <time>2026-09-23T07:24:19Z</time>
        <extensions>
          <gpxtpx:TrackPointExtension>
            <gpxtpx:hr>154</gpxtpx:hr>
          </gpxtpx:TrackPointExtension>
        </extensions>
      </trkpt>
      <trkpt lat="50.10148208588362" lon="8.66971543058753">
        <ele>88.0</ele>
        <time>2026-09-23T07:24:22Z</time>
        <extensions>
          <gpxtpx:TrackPointExtension>
            <gpxtpx:hr>154</gpxtpx:hr>
          </gpxtpx:TrackPointExtension>
        </extensions>
      </trkpt>
      <trkpt lat="50.1015433575958" lon="8.669804194942117">
        <ele>88.0</ele>
        <time>2026-09-23T07:24:25Z</time>
        <extensions>
          <gpxtpx:TrackPointExtension>
            <gpxtpx:hr>155</gpxtpx:hr>
          </gpxtpx:TrackPointExtension>
        </extensions>
      </trkpt>
      <trkpt lat="50.101608484983444" lon="8.669891869649291">
        <ele>88.0</ele>
        <time>2026-09-23T07:24:28Z</time>
        <extensions>
          <gpxtpx:TrackPointExtension>
            <gpxtpx:hr>155</gpxtpx:hr>
          </gpxtpx:TrackPointExtension>
        </extensions>
      </trkpt>
      <trkpt lat="50.10167730040848" lon="8.669975604861975">
        <ele>88.0</ele>
        <time>2026-09-23T07:24:31Z</time>
        <extensions>
          <gpxtpx:TrackPointExtension>
            <gpxtpx:hr>155</gpxtpx:hr>
          </gpxtpx:TrackPointExtension>
        </extensions>
      </trkpt>
      <trkpt lat="50.10174150578678" lon="8.6700554843992">
        <ele>88.0</ele>
        <time>2026-09-23T07:24:34Z</time>
        <extensions>
          <gpxtpx:TrackPointExtension>
            <gpxtpx:hr>155</gpxtpx:hr>
          </gpxtpx:TrackPointExtension>
        </extensions>
      </trkpt>
      <trkpt lat="50.10179263539612" lon="8.67013854905963">
        <ele>88.0</ele>
        <time>2026-09-23T07:24:37Z</time>
        <extensions>
          <gpxtpx:TrackPointExtension>
            <gpxtpx:hr>154</gpxtpx:hr>
          </gpxtpx:TrackPointExtension>
        </extensions>
      </trkpt>
      <trkpt lat="50.10183244943619" lon="8.670231252908707">
        <ele>88.0</ele>
        <time>2026-09-23T07:24:40Z</time>
        <extensions>
          <gpxtpx:TrackPointExtension>
            <gpxtpx:hr>154</gpxtpx:hr>
          </gpxtpx:TrackPointExtension>
        </extensions>
      </trkpt>
      <trkpt lat="50.1018819026649" lon="8.6703300755471">
        <ele>88.0</ele>
        <time>2026-09-23T07:24:43Z</time>
        <extensions>
          <gpxtpx:TrackPointExtension>
            <gpxtpx:hr>154</gpxtpx:hr>
          </gpxtpx:TrackPointExtension>
        </extensions>
      </trkpt>
      <trkpt lat="50.10195189155638" lon="8.670423701405525">
        <ele>88.0</ele>
        <time>2026-09-23T07:24:46Z</time>
        <extensions>
          <gpxtpx:TrackPointExtension>
            <gpxtpx:hr>154</gpxtpx:hr>
          </gpxtpx:TrackPointExtension>
        </extensions>
      </trkpt>
      <trkpt lat="50.102028250694275" lon="8.670508693903685">
        <ele>88.0</ele>
        <time>2026-09-23T07:24:49Z</time>
        <extensions>
          <gpxtpx:TrackPointExtension>
            <gpxtpx:hr>154</gpxtpx:hr>
          </gpxtpx:TrackPointExtension>
        </extensions>
      </trkpt>
      <trkpt lat="50.10210268199444" lon="8.670591171830893">
        <ele>88.0</ele>
        <time>2026-09-23T07:24:52Z</time>
        <extensions>
          <gpxtpx:TrackPointExtension>
            <gpxtpx:hr>155</gpxtpx:hr>
          </gpxtpx:TrackPointExtension>
        </extensions>
      </trkpt>
      <trkpt lat="50.1021718326956" lon="8.670680187642574">
        <ele>88.0</ele>
        <time>2026-09-23T07:24:55Z</time>
        <extensions>
          <gpxtpx:TrackPointExtension>
            <gpxtpx:hr>155</gpxtpx:hr>
          </gpxtpx:TrackPointExtension>
        </extensions>
      </trkpt>
      <trkpt lat="50.10223796591163" lon="8.670774986967444">
        <ele>88.0</ele>
        <time>2026-09-23T07:24:58Z</time>
        <extensions>
          <gpxtpx:TrackPointExtension>
            <gpxtpx:hr>156</gpxtpx:hr>
          </gpxtpx:TrackPointExtension>
        </extensions>
      </trkpt>
      <trkpt lat="50.10229387320578" lon="8.67087540216744">
        <ele>88.0</ele>
        <time>2026-09-23T07:25:01Z</time>
        <extensions>
          <gpxtpx:TrackPointExtension>
            <gpxtpx:hr>157</gpxtpx:hr>
          </gpxtpx:TrackPointExtension>
        </extensions>
      </trkpt>
      <trkpt lat="50.10235304944217" lon="8.670971542596817">
        <ele>88.0</ele>
        <time>2026-09-23T07:25:04Z</time>
        <extensions>
          <gpxtpx:TrackPointExtension>
            <gpxtpx:hr>157</gpxtpx:hr>
          </gpxtpx:TrackPointExtension>
        </extensions>
      </trkpt>
      <trkpt lat="50.102427899837494" lon="8.67103566415608">
        <ele>88.0</ele>
        <time>2026-09-23T07:25:07Z</time>
        <extensions>
          <gpxtpx:TrackPointExtension>
            <gpxtpx:hr>157</gpxtpx:hr>
          </gpxtpx:TrackPointExtension>
        </extensions>
      </trkpt>
      <trkpt lat="50.10250057093799" lon="8.671086207032204">
        <ele>88.0</ele>
        <time>2026-09-23T07:25:10Z</time>
        <extensions>
          <gpxtpx:TrackPointExtension>
            <gpxtpx:hr>157</gpxtpx:hr>
          </gpxtpx:TrackPointExtension>
        </extensions>
      </trkpt>
      <trkpt lat="50.10257198475301" lon="8.671151250600815">
        <ele>88.0</ele>
        <time>2026-09-23T07:25:13Z</time>
        <extensions>
          <gpxtpx:TrackPointExtension>
            <gpxtpx:hr>157</gpxtpx:hr>
          </gpxtpx:TrackPointExtension>
        </extensions>
      </trkpt>
      <trkpt lat="50.10264029726386" lon="8.671221993863583">
        <ele>88.0</ele>
        <time>2026-09-23T07:25:16Z</time>
        <extensions>
          <gpxtpx:TrackPointExtension>
            <gpxtpx:hr>157</gpxtpx:hr>
          </gpxtpx:TrackPointExtension>
        </extensions>
      </trkpt>
      <trkpt lat="50.10270098224282" lon="8.671303633600473">
        <ele>88.0</ele>
        <time>2026-09-23T07:25:19Z</time>
        <extensions>
          <gpxtpx:TrackPointExtension>
            <gpxtpx:hr>158</gpxtpx:hr>
          </gpxtpx:TrackPointExtension>
        </extensions>
      </trkpt>
      <trkpt lat="50.102758733555675" lon="8.671397930011153">
        <ele>88.0</ele>
        <time>2026-09-23T07:25:22Z</time>
        <extensions>
          <gpxtpx:TrackPointExtension>
            <gpxtpx:hr>158</gpxtpx:hr>
          </gpxtpx:TrackPointExtension>
        </extensions>
      </trkpt>
      <trkpt lat="50.10281665250659" lon="8.671491052955389">
        <ele>88.0</ele>
        <time>2026-09-23T07:25:25Z</time>
        <extensions>
          <gpxtpx:TrackPointExtension>
            <gpxtpx:hr>158</gpxtpx:hr>
          </gpxtpx:TrackPointExtension>
        </extensions>
      </trkpt>
      <trkpt lat="50.10287775658071" lon="8.671583756804466">
        <ele>88.0</ele>
        <time>2026-09-23T07:25:28Z</time>
        <extensions>
          <gpxtpx:TrackPointExtension>
            <gpxtpx:hr>158</gpxtpx:hr>
          </gpxtpx:TrackPointExtension>
        </extensions>
      </trkpt>
      <trkpt lat="50.10294070467353" lon="8.671682830899954">
        <ele>88.0</ele>
        <time>2026-09-23T07:25:31Z</time>
        <extensions>
          <gpxtpx:TrackPointExtension>
            <gpxtpx:hr>158</gpxtpx:hr>
          </gpxtpx:TrackPointExtension>
        </extensions>
      </trkpt>
      <trkpt lat="50.10300298221409" lon="8.67178374901414">
        <ele>88.0</ele>
        <time>2026-09-23T07:25:34Z</time>
        <extensions>
          <gpxtpx:TrackPointExtension>
            <gpxtpx:hr>158</gpxtpx:hr>
          </gpxtpx:TrackPointExtension>
        </extensions>
      </trkpt>
      <trkpt lat="50.10305888950825" lon="8.671881901100278">
        <ele>88.0</ele>
        <time>2026-09-23T07:25:37Z</time>
        <extensions>
          <gpxtpx:TrackPointExtension>
            <gpxtpx:hr>158</gpxtpx:hr>
          </gpxtpx:TrackPointExtension>
        </extensions>
      </trkpt>
      <trkpt lat="50.10311337187886" lon="8.671982735395432">
        <ele>88.0</ele>
        <time>2026-09-23T07:25:40Z</time>
        <extensions>
          <gpxtpx:TrackPointExtension>
            <gpxtpx:hr>157</gpxtpx:hr>
          </gpxtpx:TrackPointExtension>
        </extensions>
      </trkpt>
      <trkpt lat="50.10317808017135" lon="8.672075355425477">
        <ele>88.0</ele>
        <time>2026-09-23T07:25:43Z</time>
        <extensions>
          <gpxtpx:TrackPointExtension>
            <gpxtpx:hr>156</gpxtpx:hr>
          </gpxtpx:TrackPointExtension>
        </extensions>
      </trkpt>
      <trkpt lat="50.1032479852438" lon="8.672160683199763">
        <ele>88.0</ele>
        <time>2026-09-23T07:25:46Z</time>
        <extensions>
          <gpxtpx:TrackPointExtension>
            <gpxtpx:hr>155</gpxtpx:hr>
          </gpxtpx:TrackPointExtension>
        </extensions>
      </trkpt>
      <trkpt lat="50.10331210680306" lon="8.672249279916286">
        <ele>88.0</ele>
        <time>2026-09-23T07:25:49Z</time>
        <extensions>
          <gpxtpx:TrackPointExtension>
            <gpxtpx:hr>154</gpxtpx:hr>
          </gpxtpx:TrackPointExtension>
        </extensions>
      </trkpt>
      <trkpt lat="50.10337078012526" lon="8.672343660145998">
        <ele>88.0</ele>
        <time>2026-09-23T07:25:52Z</time>
        <extensions>
          <gpxtpx:TrackPointExtension>
            <gpxtpx:hr>154</gpxtpx:hr>
          </gpxtpx:TrackPointExtension>
        </extensions>
      </trkpt>
      <trkpt lat="50.10342936962843" lon="8.672437872737646">
        <ele>88.0</ele>
        <time>2026-09-23T07:25:55Z</time>
        <extensions>
          <gpxtpx:TrackPointExtension>
            <gpxtpx:hr>154</gpxtpx:hr>
          </gpxtpx:TrackPointExtension>
        </extensions>
      </trkpt>
      <trkpt lat="50.10348158888519" lon="8.6725352704525">
        <ele>88.0</ele>
        <time>2026-09-23T07:25:58Z</time>
        <extensions>
          <gpxtpx:TrackPointExtension>
            <gpxtpx:hr>154</gpxtpx:hr>
          </gpxtpx:TrackPointExtension>
        </extensions>
      </trkpt>
      <trkpt lat="50.1035241689533" lon="8.672626465559006">
        <ele>88.0</ele>
        <time>2026-09-23T07:26:01Z</time>
        <extensions>
          <gpxtpx:TrackPointExtension>
            <gpxtpx:hr>155</gpxtpx:hr>
          </gpxtpx:TrackPointExtension>
        </extensions>
      </trkpt>
      <trkpt lat="50.1035706885159" lon="8.672728054225445">
        <ele>88.0</ele>
        <time>2026-09-23T07:26:04Z</time>
        <extensions>
          <gpxtpx:TrackPointExtension>
            <gpxtpx:hr>156</gpxtpx:hr>
          </gpxtpx:TrackPointExtension>
        </extensions>
      </trkpt>
      <trkpt lat="50.10362190194428" lon="8.672838946804404">
        <ele>88.0</ele>
        <time>2026-09-23T07:26:07Z</time>
        <extensions>
          <gpxtpx:TrackPointExtension>
            <gpxtpx:hr>157</gpxtpx:hr>
          </gpxtpx:TrackPointExtension>
        </extensions>
      </trkpt>
      <trkpt lat="50.10366775095463" lon="8.672943050041795">
        <ele>88.0</ele>
        <time>2026-09-23T07:26:10Z</time>
        <extensions>
          <gpxtpx:TrackPointExtension>
            <gpxtpx:hr>157</gpxtpx:hr>
          </gpxtpx:TrackPointExtension>
        </extensions>
      </trkpt>
      <trkpt lat="50.1037229038775" lon="8.673049667850137">
        <ele>88.0</ele>
        <time>2026-09-23T07:26:13Z</time>
        <extensions>
          <gpxtpx:TrackPointExtension>
            <gpxtpx:hr>157</gpxtpx:hr>
          </gpxtpx:TrackPointExtension>
        </extensions>
      </trkpt>
      <trkpt lat="50.103785349056125" lon="8.673153771087527">
        <ele>88.0</ele>
        <time>2026-09-23T07:26:16Z</time>
        <extensions>
          <gpxtpx:TrackPointExtension>
            <gpxtpx:hr>157</gpxtpx:hr>
          </gpxtpx:TrackPointExtension>
        </extensions>
      </trkpt>
      <trkpt lat="50.10384779423475" lon="8.673248067498207">
        <ele>88.0</ele>
        <time>2026-09-23T07:26:19Z</time>
        <extensions>
          <gpxtpx:TrackPointExtension>
            <gpxtpx:hr>156</gpxtpx:hr>
          </gpxtpx:TrackPointExtension>
        </extensions>
      </trkpt>
      <trkpt lat="50.10390831157565" lon="8.673338927328587">
        <ele>88.0</ele>
        <time>2026-09-23T07:26:22Z</time>
        <extensions>
          <gpxtpx:TrackPointExtension>
            <gpxtpx:hr>156</gpxtpx:hr>
          </gpxtpx:TrackPointExtension>
        </extensions>
      </trkpt>
      <trkpt lat="50.1039750315249" lon="8.673427691683173">
        <ele>88.0</ele>
        <time>2026-09-23T07:26:25Z</time>
        <extensions>
          <gpxtpx:TrackPointExtension>
            <gpxtpx:hr>157</gpxtpx:hr>
          </gpxtpx:TrackPointExtension>
        </extensions>
      </trkpt>
      <trkpt lat="50.10404426604509" lon="8.673515198752284">
        <ele>88.0</ele>
        <time>2026-09-23T07:26:28Z</time>
        <extensions>
          <gpxtpx:TrackPointExtension>
            <gpxtpx:hr>157</gpxtpx:hr>
          </gpxtpx:TrackPointExtension>
        </extensions>
      </trkpt>
      <trkpt lat="50.10410855524242" lon="8.673607232049108">
        <ele>88.0</ele>
        <time>2026-09-23T07:26:31Z</time>
        <extensions>
          <gpxtpx:TrackPointExtension>
            <gpxtpx:hr>158</gpxtpx:hr>
          </gpxtpx:TrackPointExtension>
        </extensions>
      </trkpt>
      <trkpt lat="50.1041632052511" lon="8.673715693876147">
        <ele>88.0</ele>
        <time>2026-09-23T07:26:34Z</time>
        <extensions>
          <gpxtpx:TrackPointExtension>
            <gpxtpx:hr>158</gpxtpx:hr>
          </gpxtpx:TrackPointExtension>
        </extensions>
      </trkpt>
      <trkpt lat="50.10419706813991" lon="8.673843182623386">
        <ele>88.0</ele>
        <time>2026-09-23T07:26:37Z</time>
        <extensions>
          <gpxtpx:TrackPointExtension>
            <gpxtpx:hr>158</gpxtpx:hr>
          </gpxtpx:TrackPointExtension>
        </extensions>
      </trkpt>
      <trkpt lat="50.104216765612364" lon="8.673976706340909">
        <ele>88.0</ele>
        <time>2026-09-23T07:26:40Z</time>
        <extensions>
          <gpxtpx:TrackPointExtension>
            <gpxtpx:hr>158</gpxtpx:hr>
          </gpxtpx:TrackPointExtension>
        </extensions>
      </trkpt>
      <trkpt lat="50.104257836937904" lon="8.674079468473792">
        <ele>88.0</ele>
        <time>2026-09-23T07:26:43Z</time>
        <extensions>
          <gpxtpx:TrackPointExtension>
            <gpxtpx:hr>158</gpxtpx:hr>
          </gpxtpx:TrackPointExtension>
        </extensions>
      </trkpt>
      <trkpt lat="50.104324808344245" lon="8.674155743792653">
        <ele>88.0</ele>
        <time>2026-09-23T07:26:46Z</time>
        <extensions>
          <gpxtpx:TrackPointExtension>
            <gpxtpx:hr>158</gpxtpx:hr>
          </gpxtpx:TrackPointExtension>
        </extensions>
      </trkpt>
      <trkpt lat="50.10438993573189" lon="8.674239395186305">
        <ele>88.0</ele>
        <time>2026-09-23T07:26:49Z</time>
        <extensions>
          <gpxtpx:TrackPointExtension>
            <gpxtpx:hr>158</gpxtpx:hr>
          </gpxtpx:TrackPointExtension>
        </extensions>
      </trkpt>
      <trkpt lat="50.10444818995893" lon="8.67433536797762">
        <ele>88.0</ele>
        <time>2026-09-23T07:26:52Z</time>
        <extensions>
          <gpxtpx:TrackPointExtension>
            <gpxtpx:hr>158</gpxtpx:hr>
          </gpxtpx:TrackPointExtension>
        </extensions>
      </trkpt>
      <trkpt lat="50.104504097253084" lon="8.67443410679698">
        <ele>88.0</ele>
        <time>2026-09-23T07:26:55Z</time>
        <extensions>
          <gpxtpx:TrackPointExtension>
            <gpxtpx:hr>157</gpxtpx:hr>
          </gpxtpx:TrackPointExtension>
        </extensions>
      </trkpt>
      <trkpt lat="50.10455866344273" lon="8.674529744312167">
        <ele>88.0</ele>
        <time>2026-09-23T07:26:58Z</time>
        <extensions>
          <gpxtpx:TrackPointExtension>
            <gpxtpx:hr>157</gpxtpx:hr>
          </gpxtpx:TrackPointExtension>
        </extensions>
      </trkpt>
      <trkpt lat="50.10461188852787" lon="8.67462906986475">
        <ele>88.0</ele>
        <time>2026-09-23T07:27:01Z</time>
        <extensions>
          <gpxtpx:TrackPointExtension>
            <gpxtpx:hr>157</gpxtpx:hr>
          </gpxtpx:TrackPointExtension>
        </extensions>
      </trkpt>
      <trkpt lat="50.10465815663338" lon="8.674734681844711">
        <ele>88.0</ele>
        <time>2026-09-23T07:27:04Z</time>
        <extensions>
          <gpxtpx:TrackPointExtension>
            <gpxtpx:hr>157</gpxtpx:hr>
          </gpxtpx:TrackPointExtension>
        </extensions>
      </trkpt>
      <trkpt lat="50.1046933606267" lon="8.674845155328512">
        <ele>88.0</ele>
        <time>2026-09-23T07:27:07Z</time>
        <extensions>
          <gpxtpx:TrackPointExtension>
            <gpxtpx:hr>157</gpxtpx:hr>
          </gpxtpx:TrackPointExtension>
        </extensions>
      </trkpt>
      <trkpt lat="50.10473443195224" lon="8.67495160549879">
        <ele>88.0</ele>
        <time>2026-09-23T07:27:10Z</time>
        <extensions>
          <gpxtpx:TrackPointExtension>
            <gpxtpx:hr>157</gpxtpx:hr>
          </gpxtpx:TrackPointExtension>
        </extensions>
      </trkpt>
      <trkpt lat="50.10478145442903" lon="8.675054367631674">
        <ele>88.0</ele>
        <time>2026-09-23T07:27:13Z</time>
        <extensions>
          <gpxtpx:TrackPointExtension>
            <gpxtpx:hr>157</gpxtpx:hr>
          </gpxtpx:TrackPointExtension>
        </extensions>
      </trkpt>
      <trkpt lat="50.10483023710549" lon="8.675159895792603">
        <ele>88.0</ele>
        <time>2026-09-23T07:27:16Z</time>
        <extensions>
          <gpxtpx:TrackPointExtension>
            <gpxtpx:hr>158</gpxtpx:hr>
          </gpxtpx:TrackPointExtension>
        </extensions>
      </trkpt>
      <trkpt lat="50.10488295927644" lon="8.67526575922966">
        <ele>88.0</ele>
        <time>2026-09-23T07:27:19Z</time>
        <extensions>
          <gpxtpx:TrackPointExtension>
            <gpxtpx:hr>158</gpxtpx:hr>
          </gpxtpx:TrackPointExtension>
        </extensions>
      </trkpt>
      <trkpt lat="50.10493299923837" lon="8.67536785081029">
        <ele>88.0</ele>
        <time>2026-09-23T07:27:22Z</time>
        <extensions>
          <gpxtpx:TrackPointExtension>
            <gpxtpx:hr>158</gpxtpx:hr>
          </gpxtpx:TrackPointExtension>
        </extensions>
      </trkpt>
      <trkpt lat="50.104977171868086" lon="8.675469858571887">
        <ele>88.0</ele>
        <time>2026-09-23T07:27:25Z</time>
        <extensions>
          <gpxtpx:TrackPointExtension>
            <gpxtpx:hr>159</gpxtpx:hr>
          </gpxtpx:TrackPointExtension>
        </extensions>
      </trkpt>
      <trkpt lat="50.105017656460404" lon="8.675578236579895">
        <ele>88.0</ele>
        <time>2026-09-23T07:27:28Z</time>
        <extensions>
          <gpxtpx:TrackPointExtension>
            <gpxtpx:hr>158</gpxtpx:hr>
          </gpxtpx:TrackPointExtension>
        </extensions>
      </trkpt>
      <trkpt lat="50.10505269281566" lon="8.675691727548838">
        <ele>88.0</ele>
        <time>2026-09-23T07:27:31Z</time>
        <extensions>
          <gpxtpx:TrackPointExtension>
            <gpxtpx:hr>157</gpxtpx:hr>
          </gpxtpx:TrackPointExtension>
        </extensions>
      </trkpt>
      <trkpt lat="50.10509225539863" lon="8.675806559622288">
        <ele>88.0</ele>
        <time>2026-09-23T07:27:34Z</time>
        <extensions>
          <gpxtpx:TrackPointExtension>
            <gpxtpx:hr>157</gpxtpx:hr>
          </gpxtpx:TrackPointExtension>
        </extensions>
      </trkpt>
      <trkpt lat="50.10513944551349" lon="8.675912087783217">
        <ele>88.0</ele>
        <time>2026-09-23T07:27:37Z</time>
        <extensions>
          <gpxtpx:TrackPointExtension>
            <gpxtpx:hr>156</gpxtpx:hr>
          </gpxtpx:TrackPointExtension>
        </extensions>
      </trkpt>
      <trkpt lat="50.105192167684436" lon="8.676018035039306">
        <ele>88.0</ele>
        <time>2026-09-23T07:27:40Z</time>
        <extensions>
          <gpxtpx:TrackPointExtension>
            <gpxtpx:hr>155</gpxtpx:hr>
          </gpxtpx:TrackPointExtension>
        </extensions>
      </trkpt>
      <trkpt lat="50.10524363256991" lon="8.676130268722773">
        <ele>88.0</ele>
        <time>2026-09-23T07:27:43Z</time>
        <extensions>
          <gpxtpx:TrackPointExtension>
            <gpxtpx:hr>155</gpxtpx:hr>
          </gpxtpx:TrackPointExtension>
        </extensions>
      </trkpt>
      <trkpt lat="50.10529694147408" lon="8.676248202100396">
        <ele>88.0</ele>
        <time>2026-09-23T07:27:46Z</time>
        <extensions>
          <gpxtpx:TrackPointExtension>
            <gpxtpx:hr>155</gpxtpx:hr>
          </gpxtpx:TrackPointExtension>
        </extensions>
      </trkpt>
      <trkpt lat="50.10534874163568" lon="8.676363034173846">
        <ele>88.0</ele>
        <time>2026-09-23T07:27:49Z</time>
        <extensions>
          <gpxtpx:TrackPointExtension>
            <gpxtpx:hr>156</gpxtpx:hr>
          </gpxtpx:TrackPointExtension>
        </extensions>
      </trkpt>
      <trkpt lat="50.1053942553699" lon="8.676475938409567">
        <ele>88.0</ele>
        <time>2026-09-23T07:27:52Z</time>
        <extensions>
          <gpxtpx:TrackPointExtension>
            <gpxtpx:hr>156</gpxtpx:hr>
          </gpxtpx:TrackPointExtension>
        </extensions>
      </trkpt>
      <trkpt lat="50.105435410514474" lon="8.676585154607892">
        <ele>88.0</ele>
        <time>2026-09-23T07:27:55Z</time>
        <extensions>
          <gpxtpx:TrackPointExtension>
            <gpxtpx:hr>156</gpxtpx:hr>
          </gpxtpx:TrackPointExtension>
        </extensions>
      </trkpt>
      <trkpt lat="50.1054634898901" lon="8.676699651405215">
        <ele>88.0</ele>
        <time>2026-09-23T07:27:58Z</time>
        <extensions>
          <gpxtpx:TrackPointExtension>
            <gpxtpx:hr>156</gpxtpx:hr>
          </gpxtpx:TrackPointExtension>
        </extensions>
      </trkpt>
      <trkpt lat="50.10548461228609" lon="8.676806939765811">
        <ele>88.0</ele>
        <time>2026-09-23T07:28:01Z</time>
        <extensions>
          <gpxtpx:TrackPointExtension>
            <gpxtpx:hr>155</gpxtpx:hr>
          </gpxtpx:TrackPointExtension>
        </extensions>
      </trkpt>
      <trkpt lat="50.105511182919145" lon="8.676908696070313">
        <ele>88.0</ele>
        <time>2026-09-23T07:28:04Z</time>
        <extensions>
          <gpxtpx:TrackPointExtension>
            <gpxtpx:hr>155</gpxtpx:hr>
          </gpxtpx:TrackPointExtension>
        </extensions>
      </trkpt>
      <trkpt lat="50.10552844963968" lon="8.67701699025929">
        <ele>88.0</ele>
        <time>2026-09-23T07:28:07Z</time>
        <extensions>
          <gpxtpx:TrackPointExtension>
            <gpxtpx:hr>154</gpxtpx:hr>
          </gpxtpx:TrackPointExtension>
        </extensions>
      </trkpt>
      <trkpt lat="50.105559043586254" lon="8.677115142345428">
        <ele>88.0</ele>
        <time>2026-09-23T07:28:10Z</time>
        <extensions>
          <gpxtpx:TrackPointExtension>
            <gpxtpx:hr>154</gpxtpx:hr>
          </gpxtpx:TrackPointExtension>
        </extensions>
      </trkpt>
      <trkpt lat="50.10558804497123" lon="8.677201895043254">
        <ele>88.0</ele>
        <time>2026-09-23T07:28:13Z</time>
        <extensions>
          <gpxtpx:TrackPointExtension>
            <gpxtpx:hr>154</gpxtpx:hr>
          </gpxtpx:TrackPointExtension>
        </extensions>
      </trkpt>
      <trkpt lat="50.10562324896455" lon="8.67729987949133">
        <ele>88.0</ele>
        <time>2026-09-23T07:28:16Z</time>
        <extensions>
          <gpxtpx:TrackPointExtension>
            <gpxtpx:hr>155</gpxtpx:hr>
          </gpxtpx:TrackPointExtension>
        </extensions>
      </trkpt>
      <trkpt lat="50.105665074661374" lon="8.677408508956432">
        <ele>88.0</ele>
        <time>2026-09-23T07:28:19Z</time>
        <extensions>
          <gpxtpx:TrackPointExtension>
            <gpxtpx:hr>155</gpxtpx:hr>
          </gpxtpx:TrackPointExtension>
        </extensions>
      </trkpt>
      <trkpt lat="50.105704637244344" lon="8.677495764568448">
        <ele>88.0</ele>
        <time>2026-09-23T07:28:22Z</time>
        <extensions>
          <gpxtpx:TrackPointExtension>
            <gpxtpx:hr>155</gpxtpx:hr>
          </gpxtpx:TrackPointExtension>
        </extensions>
      </trkpt>
      <trkpt lat="50.105725675821304" lon="8.67758578620851">
        <ele>87.0</ele>
        <time>2026-09-23T07:28:25Z</time>
        <extensions>
          <gpxtpx:TrackPointExtension>
            <gpxtpx:hr>156</gpxtpx:hr>
          </gpxtpx:TrackPointExtension>
        </extensions>
      </trkpt>
      <trkpt lat="50.10575333610177" lon="8.677691146731377">
        <ele>87.0</ele>
        <time>2026-09-23T07:28:28Z</time>
        <extensions>
          <gpxtpx:TrackPointExtension>
            <gpxtpx:hr>156</gpxtpx:hr>
          </gpxtpx:TrackPointExtension>
        </extensions>
      </trkpt>
      <trkpt lat="50.10581293143332" lon="8.677795333787799">
        <ele>87.0</ele>
        <time>2026-09-23T07:28:31Z</time>
        <extensions>
          <gpxtpx:TrackPointExtension>
            <gpxtpx:hr>155</gpxtpx:hr>
          </gpxtpx:TrackPointExtension>
        </extensions>
      </trkpt>
      <trkpt lat="50.10587160475552" lon="8.677893737331033">
        <ele>87.0</ele>
        <time>2026-09-23T07:28:34Z</time>
        <extensions>
          <gpxtpx:TrackPointExtension>
            <gpxtpx:hr>155</gpxtpx:hr>
          </gpxtpx:TrackPointExtension>
        </extensions>
      </trkpt>
      <trkpt lat="50.10593069717288" lon="8.677989458665252">
        <ele>87.0</ele>
        <time>2026-09-23T07:28:37Z</time>
        <extensions>
          <gpxtpx:TrackPointExtension>
            <gpxtpx:hr>154</gpxtpx:hr>
          </gpxtpx:TrackPointExtension>
        </extensions>
      </trkpt>
      <trkpt lat="50.105984257534146" lon="8.678077552467585">
        <ele>87.0</ele>
        <time>2026-09-23T07:28:40Z</time>
        <extensions>
          <gpxtpx:TrackPointExtension>
            <gpxtpx:hr>154</gpxtpx:hr>
          </gpxtpx:TrackPointExtension>
        </extensions>
      </trkpt>
      <trkpt lat="50.10603463277221" lon="8.678162964060903">
        <ele>88.0</ele>
        <time>2026-09-23T07:28:43Z</time>
        <extensions>
          <gpxtpx:TrackPointExtension>
            <gpxtpx:hr>153</gpxtpx:hr>
          </gpxtpx:TrackPointExtension>
        </extensions>
      </trkpt>
      <trkpt lat="50.106089282780886" lon="8.67824887856841">
        <ele>88.0</ele>
        <time>2026-09-23T07:28:46Z</time>
        <extensions>
          <gpxtpx:TrackPointExtension>
            <gpxtpx:hr>152</gpxtpx:hr>
          </gpxtpx:TrackPointExtension>
        </extensions>
      </trkpt>
      <trkpt lat="50.10613353922963" lon="8.678336888551712">
        <ele>88.0</ele>
        <time>2026-09-23T07:28:49Z</time>
        <extensions>
          <gpxtpx:TrackPointExtension>
            <gpxtpx:hr>152</gpxtpx:hr>
          </gpxtpx:TrackPointExtension>
        </extensions>
      </trkpt>
      <trkpt lat="50.106155248358846" lon="8.67842959240079">
        <ele>88.0</ele>
        <time>2026-09-23T07:28:52Z</time>
        <extensions>
          <gpxtpx:TrackPointExtension>
            <gpxtpx:hr>152</gpxtpx:hr>
          </gpxtpx:TrackPointExtension>
        </extensions>
      </trkpt>
      <trkpt lat="50.106171844527125" lon="8.678528247401118">
        <ele>88.0</ele>
        <time>2026-09-23T07:28:55Z</time>
        <extensions>
          <gpxtpx:TrackPointExtension>
            <gpxtpx:hr>152</gpxtpx:hr>
          </gpxtpx:TrackPointExtension>
        </extensions>
      </trkpt>
      <trkpt lat="50.10619908571243" lon="8.67862748913467">
        <ele>88.0</ele>
        <time>2026-09-23T07:28:58Z</time>
        <extensions>
          <gpxtpx:TrackPointExtension>
            <gpxtpx:hr>151</gpxtpx:hr>
          </gpxtpx:TrackPointExtension>
        </extensions>
      </trkpt>
      <trkpt lat="50.106235882267356" lon="8.678725557401776">
        <ele>88.0</ele>
        <time>2026-09-23T07:29:01Z</time>
        <extensions>
          <gpxtpx:TrackPointExtension>
            <gpxtpx:hr>151</gpxtpx:hr>
          </gpxtpx:TrackPointExtension>
        </extensions>
      </trkpt>
      <trkpt lat="50.10627016425133" lon="8.678823877125978">
        <ele>88.0</ele>
        <time>2026-09-23T07:29:04Z</time>
        <extensions>
          <gpxtpx:TrackPointExtension>
            <gpxtpx:hr>151</gpxtpx:hr>
          </gpxtpx:TrackPointExtension>
        </extensions>
      </trkpt>
      <trkpt lat="50.1063044462353" lon="8.678920436650515">
        <ele>88.0</ele>
        <time>2026-09-23T07:29:07Z</time>
        <extensions>
          <gpxtpx:TrackPointExtension>
            <gpxtpx:hr>150</gpxtpx:hr>
          </gpxtpx:TrackPointExtension>
        </extensions>
      </trkpt>
      <trkpt lat="50.106345349922776" lon="8.679010877385736">
        <ele>88.0</ele>
        <time>2026-09-23T07:29:10Z</time>
        <extensions>
          <gpxtpx:TrackPointExtension>
            <gpxtpx:hr>150</gpxtpx:hr>
          </gpxtpx:TrackPointExtension>
        </extensions>
      </trkpt>
      <trkpt lat="50.10638843290508" lon="8.679103581234813">
        <ele>88.0</ele>
        <time>2026-09-23T07:29:13Z</time>
        <extensions>
          <gpxtpx:TrackPointExtension>
            <gpxtpx:hr>149</gpxtpx:hr>
          </gpxtpx:TrackPointExtension>
        </extensions>
      </trkpt>
      <trkpt lat="50.10643285699189" lon="8.679199637845159">
        <ele>88.0</ele>
        <time>2026-09-23T07:29:16Z</time>
        <extensions>
          <gpxtpx:TrackPointExtension>
            <gpxtpx:hr>148</gpxtpx:hr>
          </gpxtpx:TrackPointExtension>
        </extensions>
      </trkpt>
      <trkpt lat="50.10647753253579" lon="8.679296784102917">
        <ele>88.0</ele>
        <time>2026-09-23T07:29:19Z</time>
        <extensions>
          <gpxtpx:TrackPointExtension>
            <gpxtpx:hr>148</gpxtpx:hr>
          </gpxtpx:TrackPointExtension>
        </extensions>
      </trkpt>
      <trkpt lat="50.106526147574186" lon="8.679390158504248">
        <ele>88.0</ele>
        <time>2026-09-23T07:29:22Z</time>
        <extensions>
          <gpxtpx:TrackPointExtension>
            <gpxtpx:hr>147</gpxtpx:hr>
          </gpxtpx:TrackPointExtension>
        </extensions>
      </trkpt>
      <trkpt lat="50.106572080403566" lon="8.679483197629452">
        <ele>88.0</ele>
        <time>2026-09-23T07:29:25Z</time>
        <extensions>
          <gpxtpx:TrackPointExtension>
            <gpxtpx:hr>146</gpxtpx:hr>
          </gpxtpx:TrackPointExtension>
        </extensions>
      </trkpt>
      <trkpt lat="50.10661189444363" lon="8.679577829316258">
        <ele>88.0</ele>
        <time>2026-09-23T07:29:28Z</time>
        <extensions>
          <gpxtpx:TrackPointExtension>
            <gpxtpx:hr>145</gpxtpx:hr>
          </gpxtpx:TrackPointExtension>
        </extensions>
      </trkpt>
      <trkpt lat="50.10664374567568" lon="8.679671538993716">
        <ele>88.0</ele>
        <time>2026-09-23T07:29:31Z</time>
        <extensions>
          <gpxtpx:TrackPointExtension>
            <gpxtpx:hr>145</gpxtpx:hr>
          </gpxtpx:TrackPointExtension>
        </extensions>
      </trkpt>
      <trkpt lat="50.106674591079354" lon="8.679759381338954">
        <ele>88.0</ele>
        <time>2026-09-23T07:29:34Z</time>
        <extensions>
          <gpxtpx:TrackPointExtension>
            <gpxtpx:hr>145</gpxtpx:hr>
          </gpxtpx:TrackPointExtension>
        </extensions>
      </trkpt>
      <trkpt lat="50.106700491160154" lon="8.67985300719738">
        <ele>88.0</ele>
        <time>2026-09-23T07:29:37Z</time>
        <extensions>
          <gpxtpx:TrackPointExtension>
            <gpxtpx:hr>145</gpxtpx:hr>
          </gpxtpx:TrackPointExtension>
        </extensions>
      </trkpt>
      <trkpt lat="50.106720104813576" lon="8.679946381598711">
        <ele>88.0</ele>
        <time>2026-09-23T07:29:40Z</time>
        <extensions>
          <gpxtpx:TrackPointExtension>
            <gpxtpx:hr>145</gpxtpx:hr>
          </gpxtpx:TrackPointExtension>
        </extensions>
      </trkpt>
      <trkpt lat="50.10674466378987" lon="8.680034056305885">
        <ele>88.0</ele>
        <time>2026-09-23T07:29:43Z</time>
        <extensions>
          <gpxtpx:TrackPointExtension>
            <gpxtpx:hr>146</gpxtpx:hr>
          </gpxtpx:TrackPointExtension>
        </extensions>
      </trkpt>
      <trkpt lat="50.10677257552743" lon="8.68012173101306">
        <ele>88.0</ele>
        <time>2026-09-23T07:29:46Z</time>
        <extensions>
          <gpxtpx:TrackPointExtension>
            <gpxtpx:hr>146</gpxtpx:hr>
          </gpxtpx:TrackPointExtension>
        </extensions>
      </trkpt>
      <trkpt lat="50.106800151988864" lon="8.680211836472154">
        <ele>88.0</ele>
        <time>2026-09-23T07:29:49Z</time>
        <extensions>
          <gpxtpx:TrackPointExtension>
            <gpxtpx:hr>145</gpxtpx:hr>
          </gpxtpx:TrackPointExtension>
        </extensions>
      </trkpt>
      <trkpt lat="50.1068364456296" lon="8.680303199216723">
        <ele>88.0</ele>
        <time>2026-09-23T07:29:52Z</time>
        <extensions>
          <gpxtpx:TrackPointExtension>
            <gpxtpx:hr>145</gpxtpx:hr>
          </gpxtpx:TrackPointExtension>
        </extensions>
      </trkpt>
      <trkpt lat="50.106874499469995" lon="8.680398249998689">
        <ele>88.0</ele>
        <time>2026-09-23T07:29:55Z</time>
        <extensions>
          <gpxtpx:TrackPointExtension>
            <gpxtpx:hr>144</gpxtpx:hr>
          </gpxtpx:TrackPointExtension>
        </extensions>
      </trkpt>
      <trkpt lat="50.10690836235881" lon="8.680495228618383">
        <ele>88.0</ele>
        <time>2026-09-23T07:29:58Z</time>
        <extensions>
          <gpxtpx:TrackPointExtension>
            <gpxtpx:hr>144</gpxtpx:hr>
          </gpxtpx:TrackPointExtension>
        </extensions>
      </trkpt>
      <trkpt lat="50.10693577118218" lon="8.680600505322218">
        <ele>88.0</ele>
        <time>2026-09-23T07:30:01Z</time>
        <extensions>
          <gpxtpx:TrackPointExtension>
            <gpxtpx:hr>143</gpxtpx:hr>
          </gpxtpx:TrackPointExtension>
        </extensions>
      </trkpt>
      <trkpt lat="50.10696267709136" lon="8.680705446749926">
        <ele>88.0</ele>
        <time>2026-09-23T07:30:04Z</time>
        <extensions>
          <gpxtpx:TrackPointExtension>
            <gpxtpx:hr>142</gpxtpx:hr>
          </gpxtpx:TrackPointExtension>
        </extensions>
      </trkpt>
      <trkpt lat="50.10699151083827" lon="8.6808121483773">
        <ele>88.0</ele>
        <time>2026-09-23T07:30:07Z</time>
        <extensions>
          <gpxtpx:TrackPointExtension>
            <gpxtpx:hr>142</gpxtpx:hr>
          </gpxtpx:TrackPointExtension>
        </extensions>
      </trkpt>
      <trkpt lat="50.10702579282224" lon="8.680910300463438">
        <ele>88.0</ele>
        <time>2026-09-23T07:30:10Z</time>
        <extensions>
          <gpxtpx:TrackPointExtension>
            <gpxtpx:hr>142</gpxtpx:hr>
          </gpxtpx:TrackPointExtension>
        </extensions>
      </trkpt>
      <trkpt lat="50.1070745754987" lon="8.681007698178291">
        <ele>88.0</ele>
        <time>2026-09-23T07:30:13Z</time>
        <extensions>
          <gpxtpx:TrackPointExtension>
            <gpxtpx:hr>143</gpxtpx:hr>
          </gpxtpx:TrackPointExtension>
        </extensions>
      </trkpt>
      <trkpt lat="50.10711983777583" lon="8.68110978975892">
        <ele>88.0</ele>
        <time>2026-09-23T07:30:16Z</time>
        <extensions>
          <gpxtpx:TrackPointExtension>
            <gpxtpx:hr>143</gpxtpx:hr>
          </gpxtpx:TrackPointExtension>
        </extensions>
      </trkpt>
      <trkpt lat="50.107151102274656" lon="8.681208863854408">
        <ele>88.0</ele>
        <time>2026-09-23T07:30:19Z</time>
        <extensions>
          <gpxtpx:TrackPointExtension>
            <gpxtpx:hr>143</gpxtpx:hr>
          </gpxtpx:TrackPointExtension>
        </extensions>
      </trkpt>
      <trkpt lat="50.10717490687966" lon="8.681306429207325">
        <ele>88.0</ele>
        <time>2026-09-23T07:30:22Z</time>
        <extensions>
          <gpxtpx:TrackPointExtension>
            <gpxtpx:hr>142</gpxtpx:hr>
          </gpxtpx:TrackPointExtension>
        </extensions>
      </trkpt>
      <trkpt lat="50.107195442542434" lon="8.681409107521176">
        <ele>88.0</ele>
        <time>2026-09-23T07:30:25Z</time>
        <extensions>
          <gpxtpx:TrackPointExtension>
            <gpxtpx:hr>142</gpxtpx:hr>
          </gpxtpx:TrackPointExtension>
        </extensions>
      </trkpt>
      <trkpt lat="50.10721497237682" lon="8.681513043120503">
        <ele>88.0</ele>
        <time>2026-09-23T07:30:28Z</time>
        <extensions>
          <gpxtpx:TrackPointExtension>
            <gpxtpx:hr>142</gpxtpx:hr>
          </gpxtpx:TrackPointExtension>
        </extensions>
      </trkpt>
      <trkpt lat="50.10723207145929" lon="8.681617565453053">
        <ele>88.0</ele>
        <time>2026-09-23T07:30:31Z</time>
        <extensions>
          <gpxtpx:TrackPointExtension>
            <gpxtpx:hr>142</gpxtpx:hr>
          </gpxtpx:TrackPointExtension>
        </extensions>
      </trkpt>
      <trkpt lat="50.10724598541856" lon="8.681711442768574">
        <ele>88.0</ele>
        <time>2026-09-23T07:30:34Z</time>
        <extensions>
          <gpxtpx:TrackPointExtension>
            <gpxtpx:hr>142</gpxtpx:hr>
          </gpxtpx:TrackPointExtension>
        </extensions>
      </trkpt>
      <trkpt lat="50.10725051164627" lon="8.681791657581925">
        <ele>88.0</ele>
        <time>2026-09-23T07:30:37Z</time>
        <extensions>
          <gpxtpx:TrackPointExtension>
            <gpxtpx:hr>142</gpxtpx:hr>
          </gpxtpx:TrackPointExtension>
        </extensions>
      </trkpt>
      <trkpt lat="50.107245398685336" lon="8.681889893487096">
        <ele>88.0</ele>
        <time>2026-09-23T07:30:40Z</time>
        <extensions>
          <gpxtpx:TrackPointExtension>
            <gpxtpx:hr>141</gpxtpx:hr>
          </gpxtpx:TrackPointExtension>
        </extensions>
      </trkpt>
      <trkpt lat="50.1072421297431" lon="8.681999780237675">
        <ele>88.0</ele>
        <time>2026-09-23T07:30:43Z</time>
        <extensions>
          <gpxtpx:TrackPointExtension>
            <gpxtpx:hr>142</gpxtpx:hr>
          </gpxtpx:TrackPointExtension>
        </extensions>
      </trkpt>
      <trkpt lat="50.10723399929702" lon="8.68211436085403">
        <ele>88.0</ele>
        <time>2026-09-23T07:30:46Z</time>
        <extensions>
          <gpxtpx:TrackPointExtension>
            <gpxtpx:hr>142</gpxtpx:hr>
          </gpxtpx:TrackPointExtension>
        </extensions>
      </trkpt>
      <trkpt lat="50.10723198764026" lon="8.682231791317463">
        <ele>88.0</ele>
        <time>2026-09-23T07:30:49Z</time>
        <extensions>
          <gpxtpx:TrackPointExtension>
            <gpxtpx:hr>142</gpxtpx:hr>
          </gpxtpx:TrackPointExtension>
        </extensions>
      </trkpt>
      <trkpt lat="50.10724087245762" lon="8.682340672239661">
        <ele>88.0</ele>
        <time>2026-09-23T07:30:52Z</time>
        <extensions>
          <gpxtpx:TrackPointExtension>
            <gpxtpx:hr>142</gpxtpx:hr>
          </gpxtpx:TrackPointExtension>
        </extensions>
      </trkpt>
      <trkpt lat="50.10725093074143" lon="8.682446032762527">
        <ele>88.0</ele>
        <time>2026-09-23T07:30:55Z</time>
        <extensions>
          <gpxtpx:TrackPointExtension>
            <gpxtpx:hr>143</gpxtpx:hr>
          </gpxtpx:TrackPointExtension>
        </extensions>
      </trkpt>
      <trkpt lat="50.10727540589869" lon="8.682554829865694">
        <ele>88.0</ele>
        <time>2026-09-23T07:30:58Z</time>
        <extensions>
          <gpxtpx:TrackPointExtension>
            <gpxtpx:hr>144</gpxtpx:hr>
          </gpxtpx:TrackPointExtension>
        </extensions>
      </trkpt>
      <trkpt lat="50.1073182374239" lon="8.682670835405588">
        <ele>88.0</ele>
        <time>2026-09-23T07:31:01Z</time>
        <extensions>
          <gpxtpx:TrackPointExtension>
            <gpxtpx:hr>144</gpxtpx:hr>
          </gpxtpx:TrackPointExtension>
        </extensions>
      </trkpt>
      <trkpt lat="50.10735813528299" lon="8.682778626680374">
        <ele>88.0</ele>
        <time>2026-09-23T07:31:04Z</time>
        <extensions>
          <gpxtpx:TrackPointExtension>
            <gpxtpx:hr>143</gpxtpx:hr>
          </gpxtpx:TrackPointExtension>
        </extensions>
      </trkpt>
      <trkpt lat="50.107391411438584" lon="8.682885244488716">
        <ele>88.0</ele>
        <time>2026-09-23T07:31:07Z</time>
        <extensions>
          <gpxtpx:TrackPointExtension>
            <gpxtpx:hr>142</gpxtpx:hr>
          </gpxtpx:TrackPointExtension>
        </extensions>
      </trkpt>
      <trkpt lat="50.10741940699518" lon="8.682998064905405">
        <ele>88.0</ele>
        <time>2026-09-23T07:31:10Z</time>
        <extensions>
          <gpxtpx:TrackPointExtension>
            <gpxtpx:hr>142</gpxtpx:hr>
          </gpxtpx:TrackPointExtension>
        </extensions>
      </trkpt>
      <trkpt lat="50.10744698345661" lon="8.683107532560825">
        <ele>88.0</ele>
        <time>2026-09-23T07:31:13Z</time>
        <extensions>
          <gpxtpx:TrackPointExtension>
            <gpxtpx:hr>142</gpxtpx:hr>
          </gpxtpx:TrackPointExtension>
        </extensions>
      </trkpt>
      <trkpt lat="50.10747883468866" lon="8.683211049064994">
        <ele>88.0</ele>
        <time>2026-09-23T07:31:16Z</time>
        <extensions>
          <gpxtpx:TrackPointExtension>
            <gpxtpx:hr>142</gpxtpx:hr>
          </gpxtpx:TrackPointExtension>
        </extensions>
      </trkpt>
      <trkpt lat="50.10750733315945" lon="8.683309704065323">
        <ele>88.0</ele>
        <time>2026-09-23T07:31:19Z</time>
        <extensions>
          <gpxtpx:TrackPointExtension>
            <gpxtpx:hr>141</gpxtpx:hr>
          </gpxtpx:TrackPointExtension>
        </extensions>
      </trkpt>
      <trkpt lat="50.10752367787063" lon="8.683425709605217">
        <ele>88.0</ele>
        <time>2026-09-23T07:31:22Z</time>
        <extensions>
          <gpxtpx:TrackPointExtension>
            <gpxtpx:hr>142</gpxtpx:hr>
          </gpxtpx:TrackPointExtension>
        </extensions>
      </trkpt>
      <trkpt lat="50.10753876529634" lon="8.683572979643941">
        <ele>88.0</ele>
        <time>2026-09-23T07:31:25Z</time>
        <extensions>
          <gpxtpx:TrackPointExtension>
            <gpxtpx:hr>142</gpxtpx:hr>
          </gpxtpx:TrackPointExtension>
        </extensions>
      </trkpt>
      <trkpt lat="50.10755888186395" lon="8.68372687138617">
        <ele>88.0</ele>
        <time>2026-09-23T07:31:28Z</time>
        <extensions>
          <gpxtpx:TrackPointExtension>
            <gpxtpx:hr>143</gpxtpx:hr>
          </gpxtpx:TrackPointExtension>
        </extensions>
      </trkpt>
      <trkpt lat="50.107578160241246" lon="8.683876153081656">
        <ele>88.0</ele>
        <time>2026-09-23T07:31:31Z</time>
        <extensions>
          <gpxtpx:TrackPointExtension>
            <gpxtpx:hr>144</gpxtpx:hr>
          </gpxtpx:TrackPointExtension>
        </extensions>
      </trkpt>
      <trkpt lat="50.107592744752765" lon="8.684021662920713">
        <ele>88.0</ele>
        <time>2026-09-23T07:31:34Z</time>
        <extensions>
          <gpxtpx:TrackPointExtension>
            <gpxtpx:hr>146</gpxtpx:hr>
          </gpxtpx:TrackPointExtension>
        </extensions>
      </trkpt>
      <trkpt lat="50.10760137811303" lon="8.684170776978135">
        <ele>88.0</ele>
        <time>2026-09-23T07:31:37Z</time>
        <extensions>
          <gpxtpx:TrackPointExtension>
            <gpxtpx:hr>147</gpxtpx:hr>
          </gpxtpx:TrackPointExtension>
        </extensions>
      </trkpt>
      <trkpt lat="50.107610849663615" lon="8.684317292645574">
        <ele>88.0</ele>
        <time>2026-09-23T07:31:40Z</time>
        <extensions>
          <gpxtpx:TrackPointExtension>
            <gpxtpx:hr>149</gpxtpx:hr>
          </gpxtpx:TrackPointExtension>
        </extensions>
      </trkpt>
      <trkpt lat="50.10760179720819" lon="8.684461461380124">
        <ele>88.0</ele>
        <time>2026-09-23T07:31:43Z</time>
        <extensions>
          <gpxtpx:TrackPointExtension>
            <gpxtpx:hr>149</gpxtpx:hr>
          </gpxtpx:TrackPointExtension>
        </extensions>
      </trkpt>
      <trkpt lat="50.1075978577137" lon="8.684598170220852">
        <ele>88.0</ele>
        <time>2026-09-23T07:31:46Z</time>
        <extensions>
          <gpxtpx:TrackPointExtension>
            <gpxtpx:hr>150</gpxtpx:hr>
          </gpxtpx:TrackPointExtension>
        </extensions>
      </trkpt>
      <trkpt lat="50.10760749690235" lon="8.684729179367423">
        <ele>88.0</ele>
        <time>2026-09-23T07:31:49Z</time>
        <extensions>
          <gpxtpx:TrackPointExtension>
            <gpxtpx:hr>151</gpxtpx:hr>
          </gpxtpx:TrackPointExtension>
        </extensions>
      </trkpt>
      <trkpt lat="50.107617639005184" lon="8.684861529618502">
        <ele>88.0</ele>
        <time>2026-09-23T07:31:52Z</time>
        <extensions>
          <gpxtpx:TrackPointExtension>
            <gpxtpx:hr>152</gpxtpx:hr>
          </gpxtpx:TrackPointExtension>
        </extensions>
      </trkpt>
      <trkpt lat="50.10762476362288" lon="8.685000166296959">
        <ele>88.0</ele>
        <time>2026-09-23T07:31:55Z</time>
        <extensions>
          <gpxtpx:TrackPointExtension>
            <gpxtpx:hr>152</gpxtpx:hr>
          </gpxtpx:TrackPointExtension>
        </extensions>
      </trkpt>
      <trkpt lat="50.10763163678348" lon="8.68514291010797">
        <ele>88.0</ele>
        <time>2026-09-23T07:31:58Z</time>
        <extensions>
          <gpxtpx:TrackPointExtension>
            <gpxtpx:hr>154</gpxtpx:hr>
          </gpxtpx:TrackPointExtension>
        </extensions>
      </trkpt>
      <trkpt lat="50.10763096623123" lon="8.685282887890935">
        <ele>88.0</ele>
        <time>2026-09-23T07:32:01Z</time>
        <extensions>
          <gpxtpx:TrackPointExtension>
            <gpxtpx:hr>155</gpxtpx:hr>
          </gpxtpx:TrackPointExtension>
        </extensions>
      </trkpt>
      <trkpt lat="50.10762275196612" lon="8.685418590903282">
        <ele>88.0</ele>
        <time>2026-09-23T07:32:04Z</time>
        <extensions>
          <gpxtpx:TrackPointExtension>
            <gpxtpx:hr>156</gpxtpx:hr>
          </gpxtpx:TrackPointExtension>
        </extensions>
      </trkpt>
      <trkpt lat="50.10761705227196" lon="8.68553426116705">
        <ele>88.0</ele>
        <time>2026-09-23T07:32:07Z</time>
        <extensions>
          <gpxtpx:TrackPointExtension>
            <gpxtpx:hr>157</gpxtpx:hr>
          </gpxtpx:TrackPointExtension>
        </extensions>
      </trkpt>
      <trkpt lat="50.10761805810034" lon="8.68564959615469">
        <ele>88.0</ele>
        <time>2026-09-23T07:32:10Z</time>
        <extensions>
          <gpxtpx:TrackPointExtension>
            <gpxtpx:hr>159</gpxtpx:hr>
          </gpxtpx:TrackPointExtension>
        </extensions>
      </trkpt>
      <trkpt lat="50.107614202424884" lon="8.685779348015785">
        <ele>88.0</ele>
        <time>2026-09-23T07:32:13Z</time>
        <extensions>
          <gpxtpx:TrackPointExtension>
            <gpxtpx:hr>159</gpxtpx:hr>
          </gpxtpx:TrackPointExtension>
        </extensions>
      </trkpt>
      <trkpt lat="50.10760238394141" lon="8.68591538630426">
        <ele>88.0</ele>
        <time>2026-09-23T07:32:16Z</time>
        <extensions>
          <gpxtpx:TrackPointExtension>
            <gpxtpx:hr>160</gpxtpx:hr>
          </gpxtpx:TrackPointExtension>
        </extensions>
      </trkpt>
      <trkpt lat="50.10758469812572" lon="8.686048574745655">
        <ele>88.0</ele>
        <time>2026-09-23T07:32:19Z</time>
        <extensions>
          <gpxtpx:TrackPointExtension>
            <gpxtpx:hr>160</gpxtpx:hr>
          </gpxtpx:TrackPointExtension>
        </extensions>
      </trkpt>
      <trkpt lat="50.10756567120552" lon="8.686179332435131">
        <ele>88.0</ele>
        <time>2026-09-23T07:32:22Z</time>
        <extensions>
          <gpxtpx:TrackPointExtension>
            <gpxtpx:hr>160</gpxtpx:hr>
          </gpxtpx:TrackPointExtension>
        </extensions>
      </trkpt>
      <trkpt lat="50.107543459162116" lon="8.686321657150984">
        <ele>88.0</ele>
        <time>2026-09-23T07:32:25Z</time>
        <extensions>
          <gpxtpx:TrackPointExtension>
            <gpxtpx:hr>159</gpxtpx:hr>
          </gpxtpx:TrackPointExtension>
        </extensions>
      </trkpt>
      <trkpt lat="50.10752644389868" lon="8.686477560549974">
        <ele>88.0</ele>
        <time>2026-09-23T07:32:28Z</time>
        <extensions>
          <gpxtpx:TrackPointExtension>
            <gpxtpx:hr>160</gpxtpx:hr>
          </gpxtpx:TrackPointExtension>
        </extensions>
      </trkpt>
      <trkpt lat="50.10750666260719" lon="8.68662784807384">
        <ele>88.0</ele>
        <time>2026-09-23T07:32:31Z</time>
        <extensions>
          <gpxtpx:TrackPointExtension>
            <gpxtpx:hr>160</gpxtpx:hr>
          </gpxtpx:TrackPointExtension>
        </extensions>
      </trkpt>
      <trkpt lat="50.107493586838245" lon="8.686772687360644">
        <ele>88.0</ele>
        <time>2026-09-23T07:32:34Z</time>
        <extensions>
          <gpxtpx:TrackPointExtension>
            <gpxtpx:hr>160</gpxtpx:hr>
          </gpxtpx:TrackPointExtension>
        </extensions>
      </trkpt>
      <trkpt lat="50.10749006643891" lon="8.686901098117232">
        <ele>88.0</ele>
        <time>2026-09-23T07:32:37Z</time>
        <extensions>
          <gpxtpx:TrackPointExtension>
            <gpxtpx:hr>160</gpxtpx:hr>
          </gpxtpx:TrackPointExtension>
        </extensions>
      </trkpt>
      <trkpt lat="50.10747967287898" lon="8.68702313862741">
        <ele>88.0</ele>
        <time>2026-09-23T07:32:40Z</time>
        <extensions>
          <gpxtpx:TrackPointExtension>
            <gpxtpx:hr>160</gpxtpx:hr>
          </gpxtpx:TrackPointExtension>
        </extensions>
      </trkpt>
      <trkpt lat="50.107458382844925" lon="8.68715456686914">
        <ele>88.0</ele>
        <time>2026-09-23T07:32:43Z</time>
        <extensions>
          <gpxtpx:TrackPointExtension>
            <gpxtpx:hr>160</gpxtpx:hr>
          </gpxtpx:TrackPointExtension>
        </extensions>
      </trkpt>
      <trkpt lat="50.10744363069534" lon="8.687295466661453">
        <ele>88.0</ele>
        <time>2026-09-23T07:32:46Z</time>
        <extensions>
          <gpxtpx:TrackPointExtension>
            <gpxtpx:hr>160</gpxtpx:hr>
          </gpxtpx:TrackPointExtension>
        </extensions>
      </trkpt>
      <trkpt lat="50.1074406132102" lon="8.68743795901537">
        <ele>88.0</ele>
        <time>2026-09-23T07:32:49Z</time>
        <extensions>
          <gpxtpx:TrackPointExtension>
            <gpxtpx:hr>160</gpxtpx:hr>
          </gpxtpx:TrackPointExtension>
        </extensions>
      </trkpt>
      <trkpt lat="50.107436338439584" lon="8.687569973990321">
        <ele>88.0</ele>
        <time>2026-09-23T07:32:52Z</time>
        <extensions>
          <gpxtpx:TrackPointExtension>
            <gpxtpx:hr>161</gpxtpx:hr>
          </gpxtpx:TrackPointExtension>
        </extensions>
      </trkpt>
      <trkpt lat="50.107431476935744" lon="8.68770089931786">
        <ele>88.0</ele>
        <time>2026-09-23T07:32:55Z</time>
        <extensions>
          <gpxtpx:TrackPointExtension>
            <gpxtpx:hr>160</gpxtpx:hr>
          </gpxtpx:TrackPointExtension>
        </extensions>
      </trkpt>
      <trkpt lat="50.10741035453975" lon="8.687832662835717">
        <ele>88.0</ele>
        <time>2026-09-23T07:32:58Z</time>
        <extensions>
          <gpxtpx:TrackPointExtension>
            <gpxtpx:hr>160</gpxtpx:hr>
          </gpxtpx:TrackPointExtension>
        </extensions>
      </trkpt>
      <trkpt lat="50.10740876197815" lon="8.687970293685794">
        <ele>88.0</ele>
        <time>2026-09-23T07:33:01Z</time>
        <extensions>
          <gpxtpx:TrackPointExtension>
            <gpxtpx:hr>160</gpxtpx:hr>
          </gpxtpx:TrackPointExtension>
        </extensions>
      </trkpt>
      <trkpt lat="50.107414880767465" lon="8.688131561502814">
        <ele>88.0</ele>
        <time>2026-09-23T07:33:04Z</time>
        <extensions>
          <gpxtpx:TrackPointExtension>
            <gpxtpx:hr>161</gpxtpx:hr>
          </gpxtpx:TrackPointExtension>
        </extensions>
      </trkpt>
      <trkpt lat="50.10742493905127" lon="8.68829308077693">
        <ele>88.0</ele>
        <time>2026-09-23T07:33:07Z</time>
        <extensions>
          <gpxtpx:TrackPointExtension>
            <gpxtpx:hr>161</gpxtpx:hr>
          </gpxtpx:TrackPointExtension>
        </extensions>
      </trkpt>
      <trkpt lat="50.10743726044893" lon="8.688439428806305">
        <ele>88.0</ele>
        <time>2026-09-23T07:33:10Z</time>
        <extensions>
          <gpxtpx:TrackPointExtension>
            <gpxtpx:hr>161</gpxtpx:hr>
          </gpxtpx:TrackPointExtension>
        </extensions>
      </trkpt>
      <trkpt lat="50.107459304854274" lon="8.688566666096449">
        <ele>88.0</ele>
        <time>2026-09-23T07:33:13Z</time>
        <extensions>
          <gpxtpx:TrackPointExtension>
            <gpxtpx:hr>162</gpxtpx:hr>
          </gpxtpx:TrackPointExtension>
        </extensions>
      </trkpt>
      <trkpt lat="50.10747556574643" lon="8.688691388815641">
        <ele>88.0</ele>
        <time>2026-09-23T07:33:16Z</time>
        <extensions>
          <gpxtpx:TrackPointExtension>
            <gpxtpx:hr>162</gpxtpx:hr>
          </gpxtpx:TrackPointExtension>
        </extensions>
      </trkpt>
      <trkpt lat="50.107480930164456" lon="8.688821392133832">
        <ele>88.0</ele>
        <time>2026-09-23T07:33:19Z</time>
        <extensions>
          <gpxtpx:TrackPointExtension>
            <gpxtpx:hr>162</gpxtpx:hr>
          </gpxtpx:TrackPointExtension>
        </extensions>
      </trkpt>
      <trkpt lat="50.10747615247965" lon="8.688958436250687">
        <ele>88.0</ele>
        <time>2026-09-23T07:33:22Z</time>
        <extensions>
          <gpxtpx:TrackPointExtension>
            <gpxtpx:hr>161</gpxtpx:hr>
          </gpxtpx:TrackPointExtension>
        </extensions>
      </trkpt>
      <trkpt lat="50.10746341198683" lon="8.68909782730043">
        <ele>88.0</ele>
        <time>2026-09-23T07:33:25Z</time>
        <extensions>
          <gpxtpx:TrackPointExtension>
            <gpxtpx:hr>161</gpxtpx:hr>
          </gpxtpx:TrackPointExtension>
        </extensions>
      </trkpt>
      <trkpt lat="50.10744396597147" lon="8.689239649102092">
        <ele>88.0</ele>
        <time>2026-09-23T07:33:28Z</time>
        <extensions>
          <gpxtpx:TrackPointExtension>
            <gpxtpx:hr>161</gpxtpx:hr>
          </gpxtpx:TrackPointExtension>
        </extensions>
      </trkpt>
      <trkpt lat="50.10742946527898" lon="8.689378034323454">
        <ele>88.0</ele>
        <time>2026-09-23T07:33:31Z</time>
        <extensions>
          <gpxtpx:TrackPointExtension>
            <gpxtpx:hr>161</gpxtpx:hr>
          </gpxtpx:TrackPointExtension>
        </extensions>
      </trkpt>
      <trkpt lat="50.10741647332907" lon="8.689505439251661">
        <ele>88.0</ele>
        <time>2026-09-23T07:33:34Z</time>
        <extensions>
          <gpxtpx:TrackPointExtension>
            <gpxtpx:hr>161</gpxtpx:hr>
          </gpxtpx:TrackPointExtension>
        </extensions>
      </trkpt>
      <trkpt lat="50.107388561591506" lon="8.689637705683708">
        <ele>88.0</ele>
        <time>2026-09-23T07:33:37Z</time>
        <extensions>
          <gpxtpx:TrackPointExtension>
            <gpxtpx:hr>162</gpxtpx:hr>
          </gpxtpx:TrackPointExtension>
        </extensions>
      </trkpt>
      <trkpt lat="50.10735930874944" lon="8.689767206087708">
        <ele>88.0</ele>
        <time>2026-09-23T07:33:40Z</time>
        <extensions>
          <gpxtpx:TrackPointExtension>
            <gpxtpx:hr>162</gpxtpx:hr>
          </gpxtpx:TrackPointExtension>
        </extensions>
      </trkpt>
      <trkpt lat="50.10734128765762" lon="8.689891006797552">
        <ele>88.0</ele>
        <time>2026-09-23T07:33:43Z</time>
        <extensions>
          <gpxtpx:TrackPointExtension>
            <gpxtpx:hr>162</gpxtpx:hr>
          </gpxtpx:TrackPointExtension>
        </extensions>
      </trkpt>
      <trkpt lat="50.10733106173575" lon="8.690010197460651">
        <ele>88.0</ele>
        <time>2026-09-23T07:33:46Z</time>
        <extensions>
          <gpxtpx:TrackPointExtension>
            <gpxtpx:hr>162</gpxtpx:hr>
          </gpxtpx:TrackPointExtension>
        </extensions>
      </trkpt>
      <trkpt lat="50.107327373698354" lon="8.690140955150127">
        <ele>88.0</ele>
        <time>2026-09-23T07:33:49Z</time>
        <extensions>
          <gpxtpx:TrackPointExtension>
            <gpxtpx:hr>162</gpxtpx:hr>
          </gpxtpx:TrackPointExtension>
        </extensions>
      </trkpt>
      <trkpt lat="50.107320165261626" lon="8.690283866599202">
        <ele>88.0</ele>
        <time>2026-09-23T07:33:52Z</time>
        <extensions>
          <gpxtpx:TrackPointExtension>
            <gpxtpx:hr>161</gpxtpx:hr>
          </gpxtpx:TrackPointExtension>
        </extensions>
      </trkpt>
      <trkpt lat="50.107305999845266" lon="8.690433651208878">
        <ele>88.0</ele>
        <time>2026-09-23T07:33:55Z</time>
        <extensions>
          <gpxtpx:TrackPointExtension>
            <gpxtpx:hr>161</gpxtpx:hr>
          </gpxtpx:TrackPointExtension>
        </extensions>
      </trkpt>
      <trkpt lat="50.107291750609875" lon="8.69057790376246">
        <ele>88.0</ele>
        <time>2026-09-23T07:33:58Z</time>
        <extensions>
          <gpxtpx:TrackPointExtension>
            <gpxtpx:hr>161</gpxtpx:hr>
          </gpxtpx:TrackPointExtension>
        </extensions>
      </trkpt>
      <trkpt lat="50.10728110559285" lon="8.69071519933641">
        <ele>88.0</ele>
        <time>2026-09-23T07:34:01Z</time>
        <extensions>
          <gpxtpx:TrackPointExtension>
            <gpxtpx:hr>161</gpxtpx:hr>
          </gpxtpx:TrackPointExtension>
        </extensions>
      </trkpt>
      <trkpt lat="50.10726870037615" lon="8.690856266766787">
        <ele>88.0</ele>
        <time>2026-09-23T07:34:04Z</time>
        <extensions>
          <gpxtpx:TrackPointExtension>
            <gpxtpx:hr>161</gpxtpx:hr>
          </gpxtpx:TrackPointExtension>
        </extensions>
      </trkpt>
      <trkpt lat="50.107241375371814" lon="8.69100202806294">
        <ele>88.0</ele>
        <time>2026-09-23T07:34:07Z</time>
        <extensions>
          <gpxtpx:TrackPointExtension>
            <gpxtpx:hr>162</gpxtpx:hr>
          </gpxtpx:TrackPointExtension>
        </extensions>
      </trkpt>
      <trkpt lat="50.10719628073275" lon="8.691151393577456">
        <ele>88.0</ele>
        <time>2026-09-23T07:34:10Z</time>
        <extensions>
          <gpxtpx:TrackPointExtension>
            <gpxtpx:hr>162</gpxtpx:hr>
          </gpxtpx:TrackPointExtension>
        </extensions>
      </trkpt>
      <trkpt lat="50.10715319775045" lon="8.691299501806498">
        <ele>88.0</ele>
        <time>2026-09-23T07:34:13Z</time>
        <extensions>
          <gpxtpx:TrackPointExtension>
            <gpxtpx:hr>163</gpxtpx:hr>
          </gpxtpx:TrackPointExtension>
        </extensions>
      </trkpt>
      <trkpt lat="50.10712620802224" lon="8.691442999988794">
        <ele>88.0</ele>
        <time>2026-09-23T07:34:16Z</time>
        <extensions>
          <gpxtpx:TrackPointExtension>
            <gpxtpx:hr>163</gpxtpx:hr>
          </gpxtpx:TrackPointExtension>
        </extensions>
      </trkpt>
      <trkpt lat="50.10711715556681" lon="8.691580966114998">
        <ele>88.0</ele>
        <time>2026-09-23T07:34:19Z</time>
        <extensions>
          <gpxtpx:TrackPointExtension>
            <gpxtpx:hr>163</gpxtpx:hr>
          </gpxtpx:TrackPointExtension>
        </extensions>
      </trkpt>
      <trkpt lat="50.107111036777496" lon="8.691716250032187">
        <ele>88.0</ele>
        <time>2026-09-23T07:34:22Z</time>
        <extensions>
          <gpxtpx:TrackPointExtension>
            <gpxtpx:hr>163</gpxtpx:hr>
          </gpxtpx:TrackPointExtension>
        </extensions>
      </trkpt>
      <trkpt lat="50.107095278799534" lon="8.691851031035185">
        <ele>88.0</ele>
        <time>2026-09-23T07:34:25Z</time>
        <extensions>
          <gpxtpx:TrackPointExtension>
            <gpxtpx:hr>163</gpxtpx:hr>
          </gpxtpx:TrackPointExtension>
        </extensions>
      </trkpt>
      <trkpt lat="50.10708496905863" lon="8.691989164799452">
        <ele>88.0</ele>
        <time>2026-09-23T07:34:28Z</time>
        <extensions>
          <gpxtpx:TrackPointExtension>
            <gpxtpx:hr>163</gpxtpx:hr>
          </gpxtpx:TrackPointExtension>
        </extensions>
      </trkpt>
      <trkpt lat="50.10708228684962" lon="8.69212637655437">
        <ele>88.0</ele>
        <time>2026-09-23T07:34:31Z</time>
        <extensions>
          <gpxtpx:TrackPointExtension>
            <gpxtpx:hr>163</gpxtpx:hr>
          </gpxtpx:TrackPointExtension>
        </extensions>
      </trkpt>
      <trkpt lat="50.10708295740187" lon="8.692267276346684">
        <ele>88.0</ele>
        <time>2026-09-23T07:34:34Z</time>
        <extensions>
          <gpxtpx:TrackPointExtension>
            <gpxtpx:hr>162</gpxtpx:hr>
          </gpxtpx:TrackPointExtension>
        </extensions>
      </trkpt>
      <trkpt lat="50.10707885026932" lon="8.692405745387077">
        <ele>88.0</ele>
        <time>2026-09-23T07:34:37Z</time>
        <extensions>
          <gpxtpx:TrackPointExtension>
            <gpxtpx:hr>162</gpxtpx:hr>
          </gpxtpx:TrackPointExtension>
        </extensions>
      </trkpt>
      <trkpt lat="50.10707155801356" lon="8.692533066496253">
        <ele>88.0</ele>
        <time>2026-09-23T07:34:40Z</time>
        <extensions>
          <gpxtpx:TrackPointExtension>
            <gpxtpx:hr>162</gpxtpx:hr>
          </gpxtpx:TrackPointExtension>
        </extensions>
      </trkpt>
      <trkpt lat="50.10705730877817" lon="8.692653682082891">
        <ele>88.0</ele>
        <time>2026-09-23T07:34:43Z</time>
        <extensions>
          <gpxtpx:TrackPointExtension>
            <gpxtpx:hr>163</gpxtpx:hr>
          </gpxtpx:TrackPointExtension>
        </extensions>
      </trkpt>
      <trkpt lat="50.107047501951456" lon="8.692776644602418">
        <ele>88.0</ele>
        <time>2026-09-23T07:34:46Z</time>
        <extensions>
          <gpxtpx:TrackPointExtension>
            <gpxtpx:hr>162</gpxtpx:hr>
          </gpxtpx:TrackPointExtension>
        </extensions>
      </trkpt>
      <trkpt lat="50.10707248002291" lon="8.692911509424448">
        <ele>89.0</ele>
        <time>2026-09-23T07:34:49Z</time>
        <extensions>
          <gpxtpx:TrackPointExtension>
            <gpxtpx:hr>161</gpxtpx:hr>
          </gpxtpx:TrackPointExtension>
        </extensions>
      </trkpt>
      <trkpt lat="50.10709167458117" lon="8.693065233528614">
        <ele>89.0</ele>
        <time>2026-09-23T07:34:52Z</time>
        <extensions>
          <gpxtpx:TrackPointExtension>
            <gpxtpx:hr>161</gpxtpx:hr>
          </gpxtpx:TrackPointExtension>
        </extensions>
      </trkpt>
      <trkpt lat="50.10709377005696" lon="8.693221304565668">
        <ele>89.0</ele>
        <time>2026-09-23T07:34:55Z</time>
        <extensions>
          <gpxtpx:TrackPointExtension>
            <gpxtpx:hr>161</gpxtpx:hr>
          </gpxtpx:TrackPointExtension>
        </extensions>
      </trkpt>
      <trkpt lat="50.10707784444094" lon="8.693372262641788">
        <ele>88.0</ele>
        <time>2026-09-23T07:34:58Z</time>
        <extensions>
          <gpxtpx:TrackPointExtension>
            <gpxtpx:hr>161</gpxtpx:hr>
          </gpxtpx:TrackPointExtension>
        </extensions>
      </trkpt>
      <trkpt lat="50.10705806314945" lon="8.693519197404385">
        <ele>88.0</ele>
        <time>2026-09-23T07:35:01Z</time>
        <extensions>
          <gpxtpx:TrackPointExtension>
            <gpxtpx:hr>162</gpxtpx:hr>
          </gpxtpx:TrackPointExtension>
        </extensions>
      </trkpt>
      <trkpt lat="50.107034258544445" lon="8.69366554543376">
        <ele>88.0</ele>
        <time>2026-09-23T07:35:04Z</time>
        <extensions>
          <gpxtpx:TrackPointExtension>
            <gpxtpx:hr>163</gpxtpx:hr>
          </gpxtpx:TrackPointExtension>
        </extensions>
      </trkpt>
      <trkpt lat="50.10700265876949" lon="8.693809378892183">
        <ele>88.0</ele>
        <time>2026-09-23T07:35:07Z</time>
        <extensions>
          <gpxtpx:TrackPointExtension>
            <gpxtpx:hr>163</gpxtpx:hr>
          </gpxtpx:TrackPointExtension>
        </extensions>
      </trkpt>
      <trkpt lat="50.10696795769036" lon="8.693938627839088">
        <ele>88.0</ele>
        <time>2026-09-23T07:35:10Z</time>
        <extensions>
          <gpxtpx:TrackPointExtension>
            <gpxtpx:hr>164</gpxtpx:hr>
          </gpxtpx:TrackPointExtension>
        </extensions>
      </trkpt>
      <trkpt lat="50.106935603544116" lon="8.694072486832738">
        <ele>88.0</ele>
        <time>2026-09-23T07:35:13Z</time>
        <extensions>
          <gpxtpx:TrackPointExtension>
            <gpxtpx:hr>164</gpxtpx:hr>
          </gpxtpx:TrackPointExtension>
        </extensions>
      </trkpt>
      <trkpt lat="50.106907188892365" lon="8.69421229697764">
        <ele>88.0</ele>
        <time>2026-09-23T07:35:16Z</time>
        <extensions>
          <gpxtpx:TrackPointExtension>
            <gpxtpx:hr>165</gpxtpx:hr>
          </gpxtpx:TrackPointExtension>
        </extensions>
      </trkpt>
      <trkpt lat="50.10689956136048" lon="8.694348251447082">
        <ele>88.0</ele>
        <time>2026-09-23T07:35:19Z</time>
        <extensions>
          <gpxtpx:TrackPointExtension>
            <gpxtpx:hr>164</gpxtpx:hr>
          </gpxtpx:TrackPointExtension>
        </extensions>
      </trkpt>
      <trkpt lat="50.10690710507333" lon="8.694467609748244">
        <ele>88.0</ele>
        <time>2026-09-23T07:35:22Z</time>
        <extensions>
          <gpxtpx:TrackPointExtension>
            <gpxtpx:hr>164</gpxtpx:hr>
          </gpxtpx:TrackPointExtension>
        </extensions>
      </trkpt>
      <trkpt lat="50.10690693743527" lon="8.694568863138556">
        <ele>88.0</ele>
        <time>2026-09-23T07:35:25Z</time>
        <extensions>
          <gpxtpx:TrackPointExtension>
            <gpxtpx:hr>165</gpxtpx:hr>
          </gpxtpx:TrackPointExtension>
        </extensions>
      </trkpt>
      <trkpt lat="50.106894532218575" lon="8.694669529795647">
        <ele>88.0</ele>
        <time>2026-09-23T07:35:28Z</time>
        <extensions>
          <gpxtpx:TrackPointExtension>
            <gpxtpx:hr>164</gpxtpx:hr>
          </gpxtpx:TrackPointExtension>
        </extensions>
      </trkpt>
      <trkpt lat="50.106875002384186" lon="8.694766005501151">
        <ele>88.0</ele>
        <time>2026-09-23T07:35:31Z</time>
        <extensions>
          <gpxtpx:TrackPointExtension>
            <gpxtpx:hr>164</gpxtpx:hr>
          </gpxtpx:TrackPointExtension>
        </extensions>
      </trkpt>
      <trkpt lat="50.10685128159821" lon="8.694847645238042">
        <ele>88.0</ele>
        <time>2026-09-23T07:35:34Z</time>
        <extensions>
          <gpxtpx:TrackPointExtension>
            <gpxtpx:hr>163</gpxtpx:hr>
          </gpxtpx:TrackPointExtension>
        </extensions>
      </trkpt>
      <trkpt lat="50.10684038512409" lon="8.694929871708155">
        <ele>88.0</ele>
        <time>2026-09-23T07:35:37Z</time>
        <extensions>
          <gpxtpx:TrackPointExtension>
            <gpxtpx:hr>163</gpxtpx:hr>
          </gpxtpx:TrackPointExtension>
        </extensions>
      </trkpt>
      <trkpt lat="50.106842648237944" lon="8.695019641891122">
        <ele>88.0</ele>
        <time>2026-09-23T07:35:40Z</time>
        <extensions>
          <gpxtpx:TrackPointExtension>
            <gpxtpx:hr>162</gpxtpx:hr>
          </gpxtpx:TrackPointExtension>
        </extensions>
      </trkpt>
      <trkpt lat="50.10684767737985" lon="8.695123996585608">
        <ele>88.0</ele>
        <time>2026-09-23T07:35:43Z</time>
        <extensions>
          <gpxtpx:TrackPointExtension>
            <gpxtpx:hr>161</gpxtpx:hr>
          </gpxtpx:TrackPointExtension>
        </extensions>
      </trkpt>
      <trkpt lat="50.10682814754546" lon="8.695231955498457">
        <ele>88.0</ele>
        <time>2026-09-23T07:35:46Z</time>
        <extensions>
          <gpxtpx:TrackPointExtension>
            <gpxtpx:hr>160</gpxtpx:hr>
          </gpxtpx:TrackPointExtension>
        </extensions>
      </trkpt>
      <trkpt lat="50.106802163645625" lon="8.695351229980588">
        <ele>88.0</ele>
        <time>2026-09-23T07:35:49Z</time>
        <extensions>
          <gpxtpx:TrackPointExtension>
            <gpxtpx:hr>160</gpxtpx:hr>
          </gpxtpx:TrackPointExtension>
        </extensions>
      </trkpt>
      <trkpt lat="50.106804091483355" lon="8.695476287975907">
        <ele>88.0</ele>
        <time>2026-09-23T07:35:52Z</time>
        <extensions>
          <gpxtpx:TrackPointExtension>
            <gpxtpx:hr>160</gpxtpx:hr>
          </gpxtpx:TrackPointExtension>
        </extensions>
      </trkpt>
      <trkpt lat="50.10682873427868" lon="8.69558785110712">
        <ele>88.0</ele>
        <time>2026-09-23T07:35:55Z</time>
        <extensions>
          <gpxtpx:TrackPointExtension>
            <gpxtpx:hr>159</gpxtpx:hr>
          </gpxtpx:TrackPointExtension>
        </extensions>
      </trkpt>
      <trkpt lat="50.10684155859053" lon="8.695690780878067">
        <ele>88.0</ele>
        <time>2026-09-23T07:35:58Z</time>
        <extensions>
          <gpxtpx:TrackPointExtension>
            <gpxtpx:hr>158</gpxtpx:hr>
          </gpxtpx:TrackPointExtension>
        </extensions>
      </trkpt>
      <trkpt lat="50.10683720000088" lon="8.69579253718257">
        <ele>88.0</ele>
        <time>2026-09-23T07:36:01Z</time>
        <extensions>
          <gpxtpx:TrackPointExtension>
            <gpxtpx:hr>157</gpxtpx:hr>
          </gpxtpx:TrackPointExtension>
        </extensions>
      </trkpt>
      <trkpt lat="50.106823705136776" lon="8.695890605449677">
        <ele>88.0</ele>
        <time>2026-09-23T07:36:04Z</time>
        <extensions>
          <gpxtpx:TrackPointExtension>
            <gpxtpx:hr>156</gpxtpx:hr>
          </gpxtpx:TrackPointExtension>
        </extensions>
      </trkpt>
      <trkpt lat="50.10679797269404" lon="8.695993451401591">
        <ele>88.0</ele>
        <time>2026-09-23T07:36:07Z</time>
        <extensions>
          <gpxtpx:TrackPointExtension>
            <gpxtpx:hr>155</gpxtpx:hr>
          </gpxtpx:TrackPointExtension>
        </extensions>
      </trkpt>
      <trkpt lat="50.106768803671" lon="8.69610141031444">
        <ele>88.0</ele>
        <time>2026-09-23T07:36:10Z</time>
        <extensions>
          <gpxtpx:TrackPointExtension>
            <gpxtpx:hr>154</gpxtpx:hr>
          </gpxtpx:TrackPointExtension>
        </extensions>
      </trkpt>
      <trkpt lat="50.10674675926566" lon="8.696202328428626">
        <ele>89.0</ele>
        <time>2026-09-23T07:36:13Z</time>
        <extensions>
          <gpxtpx:TrackPointExtension>
            <gpxtpx:hr>153</gpxtpx:hr>
          </gpxtpx:TrackPointExtension>
        </extensions>
      </trkpt>
      <trkpt lat="50.10672764852643" lon="8.696299893781543">
        <ele>89.0</ele>
        <time>2026-09-23T07:36:16Z</time>
        <extensions>
          <gpxtpx:TrackPointExtension>
            <gpxtpx:hr>152</gpxtpx:hr>
          </gpxtpx:TrackPointExtension>
        </extensions>
      </trkpt>
      <trkpt lat="50.10671390220523" lon="8.69636326096952">
        <ele>89.0</ele>
        <time>2026-09-23T07:36:19Z</time>
        <extensions>
          <gpxtpx:TrackPointExtension>
            <gpxtpx:hr>151</gpxtpx:hr>
          </gpxtpx:TrackPointExtension>
        </extensions>
      </trkpt>
      <trkpt lat="50.106719098985195" lon="8.696343898773193">
        <ele>89.0</ele>
        <time>2026-09-23T07:36:22Z</time>
        <extensions>
          <gpxtpx:TrackPointExtension>
            <gpxtpx:hr>151</gpxtpx:hr>
          </gpxtpx:TrackPointExtension>
        </extensions>
      </trkpt>
      <trkpt lat="50.10673309676349" lon="8.696245159953833">
        <ele>89.0</ele>
        <time>2026-09-23T07:36:25Z</time>
        <extensions>
          <gpxtpx:TrackPointExtension>
            <gpxtpx:hr>150</gpxtpx:hr>
          </gpxtpx:TrackPointExtension>
        </extensions>
      </trkpt>
      <trkpt lat="50.106751285493374" lon="8.696126136928797">
        <ele>89.0</ele>
        <time>2026-09-23T07:36:28Z</time>
        <extensions>
          <gpxtpx:TrackPointExtension>
            <gpxtpx:hr>148</gpxtpx:hr>
          </gpxtpx:TrackPointExtension>
        </extensions>
      </trkpt>
      <trkpt lat="50.106773748993874" lon="8.696004264056683">
        <ele>89.0</ele>
        <time>2026-09-23T07:36:31Z</time>
        <extensions>
          <gpxtpx:TrackPointExtension>
            <gpxtpx:hr>146</gpxtpx:hr>
          </gpxtpx:TrackPointExtension>
        </extensions>
      </trkpt>
      <trkpt lat="50.1067999843508" lon="8.695889851078391">
        <ele>89.0</ele>
        <time>2026-09-23T07:36:34Z</time>
        <extensions>
          <gpxtpx:TrackPointExtension>
            <gpxtpx:hr>145</gpxtpx:hr>
          </gpxtpx:TrackPointExtension>
        </extensions>
      </trkpt>
      <trkpt lat="50.106826135888696" lon="8.695784071460366">
        <ele>88.0</ele>
        <time>2026-09-23T07:36:37Z</time>
        <extensions>
          <gpxtpx:TrackPointExtension>
            <gpxtpx:hr>144</gpxtpx:hr>
          </gpxtpx:TrackPointExtension>
        </extensions>
      </trkpt>
      <trkpt lat="50.10685320943594" lon="8.69567384943366">
        <ele>88.0</ele>
        <time>2026-09-23T07:36:40Z</time>
        <extensions>
          <gpxtpx:TrackPointExtension>
            <gpxtpx:hr>144</gpxtpx:hr>
          </gpxtpx:TrackPointExtension>
        </extensions>
      </trkpt>
      <trkpt lat="50.106880282983184" lon="8.695564297959208">
        <ele>88.0</ele>
        <time>2026-09-23T07:36:43Z</time>
        <extensions>
          <gpxtpx:TrackPointExtension>
            <gpxtpx:hr>144</gpxtpx:hr>
          </gpxtpx:TrackPointExtension>
        </extensions>
      </trkpt>
      <trkpt lat="50.10690559633076" lon="8.695460697636008">
        <ele>88.0</ele>
        <time>2026-09-23T07:36:46Z</time>
        <extensions>
          <gpxtpx:TrackPointExtension>
            <gpxtpx:hr>145</gpxtpx:hr>
          </gpxtpx:TrackPointExtension>
        </extensions>
      </trkpt>
      <trkpt lat="50.106933088973165" lon="8.695362880825996">
        <ele>88.0</ele>
        <time>2026-09-23T07:36:49Z</time>
        <extensions>
          <gpxtpx:TrackPointExtension>
            <gpxtpx:hr>145</gpxtpx:hr>
          </gpxtpx:TrackPointExtension>
        </extensions>
      </trkpt>
      <trkpt lat="50.10695136152208" lon="8.695280235260725">
        <ele>88.0</ele>
        <time>2026-09-23T07:36:52Z</time>
        <extensions>
          <gpxtpx:TrackPointExtension>
            <gpxtpx:hr>145</gpxtpx:hr>
          </gpxtpx:TrackPointExtension>
        </extensions>
      </trkpt>
      <trkpt lat="50.106956558302045" lon="8.695203540846705">
        <ele>88.0</ele>
        <time>2026-09-23T07:36:55Z</time>
        <extensions>
          <gpxtpx:TrackPointExtension>
            <gpxtpx:hr>144</gpxtpx:hr>
          </gpxtpx:TrackPointExtension>
        </extensions>
      </trkpt>
      <trkpt lat="50.10695345699787" lon="8.69511628523469">
        <ele>88.0</ele>
        <time>2026-09-23T07:36:58Z</time>
        <extensions>
          <gpxtpx:TrackPointExtension>
            <gpxtpx:hr>143</gpxtpx:hr>
          </gpxtpx:TrackPointExtension>
        </extensions>
      </trkpt>
      <trkpt lat="50.10695639066398" lon="8.695014109835029">
        <ele>88.0</ele>
        <time>2026-09-23T07:37:01Z</time>
        <extensions>
          <gpxtpx:TrackPointExtension>
            <gpxtpx:hr>142</gpxtpx:hr>
          </gpxtpx:TrackPointExtension>
        </extensions>
      </trkpt>
      <trkpt lat="50.10697357356548" lon="8.694898188114166">
        <ele>88.0</ele>
        <time>2026-09-23T07:37:04Z</time>
        <extensions>
          <gpxtpx:TrackPointExtension>
            <gpxtpx:hr>142</gpxtpx:hr>
          </gpxtpx:TrackPointExtension>
        </extensions>
      </trkpt>
      <trkpt lat="50.10699335485697" lon="8.694768184795976">
        <ele>88.0</ele>
        <time>2026-09-23T07:37:07Z</time>
        <extensions>
          <gpxtpx:TrackPointExtension>
            <gpxtpx:hr>141</gpxtpx:hr>
          </gpxtpx:TrackPointExtension>
        </extensions>
      </trkpt>
      <trkpt lat="50.10700944811106" lon="8.694648407399654">
        <ele>87.0</ele>
        <time>2026-09-23T07:37:10Z</time>
        <extensions>
          <gpxtpx:TrackPointExtension>
            <gpxtpx:hr>140</gpxtpx:hr>
          </gpxtpx:TrackPointExtension>
        </extensions>
      </trkpt>
      <trkpt lat="50.1070193387568" lon="8.694539861753583">
        <ele>87.0</ele>
        <time>2026-09-23T07:37:13Z</time>
        <extensions>
          <gpxtpx:TrackPointExtension>
            <gpxtpx:hr>138</gpxtpx:hr>
          </gpxtpx:TrackPointExtension>
        </extensions>
      </trkpt>
      <trkpt lat="50.10702629573643" lon="8.694430477917194">
        <ele>87.0</ele>
        <time>2026-09-23T07:37:16Z</time>
        <extensions>
          <gpxtpx:TrackPointExtension>
            <gpxtpx:hr>139</gpxtpx:hr>
          </gpxtpx:TrackPointExtension>
        </extensions>
      </trkpt>
      <trkpt lat="50.10703199543059" lon="8.694323860108852">
        <ele>87.0</ele>
        <time>2026-09-23T07:37:19Z</time>
        <extensions>
          <gpxtpx:TrackPointExtension>
            <gpxtpx:hr>142</gpxtpx:hr>
          </gpxtpx:TrackPointExtension>
        </extensions>
      </trkpt>
      <trkpt lat="50.10704088024795" lon="8.69421380572021">
        <ele>87.0</ele>
        <time>2026-09-23T07:37:22Z</time>
        <extensions>
          <gpxtpx:TrackPointExtension>
            <gpxtpx:hr>143</gpxtpx:hr>
          </gpxtpx:TrackPointExtension>
        </extensions>
      </trkpt>
      <trkpt lat="50.10705110616982" lon="8.694098303094506">
        <ele>87.0</ele>
        <time>2026-09-23T07:37:25Z</time>
        <extensions>
          <gpxtpx:TrackPointExtension>
            <gpxtpx:hr>144</gpxtpx:hr>
          </gpxtpx:TrackPointExtension>
        </extensions>
      </trkpt>
      <trkpt lat="50.10706686414778" lon="8.693961510434747">
        <ele>87.0</ele>
        <time>2026-09-23T07:37:28Z</time>
        <extensions>
          <gpxtpx:TrackPointExtension>
            <gpxtpx:hr>145</gpxtpx:hr>
          </gpxtpx:TrackPointExtension>
        </extensions>
      </trkpt>
      <trkpt lat="50.107083544135094" lon="8.69380485266447">
        <ele>87.0</ele>
        <time>2026-09-23T07:37:31Z</time>
        <extensions>
          <gpxtpx:TrackPointExtension>
            <gpxtpx:hr>145</gpxtpx:hr>
          </gpxtpx:TrackPointExtension>
        </extensions>
      </trkpt>
      <trkpt lat="50.10709318332374" lon="8.693659929558635">
        <ele>87.0</ele>
        <time>2026-09-23T07:37:34Z</time>
        <extensions>
          <gpxtpx:TrackPointExtension>
            <gpxtpx:hr>146</gpxtpx:hr>
          </gpxtpx:TrackPointExtension>
        </extensions>
      </trkpt>
      <trkpt lat="50.10709896683693" lon="8.693540068343282">
        <ele>87.0</ele>
        <time>2026-09-23T07:37:37Z</time>
        <extensions>
          <gpxtpx:TrackPointExtension>
            <gpxtpx:hr>147</gpxtpx:hr>
          </gpxtpx:TrackPointExtension>
        </extensions>
      </trkpt>
      <trkpt lat="50.107095781713724" lon="8.693431690335274">
        <ele>87.0</ele>
        <time>2026-09-23T07:37:40Z</time>
        <extensions>
          <gpxtpx:TrackPointExtension>
            <gpxtpx:hr>148</gpxtpx:hr>
          </gpxtpx:TrackPointExtension>
        </extensions>
      </trkpt>
      <trkpt lat="50.10709066875279" lon="8.693308476358652">
        <ele>87.0</ele>
        <time>2026-09-23T07:37:43Z</time>
        <extensions>
          <gpxtpx:TrackPointExtension>
            <gpxtpx:hr>148</gpxtpx:hr>
          </gpxtpx:TrackPointExtension>
        </extensions>
      </trkpt>
      <trkpt lat="50.10709997266531" lon="8.69316858239472">
        <ele>87.0</ele>
        <time>2026-09-23T07:37:46Z</time>
        <extensions>
          <gpxtpx:TrackPointExtension>
            <gpxtpx:hr>149</gpxtpx:hr>
          </gpxtpx:TrackPointExtension>
        </extensions>
      </trkpt>
      <trkpt lat="50.107118831947446" lon="8.693003794178367">
        <ele>88.0</ele>
        <time>2026-09-23T07:37:49Z</time>
        <extensions>
          <gpxtpx:TrackPointExtension>
            <gpxtpx:hr>149</gpxtpx:hr>
          </gpxtpx:TrackPointExtension>
        </extensions>
      </trkpt>
      <trkpt lat="50.10713274590671" lon="8.692838754504919">
        <ele>88.0</ele>
        <time>2026-09-23T07:37:52Z</time>
        <extensions>
          <gpxtpx:TrackPointExtension>
            <gpxtpx:hr>149</gpxtpx:hr>
          </gpxtpx:TrackPointExtension>
        </extensions>
      </trkpt>
      <trkpt lat="50.10714330710471" lon="8.692688131704926">
        <ele>88.0</ele>
        <time>2026-09-23T07:37:55Z</time>
        <extensions>
          <gpxtpx:TrackPointExtension>
            <gpxtpx:hr>149</gpxtpx:hr>
          </gpxtpx:TrackPointExtension>
        </extensions>
      </trkpt>
      <trkpt lat="50.10714749805629" lon="8.692558547481894">
        <ele>88.0</ele>
        <time>2026-09-23T07:37:58Z</time>
        <extensions>
          <gpxtpx:TrackPointExtension>
            <gpxtpx:hr>150</gpxtpx:hr>
          </gpxtpx:TrackPointExtension>
        </extensions>
      </trkpt>
      <trkpt lat="50.10715814307332" lon="8.692440362647176">
        <ele>88.0</ele>
        <time>2026-09-23T07:38:01Z</time>
        <extensions>
          <gpxtpx:TrackPointExtension>
            <gpxtpx:hr>151</gpxtpx:hr>
          </gpxtpx:TrackPointExtension>
        </extensions>
      </trkpt>
      <trkpt lat="50.10717557743192" lon="8.692316729575396">
        <ele>88.0</ele>
        <time>2026-09-23T07:38:04Z</time>
        <extensions>
          <gpxtpx:TrackPointExtension>
            <gpxtpx:hr>152</gpxtpx:hr>
          </gpxtpx:TrackPointExtension>
        </extensions>
      </trkpt>
      <trkpt lat="50.10719820857048" lon="8.692181361839175">
        <ele>88.0</ele>
        <time>2026-09-23T07:38:07Z</time>
        <extensions>
          <gpxtpx:TrackPointExtension>
            <gpxtpx:hr>152</gpxtpx:hr>
          </gpxtpx:TrackPointExtension>
        </extensions>
      </trkpt>
      <trkpt lat="50.107224360108376" lon="8.692037696018815">
        <ele>88.0</ele>
        <time>2026-09-23T07:38:10Z</time>
        <extensions>
          <gpxtpx:TrackPointExtension>
            <gpxtpx:hr>153</gpxtpx:hr>
          </gpxtpx:TrackPointExtension>
        </extensions>
      </trkpt>
      <trkpt lat="50.10724816471338" lon="8.691889839246869">
        <ele>88.0</ele>
        <time>2026-09-23T07:38:13Z</time>
        <extensions>
          <gpxtpx:TrackPointExtension>
            <gpxtpx:hr>155</gpxtpx:hr>
          </gpxtpx:TrackPointExtension>
        </extensions>
      </trkpt>
      <trkpt lat="50.10726769454777" lon="8.691741898655891">
        <ele>88.0</ele>
        <time>2026-09-23T07:38:16Z</time>
        <extensions>
          <gpxtpx:TrackPointExtension>
            <gpxtpx:hr>156</gpxtpx:hr>
          </gpxtpx:TrackPointExtension>
        </extensions>
      </trkpt>
      <trkpt lat="50.10728043504059" lon="8.691584235057235">
        <ele>88.0</ele>
        <time>2026-09-23T07:38:19Z</time>
        <extensions>
          <gpxtpx:TrackPointExtension>
            <gpxtpx:hr>156</gpxtpx:hr>
          </gpxtpx:TrackPointExtension>
        </extensions>
      </trkpt>
      <trkpt lat="50.10729116387665" lon="8.691430343315005">
        <ele>88.0</ele>
        <time>2026-09-23T07:38:22Z</time>
        <extensions>
          <gpxtpx:TrackPointExtension>
            <gpxtpx:hr>157</gpxtpx:hr>
          </gpxtpx:TrackPointExtension>
        </extensions>
      </trkpt>
      <trkpt lat="50.1072992105037" lon="8.691277708858252">
        <ele>88.0</ele>
        <time>2026-09-23T07:38:25Z</time>
        <extensions>
          <gpxtpx:TrackPointExtension>
            <gpxtpx:hr>157</gpxtpx:hr>
          </gpxtpx:TrackPointExtension>
        </extensions>
      </trkpt>
      <trkpt lat="50.107309352606535" lon="8.691133875399828">
        <ele>88.0</ele>
        <time>2026-09-23T07:38:28Z</time>
        <extensions>
          <gpxtpx:TrackPointExtension>
            <gpxtpx:hr>158</gpxtpx:hr>
          </gpxtpx:TrackPointExtension>
        </extensions>
      </trkpt>
      <trkpt lat="50.10731848888099" lon="8.690999345853925">
        <ele>88.0</ele>
        <time>2026-09-23T07:38:31Z</time>
        <extensions>
          <gpxtpx:TrackPointExtension>
            <gpxtpx:hr>158</gpxtpx:hr>
          </gpxtpx:TrackPointExtension>
        </extensions>
      </trkpt>
      <trkpt lat="50.1073285471648" lon="8.690854674205184">
        <ele>88.0</ele>
        <time>2026-09-23T07:38:34Z</time>
        <extensions>
          <gpxtpx:TrackPointExtension>
            <gpxtpx:hr>157</gpxtpx:hr>
          </gpxtpx:TrackPointExtension>
        </extensions>
      </trkpt>
      <trkpt lat="50.107344556599855" lon="8.690698435530066">
        <ele>88.0</ele>
        <time>2026-09-23T07:38:37Z</time>
        <extensions>
          <gpxtpx:TrackPointExtension>
            <gpxtpx:hr>157</gpxtpx:hr>
          </gpxtpx:TrackPointExtension>
        </extensions>
      </trkpt>
      <trkpt lat="50.107364086434245" lon="8.690541693940759">
        <ele>88.0</ele>
        <time>2026-09-23T07:38:40Z</time>
        <extensions>
          <gpxtpx:TrackPointExtension>
            <gpxtpx:hr>159</gpxtpx:hr>
          </gpxtpx:TrackPointExtension>
        </extensions>
      </trkpt>
      <trkpt lat="50.107379173859954" lon="8.690389981493354">
        <ele>88.0</ele>
        <time>2026-09-23T07:38:43Z</time>
        <extensions>
          <gpxtpx:TrackPointExtension>
            <gpxtpx:hr>160</gpxtpx:hr>
          </gpxtpx:TrackPointExtension>
        </extensions>
      </trkpt>
      <trkpt lat="50.10738571174443" lon="8.690247489139438">
        <ele>88.0</ele>
        <time>2026-09-23T07:38:46Z</time>
        <extensions>
          <gpxtpx:TrackPointExtension>
            <gpxtpx:hr>161</gpxtpx:hr>
          </gpxtpx:TrackPointExtension>
        </extensions>
      </trkpt>
      <trkpt lat="50.10738789103925" lon="8.69011614471674">
        <ele>88.0</ele>
        <time>2026-09-23T07:38:49Z</time>
        <extensions>
          <gpxtpx:TrackPointExtension>
            <gpxtpx:hr>161</gpxtpx:hr>
          </gpxtpx:TrackPointExtension>
        </extensions>
      </trkpt>
      <trkpt lat="50.107397278770804" lon="8.689984465017915">
        <ele>88.0</ele>
        <time>2026-09-23T07:38:52Z</time>
        <extensions>
          <gpxtpx:TrackPointExtension>
            <gpxtpx:hr>161</gpxtpx:hr>
          </gpxtpx:TrackPointExtension>
        </extensions>
      </trkpt>
      <trkpt lat="50.107422173023224" lon="8.68984105065465">
        <ele>88.0</ele>
        <time>2026-09-23T07:38:55Z</time>
        <extensions>
          <gpxtpx:TrackPointExtension>
            <gpxtpx:hr>161</gpxtpx:hr>
          </gpxtpx:TrackPointExtension>
        </extensions>
      </trkpt>
      <trkpt lat="50.10744656436145" lon="8.689700653776526">
        <ele>88.0</ele>
        <time>2026-09-23T07:38:58Z</time>
        <extensions>
          <gpxtpx:TrackPointExtension>
            <gpxtpx:hr>161</gpxtpx:hr>
          </gpxtpx:TrackPointExtension>
        </extensions>
      </trkpt>
      <trkpt lat="50.10746726766229" lon="8.689560256898403">
        <ele>88.0</ele>
        <time>2026-09-23T07:39:01Z</time>
        <extensions>
          <gpxtpx:TrackPointExtension>
            <gpxtpx:hr>162</gpxtpx:hr>
          </gpxtpx:TrackPointExtension>
        </extensions>
      </trkpt>
      <trkpt lat="50.107475062832236" lon="8.689422877505422">
        <ele>88.0</ele>
        <time>2026-09-23T07:39:04Z</time>
        <extensions>
          <gpxtpx:TrackPointExtension>
            <gpxtpx:hr>162</gpxtpx:hr>
          </gpxtpx:TrackPointExtension>
        </extensions>
      </trkpt>
      <trkpt lat="50.10748294182122" lon="8.689294550567865">
        <ele>88.0</ele>
        <time>2026-09-23T07:39:07Z</time>
        <extensions>
          <gpxtpx:TrackPointExtension>
            <gpxtpx:hr>162</gpxtpx:hr>
          </gpxtpx:TrackPointExtension>
        </extensions>
      </trkpt>
      <trkpt lat="50.10748973116279" lon="8.689173767343163">
        <ele>88.0</ele>
        <time>2026-09-23T07:39:10Z</time>
        <extensions>
          <gpxtpx:TrackPointExtension>
            <gpxtpx:hr>163</gpxtpx:hr>
          </gpxtpx:TrackPointExtension>
        </extensions>
      </trkpt>
      <trkpt lat="50.107494508847594" lon="8.689050553366542">
        <ele>88.0</ele>
        <time>2026-09-23T07:39:13Z</time>
        <extensions>
          <gpxtpx:TrackPointExtension>
            <gpxtpx:hr>163</gpxtpx:hr>
          </gpxtpx:TrackPointExtension>
        </extensions>
      </trkpt>
      <trkpt lat="50.107497945427895" lon="8.688923483714461">
        <ele>88.0</ele>
        <time>2026-09-23T07:39:16Z</time>
        <extensions>
          <gpxtpx:TrackPointExtension>
            <gpxtpx:hr>164</gpxtpx:hr>
          </gpxtpx:TrackPointExtension>
        </extensions>
      </trkpt>
      <trkpt lat="50.10750364512205" lon="8.688777554780245">
        <ele>88.0</ele>
        <time>2026-09-23T07:39:19Z</time>
        <extensions>
          <gpxtpx:TrackPointExtension>
            <gpxtpx:hr>163</gpxtpx:hr>
          </gpxtpx:TrackPointExtension>
        </extensions>
      </trkpt>
      <trkpt lat="50.10750196874142" lon="8.68862483650446">
        <ele>88.0</ele>
        <time>2026-09-23T07:39:22Z</time>
        <extensions>
          <gpxtpx:TrackPointExtension>
            <gpxtpx:hr>163</gpxtpx:hr>
          </gpxtpx:TrackPointExtension>
        </extensions>
      </trkpt>
      <trkpt lat="50.107488641515374" lon="8.688465328887105">
        <ele>88.0</ele>
        <time>2026-09-23T07:39:25Z</time>
        <extensions>
          <gpxtpx:TrackPointExtension>
            <gpxtpx:hr>163</gpxtpx:hr>
          </gpxtpx:TrackPointExtension>
        </extensions>
      </trkpt>
      <trkpt lat="50.10747514665127" lon="8.688308587297797">
        <ele>88.0</ele>
        <time>2026-09-23T07:39:28Z</time>
        <extensions>
          <gpxtpx:TrackPointExtension>
            <gpxtpx:hr>163</gpxtpx:hr>
          </gpxtpx:TrackPointExtension>
        </extensions>
      </trkpt>
      <trkpt lat="50.10746684856713" lon="8.688161568716168">
        <ele>88.0</ele>
        <time>2026-09-23T07:39:31Z</time>
        <extensions>
          <gpxtpx:TrackPointExtension>
            <gpxtpx:hr>163</gpxtpx:hr>
          </gpxtpx:TrackPointExtension>
        </extensions>
      </trkpt>
      <trkpt lat="50.107465758919716" lon="8.688026703894138">
        <ele>88.0</ele>
        <time>2026-09-23T07:39:34Z</time>
        <extensions>
          <gpxtpx:TrackPointExtension>
            <gpxtpx:hr>163</gpxtpx:hr>
          </gpxtpx:TrackPointExtension>
        </extensions>
      </trkpt>
      <trkpt lat="50.107466178014874" lon="8.687899801880121">
        <ele>88.0</ele>
        <time>2026-09-23T07:39:37Z</time>
        <extensions>
          <gpxtpx:TrackPointExtension>
            <gpxtpx:hr>163</gpxtpx:hr>
          </gpxtpx:TrackPointExtension>
        </extensions>
      </trkpt>
      <trkpt lat="50.10746316052973" lon="8.68778103031218">
        <ele>88.0</ele>
        <time>2026-09-23T07:39:40Z</time>
        <extensions>
          <gpxtpx:TrackPointExtension>
            <gpxtpx:hr>163</gpxtpx:hr>
          </gpxtpx:TrackPointExtension>
        </extensions>
      </trkpt>
      <trkpt lat="50.10745729319751" lon="8.687656307592988">
        <ele>88.0</ele>
        <time>2026-09-23T07:39:43Z</time>
        <extensions>
          <gpxtpx:TrackPointExtension>
            <gpxtpx:hr>163</gpxtpx:hr>
          </gpxtpx:TrackPointExtension>
        </extensions>
      </trkpt>
      <trkpt lat="50.10746710002422" lon="8.687535608187318">
        <ele>88.0</ele>
        <time>2026-09-23T07:39:46Z</time>
        <extensions>
          <gpxtpx:TrackPointExtension>
            <gpxtpx:hr>163</gpxtpx:hr>
          </gpxtpx:TrackPointExtension>
        </extensions>
      </trkpt>
      <trkpt lat="50.1074855402112" lon="8.68743259459734">
        <ele>88.0</ele>
        <time>2026-09-23T07:39:49Z</time>
        <extensions>
          <gpxtpx:TrackPointExtension>
            <gpxtpx:hr>163</gpxtpx:hr>
          </gpxtpx:TrackPointExtension>
        </extensions>
      </trkpt>
      <trkpt lat="50.107510183006525" lon="8.687322288751602">
        <ele>88.0</ele>
        <time>2026-09-23T07:39:52Z</time>
        <extensions>
          <gpxtpx:TrackPointExtension>
            <gpxtpx:hr>163</gpxtpx:hr>
          </gpxtpx:TrackPointExtension>
        </extensions>
      </trkpt>
      <trkpt lat="50.10753004811704" lon="8.687201337888837">
        <ele>88.0</ele>
        <time>2026-09-23T07:39:55Z</time>
        <extensions>
          <gpxtpx:TrackPointExtension>
            <gpxtpx:hr>163</gpxtpx:hr>
          </gpxtpx:TrackPointExtension>
        </extensions>
      </trkpt>
      <trkpt lat="50.10755184106529" lon="8.687063958495855">
        <ele>88.0</ele>
        <time>2026-09-23T07:39:58Z</time>
        <extensions>
          <gpxtpx:TrackPointExtension>
            <gpxtpx:hr>164</gpxtpx:hr>
          </gpxtpx:TrackPointExtension>
        </extensions>
      </trkpt>
      <trkpt lat="50.107579082250595" lon="8.686920627951622">
        <ele>88.0</ele>
        <time>2026-09-23T07:40:01Z</time>
        <extensions>
          <gpxtpx:TrackPointExtension>
            <gpxtpx:hr>164</gpxtpx:hr>
          </gpxtpx:TrackPointExtension>
        </extensions>
      </trkpt>
      <trkpt lat="50.10760464705527" lon="8.686777548864484">
        <ele>88.0</ele>
        <time>2026-09-23T07:40:04Z</time>
        <extensions>
          <gpxtpx:TrackPointExtension>
            <gpxtpx:hr>164</gpxtpx:hr>
          </gpxtpx:TrackPointExtension>
        </extensions>
      </trkpt>
      <trkpt lat="50.10762484744191" lon="8.686638744547963">
        <ele>89.0</ele>
        <time>2026-09-23T07:40:07Z</time>
        <extensions>
          <gpxtpx:TrackPointExtension>
            <gpxtpx:hr>163</gpxtpx:hr>
          </gpxtpx:TrackPointExtension>
        </extensions>
      </trkpt>
      <trkpt lat="50.10763985104859" lon="8.686496000736952">
        <ele>89.0</ele>
        <time>2026-09-23T07:40:10Z</time>
        <extensions>
          <gpxtpx:TrackPointExtension>
            <gpxtpx:hr>163</gpxtpx:hr>
          </gpxtpx:TrackPointExtension>
        </extensions>
      </trkpt>
      <trkpt lat="50.10765217244625" lon="8.686356442049146">
        <ele>89.0</ele>
        <time>2026-09-23T07:40:13Z</time>
        <extensions>
          <gpxtpx:TrackPointExtension>
            <gpxtpx:hr>163</gpxtpx:hr>
          </gpxtpx:TrackPointExtension>
        </extensions>
      </trkpt>
      <trkpt lat="50.10765703395009" lon="8.686235239729285">
        <ele>89.0</ele>
        <time>2026-09-23T07:40:16Z</time>
        <extensions>
          <gpxtpx:TrackPointExtension>
            <gpxtpx:hr>163</gpxtpx:hr>
          </gpxtpx:TrackPointExtension>
        </extensions>
      </trkpt>
      <trkpt lat="50.10766206309199" lon="8.686088472604752">
        <ele>89.0</ele>
        <time>2026-09-23T07:40:19Z</time>
        <extensions>
          <gpxtpx:TrackPointExtension>
            <gpxtpx:hr>163</gpxtpx:hr>
          </gpxtpx:TrackPointExtension>
        </extensions>
      </trkpt>
      <trkpt lat="50.1076668407768" lon="8.685934077948332">
        <ele>88.0</ele>
        <time>2026-09-23T07:40:22Z</time>
        <extensions>
          <gpxtpx:TrackPointExtension>
            <gpxtpx:hr>163</gpxtpx:hr>
          </gpxtpx:TrackPointExtension>
        </extensions>
      </trkpt>
      <trkpt lat="50.10767354629934" lon="8.685786975547671">
        <ele>88.0</ele>
        <time>2026-09-23T07:40:25Z</time>
        <extensions>
          <gpxtpx:TrackPointExtension>
            <gpxtpx:hr>163</gpxtpx:hr>
          </gpxtpx:TrackPointExtension>
        </extensions>
      </trkpt>
      <trkpt lat="50.10768595151603" lon="8.68564029224217">
        <ele>88.0</ele>
        <time>2026-09-23T07:40:28Z</time>
        <extensions>
          <gpxtpx:TrackPointExtension>
            <gpxtpx:hr>163</gpxtpx:hr>
          </gpxtpx:TrackPointExtension>
        </extensions>
      </trkpt>
      <trkpt lat="50.10770254768431" lon="8.685490591451526">
        <ele>88.0</ele>
        <time>2026-09-23T07:40:31Z</time>
        <extensions>
          <gpxtpx:TrackPointExtension>
            <gpxtpx:hr>163</gpxtpx:hr>
          </gpxtpx:TrackPointExtension>
        </extensions>
      </trkpt>
      <trkpt lat="50.10771235451102" lon="8.685347428545356">
        <ele>88.0</ele>
        <time>2026-09-23T07:40:34Z</time>
        <extensions>
          <gpxtpx:TrackPointExtension>
            <gpxtpx:hr>163</gpxtpx:hr>
          </gpxtpx:TrackPointExtension>
        </extensions>
      </trkpt>
      <trkpt lat="50.10771134868264" lon="8.685214575380087">
        <ele>88.0</ele>
        <time>2026-09-23T07:40:37Z</time>
        <extensions>
          <gpxtpx:TrackPointExtension>
            <gpxtpx:hr>163</gpxtpx:hr>
          </gpxtpx:TrackPointExtension>
        </extensions>
      </trkpt>
      <trkpt lat="50.10771210305393" lon="8.685089265927672">
        <ele>88.0</ele>
        <time>2026-09-23T07:40:40Z</time>
        <extensions>
          <gpxtpx:TrackPointExtension>
            <gpxtpx:hr>164</gpxtpx:hr>
          </gpxtpx:TrackPointExtension>
        </extensions>
      </trkpt>
      <trkpt lat="50.107717299833894" lon="8.6849479470402">
        <ele>88.0</ele>
        <time>2026-09-23T07:40:43Z</time>
        <extensions>
          <gpxtpx:TrackPointExtension>
            <gpxtpx:hr>164</gpxtpx:hr>
          </gpxtpx:TrackPointExtension>
        </extensions>
      </trkpt>
      <trkpt lat="50.10772685520351" lon="8.684795731678605">
        <ele>88.0</ele>
        <time>2026-09-23T07:40:46Z</time>
        <extensions>
          <gpxtpx:TrackPointExtension>
            <gpxtpx:hr>164</gpxtpx:hr>
          </gpxtpx:TrackPointExtension>
        </extensions>
      </trkpt>
      <trkpt lat="50.10772777721286" lon="8.68464888073504">
        <ele>88.0</ele>
        <time>2026-09-23T07:40:49Z</time>
        <extensions>
          <gpxtpx:TrackPointExtension>
            <gpxtpx:hr>165</gpxtpx:hr>
          </gpxtpx:TrackPointExtension>
        </extensions>
      </trkpt>
      <trkpt lat="50.10771118104458" lon="8.684509489685297">
        <ele>88.0</ele>
        <time>2026-09-23T07:40:52Z</time>
        <extensions>
          <gpxtpx:TrackPointExtension>
            <gpxtpx:hr>164</gpxtpx:hr>
          </gpxtpx:TrackPointExtension>
        </extensions>
      </trkpt>
      <trkpt lat="50.10769408196211" lon="8.684376385062933">
        <ele>88.0</ele>
        <time>2026-09-23T07:40:55Z</time>
        <extensions>
          <gpxtpx:TrackPointExtension>
            <gpxtpx:hr>164</gpxtpx:hr>
          </gpxtpx:TrackPointExtension>
        </extensions>
      </trkpt>
      <trkpt lat="50.10767446830869" lon="8.684240598231554">
        <ele>88.0</ele>
        <time>2026-09-23T07:40:58Z</time>
        <extensions>
          <gpxtpx:TrackPointExtension>
            <gpxtpx:hr>164</gpxtpx:hr>
          </gpxtpx:TrackPointExtension>
        </extensions>
      </trkpt>
      <trkpt lat="50.10765175335109" lon="8.684101458638906">
        <ele>88.0</ele>
        <time>2026-09-23T07:41:01Z</time>
        <extensions>
          <gpxtpx:TrackPointExtension>
            <gpxtpx:hr>164</gpxtpx:hr>
          </gpxtpx:TrackPointExtension>
        </extensions>
      </trkpt>
      <trkpt lat="50.10762266814709" lon="8.68395988829434">
        <ele>88.0</ele>
        <time>2026-09-23T07:41:04Z</time>
        <extensions>
          <gpxtpx:TrackPointExtension>
            <gpxtpx:hr>164</gpxtpx:hr>
          </gpxtpx:TrackPointExtension>
        </extensions>
      </trkpt>
      <trkpt lat="50.10760137811303" lon="8.68382602930069">
        <ele>88.0</ele>
        <time>2026-09-23T07:41:07Z</time>
        <extensions>
          <gpxtpx:TrackPointExtension>
            <gpxtpx:hr>164</gpxtpx:hr>
          </gpxtpx:TrackPointExtension>
        </extensions>
      </trkpt>
      <trkpt lat="50.10759064927697" lon="8.68369359523058">
        <ele>88.0</ele>
        <time>2026-09-23T07:41:10Z</time>
        <extensions>
          <gpxtpx:TrackPointExtension>
            <gpxtpx:hr>164</gpxtpx:hr>
          </gpxtpx:TrackPointExtension>
        </extensions>
      </trkpt>
      <trkpt lat="50.107579501345754" lon="8.683553198352456">
        <ele>88.0</ele>
        <time>2026-09-23T07:41:13Z</time>
        <extensions>
          <gpxtpx:TrackPointExtension>
            <gpxtpx:hr>164</gpxtpx:hr>
          </gpxtpx:TrackPointExtension>
        </extensions>
      </trkpt>
      <trkpt lat="50.107563408091664" lon="8.683393187820911">
        <ele>88.0</ele>
        <time>2026-09-23T07:41:16Z</time>
        <extensions>
          <gpxtpx:TrackPointExtension>
            <gpxtpx:hr>164</gpxtpx:hr>
          </gpxtpx:TrackPointExtension>
        </extensions>
      </trkpt>
      <trkpt lat="50.10754169896245" lon="8.683230243623257">
        <ele>88.0</ele>
        <time>2026-09-23T07:41:19Z</time>
        <extensions>
          <gpxtpx:TrackPointExtension>
            <gpxtpx:hr>164</gpxtpx:hr>
          </gpxtpx:TrackPointExtension>
        </extensions>
      </trkpt>
      <trkpt lat="50.107524851337075" lon="8.683085655793548">
        <ele>88.0</ele>
        <time>2026-09-23T07:41:22Z</time>
        <extensions>
          <gpxtpx:TrackPointExtension>
            <gpxtpx:hr>164</gpxtpx:hr>
          </gpxtpx:TrackPointExtension>
        </extensions>
      </trkpt>
      <trkpt lat="50.10751663707197" lon="8.682963280007243">
        <ele>88.0</ele>
        <time>2026-09-23T07:41:25Z</time>
        <extensions>
          <gpxtpx:TrackPointExtension>
            <gpxtpx:hr>164</gpxtpx:hr>
          </gpxtpx:TrackPointExtension>
        </extensions>
      </trkpt>
      <trkpt lat="50.107505237683654" lon="8.68285859003663">
        <ele>88.0</ele>
        <time>2026-09-23T07:41:28Z</time>
        <extensions>
          <gpxtpx:TrackPointExtension>
            <gpxtpx:hr>165</gpxtpx:hr>
          </gpxtpx:TrackPointExtension>
        </extensions>
      </trkpt>
      <trkpt lat="50.10749090462923" lon="8.682760186493397">
        <ele>88.0</ele>
        <time>2026-09-23T07:41:31Z</time>
        <extensions>
          <gpxtpx:TrackPointExtension>
            <gpxtpx:hr>164</gpxtpx:hr>
          </gpxtpx:TrackPointExtension>
        </extensions>
      </trkpt>
      <trkpt lat="50.107477493584156" lon="8.682663794606924">
        <ele>88.0</ele>
        <time>2026-09-23T07:41:34Z</time>
        <extensions>
          <gpxtpx:TrackPointExtension>
            <gpxtpx:hr>163</gpxtpx:hr>
          </gpxtpx:TrackPointExtension>
        </extensions>
      </trkpt>
      <trkpt lat="50.10746140033007" lon="8.682588441297412">
        <ele>88.0</ele>
        <time>2026-09-23T07:41:37Z</time>
        <extensions>
          <gpxtpx:TrackPointExtension>
            <gpxtpx:hr>162</gpxtpx:hr>
          </gpxtpx:TrackPointExtension>
        </extensions>
      </trkpt>
      <trkpt lat="50.10743868537247" lon="8.682510070502758">
        <ele>88.0</ele>
        <time>2026-09-23T07:41:40Z</time>
        <extensions>
          <gpxtpx:TrackPointExtension>
            <gpxtpx:hr>161</gpxtpx:hr>
          </gpxtpx:TrackPointExtension>
        </extensions>
      </trkpt>
      <trkpt lat="50.107421670109034" lon="8.682405045256019">
        <ele>88.0</ele>
        <time>2026-09-23T07:41:43Z</time>
        <extensions>
          <gpxtpx:TrackPointExtension>
            <gpxtpx:hr>160</gpxtpx:hr>
          </gpxtpx:TrackPointExtension>
        </extensions>
      </trkpt>
      <trkpt lat="50.10740306228399" lon="8.682296751067042">
        <ele>88.0</ele>
        <time>2026-09-23T07:41:46Z</time>
        <extensions>
          <gpxtpx:TrackPointExtension>
            <gpxtpx:hr>160</gpxtpx:hr>
          </gpxtpx:TrackPointExtension>
        </extensions>
      </trkpt>
      <trkpt lat="50.10738730430603" lon="8.682193234562874">
        <ele>88.0</ele>
        <time>2026-09-23T07:41:49Z</time>
        <extensions>
          <gpxtpx:TrackPointExtension>
            <gpxtpx:hr>159</gpxtpx:hr>
          </gpxtpx:TrackPointExtension>
        </extensions>
      </trkpt>
      <trkpt lat="50.10736467316747" lon="8.682094579562545">
        <ele>88.0</ele>
        <time>2026-09-23T07:41:52Z</time>
        <extensions>
          <gpxtpx:TrackPointExtension>
            <gpxtpx:hr>158</gpxtpx:hr>
          </gpxtpx:TrackPointExtension>
        </extensions>
      </trkpt>
      <trkpt lat="50.10733935981989" lon="8.681986704468727">
        <ele>88.0</ele>
        <time>2026-09-23T07:41:55Z</time>
        <extensions>
          <gpxtpx:TrackPointExtension>
            <gpxtpx:hr>157</gpxtpx:hr>
          </gpxtpx:TrackPointExtension>
        </extensions>
      </trkpt>
      <trkpt lat="50.10731874033809" lon="8.681869944557548">
        <ele>88.0</ele>
        <time>2026-09-23T07:41:58Z</time>
        <extensions>
          <gpxtpx:TrackPointExtension>
            <gpxtpx:hr>156</gpxtpx:hr>
          </gpxtpx:TrackPointExtension>
        </extensions>
      </trkpt>
      <trkpt lat="50.10730130597949" lon="8.681756537407637">
        <ele>88.0</ele>
        <time>2026-09-23T07:42:01Z</time>
        <extensions>
          <gpxtpx:TrackPointExtension>
            <gpxtpx:hr>155</gpxtpx:hr>
          </gpxtpx:TrackPointExtension>
        </extensions>
      </trkpt>
      <trkpt lat="50.10728387162089" lon="8.681641034781933">
        <ele>88.0</ele>
        <time>2026-09-23T07:42:04Z</time>
        <extensions>
          <gpxtpx:TrackPointExtension>
            <gpxtpx:hr>154</gpxtpx:hr>
          </gpxtpx:TrackPointExtension>
        </extensions>
      </trkpt>
      <trkpt lat="50.107268365100026" lon="8.681518826633692">
        <ele>88.0</ele>
        <time>2026-09-23T07:42:07Z</time>
        <extensions>
          <gpxtpx:TrackPointExtension>
            <gpxtpx:hr>153</gpxtpx:hr>
          </gpxtpx:TrackPointExtension>
        </extensions>
      </trkpt>
      <trkpt lat="50.107248835265636" lon="8.681397708132863">
        <ele>88.0</ele>
        <time>2026-09-23T07:42:10Z</time>
        <extensions>
          <gpxtpx:TrackPointExtension>
            <gpxtpx:hr>152</gpxtpx:hr>
          </gpxtpx:TrackPointExtension>
        </extensions>
      </trkpt>
      <trkpt lat="50.107225282117724" lon="8.681294275447726">
        <ele>88.0</ele>
        <time>2026-09-23T07:42:13Z</time>
        <extensions>
          <gpxtpx:TrackPointExtension>
            <gpxtpx:hr>152</gpxtpx:hr>
          </gpxtpx:TrackPointExtension>
        </extensions>
      </trkpt>
      <trkpt lat="50.10720198042691" lon="8.681189166381955">
        <ele>88.0</ele>
        <time>2026-09-23T07:42:16Z</time>
        <extensions>
          <gpxtpx:TrackPointExtension>
            <gpxtpx:hr>152</gpxtpx:hr>
          </gpxtpx:TrackPointExtension>
        </extensions>
      </trkpt>
      <trkpt lat="50.107171554118395" lon="8.681079782545567">
        <ele>88.0</ele>
        <time>2026-09-23T07:42:19Z</time>
        <extensions>
          <gpxtpx:TrackPointExtension>
            <gpxtpx:hr>151</gpxtpx:hr>
          </gpxtpx:TrackPointExtension>
        </extensions>
      </trkpt>
      <trkpt lat="50.10712939314544" lon="8.680973248556256">
        <ele>88.0</ele>
        <time>2026-09-23T07:42:22Z</time>
        <extensions>
          <gpxtpx:TrackPointExtension>
            <gpxtpx:hr>150</gpxtpx:hr>
          </gpxtpx:TrackPointExtension>
        </extensions>
      </trkpt>
      <trkpt lat="50.10708773508668" lon="8.680871659889817">
        <ele>88.0</ele>
        <time>2026-09-23T07:42:25Z</time>
        <extensions>
          <gpxtpx:TrackPointExtension>
            <gpxtpx:hr>149</gpxtpx:hr>
          </gpxtpx:TrackPointExtension>
        </extensions>
      </trkpt>
      <trkpt lat="50.10705118998885" lon="8.68076914921403">
        <ele>88.0</ele>
        <time>2026-09-23T07:42:28Z</time>
        <extensions>
          <gpxtpx:TrackPointExtension>
            <gpxtpx:hr>149</gpxtpx:hr>
          </gpxtpx:TrackPointExtension>
        </extensions>
      </trkpt>
      <trkpt lat="50.10701833292842" lon="8.68066563270986">
        <ele>88.0</ele>
        <time>2026-09-23T07:42:31Z</time>
        <extensions>
          <gpxtpx:TrackPointExtension>
            <gpxtpx:hr>149</gpxtpx:hr>
          </gpxtpx:TrackPointExtension>
        </extensions>
      </trkpt>
      <trkpt lat="50.10699117556214" lon="8.680571839213371">
        <ele>88.0</ele>
        <time>2026-09-23T07:42:34Z</time>
        <extensions>
          <gpxtpx:TrackPointExtension>
            <gpxtpx:hr>149</gpxtpx:hr>
          </gpxtpx:TrackPointExtension>
        </extensions>
      </trkpt>
      <trkpt lat="50.10697038844228" lon="8.68047259747982">
        <ele>88.0</ele>
        <time>2026-09-23T07:42:37Z</time>
        <extensions>
          <gpxtpx:TrackPointExtension>
            <gpxtpx:hr>148</gpxtpx:hr>
          </gpxtpx:TrackPointExtension>
        </extensions>
      </trkpt>
      <trkpt lat="50.1069466676563" lon="8.680366482585669">
        <ele>88.0</ele>
        <time>2026-09-23T07:42:40Z</time>
        <extensions>
          <gpxtpx:TrackPointExtension>
            <gpxtpx:hr>148</gpxtpx:hr>
          </gpxtpx:TrackPointExtension>
        </extensions>
      </trkpt>
      <trkpt lat="50.10691515170038" lon="8.680264810100198">
        <ele>88.0</ele>
        <time>2026-09-23T07:42:43Z</time>
        <extensions>
          <gpxtpx:TrackPointExtension>
            <gpxtpx:hr>147</gpxtpx:hr>
          </gpxtpx:TrackPointExtension>
        </extensions>
      </trkpt>
      <trkpt lat="50.10688288137317" lon="8.680164897814393">
        <ele>88.0</ele>
        <time>2026-09-23T07:42:46Z</time>
        <extensions>
          <gpxtpx:TrackPointExtension>
            <gpxtpx:hr>146</gpxtpx:hr>
          </gpxtpx:TrackPointExtension>
        </extensions>
      </trkpt>
      <trkpt lat="50.1068449113518" lon="8.680074037984014">
        <ele>88.0</ele>
        <time>2026-09-23T07:42:49Z</time>
        <extensions>
          <gpxtpx:TrackPointExtension>
            <gpxtpx:hr>146</gpxtpx:hr>
          </gpxtpx:TrackPointExtension>
        </extensions>
      </trkpt>
      <trkpt lat="50.10680467821658" lon="8.679984686896205">
        <ele>88.0</ele>
        <time>2026-09-23T07:42:52Z</time>
        <extensions>
          <gpxtpx:TrackPointExtension>
            <gpxtpx:hr>145</gpxtpx:hr>
          </gpxtpx:TrackPointExtension>
        </extensions>
      </trkpt>
      <trkpt lat="50.10676628910005" lon="8.67988913320005">
        <ele>88.0</ele>
        <time>2026-09-23T07:42:55Z</time>
        <extensions>
          <gpxtpx:TrackPointExtension>
            <gpxtpx:hr>145</gpxtpx:hr>
          </gpxtpx:TrackPointExtension>
        </extensions>
      </trkpt>
      <trkpt lat="50.106730330735445" lon="8.679794082418084">
        <ele>88.0</ele>
        <time>2026-09-23T07:42:58Z</time>
        <extensions>
          <gpxtpx:TrackPointExtension>
            <gpxtpx:hr>145</gpxtpx:hr>
          </gpxtpx:TrackPointExtension>
        </extensions>
      </trkpt>
      <trkpt lat="50.1066979765892" lon="8.679699366912246">
        <ele>87.0</ele>
        <time>2026-09-23T07:43:01Z</time>
        <extensions>
          <gpxtpx:TrackPointExtension>
            <gpxtpx:hr>145</gpxtpx:hr>
          </gpxtpx:TrackPointExtension>
        </extensions>
      </trkpt>
      <trkpt lat="50.10666553862393" lon="8.679597778245807">
        <ele>87.0</ele>
        <time>2026-09-23T07:43:04Z</time>
        <extensions>
          <gpxtpx:TrackPointExtension>
            <gpxtpx:hr>145</gpxtpx:hr>
          </gpxtpx:TrackPointExtension>
        </extensions>
      </trkpt>
      <trkpt lat="50.10663544759154" lon="8.679500296711922">
        <ele>87.0</ele>
        <time>2026-09-23T07:43:07Z</time>
        <extensions>
          <gpxtpx:TrackPointExtension>
            <gpxtpx:hr>145</gpxtpx:hr>
          </gpxtpx:TrackPointExtension>
        </extensions>
      </trkpt>
      <trkpt lat="50.10660686530173" lon="8.679413627833128">
        <ele>87.0</ele>
        <time>2026-09-23T07:43:10Z</time>
        <extensions>
          <gpxtpx:TrackPointExtension>
            <gpxtpx:hr>145</gpxtpx:hr>
          </gpxtpx:TrackPointExtension>
        </extensions>
      </trkpt>
      <trkpt lat="50.106575433164835" lon="8.679328635334969">
        <ele>87.0</ele>
        <time>2026-09-23T07:43:13Z</time>
        <extensions>
          <gpxtpx:TrackPointExtension>
            <gpxtpx:hr>145</gpxtpx:hr>
          </gpxtpx:TrackPointExtension>
        </extensions>
      </trkpt>
      <trkpt lat="50.106535367667675" lon="8.679239954799414">
        <ele>87.0</ele>
        <time>2026-09-23T07:43:16Z</time>
        <extensions>
          <gpxtpx:TrackPointExtension>
            <gpxtpx:hr>144</gpxtpx:hr>
          </gpxtpx:TrackPointExtension>
        </extensions>
      </trkpt>
      <trkpt lat="50.10648926720023" lon="8.679149681702256">
        <ele>87.0</ele>
        <time>2026-09-23T07:43:19Z</time>
        <extensions>
          <gpxtpx:TrackPointExtension>
            <gpxtpx:hr>144</gpxtpx:hr>
          </gpxtpx:TrackPointExtension>
        </extensions>
      </trkpt>
      <trkpt lat="50.106438640505075" lon="8.679060498252511">
        <ele>87.0</ele>
        <time>2026-09-23T07:43:22Z</time>
        <extensions>
          <gpxtpx:TrackPointExtension>
            <gpxtpx:hr>144</gpxtpx:hr>
          </gpxtpx:TrackPointExtension>
        </extensions>
      </trkpt>
      <trkpt lat="50.106386337429285" lon="8.678953628987074">
        <ele>87.0</ele>
        <time>2026-09-23T07:43:25Z</time>
        <extensions>
          <gpxtpx:TrackPointExtension>
            <gpxtpx:hr>143</gpxtpx:hr>
          </gpxtpx:TrackPointExtension>
        </extensions>
      </trkpt>
      <trkpt lat="50.10634015314281" lon="8.67882588878274">
        <ele>87.0</ele>
        <time>2026-09-23T07:43:28Z</time>
        <extensions>
          <gpxtpx:TrackPointExtension>
            <gpxtpx:hr>144</gpxtpx:hr>
          </gpxtpx:TrackPointExtension>
        </extensions>
      </trkpt>
      <trkpt lat="50.10629120282829" lon="8.678701585158706">
        <ele>87.0</ele>
        <time>2026-09-23T07:43:31Z</time>
        <extensions>
          <gpxtpx:TrackPointExtension>
            <gpxtpx:hr>145</gpxtpx:hr>
          </gpxtpx:TrackPointExtension>
        </extensions>
      </trkpt>
      <trkpt lat="50.10624325834215" lon="8.678583735600114">
        <ele>87.0</ele>
        <time>2026-09-23T07:43:34Z</time>
        <extensions>
          <gpxtpx:TrackPointExtension>
            <gpxtpx:hr>146</gpxtpx:hr>
          </gpxtpx:TrackPointExtension>
        </extensions>
      </trkpt>
      <trkpt lat="50.10620193555951" lon="8.678458174690604">
        <ele>87.0</ele>
        <time>2026-09-23T07:43:37Z</time>
        <extensions>
          <gpxtpx:TrackPointExtension>
            <gpxtpx:hr>147</gpxtpx:hr>
          </gpxtpx:TrackPointExtension>
        </extensions>
      </trkpt>
      <trkpt lat="50.10615943931043" lon="8.678336972370744">
        <ele>87.0</ele>
        <time>2026-09-23T07:43:40Z</time>
        <extensions>
          <gpxtpx:TrackPointExtension>
            <gpxtpx:hr>148</gpxtpx:hr>
          </gpxtpx:TrackPointExtension>
        </extensions>
      </trkpt>
      <trkpt lat="50.10611384175718" lon="8.67822834290564">
        <ele>88.0</ele>
        <time>2026-09-23T07:43:43Z</time>
        <extensions>
          <gpxtpx:TrackPointExtension>
            <gpxtpx:hr>149</gpxtpx:hr>
          </gpxtpx:TrackPointExtension>
        </extensions>
      </trkpt>
      <trkpt lat="50.106063885614276" lon="8.678113343194127">
        <ele>88.0</ele>
        <time>2026-09-23T07:43:46Z</time>
        <extensions>
          <gpxtpx:TrackPointExtension>
            <gpxtpx:hr>149</gpxtpx:hr>
          </gpxtpx:TrackPointExtension>
        </extensions>
      </trkpt>
      <trkpt lat="50.10601074434817" lon="8.677983926609159">
        <ele>88.0</ele>
        <time>2026-09-23T07:43:49Z</time>
        <extensions>
          <gpxtpx:TrackPointExtension>
            <gpxtpx:hr>150</gpxtpx:hr>
          </gpxtpx:TrackPointExtension>
        </extensions>
      </trkpt>
      <trkpt lat="50.105961207300425" lon="8.677849983796477">
        <ele>88.0</ele>
        <time>2026-09-23T07:43:52Z</time>
        <extensions>
          <gpxtpx:TrackPointExtension>
            <gpxtpx:hr>150</gpxtpx:hr>
          </gpxtpx:TrackPointExtension>
        </extensions>
      </trkpt>
      <trkpt lat="50.1059159450233" lon="8.677731966599822">
        <ele>88.0</ele>
        <time>2026-09-23T07:43:55Z</time>
        <extensions>
          <gpxtpx:TrackPointExtension>
            <gpxtpx:hr>152</gpxtpx:hr>
          </gpxtpx:TrackPointExtension>
        </extensions>
      </trkpt>
      <trkpt lat="50.105880573391914" lon="8.677634987980127">
        <ele>88.0</ele>
        <time>2026-09-23T07:43:58Z</time>
        <extensions>
          <gpxtpx:TrackPointExtension>
            <gpxtpx:hr>153</gpxtpx:hr>
          </gpxtpx:TrackPointExtension>
        </extensions>
      </trkpt>
      <trkpt lat="50.10585987009108" lon="8.677535830065608">
        <ele>88.0</ele>
        <time>2026-09-23T07:44:01Z</time>
        <extensions>
          <gpxtpx:TrackPointExtension>
            <gpxtpx:hr>153</gpxtpx:hr>
          </gpxtpx:TrackPointExtension>
        </extensions>
      </trkpt>
      <trkpt lat="50.10582114569843" lon="8.677433989942074">
        <ele>87.0</ele>
        <time>2026-09-23T07:44:04Z</time>
        <extensions>
          <gpxtpx:TrackPointExtension>
            <gpxtpx:hr>153</gpxtpx:hr>
          </gpxtpx:TrackPointExtension>
        </extensions>
      </trkpt>
      <trkpt lat="50.10576096363366" lon="8.677337765693665">
        <ele>87.0</ele>
        <time>2026-09-23T07:44:07Z</time>
        <extensions>
          <gpxtpx:TrackPointExtension>
            <gpxtpx:hr>155</gpxtpx:hr>
          </gpxtpx:TrackPointExtension>
        </extensions>
      </trkpt>
      <trkpt lat="50.105699272826314" lon="8.677242044359446">
        <ele>87.0</ele>
        <time>2026-09-23T07:44:10Z</time>
        <extensions>
          <gpxtpx:TrackPointExtension>
            <gpxtpx:hr>155</gpxtpx:hr>
          </gpxtpx:TrackPointExtension>
        </extensions>
      </trkpt>
      <trkpt lat="50.105651412159204" lon="8.677134839817882">
        <ele>87.0</ele>
        <time>2026-09-23T07:44:13Z</time>
        <extensions>
          <gpxtpx:TrackPointExtension>
            <gpxtpx:hr>156</gpxtpx:hr>
          </gpxtpx:TrackPointExtension>
        </extensions>
      </trkpt>
      <trkpt lat="50.10560573078692" lon="8.677014727145433">
        <ele>87.0</ele>
        <time>2026-09-23T07:44:16Z</time>
        <extensions>
          <gpxtpx:TrackPointExtension>
            <gpxtpx:hr>157</gpxtpx:hr>
          </gpxtpx:TrackPointExtension>
        </extensions>
      </trkpt>
      <trkpt lat="50.10555627755821" lon="8.676878940314054">
        <ele>88.0</ele>
        <time>2026-09-23T07:44:19Z</time>
        <extensions>
          <gpxtpx:TrackPointExtension>
            <gpxtpx:hr>157</gpxtpx:hr>
          </gpxtpx:TrackPointExtension>
        </extensions>
      </trkpt>
      <trkpt lat="50.105503890663385" lon="8.676724461838603">
        <ele>88.0</ele>
        <time>2026-09-23T07:44:22Z</time>
        <extensions>
          <gpxtpx:TrackPointExtension>
            <gpxtpx:hr>157</gpxtpx:hr>
          </gpxtpx:TrackPointExtension>
        </extensions>
      </trkpt>
      <trkpt lat="50.10545376688242" lon="8.676585908979177">
        <ele>88.0</ele>
        <time>2026-09-23T07:44:25Z</time>
        <extensions>
          <gpxtpx:TrackPointExtension>
            <gpxtpx:hr>157</gpxtpx:hr>
          </gpxtpx:TrackPointExtension>
        </extensions>
      </trkpt>
      <trkpt lat="50.10540330782533" lon="8.67646244354546">
        <ele>88.0</ele>
        <time>2026-09-23T07:44:28Z</time>
        <extensions>
          <gpxtpx:TrackPointExtension>
            <gpxtpx:hr>157</gpxtpx:hr>
          </gpxtpx:TrackPointExtension>
        </extensions>
      </trkpt>
      <trkpt lat="50.10534564033151" lon="8.676344426348805">
        <ele>88.0</ele>
        <time>2026-09-23T07:44:31Z</time>
        <extensions>
          <gpxtpx:TrackPointExtension>
            <gpxtpx:hr>157</gpxtpx:hr>
          </gpxtpx:TrackPointExtension>
        </extensions>
      </trkpt>
      <trkpt lat="50.10528470389545" lon="8.676228169351816">
        <ele>88.0</ele>
        <time>2026-09-23T07:44:34Z</time>
        <extensions>
          <gpxtpx:TrackPointExtension>
            <gpxtpx:hr>158</gpxtpx:hr>
          </gpxtpx:TrackPointExtension>
        </extensions>
      </trkpt>
      <trkpt lat="50.10522603057325" lon="8.67611057125032">
        <ele>88.0</ele>
        <time>2026-09-23T07:44:37Z</time>
        <extensions>
          <gpxtpx:TrackPointExtension>
            <gpxtpx:hr>158</gpxtpx:hr>
          </gpxtpx:TrackPointExtension>
        </extensions>
      </trkpt>
      <trkpt lat="50.10516710579395" lon="8.675989788025618">
        <ele>88.0</ele>
        <time>2026-09-23T07:44:40Z</time>
        <extensions>
          <gpxtpx:TrackPointExtension>
            <gpxtpx:hr>160</gpxtpx:hr>
          </gpxtpx:TrackPointExtension>
        </extensions>
      </trkpt>
      <trkpt lat="50.10511631146073" lon="8.675863640382886">
        <ele>88.0</ele>
        <time>2026-09-23T07:44:43Z</time>
        <extensions>
          <gpxtpx:TrackPointExtension>
            <gpxtpx:hr>161</gpxtpx:hr>
          </gpxtpx:TrackPointExtension>
        </extensions>
      </trkpt>
      <trkpt lat="50.10506476275623" lon="8.675733469426632">
        <ele>88.0</ele>
        <time>2026-09-23T07:44:46Z</time>
        <extensions>
          <gpxtpx:TrackPointExtension>
            <gpxtpx:hr>162</gpxtpx:hr>
          </gpxtpx:TrackPointExtension>
        </extensions>
      </trkpt>
      <trkpt lat="50.10501396842301" lon="8.675599275156856">
        <ele>88.0</ele>
        <time>2026-09-23T07:44:49Z</time>
        <extensions>
          <gpxtpx:TrackPointExtension>
            <gpxtpx:hr>163</gpxtpx:hr>
          </gpxtpx:TrackPointExtension>
        </extensions>
      </trkpt>
      <trkpt lat="50.10496325790882" lon="8.675468768924475">
        <ele>88.0</ele>
        <time>2026-09-23T07:44:52Z</time>
        <extensions>
          <gpxtpx:TrackPointExtension>
            <gpxtpx:hr>163</gpxtpx:hr>
          </gpxtpx:TrackPointExtension>
        </extensions>
      </trkpt>
      <trkpt lat="50.10491229593754" lon="8.675342202186584">
        <ele>88.0</ele>
        <time>2026-09-23T07:44:55Z</time>
        <extensions>
          <gpxtpx:TrackPointExtension>
            <gpxtpx:hr>164</gpxtpx:hr>
          </gpxtpx:TrackPointExtension>
        </extensions>
      </trkpt>
      <trkpt lat="50.10486493818462" lon="8.675213707610965">
        <ele>88.0</ele>
        <time>2026-09-23T07:44:58Z</time>
        <extensions>
          <gpxtpx:TrackPointExtension>
            <gpxtpx:hr>164</gpxtpx:hr>
          </gpxtpx:TrackPointExtension>
        </extensions>
      </trkpt>
      <trkpt lat="50.104813976213336" lon="8.675096109509468">
        <ele>88.0</ele>
        <time>2026-09-23T07:45:01Z</time>
        <extensions>
          <gpxtpx:TrackPointExtension>
            <gpxtpx:hr>164</gpxtpx:hr>
          </gpxtpx:TrackPointExtension>
        </extensions>
      </trkpt>
      <trkpt lat="50.10475840419531" lon="8.674982702359557">
        <ele>88.0</ele>
        <time>2026-09-23T07:45:04Z</time>
        <extensions>
          <gpxtpx:TrackPointExtension>
            <gpxtpx:hr>164</gpxtpx:hr>
          </gpxtpx:TrackPointExtension>
        </extensions>
      </trkpt>
      <trkpt lat="50.10470953769982" lon="8.67486015893519">
        <ele>88.0</ele>
        <time>2026-09-23T07:45:07Z</time>
        <extensions>
          <gpxtpx:TrackPointExtension>
            <gpxtpx:hr>164</gpxtpx:hr>
          </gpxtpx:TrackPointExtension>
        </extensions>
      </trkpt>
      <trkpt lat="50.10466025210917" lon="8.6747370287776">
        <ele>88.0</ele>
        <time>2026-09-23T07:45:10Z</time>
        <extensions>
          <gpxtpx:TrackPointExtension>
            <gpxtpx:hr>163</gpxtpx:hr>
          </gpxtpx:TrackPointExtension>
        </extensions>
      </trkpt>
      <trkpt lat="50.10460996069014" lon="8.674621693789959">
        <ele>88.0</ele>
        <time>2026-09-23T07:45:13Z</time>
        <extensions>
          <gpxtpx:TrackPointExtension>
            <gpxtpx:hr>164</gpxtpx:hr>
          </gpxtpx:TrackPointExtension>
        </extensions>
      </trkpt>
      <trkpt lat="50.10455665178597" lon="8.67450694553554">
        <ele>88.0</ele>
        <time>2026-09-23T07:45:16Z</time>
        <extensions>
          <gpxtpx:TrackPointExtension>
            <gpxtpx:hr>164</gpxtpx:hr>
          </gpxtpx:TrackPointExtension>
        </extensions>
      </trkpt>
      <trkpt lat="50.10450040921569" lon="8.67439353838563">
        <ele>88.0</ele>
        <time>2026-09-23T07:45:19Z</time>
        <extensions>
          <gpxtpx:TrackPointExtension>
            <gpxtpx:hr>164</gpxtpx:hr>
          </gpxtpx:TrackPointExtension>
        </extensions>
      </trkpt>
      <trkpt lat="50.104442071169615" lon="8.674284238368273">
        <ele>88.0</ele>
        <time>2026-09-23T07:45:22Z</time>
        <extensions>
          <gpxtpx:TrackPointExtension>
            <gpxtpx:hr>165</gpxtpx:hr>
          </gpxtpx:TrackPointExtension>
        </extensions>
      </trkpt>
      <trkpt lat="50.104386331513524" lon="8.674184745177627">
        <ele>88.0</ele>
        <time>2026-09-23T07:45:25Z</time>
        <extensions>
          <gpxtpx:TrackPointExtension>
            <gpxtpx:hr>164</gpxtpx:hr>
          </gpxtpx:TrackPointExtension>
        </extensions>
      </trkpt>
      <trkpt lat="50.104332603514194" lon="8.674081396311522">
        <ele>88.0</ele>
        <time>2026-09-23T07:45:28Z</time>
        <extensions>
          <gpxtpx:TrackPointExtension>
            <gpxtpx:hr>164</gpxtpx:hr>
          </gpxtpx:TrackPointExtension>
        </extensions>
      </trkpt>
      <trkpt lat="50.10428415611386" lon="8.673966061323881">
        <ele>88.0</ele>
        <time>2026-09-23T07:45:31Z</time>
        <extensions>
          <gpxtpx:TrackPointExtension>
            <gpxtpx:hr>164</gpxtpx:hr>
          </gpxtpx:TrackPointExtension>
        </extensions>
      </trkpt>
      <trkpt lat="50.104242665693164" lon="8.673834130167961">
        <ele>88.0</ele>
        <time>2026-09-23T07:45:34Z</time>
        <extensions>
          <gpxtpx:TrackPointExtension>
            <gpxtpx:hr>165</gpxtpx:hr>
          </gpxtpx:TrackPointExtension>
        </extensions>
      </trkpt>
      <trkpt lat="50.104201678186655" lon="8.673707731068134">
        <ele>88.0</ele>
        <time>2026-09-23T07:45:37Z</time>
        <extensions>
          <gpxtpx:TrackPointExtension>
            <gpxtpx:hr>165</gpxtpx:hr>
          </gpxtpx:TrackPointExtension>
        </extensions>
      </trkpt>
      <trkpt lat="50.10415054857731" lon="8.673588456586003">
        <ele>88.0</ele>
        <time>2026-09-23T07:45:40Z</time>
        <extensions>
          <gpxtpx:TrackPointExtension>
            <gpxtpx:hr>166</gpxtpx:hr>
          </gpxtpx:TrackPointExtension>
        </extensions>
      </trkpt>
      <trkpt lat="50.104094641283154" lon="8.673480497673154">
        <ele>88.0</ele>
        <time>2026-09-23T07:45:43Z</time>
        <extensions>
          <gpxtpx:TrackPointExtension>
            <gpxtpx:hr>165</gpxtpx:hr>
          </gpxtpx:TrackPointExtension>
        </extensions>
      </trkpt>
      <trkpt lat="50.104039991274476" lon="8.673367761075497">
        <ele>88.0</ele>
        <time>2026-09-23T07:45:46Z</time>
        <extensions>
          <gpxtpx:TrackPointExtension>
            <gpxtpx:hr>165</gpxtpx:hr>
          </gpxtpx:TrackPointExtension>
        </extensions>
      </trkpt>
      <trkpt lat="50.103979306295514" lon="8.67325552739203">
        <ele>88.0</ele>
        <time>2026-09-23T07:45:49Z</time>
        <extensions>
          <gpxtpx:TrackPointExtension>
            <gpxtpx:hr>165</gpxtpx:hr>
          </gpxtpx:TrackPointExtension>
        </extensions>
      </trkpt>
      <trkpt lat="50.10391216725111" lon="8.673143796622753">
        <ele>88.0</ele>
        <time>2026-09-23T07:45:52Z</time>
        <extensions>
          <gpxtpx:TrackPointExtension>
            <gpxtpx:hr>165</gpxtpx:hr>
          </gpxtpx:TrackPointExtension>
        </extensions>
      </trkpt>
      <trkpt lat="50.103844944387674" lon="8.673035083338618">
        <ele>88.0</ele>
        <time>2026-09-23T07:45:55Z</time>
        <extensions>
          <gpxtpx:TrackPointExtension>
            <gpxtpx:hr>165</gpxtpx:hr>
          </gpxtpx:TrackPointExtension>
        </extensions>
      </trkpt>
      <trkpt lat="50.10378367267549" lon="8.672927543520927">
        <ele>88.0</ele>
        <time>2026-09-23T07:45:58Z</time>
        <extensions>
          <gpxtpx:TrackPointExtension>
            <gpxtpx:hr>164</gpxtpx:hr>
          </gpxtpx:TrackPointExtension>
        </extensions>
      </trkpt>
      <trkpt lat="50.10372064076364" lon="8.672825368121266">
        <ele>88.0</ele>
        <time>2026-09-23T07:46:01Z</time>
        <extensions>
          <gpxtpx:TrackPointExtension>
            <gpxtpx:hr>165</gpxtpx:hr>
          </gpxtpx:TrackPointExtension>
        </extensions>
      </trkpt>
      <trkpt lat="50.10365325026214" lon="8.672721600160003">
        <ele>88.0</ele>
        <time>2026-09-23T07:46:04Z</time>
        <extensions>
          <gpxtpx:TrackPointExtension>
            <gpxtpx:hr>165</gpxtpx:hr>
          </gpxtpx:TrackPointExtension>
        </extensions>
      </trkpt>
      <trkpt lat="50.10356901213527" lon="8.672635601833463">
        <ele>88.0</ele>
        <time>2026-09-23T07:46:07Z</time>
        <extensions>
          <gpxtpx:TrackPointExtension>
            <gpxtpx:hr>165</gpxtpx:hr>
          </gpxtpx:TrackPointExtension>
        </extensions>
      </trkpt>
      <trkpt lat="50.10348854586482" lon="8.672556476667523">
        <ele>88.0</ele>
        <time>2026-09-23T07:46:10Z</time>
        <extensions>
          <gpxtpx:TrackPointExtension>
            <gpxtpx:hr>165</gpxtpx:hr>
          </gpxtpx:TrackPointExtension>
        </extensions>
      </trkpt>
      <trkpt lat="50.10341377928853" lon="8.672486236318946">
        <ele>88.0</ele>
        <time>2026-09-23T07:46:13Z</time>
        <extensions>
          <gpxtpx:TrackPointExtension>
            <gpxtpx:hr>165</gpxtpx:hr>
          </gpxtpx:TrackPointExtension>
        </extensions>
      </trkpt>
      <trkpt lat="50.103342700749636" lon="8.672395292669535">
        <ele>88.0</ele>
        <time>2026-09-23T07:46:16Z</time>
        <extensions>
          <gpxtpx:TrackPointExtension>
            <gpxtpx:hr>165</gpxtpx:hr>
          </gpxtpx:TrackPointExtension>
        </extensions>
      </trkpt>
      <trkpt lat="50.10327497497201" lon="8.672282472252846">
        <ele>88.0</ele>
        <time>2026-09-23T07:46:19Z</time>
        <extensions>
          <gpxtpx:TrackPointExtension>
            <gpxtpx:hr>166</gpxtpx:hr>
          </gpxtpx:TrackPointExtension>
        </extensions>
      </trkpt>
      <trkpt lat="50.10321144014597" lon="8.672163533046842">
        <ele>88.0</ele>
        <time>2026-09-23T07:46:22Z</time>
        <extensions>
          <gpxtpx:TrackPointExtension>
            <gpxtpx:hr>166</gpxtpx:hr>
          </gpxtpx:TrackPointExtension>
        </extensions>
      </trkpt>
      <trkpt lat="50.10315427556634" lon="8.672049371525645">
        <ele>88.0</ele>
        <time>2026-09-23T07:46:25Z</time>
        <extensions>
          <gpxtpx:TrackPointExtension>
            <gpxtpx:hr>165</gpxtpx:hr>
          </gpxtpx:TrackPointExtension>
        </extensions>
      </trkpt>
      <trkpt lat="50.10310339741409" lon="8.671935377642512">
        <ele>88.0</ele>
        <time>2026-09-23T07:46:28Z</time>
        <extensions>
          <gpxtpx:TrackPointExtension>
            <gpxtpx:hr>165</gpxtpx:hr>
          </gpxtpx:TrackPointExtension>
        </extensions>
      </trkpt>
      <trkpt lat="50.10305168107152" lon="8.671822138130665">
        <ele>88.0</ele>
        <time>2026-09-23T07:46:31Z</time>
        <extensions>
          <gpxtpx:TrackPointExtension>
            <gpxtpx:hr>166</gpxtpx:hr>
          </gpxtpx:TrackPointExtension>
        </extensions>
      </trkpt>
      <trkpt lat="50.103000132367015" lon="8.671717280521989">
        <ele>88.0</ele>
        <time>2026-09-23T07:46:34Z</time>
        <extensions>
          <gpxtpx:TrackPointExtension>
            <gpxtpx:hr>166</gpxtpx:hr>
          </gpxtpx:TrackPointExtension>
        </extensions>
      </trkpt>
      <trkpt lat="50.10295998305082" lon="8.671615943312645">
        <ele>88.0</ele>
        <time>2026-09-23T07:46:37Z</time>
        <extensions>
          <gpxtpx:TrackPointExtension>
            <gpxtpx:hr>166</gpxtpx:hr>
          </gpxtpx:TrackPointExtension>
        </extensions>
      </trkpt>
      <trkpt lat="50.102921510115266" lon="8.671515192836523">
        <ele>88.0</ele>
        <time>2026-09-23T07:46:40Z</time>
        <extensions>
          <gpxtpx:TrackPointExtension>
            <gpxtpx:hr>166</gpxtpx:hr>
          </gpxtpx:TrackPointExtension>
        </extensions>
      </trkpt>
      <trkpt lat="50.102865770459175" lon="8.671425674110651">
        <ele>88.0</ele>
        <time>2026-09-23T07:46:43Z</time>
        <extensions>
          <gpxtpx:TrackPointExtension>
            <gpxtpx:hr>166</gpxtpx:hr>
          </gpxtpx:TrackPointExtension>
        </extensions>
      </trkpt>
      <trkpt lat="50.102802235633135" lon="8.671327102929354">
        <ele>88.0</ele>
        <time>2026-09-23T07:46:46Z</time>
        <extensions>
          <gpxtpx:TrackPointExtension>
            <gpxtpx:hr>166</gpxtpx:hr>
          </gpxtpx:TrackPointExtension>
        </extensions>
      </trkpt>
      <trkpt lat="50.102738784626126" lon="8.671224508434534">
        <ele>88.0</ele>
        <time>2026-09-23T07:46:49Z</time>
        <extensions>
          <gpxtpx:TrackPointExtension>
            <gpxtpx:hr>165</gpxtpx:hr>
          </gpxtpx:TrackPointExtension>
        </extensions>
      </trkpt>
      <trkpt lat="50.1026607491076" lon="8.671139348298311">
        <ele>88.0</ele>
        <time>2026-09-23T07:46:52Z</time>
        <extensions>
          <gpxtpx:TrackPointExtension>
            <gpxtpx:hr>165</gpxtpx:hr>
          </gpxtpx:TrackPointExtension>
        </extensions>
      </trkpt>
      <trkpt lat="50.10258154012263" lon="8.671065168455243">
        <ele>88.0</ele>
        <time>2026-09-23T07:46:55Z</time>
        <extensions>
          <gpxtpx:TrackPointExtension>
            <gpxtpx:hr>165</gpxtpx:hr>
          </gpxtpx:TrackPointExtension>
        </extensions>
      </trkpt>
      <trkpt lat="50.102513898164034" lon="8.670990150421858">
        <ele>88.0</ele>
        <time>2026-09-23T07:46:58Z</time>
        <extensions>
          <gpxtpx:TrackPointExtension>
            <gpxtpx:hr>165</gpxtpx:hr>
          </gpxtpx:TrackPointExtension>
        </extensions>
      </trkpt>
      <trkpt lat="50.102443071082234" lon="8.67091597057879">
        <ele>88.0</ele>
        <time>2026-09-23T07:47:01Z</time>
        <extensions>
          <gpxtpx:TrackPointExtension>
            <gpxtpx:hr>165</gpxtpx:hr>
          </gpxtpx:TrackPointExtension>
        </extensions>
      </trkpt>
      <trkpt lat="50.10236176662147" lon="8.670847490429878">
        <ele>88.0</ele>
        <time>2026-09-23T07:47:04Z</time>
        <extensions>
          <gpxtpx:TrackPointExtension>
            <gpxtpx:hr>164</gpxtpx:hr>
          </gpxtpx:TrackPointExtension>
        </extensions>
      </trkpt>
      <trkpt lat="50.10228700004518" lon="8.670770041644573">
        <ele>88.0</ele>
        <time>2026-09-23T07:47:07Z</time>
        <extensions>
          <gpxtpx:TrackPointExtension>
            <gpxtpx:hr>164</gpxtpx:hr>
          </gpxtpx:TrackPointExtension>
        </extensions>
      </trkpt>
      <trkpt lat="50.10221810080111" lon="8.670686557888985">
        <ele>88.0</ele>
        <time>2026-09-23T07:47:10Z</time>
        <extensions>
          <gpxtpx:TrackPointExtension>
            <gpxtpx:hr>164</gpxtpx:hr>
          </gpxtpx:TrackPointExtension>
        </extensions>
      </trkpt>
      <trkpt lat="50.102146435528994" lon="8.670606091618538">
        <ele>88.0</ele>
        <time>2026-09-23T07:47:13Z</time>
        <extensions>
          <gpxtpx:TrackPointExtension>
            <gpxtpx:hr>164</gpxtpx:hr>
          </gpxtpx:TrackPointExtension>
        </extensions>
      </trkpt>
      <trkpt lat="50.10208306834102" lon="8.670524032786489">
        <ele>88.0</ele>
        <time>2026-09-23T07:47:16Z</time>
        <extensions>
          <gpxtpx:TrackPointExtension>
            <gpxtpx:hr>163</gpxtpx:hr>
          </gpxtpx:TrackPointExtension>
        </extensions>
      </trkpt>
      <trkpt lat="50.10203126817942" lon="8.67044490762055">
        <ele>88.0</ele>
        <time>2026-09-23T07:47:19Z</time>
        <extensions>
          <gpxtpx:TrackPointExtension>
            <gpxtpx:hr>164</gpxtpx:hr>
          </gpxtpx:TrackPointExtension>
        </extensions>
      </trkpt>
      <trkpt lat="50.10198743082583" lon="8.6703818757087">
        <ele>88.0</ele>
        <time>2026-09-23T07:47:22Z</time>
        <extensions>
          <gpxtpx:TrackPointExtension>
            <gpxtpx:hr>163</gpxtpx:hr>
          </gpxtpx:TrackPointExtension>
        </extensions>
      </trkpt>
      <trkpt lat="50.101944766938686" lon="8.670326052233577">
        <ele>88.0</ele>
        <time>2026-09-23T07:47:25Z</time>
        <extensions>
          <gpxtpx:TrackPointExtension>
            <gpxtpx:hr>163</gpxtpx:hr>
          </gpxtpx:TrackPointExtension>
        </extensions>
      </trkpt>
      <trkpt lat="50.10189816355705" lon="8.670271150767803">
        <ele>88.0</ele>
        <time>2026-09-23T07:47:28Z</time>
        <extensions>
          <gpxtpx:TrackPointExtension>
            <gpxtpx:hr>163</gpxtpx:hr>
          </gpxtpx:TrackPointExtension>
        </extensions>
      </trkpt>
      <trkpt lat="50.1018525660038" lon="8.670217003673315">
        <ele>88.0</ele>
        <time>2026-09-23T07:47:31Z</time>
        <extensions>
          <gpxtpx:TrackPointExtension>
            <gpxtpx:hr>162</gpxtpx:hr>
          </gpxtpx:TrackPointExtension>
        </extensions>
      </trkpt>
      <trkpt lat="50.101809902116656" lon="8.670153468847275">
        <ele>88.0</ele>
        <time>2026-09-23T07:47:34Z</time>
        <extensions>
          <gpxtpx:TrackPointExtension>
            <gpxtpx:hr>162</gpxtpx:hr>
          </gpxtpx:TrackPointExtension>
        </extensions>
      </trkpt>
      <trkpt lat="50.10177151300013" lon="8.670084401965141">
        <ele>88.0</ele>
        <time>2026-09-23T07:47:37Z</time>
        <extensions>
          <gpxtpx:TrackPointExtension>
            <gpxtpx:hr>161</gpxtpx:hr>
          </gpxtpx:TrackPointExtension>
        </extensions>
      </trkpt>
      <trkpt lat="50.101735051721334" lon="8.670019945129752">
        <ele>88.0</ele>
        <time>2026-09-23T07:47:40Z</time>
        <extensions>
          <gpxtpx:TrackPointExtension>
            <gpxtpx:hr>160</gpxtpx:hr>
          </gpxtpx:TrackPointExtension>
        </extensions>
      </trkpt>
      <trkpt lat="50.10168149136007" lon="8.669981891289353">
        <ele>88.0</ele>
        <time>2026-09-23T07:47:43Z</time>
        <extensions>
          <gpxtpx:TrackPointExtension>
            <gpxtpx:hr>159</gpxtpx:hr>
          </gpxtpx:TrackPointExtension>
        </extensions>
      </trkpt>
      <trkpt lat="50.10161560960114" lon="8.669939897954464">
        <ele>88.0</ele>
        <time>2026-09-23T07:47:46Z</time>
        <extensions>
          <gpxtpx:TrackPointExtension>
            <gpxtpx:hr>158</gpxtpx:hr>
          </gpxtpx:TrackPointExtension>
        </extensions>
      </trkpt>
      <trkpt lat="50.10155986994505" lon="8.66988055408001">
        <ele>88.0</ele>
        <time>2026-09-23T07:47:49Z</time>
        <extensions>
          <gpxtpx:TrackPointExtension>
            <gpxtpx:hr>157</gpxtpx:hr>
          </gpxtpx:TrackPointExtension>
        </extensions>
      </trkpt>
      <trkpt lat="50.10151552967727" lon="8.669805955141783">
        <ele>88.0</ele>
        <time>2026-09-23T07:47:52Z</time>
        <extensions>
          <gpxtpx:TrackPointExtension>
            <gpxtpx:hr>157</gpxtpx:hr>
          </gpxtpx:TrackPointExtension>
        </extensions>
      </trkpt>
      <trkpt lat="50.10147680528462" lon="8.669735882431269">
        <ele>88.0</ele>
        <time>2026-09-23T07:47:55Z</time>
        <extensions>
          <gpxtpx:TrackPointExtension>
            <gpxtpx:hr>155</gpxtpx:hr>
          </gpxtpx:TrackPointExtension>
        </extensions>
      </trkpt>
      <trkpt lat="50.10144788771868" lon="8.669654745608568">
        <ele>88.0</ele>
        <time>2026-09-23T07:47:58Z</time>
        <extensions>
          <gpxtpx:TrackPointExtension>
            <gpxtpx:hr>154</gpxtpx:hr>
          </gpxtpx:TrackPointExtension>
        </extensions>
      </trkpt>
      <trkpt lat="50.101412599906325" lon="8.6695736926049">
        <ele>88.0</ele>
        <time>2026-09-23T07:48:01Z</time>
        <extensions>
          <gpxtpx:TrackPointExtension>
            <gpxtpx:hr>153</gpxtpx:hr>
          </gpxtpx:TrackPointExtension>
        </extensions>
      </trkpt>
      <trkpt lat="50.10137328878045" lon="8.669501775875688">
        <ele>88.0</ele>
        <time>2026-09-23T07:48:04Z</time>
        <extensions>
          <gpxtpx:TrackPointExtension>
            <gpxtpx:hr>151</gpxtpx:hr>
          </gpxtpx:TrackPointExtension>
        </extensions>
      </trkpt>
      <trkpt lat="50.10133414529264" lon="8.669431870803237">
        <ele>88.0</ele>
        <time>2026-09-23T07:48:07Z</time>
        <extensions>
          <gpxtpx:TrackPointExtension>
            <gpxtpx:hr>149</gpxtpx:hr>
          </gpxtpx:TrackPointExtension>
        </extensions>
      </trkpt>
      <trkpt lat="50.10129743255675" lon="8.669345788657665">
        <ele>88.0</ele>
        <time>2026-09-23T07:48:10Z</time>
        <extensions>
          <gpxtpx:TrackPointExtension>
            <gpxtpx:hr>149</gpxtpx:hr>
          </gpxtpx:TrackPointExtension>
        </extensions>
      </trkpt>
      <trkpt lat="50.10126424022019" lon="8.669254174456">
        <ele>88.0</ele>
        <time>2026-09-23T07:48:13Z</time>
        <extensions>
          <gpxtpx:TrackPointExtension>
            <gpxtpx:hr>149</gpxtpx:hr>
          </gpxtpx:TrackPointExtension>
        </extensions>
      </trkpt>
      <trkpt lat="50.1012359932065" lon="8.669162727892399">
        <ele>88.0</ele>
        <time>2026-09-23T07:48:16Z</time>
        <extensions>
          <gpxtpx:TrackPointExtension>
            <gpxtpx:hr>148</gpxtpx:hr>
          </gpxtpx:TrackPointExtension>
        </extensions>
      </trkpt>
      <trkpt lat="50.101202968508005" lon="8.669078070670366">
        <ele>88.0</ele>
        <time>2026-09-23T07:48:19Z</time>
        <extensions>
          <gpxtpx:TrackPointExtension>
            <gpxtpx:hr>148</gpxtpx:hr>
          </gpxtpx:TrackPointExtension>
        </extensions>
      </trkpt>
      <trkpt lat="50.10116608813405" lon="8.669002884998918">
        <ele>88.0</ele>
        <time>2026-09-23T07:48:22Z</time>
        <extensions>
          <gpxtpx:TrackPointExtension>
            <gpxtpx:hr>147</gpxtpx:hr>
          </gpxtpx:TrackPointExtension>
        </extensions>
      </trkpt>
      <trkpt lat="50.101133566349745" lon="8.66892526857555">
        <ele>88.0</ele>
        <time>2026-09-23T07:48:25Z</time>
        <extensions>
          <gpxtpx:TrackPointExtension>
            <gpxtpx:hr>147</gpxtpx:hr>
          </gpxtpx:TrackPointExtension>
        </extensions>
      </trkpt>
      <trkpt lat="50.101101296022534" lon="8.668842371553183">
        <ele>88.0</ele>
        <time>2026-09-23T07:48:28Z</time>
        <extensions>
          <gpxtpx:TrackPointExtension>
            <gpxtpx:hr>146</gpxtpx:hr>
          </gpxtpx:TrackPointExtension>
        </extensions>
      </trkpt>
      <trkpt lat="50.10106257162988" lon="8.668760731816292">
        <ele>88.0</ele>
        <time>2026-09-23T07:48:31Z</time>
        <extensions>
          <gpxtpx:TrackPointExtension>
            <gpxtpx:hr>146</gpxtpx:hr>
          </gpxtpx:TrackPointExtension>
        </extensions>
      </trkpt>
      <trkpt lat="50.10101940482855" lon="8.668694850057364">
        <ele>88.0</ele>
        <time>2026-09-23T07:48:34Z</time>
        <extensions>
          <gpxtpx:TrackPointExtension>
            <gpxtpx:hr>146</gpxtpx:hr>
          </gpxtpx:TrackPointExtension>
        </extensions>
      </trkpt>
      <trkpt lat="50.100971795618534" lon="8.668648162856698">
        <ele>87.0</ele>
        <time>2026-09-23T07:48:37Z</time>
        <extensions>
          <gpxtpx:TrackPointExtension>
            <gpxtpx:hr>146</gpxtpx:hr>
          </gpxtpx:TrackPointExtension>
        </extensions>
      </trkpt>
      <trkpt lat="50.100930305197835" lon="8.668601727113128">
        <ele>87.0</ele>
        <time>2026-09-23T07:48:40Z</time>
        <extensions>
          <gpxtpx:TrackPointExtension>
            <gpxtpx:hr>145</gpxtpx:hr>
          </gpxtpx:TrackPointExtension>
        </extensions>
      </trkpt>
      <trkpt lat="50.100892251357436" lon="8.668542802333832">
        <ele>87.0</ele>
        <time>2026-09-23T07:48:43Z</time>
        <extensions>
          <gpxtpx:TrackPointExtension>
            <gpxtpx:hr>144</gpxtpx:hr>
          </gpxtpx:TrackPointExtension>
        </extensions>
      </trkpt>
      <trkpt lat="50.100851180031896" lon="8.668473483994603">
        <ele>87.0</ele>
        <time>2026-09-23T07:48:46Z</time>
        <extensions>
          <gpxtpx:TrackPointExtension>
            <gpxtpx:hr>143</gpxtpx:hr>
          </gpxtpx:TrackPointExtension>
        </extensions>
      </trkpt>
      <trkpt lat="50.100800804793835" lon="8.668402070179582">
        <ele>87.0</ele>
        <time>2026-09-23T07:48:49Z</time>
        <extensions>
          <gpxtpx:TrackPointExtension>
            <gpxtpx:hr>142</gpxtpx:hr>
          </gpxtpx:TrackPointExtension>
        </extensions>
      </trkpt>
      <trkpt lat="50.100741712376475" lon="8.66834037937224">
        <ele>87.0</ele>
        <time>2026-09-23T07:48:52Z</time>
        <extensions>
          <gpxtpx:TrackPointExtension>
            <gpxtpx:hr>141</gpxtpx:hr>
          </gpxtpx:TrackPointExtension>
        </extensions>
      </trkpt>
      <trkpt lat="50.10068664327264" lon="8.668276593089104">
        <ele>87.0</ele>
        <time>2026-09-23T07:48:55Z</time>
        <extensions>
          <gpxtpx:TrackPointExtension>
            <gpxtpx:hr>141</gpxtpx:hr>
          </gpxtpx:TrackPointExtension>
        </extensions>
      </trkpt>
      <trkpt lat="50.10063920170069" lon="8.668198054656386">
        <ele>87.0</ele>
        <time>2026-09-23T07:48:58Z</time>
        <extensions>
          <gpxtpx:TrackPointExtension>
            <gpxtpx:hr>140</gpxtpx:hr>
          </gpxtpx:TrackPointExtension>
        </extensions>
      </trkpt>
      <trkpt lat="50.10059519670904" lon="8.668112978339195">
        <ele>87.0</ele>
        <time>2026-09-23T07:49:01Z</time>
        <extensions>
          <gpxtpx:TrackPointExtension>
            <gpxtpx:hr>139</gpxtpx:hr>
          </gpxtpx:TrackPointExtension>
        </extensions>
      </trkpt>
      <trkpt lat="50.10055529884994" lon="8.668030332773924">
        <ele>87.0</ele>
        <time>2026-09-23T07:49:04Z</time>
        <extensions>
          <gpxtpx:TrackPointExtension>
            <gpxtpx:hr>139</gpxtpx:hr>
          </gpxtpx:TrackPointExtension>
        </extensions>
      </trkpt>
      <trkpt lat="50.10051565244794" lon="8.667959086596966">
        <ele>87.0</ele>
        <time>2026-09-23T07:49:07Z</time>
        <extensions>
          <gpxtpx:TrackPointExtension>
            <gpxtpx:hr>139</gpxtpx:hr>
          </gpxtpx:TrackPointExtension>
        </extensions>
      </trkpt>
      <trkpt lat="50.10048195719719" lon="8.667907705530524">
        <ele>87.0</ele>
        <time>2026-09-23T07:49:10Z</time>
        <extensions>
          <gpxtpx:TrackPointExtension>
            <gpxtpx:hr>138</gpxtpx:hr>
          </gpxtpx:TrackPointExtension>
        </extensions>
      </trkpt>
      <trkpt lat="50.10044784285128" lon="8.66786009632051">
        <ele>87.0</ele>
        <time>2026-09-23T07:49:13Z</time>
        <extensions>
          <gpxtpx:TrackPointExtension>
            <gpxtpx:hr>138</gpxtpx:hr>
          </gpxtpx:TrackPointExtension>
        </extensions>
      </trkpt>
      <trkpt lat="50.10041297413409" lon="8.667819276452065">
        <ele>87.0</ele>
        <time>2026-09-23T07:49:16Z</time>
        <extensions>
          <gpxtpx:TrackPointExtension>
            <gpxtpx:hr>137</gpxtpx:hr>
          </gpxtpx:TrackPointExtension>
        </extensions>
      </trkpt>
      <trkpt lat="50.10037114843726" lon="8.66775850765407">
        <ele>87.0</ele>
        <time>2026-09-23T07:49:19Z</time>
        <extensions>
          <gpxtpx:TrackPointExtension>
            <gpxtpx:hr>137</gpxtpx:hr>
          </gpxtpx:TrackPointExtension>
        </extensions>
      </trkpt>
      <trkpt lat="50.10030987672508" lon="8.667676448822021">
        <ele>87.0</ele>
        <time>2026-09-23T07:49:22Z</time>
        <extensions>
          <gpxtpx:TrackPointExtension>
            <gpxtpx:hr>137</gpxtpx:hr>
          </gpxtpx:TrackPointExtension>
        </extensions>
      </trkpt>
      <trkpt lat="50.1002533826977" lon="8.667594892904162">
        <ele>87.0</ele>
        <time>2026-09-23T07:49:25Z</time>
        <extensions>
          <gpxtpx:TrackPointExtension>
            <gpxtpx:hr>138</gpxtpx:hr>
          </gpxtpx:TrackPointExtension>
        </extensions>
      </trkpt>
      <trkpt lat="50.10020216926932" lon="8.66752440109849">
        <ele>87.0</ele>
        <time>2026-09-23T07:49:28Z</time>
        <extensions>
          <gpxtpx:TrackPointExtension>
            <gpxtpx:hr>140</gpxtpx:hr>
          </gpxtpx:TrackPointExtension>
        </extensions>
      </trkpt>
      <trkpt lat="50.10014533996582" lon="8.66744527593255">
        <ele>87.0</ele>
        <time>2026-09-23T07:49:31Z</time>
        <extensions>
          <gpxtpx:TrackPointExtension>
            <gpxtpx:hr>142</gpxtpx:hr>
          </gpxtpx:TrackPointExtension>
        </extensions>
      </trkpt>
      <trkpt lat="50.100087001919746" lon="8.6673494707793">
        <ele>87.0</ele>
        <time>2026-09-23T07:49:34Z</time>
        <extensions>
          <gpxtpx:TrackPointExtension>
            <gpxtpx:hr>143</gpxtpx:hr>
          </gpxtpx:TrackPointExtension>
        </extensions>
      </trkpt>
      <trkpt lat="50.100024892017245" lon="8.667260790243745">
        <ele>87.0</ele>
        <time>2026-09-23T07:49:37Z</time>
        <extensions>
          <gpxtpx:TrackPointExtension>
            <gpxtpx:hr>144</gpxtpx:hr>
          </gpxtpx:TrackPointExtension>
        </extensions>
      </trkpt>
      <trkpt lat="50.099960351362824" lon="8.667185856029391">
        <ele>87.0</ele>
        <time>2026-09-23T07:49:40Z</time>
        <extensions>
          <gpxtpx:TrackPointExtension>
            <gpxtpx:hr>145</gpxtpx:hr>
          </gpxtpx:TrackPointExtension>
        </extensions>
      </trkpt>
      <trkpt lat="50.09988868609071" lon="8.667108826339245">
        <ele>87.0</ele>
        <time>2026-09-23T07:49:43Z</time>
        <extensions>
          <gpxtpx:TrackPointExtension>
            <gpxtpx:hr>145</gpxtpx:hr>
          </gpxtpx:TrackPointExtension>
        </extensions>
      </trkpt>
      <trkpt lat="50.09980956092477" lon="8.667022408917546">
        <ele>87.0</ele>
        <time>2026-09-23T07:49:46Z</time>
        <extensions>
          <gpxtpx:TrackPointExtension>
            <gpxtpx:hr>146</gpxtpx:hr>
          </gpxtpx:TrackPointExtension>
        </extensions>
      </trkpt>
      <trkpt lat="50.099714593961835" lon="8.666864661499858">
        <ele>87.0</ele>
        <time>2026-09-23T07:49:49Z</time>
        <extensions>
          <gpxtpx:TrackPointExtension>
            <gpxtpx:hr>146</gpxtpx:hr>
          </gpxtpx:TrackPointExtension>
        </extensions>
      </trkpt>
      <trkpt lat="50.09962867945433" lon="8.666720408946276">
        <ele>87.0</ele>
        <time>2026-09-23T07:49:52Z</time>
        <extensions>
          <gpxtpx:TrackPointExtension>
            <gpxtpx:hr>147</gpxtpx:hr>
          </gpxtpx:TrackPointExtension>
        </extensions>
      </trkpt>
      <trkpt lat="50.09955299086869" lon="8.666609348729253">
        <ele>87.0</ele>
        <time>2026-09-23T07:49:55Z</time>
        <extensions>
          <gpxtpx:TrackPointExtension>
            <gpxtpx:hr>148</gpxtpx:hr>
          </gpxtpx:TrackPointExtension>
        </extensions>
      </trkpt>
      <trkpt lat="50.099479565396905" lon="8.666498959064484">
        <ele>87.0</ele>
        <time>2026-09-23T07:49:58Z</time>
        <extensions>
          <gpxtpx:TrackPointExtension>
            <gpxtpx:hr>149</gpxtpx:hr>
          </gpxtpx:TrackPointExtension>
        </extensions>
      </trkpt>
      <trkpt lat="50.09941225871444" lon="8.666398543864489">
        <ele>88.0</ele>
        <time>2026-09-23T07:50:01Z</time>
        <extensions>
          <gpxtpx:TrackPointExtension>
            <gpxtpx:hr>150</gpxtpx:hr>
          </gpxtpx:TrackPointExtension>
        </extensions>
      </trkpt>
      <trkpt lat="50.09935090318322" lon="8.666295278817415">
        <ele>88.0</ele>
        <time>2026-09-23T07:50:04Z</time>
        <extensions>
          <gpxtpx:TrackPointExtension>
            <gpxtpx:hr>151</gpxtpx:hr>
          </gpxtpx:TrackPointExtension>
        </extensions>
      </trkpt>
      <trkpt lat="50.09930186904967" lon="8.666172064840794">
        <ele>88.0</ele>
        <time>2026-09-23T07:50:07Z</time>
        <extensions>
          <gpxtpx:TrackPointExtension>
            <gpxtpx:hr>152</gpxtpx:hr>
          </gpxtpx:TrackPointExtension>
        </extensions>
      </trkpt>
      <trkpt lat="50.099262557923794" lon="8.666042732074857">
        <ele>88.0</ele>
        <time>2026-09-23T07:50:10Z</time>
        <extensions>
          <gpxtpx:TrackPointExtension>
            <gpxtpx:hr>152</gpxtpx:hr>
          </gpxtpx:TrackPointExtension>
        </extensions>
      </trkpt>
      <trkpt lat="50.0992226600647" lon="8.665923289954662">
        <ele>88.0</ele>
        <time>2026-09-23T07:50:13Z</time>
        <extensions>
          <gpxtpx:TrackPointExtension>
            <gpxtpx:hr>153</gpxtpx:hr>
          </gpxtpx:TrackPointExtension>
        </extensions>
      </trkpt>
      <trkpt lat="50.09917295537889" lon="8.665804099291563">
        <ele>88.0</ele>
        <time>2026-09-23T07:50:16Z</time>
        <extensions>
          <gpxtpx:TrackPointExtension>
            <gpxtpx:hr>154</gpxtpx:hr>
          </gpxtpx:TrackPointExtension>
        </extensions>
      </trkpt>
      <trkpt lat="50.099115958437324" lon="8.665695805102587">
        <ele>88.0</ele>
        <time>2026-09-23T07:50:19Z</time>
        <extensions>
          <gpxtpx:TrackPointExtension>
            <gpxtpx:hr>154</gpxtpx:hr>
          </gpxtpx:TrackPointExtension>
        </extensions>
      </trkpt>
      <trkpt lat="50.09905896149576" lon="8.665587259456515">
        <ele>88.0</ele>
        <time>2026-09-23T07:50:22Z</time>
        <extensions>
          <gpxtpx:TrackPointExtension>
            <gpxtpx:hr>154</gpxtpx:hr>
          </gpxtpx:TrackPointExtension>
        </extensions>
      </trkpt>
      <trkpt lat="50.09899936616421" lon="8.665458345785737">
        <ele>88.0</ele>
        <time>2026-09-23T07:50:25Z</time>
        <extensions>
          <gpxtpx:TrackPointExtension>
            <gpxtpx:hr>155</gpxtpx:hr>
          </gpxtpx:TrackPointExtension>
        </extensions>
      </trkpt>
      <trkpt lat="50.098938681185246" lon="8.665317445993423">
        <ele>88.0</ele>
        <time>2026-09-23T07:50:28Z</time>
        <extensions>
          <gpxtpx:TrackPointExtension>
            <gpxtpx:hr>155</gpxtpx:hr>
          </gpxtpx:TrackPointExtension>
        </extensions>
      </trkpt>
      <trkpt lat="50.09887154214084" lon="8.665196243673563">
        <ele>88.0</ele>
        <time>2026-09-23T07:50:31Z</time>
        <extensions>
          <gpxtpx:TrackPointExtension>
            <gpxtpx:hr>157</gpxtpx:hr>
          </gpxtpx:TrackPointExtension>
        </extensions>
      </trkpt>
      <trkpt lat="50.09880306199193" lon="8.665085267275572">
        <ele>88.0</ele>
        <time>2026-09-23T07:50:34Z</time>
        <extensions>
          <gpxtpx:TrackPointExtension>
            <gpxtpx:hr>158</gpxtpx:hr>
          </gpxtpx:TrackPointExtension>
        </extensions>
      </trkpt>
      <trkpt lat="50.09873759932816" lon="8.664984768256545">
        <ele>88.0</ele>
        <time>2026-09-23T07:50:37Z</time>
        <extensions>
          <gpxtpx:TrackPointExtension>
            <gpxtpx:hr>159</gpxtpx:hr>
          </gpxtpx:TrackPointExtension>
        </extensions>
      </trkpt>
      <trkpt lat="50.098672891035676" lon="8.664891561493278">
        <ele>88.0</ele>
        <time>2026-09-23T07:50:40Z</time>
        <extensions>
          <gpxtpx:TrackPointExtension>
            <gpxtpx:hr>159</gpxtpx:hr>
          </gpxtpx:TrackPointExtension>
        </extensions>
      </trkpt>
      <trkpt lat="50.098612289875746" lon="8.664782932028174">
        <ele>88.0</ele>
        <time>2026-09-23T07:50:43Z</time>
        <extensions>
          <gpxtpx:TrackPointExtension>
            <gpxtpx:hr>160</gpxtpx:hr>
          </gpxtpx:TrackPointExtension>
        </extensions>
      </trkpt>
      <trkpt lat="50.098556047305465" lon="8.66466499865055">
        <ele>88.0</ele>
        <time>2026-09-23T07:50:46Z</time>
        <extensions>
          <gpxtpx:TrackPointExtension>
            <gpxtpx:hr>161</gpxtpx:hr>
          </gpxtpx:TrackPointExtension>
        </extensions>
      </trkpt>
      <trkpt lat="50.09850684553385" lon="8.664546981453896">
        <ele>88.0</ele>
        <time>2026-09-23T07:50:49Z</time>
        <extensions>
          <gpxtpx:TrackPointExtension>
            <gpxtpx:hr>161</gpxtpx:hr>
          </gpxtpx:TrackPointExtension>
        </extensions>
      </trkpt>
      <trkpt lat="50.09846040979028" lon="8.664432987570763">
        <ele>88.0</ele>
        <time>2026-09-23T07:50:52Z</time>
        <extensions>
          <gpxtpx:TrackPointExtension>
            <gpxtpx:hr>161</gpxtpx:hr>
          </gpxtpx:TrackPointExtension>
        </extensions>
      </trkpt>
      <trkpt lat="50.09841120801866" lon="8.664326034486294">
        <ele>88.0</ele>
        <time>2026-09-23T07:50:55Z</time>
        <extensions>
          <gpxtpx:TrackPointExtension>
            <gpxtpx:hr>162</gpxtpx:hr>
          </gpxtpx:TrackPointExtension>
        </extensions>
      </trkpt>
      <trkpt lat="50.098360581323504" lon="8.66422913968563">
        <ele>88.0</ele>
        <time>2026-09-23T07:50:58Z</time>
        <extensions>
          <gpxtpx:TrackPointExtension>
            <gpxtpx:hr>161</gpxtpx:hr>
          </gpxtpx:TrackPointExtension>
        </extensions>
      </trkpt>
      <trkpt lat="50.09831448085606" lon="8.664134172722697">
        <ele>88.0</ele>
        <time>2026-09-23T07:51:01Z</time>
        <extensions>
          <gpxtpx:TrackPointExtension>
            <gpxtpx:hr>161</gpxtpx:hr>
          </gpxtpx:TrackPointExtension>
        </extensions>
      </trkpt>
      <trkpt lat="50.09826645255089" lon="8.664028141647577">
        <ele>88.0</ele>
        <time>2026-09-23T07:51:04Z</time>
        <extensions>
          <gpxtpx:TrackPointExtension>
            <gpxtpx:hr>161</gpxtpx:hr>
          </gpxtpx:TrackPointExtension>
        </extensions>
      </trkpt>
      <trkpt lat="50.09822068735957" lon="8.663889840245247">
        <ele>88.0</ele>
        <time>2026-09-23T07:51:07Z</time>
        <extensions>
          <gpxtpx:TrackPointExtension>
            <gpxtpx:hr>161</gpxtpx:hr>
          </gpxtpx:TrackPointExtension>
        </extensions>
      </trkpt>
      <trkpt lat="50.09816746227443" lon="8.66373603232205">
        <ele>88.0</ele>
        <time>2026-09-23T07:51:10Z</time>
        <extensions>
          <gpxtpx:TrackPointExtension>
            <gpxtpx:hr>161</gpxtpx:hr>
          </gpxtpx:TrackPointExtension>
        </extensions>
      </trkpt>
      <trkpt lat="50.09811666794121" lon="8.66360024549067">
        <ele>88.0</ele>
        <time>2026-09-23T07:51:13Z</time>
        <extensions>
          <gpxtpx:TrackPointExtension>
            <gpxtpx:hr>162</gpxtpx:hr>
          </gpxtpx:TrackPointExtension>
        </extensions>
      </trkpt>
      <trkpt lat="50.098066879436374" lon="8.66348348557949">
        <ele>88.0</ele>
        <time>2026-09-23T07:51:16Z</time>
        <extensions>
          <gpxtpx:TrackPointExtension>
            <gpxtpx:hr>162</gpxtpx:hr>
          </gpxtpx:TrackPointExtension>
        </extensions>
      </trkpt>
      <trkpt lat="50.098015163093805" lon="8.663378544151783">
        <ele>88.0</ele>
        <time>2026-09-23T07:51:19Z</time>
        <extensions>
          <gpxtpx:TrackPointExtension>
            <gpxtpx:hr>163</gpxtpx:hr>
          </gpxtpx:TrackPointExtension>
        </extensions>
      </trkpt>
      <trkpt lat="50.097964787855744" lon="8.663269747048616">
        <ele>88.0</ele>
        <time>2026-09-23T07:51:22Z</time>
        <extensions>
          <gpxtpx:TrackPointExtension>
            <gpxtpx:hr>163</gpxtpx:hr>
          </gpxtpx:TrackPointExtension>
        </extensions>
      </trkpt>
      <trkpt lat="50.097916508093476" lon="8.66315365768969">
        <ele>88.0</ele>
        <time>2026-09-23T07:51:25Z</time>
        <extensions>
          <gpxtpx:TrackPointExtension>
            <gpxtpx:hr>163</gpxtpx:hr>
          </gpxtpx:TrackPointExtension>
        </extensions>
      </trkpt>
      <trkpt lat="50.0978668872267" lon="8.66304125636816">
        <ele>88.0</ele>
        <time>2026-09-23T07:51:28Z</time>
        <extensions>
          <gpxtpx:TrackPointExtension>
            <gpxtpx:hr>163</gpxtpx:hr>
          </gpxtpx:TrackPointExtension>
        </extensions>
      </trkpt>
      <trkpt lat="50.09781978093088" lon="8.66293279454112">
        <ele>88.0</ele>
        <time>2026-09-23T07:51:31Z</time>
        <extensions>
          <gpxtpx:TrackPointExtension>
            <gpxtpx:hr>163</gpxtpx:hr>
          </gpxtpx:TrackPointExtension>
        </extensions>
      </trkpt>
      <trkpt lat="50.097773261368275" lon="8.662824835628271">
        <ele>88.0</ele>
        <time>2026-09-23T07:51:34Z</time>
        <extensions>
          <gpxtpx:TrackPointExtension>
            <gpxtpx:hr>162</gpxtpx:hr>
          </gpxtpx:TrackPointExtension>
        </extensions>
      </trkpt>
      <trkpt lat="50.097724897786975" lon="8.662714697420597">
        <ele>88.0</ele>
        <time>2026-09-23T07:51:37Z</time>
        <extensions>
          <gpxtpx:TrackPointExtension>
            <gpxtpx:hr>162</gpxtpx:hr>
          </gpxtpx:TrackPointExtension>
        </extensions>
      </trkpt>
      <trkpt lat="50.097678042948246" lon="8.662599697709084">
        <ele>88.0</ele>
        <time>2026-09-23T07:51:40Z</time>
        <extensions>
          <gpxtpx:TrackPointExtension>
            <gpxtpx:hr>161</gpxtpx:hr>
          </gpxtpx:TrackPointExtension>
        </extensions>
      </trkpt>
      <trkpt lat="50.09762448258698" lon="8.66248712874949">
        <ele>88.0</ele>
        <time>2026-09-23T07:51:43Z</time>
        <extensions>
          <gpxtpx:TrackPointExtension>
            <gpxtpx:hr>161</gpxtpx:hr>
          </gpxtpx:TrackPointExtension>
        </extensions>
      </trkpt>
      <trkpt lat="50.09756966494024" lon="8.662377744913101">
        <ele>88.0</ele>
        <time>2026-09-23T07:51:46Z</time>
        <extensions>
          <gpxtpx:TrackPointExtension>
            <gpxtpx:hr>161</gpxtpx:hr>
          </gpxtpx:TrackPointExtension>
        </extensions>
      </trkpt>
      <trkpt lat="50.09751694276929" lon="8.662268361076713">
        <ele>88.0</ele>
        <time>2026-09-23T07:51:49Z</time>
        <extensions>
          <gpxtpx:TrackPointExtension>
            <gpxtpx:hr>161</gpxtpx:hr>
          </gpxtpx:TrackPointExtension>
        </extensions>
      </trkpt>
      <trkpt lat="50.09746774099767" lon="8.662152104079723">
        <ele>88.0</ele>
        <time>2026-09-23T07:51:52Z</time>
        <extensions>
          <gpxtpx:TrackPointExtension>
            <gpxtpx:hr>161</gpxtpx:hr>
          </gpxtpx:TrackPointExtension>
        </extensions>
      </trkpt>
      <trkpt lat="50.09741493500769" lon="8.66203173995018">
        <ele>88.0</ele>
        <time>2026-09-23T07:51:55Z</time>
        <extensions>
          <gpxtpx:TrackPointExtension>
            <gpxtpx:hr>161</gpxtpx:hr>
          </gpxtpx:TrackPointExtension>
        </extensions>
      </trkpt>
      <trkpt lat="50.097362799569964" lon="8.661908693611622">
        <ele>88.0</ele>
        <time>2026-09-23T07:51:58Z</time>
        <extensions>
          <gpxtpx:TrackPointExtension>
            <gpxtpx:hr>162</gpxtpx:hr>
          </gpxtpx:TrackPointExtension>
        </extensions>
      </trkpt>
      <trkpt lat="50.097313011065125" lon="8.661792101338506">
        <ele>88.0</ele>
        <time>2026-09-23T07:52:01Z</time>
        <extensions>
          <gpxtpx:TrackPointExtension>
            <gpxtpx:hr>162</gpxtpx:hr>
          </gpxtpx:TrackPointExtension>
        </extensions>
      </trkpt>
      <trkpt lat="50.09726389311254" lon="8.661685483530164">
        <ele>88.0</ele>
        <time>2026-09-23T07:52:04Z</time>
        <extensions>
          <gpxtpx:TrackPointExtension>
            <gpxtpx:hr>162</gpxtpx:hr>
          </gpxtpx:TrackPointExtension>
        </extensions>
      </trkpt>
      <trkpt lat="50.097220139577985" lon="8.661577608436346">
        <ele>88.0</ele>
        <time>2026-09-23T07:52:07Z</time>
        <extensions>
          <gpxtpx:TrackPointExtension>
            <gpxtpx:hr>161</gpxtpx:hr>
          </gpxtpx:TrackPointExtension>
        </extensions>
      </trkpt>
      <trkpt lat="50.097184935584664" lon="8.661457663401961">
        <ele>88.0</ele>
        <time>2026-09-23T07:52:10Z</time>
        <extensions>
          <gpxtpx:TrackPointExtension>
            <gpxtpx:hr>161</gpxtpx:hr>
          </gpxtpx:TrackPointExtension>
        </extensions>
      </trkpt>
      <trkpt lat="50.09713866747916" lon="8.661350375041366">
        <ele>88.0</ele>
        <time>2026-09-23T07:52:13Z</time>
        <extensions>
          <gpxtpx:TrackPointExtension>
            <gpxtpx:hr>161</gpxtpx:hr>
          </gpxtpx:TrackPointExtension>
        </extensions>
      </trkpt>
      <trkpt lat="50.097083849832416" lon="8.661240236833692">
        <ele>88.0</ele>
        <time>2026-09-23T07:52:16Z</time>
        <extensions>
          <gpxtpx:TrackPointExtension>
            <gpxtpx:hr>160</gpxtpx:hr>
          </gpxtpx:TrackPointExtension>
        </extensions>
      </trkpt>
      <trkpt lat="50.097029032185674" lon="8.661118783056736">
        <ele>88.0</ele>
        <time>2026-09-23T07:52:19Z</time>
        <extensions>
          <gpxtpx:TrackPointExtension>
            <gpxtpx:hr>160</gpxtpx:hr>
          </gpxtpx:TrackPointExtension>
        </extensions>
      </trkpt>
      <trkpt lat="50.0969775673002" lon="8.660987270995975">
        <ele>88.0</ele>
        <time>2026-09-23T07:52:22Z</time>
        <extensions>
          <gpxtpx:TrackPointExtension>
            <gpxtpx:hr>161</gpxtpx:hr>
          </gpxtpx:TrackPointExtension>
        </extensions>
      </trkpt>
      <trkpt lat="50.09692710824311" lon="8.660860788077116">
        <ele>88.0</ele>
        <time>2026-09-23T07:52:25Z</time>
        <extensions>
          <gpxtpx:TrackPointExtension>
            <gpxtpx:hr>161</gpxtpx:hr>
          </gpxtpx:TrackPointExtension>
        </extensions>
      </trkpt>
      <trkpt lat="50.096874134615064" lon="8.660740088671446">
        <ele>88.0</ele>
        <time>2026-09-23T07:52:28Z</time>
        <extensions>
          <gpxtpx:TrackPointExtension>
            <gpxtpx:hr>162</gpxtpx:hr>
          </gpxtpx:TrackPointExtension>
        </extensions>
      </trkpt>
      <trkpt lat="50.096823759377" lon="8.660614360123873">
        <ele>88.0</ele>
        <time>2026-09-23T07:52:31Z</time>
        <extensions>
          <gpxtpx:TrackPointExtension>
            <gpxtpx:hr>162</gpxtpx:hr>
          </gpxtpx:TrackPointExtension>
        </extensions>
      </trkpt>
      <trkpt lat="50.09677816182375" lon="8.660488463938236">
        <ele>87.0</ele>
        <time>2026-09-23T07:52:34Z</time>
        <extensions>
          <gpxtpx:TrackPointExtension>
            <gpxtpx:hr>162</gpxtpx:hr>
          </gpxtpx:TrackPointExtension>
        </extensions>
      </trkpt>
      <trkpt lat="50.09674245491624" lon="8.660365585237741">
        <ele>87.0</ele>
        <time>2026-09-23T07:52:37Z</time>
        <extensions>
          <gpxtpx:TrackPointExtension>
            <gpxtpx:hr>162</gpxtpx:hr>
          </gpxtpx:TrackPointExtension>
        </extensions>
      </trkpt>
      <trkpt lat="50.09671404026449" lon="8.660239353775978">
        <ele>87.0</ele>
        <time>2026-09-23T07:52:40Z</time>
        <extensions>
          <gpxtpx:TrackPointExtension>
            <gpxtpx:hr>162</gpxtpx:hr>
          </gpxtpx:TrackPointExtension>
        </extensions>
      </trkpt>
      <trkpt lat="50.09667648933828" lon="8.66012318059802">
        <ele>87.0</ele>
        <time>2026-09-23T07:52:43Z</time>
        <extensions>
          <gpxtpx:TrackPointExtension>
            <gpxtpx:hr>162</gpxtpx:hr>
          </gpxtpx:TrackPointExtension>
        </extensions>
      </trkpt>
      <trkpt lat="50.09662904776633" lon="8.660014299675822">
        <ele>87.0</ele>
        <time>2026-09-23T07:52:46Z</time>
        <extensions>
          <gpxtpx:TrackPointExtension>
            <gpxtpx:hr>162</gpxtpx:hr>
          </gpxtpx:TrackPointExtension>
        </extensions>
      </trkpt>
      <trkpt lat="50.0965821929276" lon="8.659941460937262">
        <ele>87.0</ele>
        <time>2026-09-23T07:52:49Z</time>
        <extensions>
          <gpxtpx:TrackPointExtension>
            <gpxtpx:hr>163</gpxtpx:hr>
          </gpxtpx:TrackPointExtension>
        </extensions>
      </trkpt>
      <trkpt lat="50.096562495455146" lon="8.659969540312886">
        <ele>87.0</ele>
        <time>2026-09-23T07:52:52Z</time>
        <extensions>
          <gpxtpx:TrackPointExtension>
            <gpxtpx:hr>163</gpxtpx:hr>
          </gpxtpx:TrackPointExtension>
        </extensions>
      </trkpt>
      <trkpt lat="50.09659334085882" lon="8.6601035669446">
        <ele>87.0</ele>
        <time>2026-09-23T07:52:55Z</time>
        <extensions>
          <gpxtpx:TrackPointExtension>
            <gpxtpx:hr>162</gpxtpx:hr>
          </gpxtpx:TrackPointExtension>
        </extensions>
      </trkpt>
      <trkpt lat="50.09665218181908" lon="8.66025947034359">
        <ele>87.0</ele>
        <time>2026-09-23T07:52:58Z</time>
        <extensions>
          <gpxtpx:TrackPointExtension>
            <gpxtpx:hr>162</gpxtpx:hr>
          </gpxtpx:TrackPointExtension>
        </extensions>
      </trkpt>
      <trkpt lat="50.096716387197375" lon="8.660406488925219">
        <ele>87.0</ele>
        <time>2026-09-23T07:53:01Z</time>
        <extensions>
          <gpxtpx:TrackPointExtension>
            <gpxtpx:hr>163</gpxtpx:hr>
          </gpxtpx:TrackPointExtension>
        </extensions>
      </trkpt>
      <trkpt lat="50.09677464142442" lon="8.66054235957563">
        <ele>87.0</ele>
        <time>2026-09-23T07:53:04Z</time>
        <extensions>
          <gpxtpx:TrackPointExtension>
            <gpxtpx:hr>163</gpxtpx:hr>
          </gpxtpx:TrackPointExtension>
        </extensions>
      </trkpt>
      <trkpt lat="50.09683624841273" lon="8.660662891343236">
        <ele>87.0</ele>
        <time>2026-09-23T07:53:07Z</time>
        <extensions>
          <gpxtpx:TrackPointExtension>
            <gpxtpx:hr>163</gpxtpx:hr>
          </gpxtpx:TrackPointExtension>
        </extensions>
      </trkpt>
      <trkpt lat="50.09689341299236" lon="8.660788284614682">
        <ele>87.0</ele>
        <time>2026-09-23T07:53:10Z</time>
        <extensions>
          <gpxtpx:TrackPointExtension>
            <gpxtpx:hr>163</gpxtpx:hr>
          </gpxtpx:TrackPointExtension>
        </extensions>
      </trkpt>
      <trkpt lat="50.09694546461105" lon="8.66092348471284">
        <ele>87.0</ele>
        <time>2026-09-23T07:53:13Z</time>
        <extensions>
          <gpxtpx:TrackPointExtension>
            <gpxtpx:hr>163</gpxtpx:hr>
          </gpxtpx:TrackPointExtension>
        </extensions>
      </trkpt>
      <trkpt lat="50.096997767686844" lon="8.661045273765922">
        <ele>88.0</ele>
        <time>2026-09-23T07:53:16Z</time>
        <extensions>
          <gpxtpx:TrackPointExtension>
            <gpxtpx:hr>163</gpxtpx:hr>
          </gpxtpx:TrackPointExtension>
        </extensions>
      </trkpt>
      <trkpt lat="50.09704554453492" lon="8.66114149801433">
        <ele>88.0</ele>
        <time>2026-09-23T07:53:19Z</time>
        <extensions>
          <gpxtpx:TrackPointExtension>
            <gpxtpx:hr>163</gpxtpx:hr>
          </gpxtpx:TrackPointExtension>
        </extensions>
      </trkpt>
      <trkpt lat="50.09708686731756" lon="8.661220706999302">
        <ele>88.0</ele>
        <time>2026-09-23T07:53:22Z</time>
        <extensions>
          <gpxtpx:TrackPointExtension>
            <gpxtpx:hr>164</gpxtpx:hr>
          </gpxtpx:TrackPointExtension>
        </extensions>
      </trkpt>
      <trkpt lat="50.09712517261505" lon="8.66129488684237">
        <ele>88.0</ele>
        <time>2026-09-23T07:53:25Z</time>
        <extensions>
          <gpxtpx:TrackPointExtension>
            <gpxtpx:hr>164</gpxtpx:hr>
          </gpxtpx:TrackPointExtension>
        </extensions>
      </trkpt>
      <trkpt lat="50.097162974998355" lon="8.661372838541865">
        <ele>88.0</ele>
        <time>2026-09-23T07:53:28Z</time>
        <extensions>
          <gpxtpx:TrackPointExtension>
            <gpxtpx:hr>164</gpxtpx:hr>
          </gpxtpx:TrackPointExtension>
        </extensions>
      </trkpt>
      <trkpt lat="50.09719926863909" lon="8.661454729735851">
        <ele>88.0</ele>
        <time>2026-09-23T07:53:31Z</time>
        <extensions>
          <gpxtpx:TrackPointExtension>
            <gpxtpx:hr>164</gpxtpx:hr>
          </gpxtpx:TrackPointExtension>
        </extensions>
      </trkpt>
      <trkpt lat="50.097229946404696" lon="8.66153628565371">
        <ele>88.0</ele>
        <time>2026-09-23T07:53:34Z</time>
        <extensions>
          <gpxtpx:TrackPointExtension>
            <gpxtpx:hr>164</gpxtpx:hr>
          </gpxtpx:TrackPointExtension>
        </extensions>
      </trkpt>
      <trkpt lat="50.0972590316087" lon="8.66161490790546">
        <ele>88.0</ele>
        <time>2026-09-23T07:53:37Z</time>
        <extensions>
          <gpxtpx:TrackPointExtension>
            <gpxtpx:hr>163</gpxtpx:hr>
          </gpxtpx:TrackPointExtension>
        </extensions>
      </trkpt>
      <trkpt lat="50.09729230776429" lon="8.661688081920147">
        <ele>88.0</ele>
        <time>2026-09-23T07:53:40Z</time>
        <extensions>
          <gpxtpx:TrackPointExtension>
            <gpxtpx:hr>162</gpxtpx:hr>
          </gpxtpx:TrackPointExtension>
        </extensions>
      </trkpt>
      <trkpt lat="50.09733430109918" lon="8.661761172115803">
        <ele>88.0</ele>
        <time>2026-09-23T07:53:43Z</time>
        <extensions>
          <gpxtpx:TrackPointExtension>
            <gpxtpx:hr>161</gpxtpx:hr>
          </gpxtpx:TrackPointExtension>
        </extensions>
      </trkpt>
      <trkpt lat="50.09737185202539" lon="8.661846248432994">
        <ele>88.0</ele>
        <time>2026-09-23T07:53:46Z</time>
        <extensions>
          <gpxtpx:TrackPointExtension>
            <gpxtpx:hr>159</gpxtpx:hr>
          </gpxtpx:TrackPointExtension>
        </extensions>
      </trkpt>
      <trkpt lat="50.097402865067124" lon="8.661943059414625">
        <ele>88.0</ele>
        <time>2026-09-23T07:53:49Z</time>
        <extensions>
          <gpxtpx:TrackPointExtension>
            <gpxtpx:hr>158</gpxtpx:hr>
          </gpxtpx:TrackPointExtension>
        </extensions>
      </trkpt>
      <trkpt lat="50.09743454866111" lon="8.662041798233986">
        <ele>88.0</ele>
        <time>2026-09-23T07:53:52Z</time>
        <extensions>
          <gpxtpx:TrackPointExtension>
            <gpxtpx:hr>157</gpxtpx:hr>
          </gpxtpx:TrackPointExtension>
        </extensions>
      </trkpt>
      <trkpt lat="50.097470842301846" lon="8.662127377465367">
        <ele>88.0</ele>
        <time>2026-09-23T07:53:55Z</time>
        <extensions>
          <gpxtpx:TrackPointExtension>
            <gpxtpx:hr>156</gpxtpx:hr>
          </gpxtpx:TrackPointExtension>
        </extensions>
      </trkpt>
      <trkpt lat="50.097507471218705" lon="8.662193175405264">
        <ele>88.0</ele>
        <time>2026-09-23T07:53:58Z</time>
        <extensions>
          <gpxtpx:TrackPointExtension>
            <gpxtpx:hr>155</gpxtpx:hr>
          </gpxtpx:TrackPointExtension>
        </extensions>
      </trkpt>
      <trkpt lat="50.09754686616361" lon="8.662263248115778">
        <ele>88.0</ele>
        <time>2026-09-23T07:54:01Z</time>
        <extensions>
          <gpxtpx:TrackPointExtension>
            <gpxtpx:hr>154</gpxtpx:hr>
          </gpxtpx:TrackPointExtension>
        </extensions>
      </trkpt>
      <trkpt lat="50.09758785367012" lon="8.66234790533781">
        <ele>88.0</ele>
        <time>2026-09-23T07:54:04Z</time>
        <extensions>
          <gpxtpx:TrackPointExtension>
            <gpxtpx:hr>153</gpxtpx:hr>
          </gpxtpx:TrackPointExtension>
        </extensions>
      </trkpt>
      <trkpt lat="50.097617860883474" lon="8.662448739632964">
        <ele>88.0</ele>
        <time>2026-09-23T07:54:07Z</time>
        <extensions>
          <gpxtpx:TrackPointExtension>
            <gpxtpx:hr>152</gpxtpx:hr>
          </gpxtpx:TrackPointExtension>
        </extensions>
      </trkpt>
      <trkpt lat="50.09763613343239" lon="8.662549406290054">
        <ele>88.0</ele>
        <time>2026-09-23T07:54:10Z</time>
        <extensions>
          <gpxtpx:TrackPointExtension>
            <gpxtpx:hr>152</gpxtpx:hr>
          </gpxtpx:TrackPointExtension>
        </extensions>
      </trkpt>
      <trkpt lat="50.097660860046744" lon="8.662638841196895">
        <ele>88.0</ele>
        <time>2026-09-23T07:54:13Z</time>
        <extensions>
          <gpxtpx:TrackPointExtension>
            <gpxtpx:hr>152</gpxtpx:hr>
          </gpxtpx:TrackPointExtension>
        </extensions>
      </trkpt>
      <trkpt lat="50.09769388474524" lon="8.662716960534453">
        <ele>88.0</ele>
        <time>2026-09-23T07:54:16Z</time>
        <extensions>
          <gpxtpx:TrackPointExtension>
            <gpxtpx:hr>153</gpxtpx:hr>
          </gpxtpx:TrackPointExtension>
        </extensions>
      </trkpt>
      <trkpt lat="50.0977321062237" lon="8.662795666605234">
        <ele>88.0</ele>
        <time>2026-09-23T07:54:19Z</time>
        <extensions>
          <gpxtpx:TrackPointExtension>
            <gpxtpx:hr>152</gpxtpx:hr>
          </gpxtpx:TrackPointExtension>
        </extensions>
      </trkpt>
      <trkpt lat="50.09776974096894" lon="8.662879234179854">
        <ele>88.0</ele>
        <time>2026-09-23T07:54:22Z</time>
        <extensions>
          <gpxtpx:TrackPointExtension>
            <gpxtpx:hr>152</gpxtpx:hr>
          </gpxtpx:TrackPointExtension>
        </extensions>
      </trkpt>
      <trkpt lat="50.097813410684466" lon="8.662968669086695">
        <ele>88.0</ele>
        <time>2026-09-23T07:54:25Z</time>
        <extensions>
          <gpxtpx:TrackPointExtension>
            <gpxtpx:hr>151</gpxtpx:hr>
          </gpxtpx:TrackPointExtension>
        </extensions>
      </trkpt>
      <trkpt lat="50.097854398190975" lon="8.663058439269662">
        <ele>88.0</ele>
        <time>2026-09-23T07:54:28Z</time>
        <extensions>
          <gpxtpx:TrackPointExtension>
            <gpxtpx:hr>150</gpxtpx:hr>
          </gpxtpx:TrackPointExtension>
        </extensions>
      </trkpt>
      <trkpt lat="50.09789136238396" lon="8.663143096491694">
        <ele>88.0</ele>
        <time>2026-09-23T07:54:31Z</time>
        <extensions>
          <gpxtpx:TrackPointExtension>
            <gpxtpx:hr>149</gpxtpx:hr>
          </gpxtpx:TrackPointExtension>
        </extensions>
      </trkpt>
      <trkpt lat="50.09792807511985" lon="8.663229933008552">
        <ele>88.0</ele>
        <time>2026-09-23T07:54:34Z</time>
        <extensions>
          <gpxtpx:TrackPointExtension>
            <gpxtpx:hr>149</gpxtpx:hr>
          </gpxtpx:TrackPointExtension>
        </extensions>
      </trkpt>
      <trkpt lat="50.0979617703706" lon="8.663321295753121">
        <ele>88.0</ele>
        <time>2026-09-23T07:54:37Z</time>
        <extensions>
          <gpxtpx:TrackPointExtension>
            <gpxtpx:hr>148</gpxtpx:hr>
          </gpxtpx:TrackPointExtension>
        </extensions>
      </trkpt>
      <trkpt lat="50.097991693764925" lon="8.663407294079661">
        <ele>88.0</ele>
        <time>2026-09-23T07:54:40Z</time>
        <extensions>
          <gpxtpx:TrackPointExtension>
            <gpxtpx:hr>148</gpxtpx:hr>
          </gpxtpx:TrackPointExtension>
        </extensions>
      </trkpt>
      <trkpt lat="50.09803184308112" lon="8.663486000150442">
        <ele>88.0</ele>
        <time>2026-09-23T07:54:43Z</time>
        <extensions>
          <gpxtpx:TrackPointExtension>
            <gpxtpx:hr>148</gpxtpx:hr>
          </gpxtpx:TrackPointExtension>
        </extensions>
      </trkpt>
      <trkpt lat="50.098082050681114" lon="8.663558503612876">
        <ele>88.0</ele>
        <time>2026-09-23T07:54:46Z</time>
        <extensions>
          <gpxtpx:TrackPointExtension>
            <gpxtpx:hr>147</gpxtpx:hr>
          </gpxtpx:TrackPointExtension>
        </extensions>
      </trkpt>
      <trkpt lat="50.0981327611953" lon="8.663635281845927">
        <ele>88.0</ele>
        <time>2026-09-23T07:54:49Z</time>
        <extensions>
          <gpxtpx:TrackPointExtension>
            <gpxtpx:hr>146</gpxtpx:hr>
          </gpxtpx:TrackPointExtension>
        </extensions>
      </trkpt>
      <trkpt lat="50.09818053804338" lon="8.663729494437575">
        <ele>88.0</ele>
        <time>2026-09-23T07:54:52Z</time>
        <extensions>
          <gpxtpx:TrackPointExtension>
            <gpxtpx:hr>146</gpxtpx:hr>
          </gpxtpx:TrackPointExtension>
        </extensions>
      </trkpt>
      <trkpt lat="50.09822303429246" lon="8.663826053962111">
        <ele>88.0</ele>
        <time>2026-09-23T07:54:55Z</time>
        <extensions>
          <gpxtpx:TrackPointExtension>
            <gpxtpx:hr>145</gpxtpx:hr>
          </gpxtpx:TrackPointExtension>
        </extensions>
      </trkpt>
      <trkpt lat="50.09826418943703" lon="8.663926888257265">
        <ele>88.0</ele>
        <time>2026-09-23T07:54:58Z</time>
        <extensions>
          <gpxtpx:TrackPointExtension>
            <gpxtpx:hr>144</gpxtpx:hr>
          </gpxtpx:TrackPointExtension>
        </extensions>
      </trkpt>
      <trkpt lat="50.09830174036324" lon="8.664020597934723">
        <ele>88.0</ele>
        <time>2026-09-23T07:55:01Z</time>
        <extensions>
          <gpxtpx:TrackPointExtension>
            <gpxtpx:hr>144</gpxtpx:hr>
          </gpxtpx:TrackPointExtension>
        </extensions>
      </trkpt>
      <trkpt lat="50.09833090938628" lon="8.66410743445158">
        <ele>88.0</ele>
        <time>2026-09-23T07:55:04Z</time>
        <extensions>
          <gpxtpx:TrackPointExtension>
            <gpxtpx:hr>143</gpxtpx:hr>
          </gpxtpx:TrackPointExtension>
        </extensions>
      </trkpt>
      <trkpt lat="50.09835630655289" lon="8.664195109158754">
        <ele>88.0</ele>
        <time>2026-09-23T07:55:07Z</time>
        <extensions>
          <gpxtpx:TrackPointExtension>
            <gpxtpx:hr>143</gpxtpx:hr>
          </gpxtpx:TrackPointExtension>
        </extensions>
      </trkpt>
      <trkpt lat="50.098385559394956" lon="8.664293680340052">
        <ele>88.0</ele>
        <time>2026-09-23T07:55:10Z</time>
        <extensions>
          <gpxtpx:TrackPointExtension>
            <gpxtpx:hr>144</gpxtpx:hr>
          </gpxtpx:TrackPointExtension>
        </extensions>
      </trkpt>
      <trkpt lat="50.09843015111983" lon="8.664392251521349">
        <ele>88.0</ele>
        <time>2026-09-23T07:55:13Z</time>
        <extensions>
          <gpxtpx:TrackPointExtension>
            <gpxtpx:hr>145</gpxtpx:hr>
          </gpxtpx:TrackPointExtension>
        </extensions>
      </trkpt>
      <trkpt lat="50.09847407229245" lon="8.664481854066253">
        <ele>88.0</ele>
        <time>2026-09-23T07:55:16Z</time>
        <extensions>
          <gpxtpx:TrackPointExtension>
            <gpxtpx:hr>145</gpxtpx:hr>
          </gpxtpx:TrackPointExtension>
        </extensions>
      </trkpt>
      <trkpt lat="50.09849293157458" lon="8.664538264274597">
        <ele>88.0</ele>
        <time>2026-09-23T07:55:19Z</time>
        <extensions>
          <gpxtpx:TrackPointExtension>
            <gpxtpx:hr>145</gpxtpx:hr>
          </gpxtpx:TrackPointExtension>
        </extensions>
      </trkpt>
      <trkpt lat="50.09846703149378" lon="8.66452569141984">
        <ele>88.0</ele>
        <time>2026-09-23T07:55:22Z</time>
        <extensions>
          <gpxtpx:TrackPointExtension>
            <gpxtpx:hr>146</gpxtpx:hr>
          </gpxtpx:TrackPointExtension>
        </extensions>
      </trkpt>
      <trkpt lat="50.09843710809946" lon="8.66446710191667">
        <ele>88.0</ele>
        <time>2026-09-23T07:55:25Z</time>
        <extensions>
          <gpxtpx:TrackPointExtension>
            <gpxtpx:hr>145</gpxtpx:hr>
          </gpxtpx:TrackPointExtension>
        </extensions>
      </trkpt>
      <trkpt lat="50.098412381485105" lon="8.664398873224854">
        <ele>88.0</ele>
        <time>2026-09-23T07:55:28Z</time>
        <extensions>
          <gpxtpx:TrackPointExtension>
            <gpxtpx:hr>146</gpxtpx:hr>
          </gpxtpx:TrackPointExtension>
        </extensions>
      </trkpt>
      <trkpt lat="50.09837013669312" lon="8.664308851584792">
        <ele>88.0</ele>
        <time>2026-09-23T07:55:31Z</time>
        <extensions>
          <gpxtpx:TrackPointExtension>
            <gpxtpx:hr>147</gpxtpx:hr>
          </gpxtpx:TrackPointExtension>
        </extensions>
      </trkpt>
      <trkpt lat="50.09832235984504" lon="8.664195192977786">
        <ele>87.0</ele>
        <time>2026-09-23T07:55:34Z</time>
        <extensions>
          <gpxtpx:TrackPointExtension>
            <gpxtpx:hr>148</gpxtpx:hr>
          </gpxtpx:TrackPointExtension>
        </extensions>
      </trkpt>
      <trkpt lat="50.09826854802668" lon="8.66406292654574">
        <ele>87.0</ele>
        <time>2026-09-23T07:55:37Z</time>
        <extensions>
          <gpxtpx:TrackPointExtension>
            <gpxtpx:hr>148</gpxtpx:hr>
          </gpxtpx:TrackPointExtension>
        </extensions>
      </trkpt>
      <trkpt lat="50.098213562741876" lon="8.663923451676965">
        <ele>87.0</ele>
        <time>2026-09-23T07:55:40Z</time>
        <extensions>
          <gpxtpx:TrackPointExtension>
            <gpxtpx:hr>149</gpxtpx:hr>
          </gpxtpx:TrackPointExtension>
        </extensions>
      </trkpt>
      <trkpt lat="50.09816067293286" lon="8.663774756714702">
        <ele>87.0</ele>
        <time>2026-09-23T07:55:43Z</time>
        <extensions>
          <gpxtpx:TrackPointExtension>
            <gpxtpx:hr>149</gpxtpx:hr>
          </gpxtpx:TrackPointExtension>
        </extensions>
      </trkpt>
      <trkpt lat="50.09811650030315" lon="8.663628157228231">
        <ele>87.0</ele>
        <time>2026-09-23T07:55:46Z</time>
        <extensions>
          <gpxtpx:TrackPointExtension>
            <gpxtpx:hr>149</gpxtpx:hr>
          </gpxtpx:TrackPointExtension>
        </extensions>
      </trkpt>
      <trkpt lat="50.09807048365474" lon="8.663467392325401">
        <ele>87.0</ele>
        <time>2026-09-23T07:55:49Z</time>
        <extensions>
          <gpxtpx:TrackPointExtension>
            <gpxtpx:hr>150</gpxtpx:hr>
          </gpxtpx:TrackPointExtension>
        </extensions>
      </trkpt>
      <trkpt lat="50.098015666007996" lon="8.663319032639265">
        <ele>87.0</ele>
        <time>2026-09-23T07:55:52Z</time>
        <extensions>
          <gpxtpx:TrackPointExtension>
            <gpxtpx:hr>152</gpxtpx:hr>
          </gpxtpx:TrackPointExtension>
        </extensions>
      </trkpt>
      <trkpt lat="50.09796051308513" lon="8.663187772035599">
        <ele>87.0</ele>
        <time>2026-09-23T07:55:55Z</time>
        <extensions>
          <gpxtpx:TrackPointExtension>
            <gpxtpx:hr>153</gpxtpx:hr>
          </gpxtpx:TrackPointExtension>
        </extensions>
      </trkpt>
      <trkpt lat="50.09791374206543" lon="8.663067743182182">
        <ele>87.0</ele>
        <time>2026-09-23T07:55:58Z</time>
        <extensions>
          <gpxtpx:TrackPointExtension>
            <gpxtpx:hr>153</gpxtpx:hr>
          </gpxtpx:TrackPointExtension>
        </extensions>
      </trkpt>
      <trkpt lat="50.09787568822503" lon="8.662954168394208">
        <ele>87.0</ele>
        <time>2026-09-23T07:56:01Z</time>
        <extensions>
          <gpxtpx:TrackPointExtension>
            <gpxtpx:hr>155</gpxtpx:hr>
          </gpxtpx:TrackPointExtension>
        </extensions>
      </trkpt>
      <trkpt lat="50.09784006513655" lon="8.662839001044631">
        <ele>87.0</ele>
        <time>2026-09-23T07:56:04Z</time>
        <extensions>
          <gpxtpx:TrackPointExtension>
            <gpxtpx:hr>156</gpxtpx:hr>
          </gpxtpx:TrackPointExtension>
        </extensions>
      </trkpt>
      <trkpt lat="50.09779807180166" lon="8.662716709077358">
        <ele>87.0</ele>
        <time>2026-09-23T07:56:07Z</time>
        <extensions>
          <gpxtpx:TrackPointExtension>
            <gpxtpx:hr>156</gpxtpx:hr>
          </gpxtpx:TrackPointExtension>
        </extensions>
      </trkpt>
      <trkpt lat="50.09776429273188" lon="8.662574049085379">
        <ele>87.0</ele>
        <time>2026-09-23T07:56:10Z</time>
        <extensions>
          <gpxtpx:TrackPointExtension>
            <gpxtpx:hr>156</gpxtpx:hr>
          </gpxtpx:TrackPointExtension>
        </extensions>
      </trkpt>
      <trkpt lat="50.09772380813956" lon="8.662428203970194">
        <ele>87.0</ele>
        <time>2026-09-23T07:56:13Z</time>
        <extensions>
          <gpxtpx:TrackPointExtension>
            <gpxtpx:hr>157</gpxtpx:hr>
          </gpxtpx:TrackPointExtension>
        </extensions>
      </trkpt>
      <trkpt lat="50.09768298827112" lon="8.662295853719115">
        <ele>87.0</ele>
        <time>2026-09-23T07:56:16Z</time>
        <extensions>
          <gpxtpx:TrackPointExtension>
            <gpxtpx:hr>158</gpxtpx:hr>
          </gpxtpx:TrackPointExtension>
        </extensions>
      </trkpt>
      <trkpt lat="50.09762900881469" lon="8.662173561751842">
        <ele>87.0</ele>
        <time>2026-09-23T07:56:19Z</time>
        <extensions>
          <gpxtpx:TrackPointExtension>
            <gpxtpx:hr>158</gpxtpx:hr>
          </gpxtpx:TrackPointExtension>
        </extensions>
      </trkpt>
      <trkpt lat="50.097567066550255" lon="8.662057807669044">
        <ele>87.0</ele>
        <time>2026-09-23T07:56:22Z</time>
        <extensions>
          <gpxtpx:TrackPointExtension>
            <gpxtpx:hr>158</gpxtpx:hr>
          </gpxtpx:TrackPointExtension>
        </extensions>
      </trkpt>
      <trkpt lat="50.097517697140574" lon="8.661929396912456">
        <ele>87.0</ele>
        <time>2026-09-23T07:56:25Z</time>
        <extensions>
          <gpxtpx:TrackPointExtension>
            <gpxtpx:hr>159</gpxtpx:hr>
          </gpxtpx:TrackPointExtension>
        </extensions>
      </trkpt>
      <trkpt lat="50.097473273053765" lon="8.661814648658037">
        <ele>87.0</ele>
        <time>2026-09-23T07:56:28Z</time>
        <extensions>
          <gpxtpx:TrackPointExtension>
            <gpxtpx:hr>160</gpxtpx:hr>
          </gpxtpx:TrackPointExtension>
        </extensions>
      </trkpt>
      <trkpt lat="50.09741527028382" lon="8.661713059991598">
        <ele>87.0</ele>
        <time>2026-09-23T07:56:31Z</time>
        <extensions>
          <gpxtpx:TrackPointExtension>
            <gpxtpx:hr>160</gpxtpx:hr>
          </gpxtpx:TrackPointExtension>
        </extensions>
      </trkpt>
      <trkpt lat="50.09734754450619" lon="8.661620607599616">
        <ele>87.0</ele>
        <time>2026-09-23T07:56:34Z</time>
        <extensions>
          <gpxtpx:TrackPointExtension>
            <gpxtpx:hr>161</gpxtpx:hr>
          </gpxtpx:TrackPointExtension>
        </extensions>
      </trkpt>
      <trkpt lat="50.09729113429785" lon="8.661508541554213">
        <ele>87.0</ele>
        <time>2026-09-23T07:56:37Z</time>
        <extensions>
          <gpxtpx:TrackPointExtension>
            <gpxtpx:hr>162</gpxtpx:hr>
          </gpxtpx:TrackPointExtension>
        </extensions>
      </trkpt>
      <trkpt lat="50.097259283065796" lon="8.661380466073751">
        <ele>87.0</ele>
        <time>2026-09-23T07:56:40Z</time>
        <extensions>
          <gpxtpx:TrackPointExtension>
            <gpxtpx:hr>162</gpxtpx:hr>
          </gpxtpx:TrackPointExtension>
        </extensions>
      </trkpt>
      <trkpt lat="50.097216702997684" lon="8.661257168278098">
        <ele>87.0</ele>
        <time>2026-09-23T07:56:43Z</time>
        <extensions>
          <gpxtpx:TrackPointExtension>
            <gpxtpx:hr>163</gpxtpx:hr>
          </gpxtpx:TrackPointExtension>
        </extensions>
      </trkpt>
      <trkpt lat="50.09716724976897" lon="8.661139067262411">
        <ele>87.0</ele>
        <time>2026-09-23T07:56:46Z</time>
        <extensions>
          <gpxtpx:TrackPointExtension>
            <gpxtpx:hr>163</gpxtpx:hr>
          </gpxtpx:TrackPointExtension>
        </extensions>
      </trkpt>
      <trkpt lat="50.0971245020628" lon="8.661005040630698">
        <ele>87.0</ele>
        <time>2026-09-23T07:56:49Z</time>
        <extensions>
          <gpxtpx:TrackPointExtension>
            <gpxtpx:hr>163</gpxtpx:hr>
          </gpxtpx:TrackPointExtension>
        </extensions>
      </trkpt>
      <trkpt lat="50.097086783498526" lon="8.66086925379932">
        <ele>87.0</ele>
        <time>2026-09-23T07:56:52Z</time>
        <extensions>
          <gpxtpx:TrackPointExtension>
            <gpxtpx:hr>164</gpxtpx:hr>
          </gpxtpx:TrackPointExtension>
        </extensions>
      </trkpt>
      <trkpt lat="50.09702836163342" lon="8.660760205239058">
        <ele>87.0</ele>
        <time>2026-09-23T07:56:55Z</time>
        <extensions>
          <gpxtpx:TrackPointExtension>
            <gpxtpx:hr>164</gpxtpx:hr>
          </gpxtpx:TrackPointExtension>
        </extensions>
      </trkpt>
      <trkpt lat="50.09695963002741" lon="8.660653755068779">
        <ele>87.0</ele>
        <time>2026-09-23T07:56:58Z</time>
        <extensions>
          <gpxtpx:TrackPointExtension>
            <gpxtpx:hr>163</gpxtpx:hr>
          </gpxtpx:TrackPointExtension>
        </extensions>
      </trkpt>
      <trkpt lat="50.09688964113593" lon="8.660535905510187">
        <ele>87.0</ele>
        <time>2026-09-23T07:57:01Z</time>
        <extensions>
          <gpxtpx:TrackPointExtension>
            <gpxtpx:hr>163</gpxtpx:hr>
          </gpxtpx:TrackPointExtension>
        </extensions>
      </trkpt>
      <trkpt lat="50.096822837367654" lon="8.6604212410748">
        <ele>87.0</ele>
        <time>2026-09-23T07:57:04Z</time>
        <extensions>
          <gpxtpx:TrackPointExtension>
            <gpxtpx:hr>163</gpxtpx:hr>
          </gpxtpx:TrackPointExtension>
        </extensions>
      </trkpt>
      <trkpt lat="50.09676776826382" lon="8.660309761762619">
        <ele>87.0</ele>
        <time>2026-09-23T07:57:07Z</time>
        <extensions>
          <gpxtpx:TrackPointExtension>
            <gpxtpx:hr>163</gpxtpx:hr>
          </gpxtpx:TrackPointExtension>
        </extensions>
      </trkpt>
      <trkpt lat="50.09671839885414" lon="8.660201635211706">
        <ele>87.0</ele>
        <time>2026-09-23T07:57:10Z</time>
        <extensions>
          <gpxtpx:TrackPointExtension>
            <gpxtpx:hr>162</gpxtpx:hr>
          </gpxtpx:TrackPointExtension>
        </extensions>
      </trkpt>
      <trkpt lat="50.09666827507317" lon="8.660095185041428">
        <ele>87.0</ele>
        <time>2026-09-23T07:57:13Z</time>
        <extensions>
          <gpxtpx:TrackPointExtension>
            <gpxtpx:hr>162</gpxtpx:hr>
          </gpxtpx:TrackPointExtension>
        </extensions>
      </trkpt>
      <trkpt lat="50.09663533419371" lon="8.65998144261539">
        <ele>87.0</ele>
        <time>2026-09-23T07:57:16Z</time>
        <extensions>
          <gpxtpx:TrackPointExtension>
            <gpxtpx:hr>162</gpxtpx:hr>
          </gpxtpx:TrackPointExtension>
        </extensions>
      </trkpt>
      <trkpt lat="50.0966133736074" lon="8.659877758473158">
        <ele>87.0</ele>
        <time>2026-09-23T07:57:19Z</time>
        <extensions>
          <gpxtpx:TrackPointExtension>
            <gpxtpx:hr>162</gpxtpx:hr>
          </gpxtpx:TrackPointExtension>
        </extensions>
      </trkpt>
      <trkpt lat="50.096584372222424" lon="8.65978010930121">
        <ele>87.0</ele>
        <time>2026-09-23T07:57:22Z</time>
        <extensions>
          <gpxtpx:TrackPointExtension>
            <gpxtpx:hr>162</gpxtpx:hr>
          </gpxtpx:TrackPointExtension>
        </extensions>
      </trkpt>
      <trkpt lat="50.09652754291892" lon="8.659682041034102">
        <ele>87.0</ele>
        <time>2026-09-23T07:57:25Z</time>
        <extensions>
          <gpxtpx:TrackPointExtension>
            <gpxtpx:hr>163</gpxtpx:hr>
          </gpxtpx:TrackPointExtension>
        </extensions>
      </trkpt>
      <trkpt lat="50.09646023623645" lon="8.65959394723177">
        <ele>87.0</ele>
        <time>2026-09-23T07:57:28Z</time>
        <extensions>
          <gpxtpx:TrackPointExtension>
            <gpxtpx:hr>162</gpxtpx:hr>
          </gpxtpx:TrackPointExtension>
        </extensions>
      </trkpt>
      <trkpt lat="50.096397791057825" lon="8.659493699669838">
        <ele>87.0</ele>
        <time>2026-09-23T07:57:31Z</time>
        <extensions>
          <gpxtpx:TrackPointExtension>
            <gpxtpx:hr>162</gpxtpx:hr>
          </gpxtpx:TrackPointExtension>
        </extensions>
      </trkpt>
      <trkpt lat="50.096334256231785" lon="8.659377861768007">
        <ele>87.0</ele>
        <time>2026-09-23T07:57:34Z</time>
        <extensions>
          <gpxtpx:TrackPointExtension>
            <gpxtpx:hr>163</gpxtpx:hr>
          </gpxtpx:TrackPointExtension>
        </extensions>
      </trkpt>
      <trkpt lat="50.096268793568015" lon="8.65925875492394">
        <ele>87.0</ele>
        <time>2026-09-23T07:57:37Z</time>
        <extensions>
          <gpxtpx:TrackPointExtension>
            <gpxtpx:hr>163</gpxtpx:hr>
          </gpxtpx:TrackPointExtension>
        </extensions>
      </trkpt>
      <trkpt lat="50.09621188044548" lon="8.65915129892528">
        <ele>87.0</ele>
        <time>2026-09-23T07:57:40Z</time>
        <extensions>
          <gpxtpx:TrackPointExtension>
            <gpxtpx:hr>164</gpxtpx:hr>
          </gpxtpx:TrackPointExtension>
        </extensions>
      </trkpt>
      <trkpt lat="50.09615479968488" lon="8.659045603126287">
        <ele>88.0</ele>
        <time>2026-09-23T07:57:43Z</time>
        <extensions>
          <gpxtpx:TrackPointExtension>
            <gpxtpx:hr>164</gpxtpx:hr>
          </gpxtpx:TrackPointExtension>
        </extensions>
      </trkpt>
      <trkpt lat="50.0961038377136" lon="8.658954659476876">
        <ele>88.0</ele>
        <time>2026-09-23T07:57:46Z</time>
        <extensions>
          <gpxtpx:TrackPointExtension>
            <gpxtpx:hr>165</gpxtpx:hr>
          </gpxtpx:TrackPointExtension>
        </extensions>
      </trkpt>
      <trkpt lat="50.096049942076206" lon="8.658871008083224">
        <ele>88.0</ele>
        <time>2026-09-23T07:57:49Z</time>
        <extensions>
          <gpxtpx:TrackPointExtension>
            <gpxtpx:hr>165</gpxtpx:hr>
          </gpxtpx:TrackPointExtension>
        </extensions>
      </trkpt>
      <trkpt lat="50.09598598815501" lon="8.658779477700591">
        <ele>89.0</ele>
        <time>2026-09-23T07:57:52Z</time>
        <extensions>
          <gpxtpx:TrackPointExtension>
            <gpxtpx:hr>165</gpxtpx:hr>
          </gpxtpx:TrackPointExtension>
        </extensions>
      </trkpt>
      <trkpt lat="50.09593175724149" lon="8.658689958974719">
        <ele>89.0</ele>
        <time>2026-09-23T07:57:55Z</time>
        <extensions>
          <gpxtpx:TrackPointExtension>
            <gpxtpx:hr>165</gpxtpx:hr>
          </gpxtpx:TrackPointExtension>
        </extensions>
      </trkpt>
      <trkpt lat="50.095877861604095" lon="8.658600943163037">
        <ele>89.0</ele>
        <time>2026-09-23T07:57:58Z</time>
        <extensions>
          <gpxtpx:TrackPointExtension>
            <gpxtpx:hr>166</gpxtpx:hr>
          </gpxtpx:TrackPointExtension>
        </extensions>
      </trkpt>
      <trkpt lat="50.095810387283564" lon="8.658505976200104">
        <ele>90.0</ele>
        <time>2026-09-23T07:58:01Z</time>
        <extensions>
          <gpxtpx:TrackPointExtension>
            <gpxtpx:hr>166</gpxtpx:hr>
          </gpxtpx:TrackPointExtension>
        </extensions>
      </trkpt>
      <trkpt lat="50.09573930874467" lon="8.658406902104616">
        <ele>90.0</ele>
        <time>2026-09-23T07:58:04Z</time>
        <extensions>
          <gpxtpx:TrackPointExtension>
            <gpxtpx:hr>167</gpxtpx:hr>
          </gpxtpx:TrackPointExtension>
        </extensions>
      </trkpt>
      <trkpt lat="50.0956772826612" lon="8.658300451934338">
        <ele>90.0</ele>
        <time>2026-09-23T07:58:07Z</time>
        <extensions>
          <gpxtpx:TrackPointExtension>
            <gpxtpx:hr>167</gpxtpx:hr>
          </gpxtpx:TrackPointExtension>
        </extensions>
      </trkpt>
      <trkpt lat="50.09562120772898" lon="8.658183440566063">
        <ele>90.0</ele>
        <time>2026-09-23T07:58:10Z</time>
        <extensions>
          <gpxtpx:TrackPointExtension>
            <gpxtpx:hr>167</gpxtpx:hr>
          </gpxtpx:TrackPointExtension>
        </extensions>
      </trkpt>
      <trkpt lat="50.095555912703276" lon="8.658070787787437">
        <ele>90.0</ele>
        <time>2026-09-23T07:58:13Z</time>
        <extensions>
          <gpxtpx:TrackPointExtension>
            <gpxtpx:hr>168</gpxtpx:hr>
          </gpxtpx:TrackPointExtension>
        </extensions>
      </trkpt>
      <trkpt lat="50.095523474738" lon="8.65793894045055">
        <ele>90.0</ele>
        <time>2026-09-23T07:58:16Z</time>
        <extensions>
          <gpxtpx:TrackPointExtension>
            <gpxtpx:hr>168</gpxtpx:hr>
          </gpxtpx:TrackPointExtension>
        </extensions>
      </trkpt>
      <trkpt lat="50.09552037343383" lon="8.65780994296074">
        <ele>90.0</ele>
        <time>2026-09-23T07:58:19Z</time>
        <extensions>
          <gpxtpx:TrackPointExtension>
            <gpxtpx:hr>168</gpxtpx:hr>
          </gpxtpx:TrackPointExtension>
        </extensions>
      </trkpt>
      <trkpt lat="50.09552825242281" lon="8.657689830288291">
        <ele>90.0</ele>
        <time>2026-09-23T07:58:22Z</time>
        <extensions>
          <gpxtpx:TrackPointExtension>
            <gpxtpx:hr>168</gpxtpx:hr>
          </gpxtpx:TrackPointExtension>
        </extensions>
      </trkpt>
      <trkpt lat="50.095519199967384" lon="8.657563934102654">
        <ele>90.0</ele>
        <time>2026-09-23T07:58:25Z</time>
        <extensions>
          <gpxtpx:TrackPointExtension>
            <gpxtpx:hr>168</gpxtpx:hr>
          </gpxtpx:TrackPointExtension>
        </extensions>
      </trkpt>
      <trkpt lat="50.09548173286021" lon="8.657428566366434">
        <ele>90.0</ele>
        <time>2026-09-23T07:58:28Z</time>
        <extensions>
          <gpxtpx:TrackPointExtension>
            <gpxtpx:hr>167</gpxtpx:hr>
          </gpxtpx:TrackPointExtension>
        </extensions>
      </trkpt>
      <trkpt lat="50.09543588384986" lon="8.657291941344738">
        <ele>90.0</ele>
        <time>2026-09-23T07:58:31Z</time>
        <extensions>
          <gpxtpx:TrackPointExtension>
            <gpxtpx:hr>167</gpxtpx:hr>
          </gpxtpx:TrackPointExtension>
        </extensions>
      </trkpt>
      <trkpt lat="50.09540311060846" lon="8.657171744853258">
        <ele>90.0</ele>
        <time>2026-09-23T07:58:34Z</time>
        <extensions>
          <gpxtpx:TrackPointExtension>
            <gpxtpx:hr>166</gpxtpx:hr>
          </gpxtpx:TrackPointExtension>
        </extensions>
      </trkpt>
      <trkpt lat="50.095370756462216" lon="8.657055152580142">
        <ele>91.0</ele>
        <time>2026-09-23T07:58:37Z</time>
        <extensions>
          <gpxtpx:TrackPointExtension>
            <gpxtpx:hr>167</gpxtpx:hr>
          </gpxtpx:TrackPointExtension>
        </extensions>
      </trkpt>
      <trkpt lat="50.09534225799143" lon="8.656920287758112">
        <ele>90.0</ele>
        <time>2026-09-23T07:58:40Z</time>
        <extensions>
          <gpxtpx:TrackPointExtension>
            <gpxtpx:hr>167</gpxtpx:hr>
          </gpxtpx:TrackPointExtension>
        </extensions>
      </trkpt>
      <trkpt lat="50.09530655108392" lon="8.656776789575815">
        <ele>90.0</ele>
        <time>2026-09-23T07:58:43Z</time>
        <extensions>
          <gpxtpx:TrackPointExtension>
            <gpxtpx:hr>166</gpxtpx:hr>
          </gpxtpx:TrackPointExtension>
        </extensions>
      </trkpt>
      <trkpt lat="50.09527168236673" lon="8.656647372990847">
        <ele>90.0</ele>
        <time>2026-09-23T07:58:46Z</time>
        <extensions>
          <gpxtpx:TrackPointExtension>
            <gpxtpx:hr>166</gpxtpx:hr>
          </gpxtpx:TrackPointExtension>
        </extensions>
      </trkpt>
      <trkpt lat="50.09522859938443" lon="8.656530445441604">
        <ele>90.0</ele>
        <time>2026-09-23T07:58:49Z</time>
        <extensions>
          <gpxtpx:TrackPointExtension>
            <gpxtpx:hr>166</gpxtpx:hr>
          </gpxtpx:TrackPointExtension>
        </extensions>
      </trkpt>
      <trkpt lat="50.09519029408693" lon="8.65642324090004">
        <ele>90.0</ele>
        <time>2026-09-23T07:58:52Z</time>
        <extensions>
          <gpxtpx:TrackPointExtension>
            <gpxtpx:hr>166</gpxtpx:hr>
          </gpxtpx:TrackPointExtension>
        </extensions>
      </trkpt>
      <trkpt lat="50.09516489692032" lon="8.656313689425588">
        <ele>90.0</ele>
        <time>2026-09-23T07:58:55Z</time>
        <extensions>
          <gpxtpx:TrackPointExtension>
            <gpxtpx:hr>166</gpxtpx:hr>
          </gpxtpx:TrackPointExtension>
        </extensions>
      </trkpt>
      <trkpt lat="50.095148384571075" lon="8.656201371923089">
        <ele>90.0</ele>
        <time>2026-09-23T07:58:58Z</time>
        <extensions>
          <gpxtpx:TrackPointExtension>
            <gpxtpx:hr>166</gpxtpx:hr>
          </gpxtpx:TrackPointExtension>
        </extensions>
      </trkpt>
      <trkpt lat="50.0951315369457" lon="8.656076565384865">
        <ele>90.0</ele>
        <time>2026-09-23T07:59:01Z</time>
        <extensions>
          <gpxtpx:TrackPointExtension>
            <gpxtpx:hr>166</gpxtpx:hr>
          </gpxtpx:TrackPointExtension>
        </extensions>
      </trkpt>
      <trkpt lat="50.09510421194136" lon="8.655942371115088">
        <ele>90.0</ele>
        <time>2026-09-23T07:59:04Z</time>
        <extensions>
          <gpxtpx:TrackPointExtension>
            <gpxtpx:hr>166</gpxtpx:hr>
          </gpxtpx:TrackPointExtension>
        </extensions>
      </trkpt>
      <trkpt lat="50.09507395327091" lon="8.655786886811256">
        <ele>91.0</ele>
        <time>2026-09-23T07:59:07Z</time>
        <extensions>
          <gpxtpx:TrackPointExtension>
            <gpxtpx:hr>166</gpxtpx:hr>
          </gpxtpx:TrackPointExtension>
        </extensions>
      </trkpt>
      <trkpt lat="50.09504453279078" lon="8.6556395329535">
        <ele>91.0</ele>
        <time>2026-09-23T07:59:10Z</time>
        <extensions>
          <gpxtpx:TrackPointExtension>
            <gpxtpx:hr>165</gpxtpx:hr>
          </gpxtpx:TrackPointExtension>
        </extensions>
      </trkpt>
      <trkpt lat="50.09501243010163" lon="8.655496537685394">
        <ele>91.0</ele>
        <time>2026-09-23T07:59:13Z</time>
        <extensions>
          <gpxtpx:TrackPointExtension>
            <gpxtpx:hr>165</gpxtpx:hr>
          </gpxtpx:TrackPointExtension>
        </extensions>
      </trkpt>
      <trkpt lat="50.09499466046691" lon="8.655363265424967">
        <ele>91.0</ele>
        <time>2026-09-23T07:59:16Z</time>
        <extensions>
          <gpxtpx:TrackPointExtension>
            <gpxtpx:hr>165</gpxtpx:hr>
          </gpxtpx:TrackPointExtension>
        </extensions>
      </trkpt>
      <trkpt lat="50.09499256499112" lon="8.655243655666709">
        <ele>91.0</ele>
        <time>2026-09-23T07:59:19Z</time>
        <extensions>
          <gpxtpx:TrackPointExtension>
            <gpxtpx:hr>166</gpxtpx:hr>
          </gpxtpx:TrackPointExtension>
        </extensions>
      </trkpt>
      <trkpt lat="50.09497378952801" lon="8.65513376891613">
        <ele>91.0</ele>
        <time>2026-09-23T07:59:22Z</time>
        <extensions>
          <gpxtpx:TrackPointExtension>
            <gpxtpx:hr>166</gpxtpx:hr>
          </gpxtpx:TrackPointExtension>
        </extensions>
      </trkpt>
      <trkpt lat="50.094947554171085" lon="8.655033688992262">
        <ele>91.0</ele>
        <time>2026-09-23T07:59:25Z</time>
        <extensions>
          <gpxtpx:TrackPointExtension>
            <gpxtpx:hr>165</gpxtpx:hr>
          </gpxtpx:TrackPointExtension>
        </extensions>
      </trkpt>
      <trkpt lat="50.09491419419646" lon="8.654948025941849">
        <ele>91.0</ele>
        <time>2026-09-23T07:59:28Z</time>
        <extensions>
          <gpxtpx:TrackPointExtension>
            <gpxtpx:hr>164</gpxtpx:hr>
          </gpxtpx:TrackPointExtension>
        </extensions>
      </trkpt>
      <trkpt lat="50.09489290416241" lon="8.654860770329833">
        <ele>91.0</ele>
        <time>2026-09-23T07:59:31Z</time>
        <extensions>
          <gpxtpx:TrackPointExtension>
            <gpxtpx:hr>163</gpxtpx:hr>
          </gpxtpx:TrackPointExtension>
        </extensions>
      </trkpt>
      <trkpt lat="50.0948828458786" lon="8.654741328209639">
        <ele>91.0</ele>
        <time>2026-09-23T07:59:34Z</time>
        <extensions>
          <gpxtpx:TrackPointExtension>
            <gpxtpx:hr>163</gpxtpx:hr>
          </gpxtpx:TrackPointExtension>
        </extensions>
      </trkpt>
      <trkpt lat="50.09486516006291" lon="8.654611995443702">
        <ele>91.0</ele>
        <time>2026-09-23T07:59:37Z</time>
        <extensions>
          <gpxtpx:TrackPointExtension>
            <gpxtpx:hr>163</gpxtpx:hr>
          </gpxtpx:TrackPointExtension>
        </extensions>
      </trkpt>
      <trkpt lat="50.094839008525014" lon="8.654489452019334">
        <ele>91.0</ele>
        <time>2026-09-23T07:59:40Z</time>
        <extensions>
          <gpxtpx:TrackPointExtension>
            <gpxtpx:hr>162</gpxtpx:hr>
          </gpxtpx:TrackPointExtension>
        </extensions>
      </trkpt>
      <trkpt lat="50.09481210261583" lon="8.654372105374932">
        <ele>91.0</ele>
        <time>2026-09-23T07:59:43Z</time>
        <extensions>
          <gpxtpx:TrackPointExtension>
            <gpxtpx:hr>162</gpxtpx:hr>
          </gpxtpx:TrackPointExtension>
        </extensions>
      </trkpt>
      <trkpt lat="50.0947898067534" lon="8.654264146462083">
        <ele>91.0</ele>
        <time>2026-09-23T07:59:46Z</time>
        <extensions>
          <gpxtpx:TrackPointExtension>
            <gpxtpx:hr>161</gpxtpx:hr>
          </gpxtpx:TrackPointExtension>
        </extensions>
      </trkpt>
      <trkpt lat="50.0947707798332" lon="8.654159372672439">
        <ele>90.0</ele>
        <time>2026-09-23T07:59:49Z</time>
        <extensions>
          <gpxtpx:TrackPointExtension>
            <gpxtpx:hr>160</gpxtpx:hr>
          </gpxtpx:TrackPointExtension>
        </extensions>
      </trkpt>
      <trkpt lat="50.09475820697844" lon="8.65404018200934">
        <ele>90.0</ele>
        <time>2026-09-23T07:59:52Z</time>
        <extensions>
          <gpxtpx:TrackPointExtension>
            <gpxtpx:hr>159</gpxtpx:hr>
          </gpxtpx:TrackPointExtension>
        </extensions>
      </trkpt>
      <trkpt lat="50.09475284256041" lon="8.653932139277458">
        <ele>90.0</ele>
        <time>2026-09-23T07:59:55Z</time>
        <extensions>
          <gpxtpx:TrackPointExtension>
            <gpxtpx:hr>157</gpxtpx:hr>
          </gpxtpx:TrackPointExtension>
        </extensions>
      </trkpt>
      <trkpt lat="50.094741191715" lon="8.653840105980635">
        <ele>90.0</ele>
        <time>2026-09-23T07:59:58Z</time>
        <extensions>
          <gpxtpx:TrackPointExtension>
            <gpxtpx:hr>156</gpxtpx:hr>
          </gpxtpx:TrackPointExtension>
        </extensions>
      </trkpt>
      <trkpt lat="50.094732055440545" lon="8.653749832883477">
        <ele>90.0</ele>
        <time>2026-09-23T08:00:01Z</time>
        <extensions>
          <gpxtpx:TrackPointExtension>
            <gpxtpx:hr>155</gpxtpx:hr>
          </gpxtpx:TrackPointExtension>
        </extensions>
      </trkpt>
      <trkpt lat="50.094723254442215" lon="8.65366542711854">
        <ele>90.0</ele>
        <time>2026-09-23T08:00:04Z</time>
        <extensions>
          <gpxtpx:TrackPointExtension>
            <gpxtpx:hr>154</gpxtpx:hr>
          </gpxtpx:TrackPointExtension>
        </extensions>
      </trkpt>
      <trkpt lat="50.09471177123487" lon="8.65358680486679">
        <ele>90.0</ele>
        <time>2026-09-23T08:00:07Z</time>
        <extensions>
          <gpxtpx:TrackPointExtension>
            <gpxtpx:hr>153</gpxtpx:hr>
          </gpxtpx:TrackPointExtension>
        </extensions>
      </trkpt>
      <trkpt lat="50.094712441787124" lon="8.653486808761954">
        <ele>90.0</ele>
        <time>2026-09-23T08:00:10Z</time>
        <extensions>
          <gpxtpx:TrackPointExtension>
            <gpxtpx:hr>152</gpxtpx:hr>
          </gpxtpx:TrackPointExtension>
        </extensions>
      </trkpt>
      <trkpt lat="50.094715459272265" lon="8.653377508744597">
        <ele>91.0</ele>
        <time>2026-09-23T08:00:13Z</time>
        <extensions>
          <gpxtpx:TrackPointExtension>
            <gpxtpx:hr>151</gpxtpx:hr>
          </gpxtpx:TrackPointExtension>
        </extensions>
      </trkpt>
      <trkpt lat="50.09470506571233" lon="8.653280027210712">
        <ele>91.0</ele>
        <time>2026-09-23T08:00:16Z</time>
        <extensions>
          <gpxtpx:TrackPointExtension>
            <gpxtpx:hr>150</gpxtpx:hr>
          </gpxtpx:TrackPointExtension>
        </extensions>
      </trkpt>
      <trkpt lat="50.094691989943385" lon="8.653190340846777">
        <ele>91.0</ele>
        <time>2026-09-23T08:00:19Z</time>
        <extensions>
          <gpxtpx:TrackPointExtension>
            <gpxtpx:hr>149</gpxtpx:hr>
          </gpxtpx:TrackPointExtension>
        </extensions>
      </trkpt>
      <trkpt lat="50.09467204101384" lon="8.653102749958634">
        <ele>91.0</ele>
        <time>2026-09-23T08:00:22Z</time>
        <extensions>
          <gpxtpx:TrackPointExtension>
            <gpxtpx:hr>148</gpxtpx:hr>
          </gpxtpx:TrackPointExtension>
        </extensions>
      </trkpt>
      <trkpt lat="50.094646057114005" lon="8.653013482689857">
        <ele>91.0</ele>
        <time>2026-09-23T08:00:25Z</time>
        <extensions>
          <gpxtpx:TrackPointExtension>
            <gpxtpx:hr>147</gpxtpx:hr>
          </gpxtpx:TrackPointExtension>
        </extensions>
      </trkpt>
      <trkpt lat="50.09462577290833" lon="8.652917426079512">
        <ele>91.0</ele>
        <time>2026-09-23T08:00:28Z</time>
        <extensions>
          <gpxtpx:TrackPointExtension>
            <gpxtpx:hr>146</gpxtpx:hr>
          </gpxtpx:TrackPointExtension>
        </extensions>
      </trkpt>
      <trkpt lat="50.0946135353297" lon="8.652820531278849">
        <ele>91.0</ele>
        <time>2026-09-23T08:00:31Z</time>
        <extensions>
          <gpxtpx:TrackPointExtension>
            <gpxtpx:hr>146</gpxtpx:hr>
          </gpxtpx:TrackPointExtension>
        </extensions>
      </trkpt>
      <trkpt lat="50.09459065273404" lon="8.652732437476516">
        <ele>91.0</ele>
        <time>2026-09-23T08:00:34Z</time>
        <extensions>
          <gpxtpx:TrackPointExtension>
            <gpxtpx:hr>146</gpxtpx:hr>
          </gpxtpx:TrackPointExtension>
        </extensions>
      </trkpt>
      <trkpt lat="50.09455184452236" lon="8.652655491605401">
        <ele>91.0</ele>
        <time>2026-09-23T08:00:37Z</time>
        <extensions>
          <gpxtpx:TrackPointExtension>
            <gpxtpx:hr>145</gpxtpx:hr>
          </gpxtpx:TrackPointExtension>
        </extensions>
      </trkpt>
      <trkpt lat="50.09451647289097" lon="8.652587095275521">
        <ele>90.0</ele>
        <time>2026-09-23T08:00:40Z</time>
        <extensions>
          <gpxtpx:TrackPointExtension>
            <gpxtpx:hr>144</gpxtpx:hr>
          </gpxtpx:TrackPointExtension>
        </extensions>
      </trkpt>
      <trkpt lat="50.09449576959014" lon="8.652520459145308">
        <ele>90.0</ele>
        <time>2026-09-23T08:00:43Z</time>
        <extensions>
          <gpxtpx:TrackPointExtension>
            <gpxtpx:hr>144</gpxtpx:hr>
          </gpxtpx:TrackPointExtension>
        </extensions>
      </trkpt>
      <trkpt lat="50.09447104297578" lon="8.652445441111922">
        <ele>90.0</ele>
        <time>2026-09-23T08:00:46Z</time>
        <extensions>
          <gpxtpx:TrackPointExtension>
            <gpxtpx:hr>143</gpxtpx:hr>
          </gpxtpx:TrackPointExtension>
        </extensions>
      </trkpt>
      <trkpt lat="50.094432486221194" lon="8.652378302067518">
        <ele>90.0</ele>
        <time>2026-09-23T08:00:49Z</time>
        <extensions>
          <gpxtpx:TrackPointExtension>
            <gpxtpx:hr>142</gpxtpx:hr>
          </gpxtpx:TrackPointExtension>
        </extensions>
      </trkpt>
      <trkpt lat="50.09439644403756" lon="8.65229682996869">
        <ele>90.0</ele>
        <time>2026-09-23T08:00:52Z</time>
        <extensions>
          <gpxtpx:TrackPointExtension>
            <gpxtpx:hr>141</gpxtpx:hr>
          </gpxtpx:TrackPointExtension>
        </extensions>
      </trkpt>
      <trkpt lat="50.09437758475542" lon="8.65219909697771">
        <ele>90.0</ele>
        <time>2026-09-23T08:00:55Z</time>
        <extensions>
          <gpxtpx:TrackPointExtension>
            <gpxtpx:hr>141</gpxtpx:hr>
          </gpxtpx:TrackPointExtension>
        </extensions>
      </trkpt>
      <trkpt lat="50.09436593391001" lon="8.652096837759018">
        <ele>89.0</ele>
        <time>2026-09-23T08:00:58Z</time>
        <extensions>
          <gpxtpx:TrackPointExtension>
            <gpxtpx:hr>140</gpxtpx:hr>
          </gpxtpx:TrackPointExtension>
        </extensions>
      </trkpt>
      <trkpt lat="50.09435755200684" lon="8.652015281841159">
        <ele>89.0</ele>
        <time>2026-09-23T08:01:01Z</time>
        <extensions>
          <gpxtpx:TrackPointExtension>
            <gpxtpx:hr>139</gpxtpx:hr>
          </gpxtpx:TrackPointExtension>
        </extensions>
      </trkpt>
      <trkpt lat="50.09434196166694" lon="8.65194252692163">
        <ele>89.0</ele>
        <time>2026-09-23T08:01:04Z</time>
        <extensions>
          <gpxtpx:TrackPointExtension>
            <gpxtpx:hr>138</gpxtpx:hr>
          </gpxtpx:TrackPointExtension>
        </extensions>
      </trkpt>
      <trkpt lat="50.094325533136725" lon="8.651872957125306">
        <ele>89.0</ele>
        <time>2026-09-23T08:01:07Z</time>
        <extensions>
          <gpxtpx:TrackPointExtension>
            <gpxtpx:hr>137</gpxtpx:hr>
          </gpxtpx:TrackPointExtension>
        </extensions>
      </trkpt>
      <trkpt lat="50.094342548400164" lon="8.651809673756361">
        <ele>89.0</ele>
        <time>2026-09-23T08:01:10Z</time>
        <extensions>
          <gpxtpx:TrackPointExtension>
            <gpxtpx:hr>136</gpxtpx:hr>
          </gpxtpx:TrackPointExtension>
        </extensions>
      </trkpt>
      <trkpt lat="50.09438194334507" lon="8.65174756385386">
        <ele>88.0</ele>
        <time>2026-09-23T08:01:13Z</time>
        <extensions>
          <gpxtpx:TrackPointExtension>
            <gpxtpx:hr>136</gpxtpx:hr>
          </gpxtpx:TrackPointExtension>
        </extensions>
      </trkpt>
      <trkpt lat="50.09441019035876" lon="8.651667349040508">
        <ele>88.0</ele>
        <time>2026-09-23T08:01:16Z</time>
        <extensions>
          <gpxtpx:TrackPointExtension>
            <gpxtpx:hr>135</gpxtpx:hr>
          </gpxtpx:TrackPointExtension>
        </extensions>
      </trkpt>
      <trkpt lat="50.094423769041896" lon="8.651580763980746">
        <ele>88.0</ele>
        <time>2026-09-23T08:01:19Z</time>
        <extensions>
          <gpxtpx:TrackPointExtension>
            <gpxtpx:hr>135</gpxtpx:hr>
          </gpxtpx:TrackPointExtension>
        </extensions>
      </trkpt>
      <trkpt lat="50.094425193965435" lon="8.65148764103651">
        <ele>88.0</ele>
        <time>2026-09-23T08:01:22Z</time>
        <extensions>
          <gpxtpx:TrackPointExtension>
            <gpxtpx:hr>134</gpxtpx:hr>
          </gpxtpx:TrackPointExtension>
        </extensions>
      </trkpt>
      <trkpt lat="50.0944113638252" lon="8.651386052370071">
        <ele>88.0</ele>
        <time>2026-09-23T08:01:25Z</time>
        <extensions>
          <gpxtpx:TrackPointExtension>
            <gpxtpx:hr>134</gpxtpx:hr>
          </gpxtpx:TrackPointExtension>
        </extensions>
      </trkpt>
      <trkpt lat="50.09438579902053" lon="8.651265436783433">
        <ele>88.0</ele>
        <time>2026-09-23T08:01:28Z</time>
        <extensions>
          <gpxtpx:TrackPointExtension>
            <gpxtpx:hr>134</gpxtpx:hr>
          </gpxtpx:TrackPointExtension>
        </extensions>
      </trkpt>
      <trkpt lat="50.0943492539227" lon="8.651141803711653">
        <ele>88.0</ele>
        <time>2026-09-23T08:01:31Z</time>
        <extensions>
          <gpxtpx:TrackPointExtension>
            <gpxtpx:hr>135</gpxtpx:hr>
          </gpxtpx:TrackPointExtension>
        </extensions>
      </trkpt>
      <trkpt lat="50.09430876933038" lon="8.65103024058044">
        <ele>88.0</ele>
        <time>2026-09-23T08:01:34Z</time>
        <extensions>
          <gpxtpx:TrackPointExtension>
            <gpxtpx:hr>138</gpxtpx:hr>
          </gpxtpx:TrackPointExtension>
        </extensions>
      </trkpt>
      <trkpt lat="50.0942697096616" lon="8.650917168706656">
        <ele>88.0</ele>
        <time>2026-09-23T08:01:37Z</time>
        <extensions>
          <gpxtpx:TrackPointExtension>
            <gpxtpx:hr>141</gpxtpx:hr>
          </gpxtpx:TrackPointExtension>
        </extensions>
      </trkpt>
      <trkpt lat="50.094236601144075" lon="8.650796972215176">
        <ele>88.0</ele>
        <time>2026-09-23T08:01:40Z</time>
        <extensions>
          <gpxtpx:TrackPointExtension>
            <gpxtpx:hr>143</gpxtpx:hr>
          </gpxtpx:TrackPointExtension>
        </extensions>
      </trkpt>
      <trkpt lat="50.094189243391156" lon="8.650667471811175">
        <ele>88.0</ele>
        <time>2026-09-23T08:01:43Z</time>
        <extensions>
          <gpxtpx:TrackPointExtension>
            <gpxtpx:hr>145</gpxtpx:hr>
          </gpxtpx:TrackPointExtension>
        </extensions>
      </trkpt>
      <trkpt lat="50.09414540603757" lon="8.650537468492985">
        <ele>88.0</ele>
        <time>2026-09-23T08:01:46Z</time>
        <extensions>
          <gpxtpx:TrackPointExtension>
            <gpxtpx:hr>146</gpxtpx:hr>
          </gpxtpx:TrackPointExtension>
        </extensions>
      </trkpt>
      <trkpt lat="50.09413233026862" lon="8.650397071614861">
        <ele>88.0</ele>
        <time>2026-09-23T08:01:49Z</time>
        <extensions>
          <gpxtpx:TrackPointExtension>
            <gpxtpx:hr>148</gpxtpx:hr>
          </gpxtpx:TrackPointExtension>
        </extensions>
      </trkpt>
      <trkpt lat="50.09412880986929" lon="8.650240749120712">
        <ele>87.0</ele>
        <time>2026-09-23T08:01:52Z</time>
        <extensions>
          <gpxtpx:TrackPointExtension>
            <gpxtpx:hr>148</gpxtpx:hr>
          </gpxtpx:TrackPointExtension>
        </extensions>
      </trkpt>
      <trkpt lat="50.09414155036211" lon="8.650078643113375">
        <ele>87.0</ele>
        <time>2026-09-23T08:01:55Z</time>
        <extensions>
          <gpxtpx:TrackPointExtension>
            <gpxtpx:hr>149</gpxtpx:hr>
          </gpxtpx:TrackPointExtension>
        </extensions>
      </trkpt>
      <trkpt lat="50.09414783678949" lon="8.649929193779826">
        <ele>87.0</ele>
        <time>2026-09-23T08:01:58Z</time>
        <extensions>
          <gpxtpx:TrackPointExtension>
            <gpxtpx:hr>150</gpxtpx:hr>
          </gpxtpx:TrackPointExtension>
        </extensions>
      </trkpt>
      <trkpt lat="50.09413476102054" lon="8.649788377806544">
        <ele>87.0</ele>
        <time>2026-09-23T08:02:01Z</time>
        <extensions>
          <gpxtpx:TrackPointExtension>
            <gpxtpx:hr>150</gpxtpx:hr>
          </gpxtpx:TrackPointExtension>
        </extensions>
      </trkpt>
      <trkpt lat="50.09411363862455" lon="8.649648483842611">
        <ele>87.0</ele>
        <time>2026-09-23T08:02:04Z</time>
        <extensions>
          <gpxtpx:TrackPointExtension>
            <gpxtpx:hr>150</gpxtpx:hr>
          </gpxtpx:TrackPointExtension>
        </extensions>
      </trkpt>
      <trkpt lat="50.0940920971334" lon="8.649512529373169">
        <ele>87.0</ele>
        <time>2026-09-23T08:02:07Z</time>
        <extensions>
          <gpxtpx:TrackPointExtension>
            <gpxtpx:hr>152</gpxtpx:hr>
          </gpxtpx:TrackPointExtension>
        </extensions>
      </trkpt>
      <trkpt lat="50.09407751262188" lon="8.649368276819587">
        <ele>87.0</ele>
        <time>2026-09-23T08:02:10Z</time>
        <extensions>
          <gpxtpx:TrackPointExtension>
            <gpxtpx:hr>153</gpxtpx:hr>
          </gpxtpx:TrackPointExtension>
        </extensions>
      </trkpt>
      <trkpt lat="50.094062592834234" lon="8.649217234924436">
        <ele>87.0</ele>
        <time>2026-09-23T08:02:13Z</time>
        <extensions>
          <gpxtpx:TrackPointExtension>
            <gpxtpx:hr>155</gpxtpx:hr>
          </gpxtpx:TrackPointExtension>
        </extensions>
      </trkpt>
      <trkpt lat="50.0940590724349" lon="8.649071892723441">
        <ele>87.0</ele>
        <time>2026-09-23T08:02:16Z</time>
        <extensions>
          <gpxtpx:TrackPointExtension>
            <gpxtpx:hr>155</gpxtpx:hr>
          </gpxtpx:TrackPointExtension>
        </extensions>
      </trkpt>
      <trkpt lat="50.09404666721821" lon="8.648937027901411">
        <ele>87.0</ele>
        <time>2026-09-23T08:02:19Z</time>
        <extensions>
          <gpxtpx:TrackPointExtension>
            <gpxtpx:hr>157</gpxtpx:hr>
          </gpxtpx:TrackPointExtension>
        </extensions>
      </trkpt>
      <trkpt lat="50.094036692753434" lon="8.64879034459591">
        <ele>87.0</ele>
        <time>2026-09-23T08:02:22Z</time>
        <extensions>
          <gpxtpx:TrackPointExtension>
            <gpxtpx:hr>158</gpxtpx:hr>
          </gpxtpx:TrackPointExtension>
        </extensions>
      </trkpt>
      <trkpt lat="50.09403057396412" lon="8.648622455075383">
        <ele>87.0</ele>
        <time>2026-09-23T08:02:25Z</time>
        <extensions>
          <gpxtpx:TrackPointExtension>
            <gpxtpx:hr>160</gpxtpx:hr>
          </gpxtpx:TrackPointExtension>
        </extensions>
      </trkpt>
      <trkpt lat="50.09402378462255" lon="8.64845766685903">
        <ele>87.0</ele>
        <time>2026-09-23T08:02:28Z</time>
        <extensions>
          <gpxtpx:TrackPointExtension>
            <gpxtpx:hr>160</gpxtpx:hr>
          </gpxtpx:TrackPointExtension>
        </extensions>
      </trkpt>
      <trkpt lat="50.09400559589267" lon="8.64830813370645">
        <ele>87.0</ele>
        <time>2026-09-23T08:02:31Z</time>
        <extensions>
          <gpxtpx:TrackPointExtension>
            <gpxtpx:hr>160</gpxtpx:hr>
          </gpxtpx:TrackPointExtension>
        </extensions>
      </trkpt>
      <trkpt lat="50.093997130170465" lon="8.648148626089096">
        <ele>87.0</ele>
        <time>2026-09-23T08:02:34Z</time>
        <extensions>
          <gpxtpx:TrackPointExtension>
            <gpxtpx:hr>161</gpxtpx:hr>
          </gpxtpx:TrackPointExtension>
        </extensions>
      </trkpt>
      <trkpt lat="50.09399486705661" lon="8.647966906428337">
        <ele>87.0</ele>
        <time>2026-09-23T08:02:37Z</time>
        <extensions>
          <gpxtpx:TrackPointExtension>
            <gpxtpx:hr>161</gpxtpx:hr>
          </gpxtpx:TrackPointExtension>
        </extensions>
      </trkpt>
      <trkpt lat="50.093986401334405" lon="8.647790048271418">
        <ele>87.0</ele>
        <time>2026-09-23T08:02:40Z</time>
        <extensions>
          <gpxtpx:TrackPointExtension>
            <gpxtpx:hr>161</gpxtpx:hr>
          </gpxtpx:TrackPointExtension>
        </extensions>
      </trkpt>
      <trkpt lat="50.09396519511938" lon="8.647619057446718">
        <ele>87.0</ele>
        <time>2026-09-23T08:02:43Z</time>
        <extensions>
          <gpxtpx:TrackPointExtension>
            <gpxtpx:hr>162</gpxtpx:hr>
          </gpxtpx:TrackPointExtension>
        </extensions>
      </trkpt>
      <trkpt lat="50.09392756037414" lon="8.64747698418796">
        <ele>87.0</ele>
        <time>2026-09-23T08:02:46Z</time>
        <extensions>
          <gpxtpx:TrackPointExtension>
            <gpxtpx:hr>163</gpxtpx:hr>
          </gpxtpx:TrackPointExtension>
        </extensions>
      </trkpt>
      <trkpt lat="50.09388598613441" lon="8.647333653643727">
        <ele>87.0</ele>
        <time>2026-09-23T08:02:49Z</time>
        <extensions>
          <gpxtpx:TrackPointExtension>
            <gpxtpx:hr>163</gpxtpx:hr>
          </gpxtpx:TrackPointExtension>
        </extensions>
      </trkpt>
      <trkpt lat="50.093842232599854" lon="8.647220833227038">
        <ele>87.0</ele>
        <time>2026-09-23T08:02:52Z</time>
        <extensions>
          <gpxtpx:TrackPointExtension>
            <gpxtpx:hr>163</gpxtpx:hr>
          </gpxtpx:TrackPointExtension>
        </extensions>
      </trkpt>
      <trkpt lat="50.09377509355545" lon="8.647133158519864">
        <ele>87.0</ele>
        <time>2026-09-23T08:02:55Z</time>
        <extensions>
          <gpxtpx:TrackPointExtension>
            <gpxtpx:hr>164</gpxtpx:hr>
          </gpxtpx:TrackPointExtension>
        </extensions>
      </trkpt>
      <trkpt lat="50.093706948682666" lon="8.647023187950253">
        <ele>87.0</ele>
        <time>2026-09-23T08:02:58Z</time>
        <extensions>
          <gpxtpx:TrackPointExtension>
            <gpxtpx:hr>164</gpxtpx:hr>
          </gpxtpx:TrackPointExtension>
        </extensions>
      </trkpt>
      <trkpt lat="50.09365389123559" lon="8.646883461624384">
        <ele>87.0</ele>
        <time>2026-09-23T08:03:01Z</time>
        <extensions>
          <gpxtpx:TrackPointExtension>
            <gpxtpx:hr>164</gpxtpx:hr>
          </gpxtpx:TrackPointExtension>
        </extensions>
      </trkpt>
      <trkpt lat="50.093628745526075" lon="8.646731497719884">
        <ele>87.0</ele>
        <time>2026-09-23T08:03:04Z</time>
        <extensions>
          <gpxtpx:TrackPointExtension>
            <gpxtpx:hr>164</gpxtpx:hr>
          </gpxtpx:TrackPointExtension>
        </extensions>
      </trkpt>
      <trkpt lat="50.093606198206544" lon="8.64659495651722">
        <ele>87.0</ele>
        <time>2026-09-23T08:03:07Z</time>
        <extensions>
          <gpxtpx:TrackPointExtension>
            <gpxtpx:hr>164</gpxtpx:hr>
          </gpxtpx:TrackPointExtension>
        </extensions>
      </trkpt>
      <trkpt lat="50.0935740955174" lon="8.646478028967977">
        <ele>87.0</ele>
        <time>2026-09-23T08:03:10Z</time>
        <extensions>
          <gpxtpx:TrackPointExtension>
            <gpxtpx:hr>164</gpxtpx:hr>
          </gpxtpx:TrackPointExtension>
        </extensions>
      </trkpt>
      <trkpt lat="50.09353528730571" lon="8.646351797506213">
        <ele>87.0</ele>
        <time>2026-09-23T08:03:13Z</time>
        <extensions>
          <gpxtpx:TrackPointExtension>
            <gpxtpx:hr>165</gpxtpx:hr>
          </gpxtpx:TrackPointExtension>
        </extensions>
      </trkpt>
      <trkpt lat="50.09349656291306" lon="8.646209137514234">
        <ele>87.0</ele>
        <time>2026-09-23T08:03:16Z</time>
        <extensions>
          <gpxtpx:TrackPointExtension>
            <gpxtpx:hr>165</gpxtpx:hr>
          </gpxtpx:TrackPointExtension>
        </extensions>
      </trkpt>
      <trkpt lat="50.09347653016448" lon="8.646066477522254">
        <ele>87.0</ele>
        <time>2026-09-23T08:03:19Z</time>
        <extensions>
          <gpxtpx:TrackPointExtension>
            <gpxtpx:hr>165</gpxtpx:hr>
          </gpxtpx:TrackPointExtension>
        </extensions>
      </trkpt>
      <trkpt lat="50.09346529841423" lon="8.64594359882176">
        <ele>87.0</ele>
        <time>2026-09-23T08:03:22Z</time>
        <extensions>
          <gpxtpx:TrackPointExtension>
            <gpxtpx:hr>165</gpxtpx:hr>
          </gpxtpx:TrackPointExtension>
        </extensions>
      </trkpt>
      <trkpt lat="50.09344627149403" lon="8.645826587453485">
        <ele>87.0</ele>
        <time>2026-09-23T08:03:25Z</time>
        <extensions>
          <gpxtpx:TrackPointExtension>
            <gpxtpx:hr>165</gpxtpx:hr>
          </gpxtpx:TrackPointExtension>
        </extensions>
      </trkpt>
      <trkpt lat="50.09339916519821" lon="8.645692225545645">
        <ele>86.0</ele>
        <time>2026-09-23T08:03:28Z</time>
        <extensions>
          <gpxtpx:TrackPointExtension>
            <gpxtpx:hr>166</gpxtpx:hr>
          </gpxtpx:TrackPointExtension>
        </extensions>
      </trkpt>
      <trkpt lat="50.09334560483694" lon="8.645550152286887">
        <ele>86.0</ele>
        <time>2026-09-23T08:03:31Z</time>
        <extensions>
          <gpxtpx:TrackPointExtension>
            <gpxtpx:hr>166</gpxtpx:hr>
          </gpxtpx:TrackPointExtension>
        </extensions>
      </trkpt>
      <trkpt lat="50.09330654516816" lon="8.64539735019207">
        <ele>86.0</ele>
        <time>2026-09-23T08:03:34Z</time>
        <extensions>
          <gpxtpx:TrackPointExtension>
            <gpxtpx:hr>166</gpxtpx:hr>
          </gpxtpx:TrackPointExtension>
        </extensions>
      </trkpt>
      <trkpt lat="50.09328341111541" lon="8.64526399411261">
        <ele>86.0</ele>
        <time>2026-09-23T08:03:37Z</time>
        <extensions>
          <gpxtpx:TrackPointExtension>
            <gpxtpx:hr>166</gpxtpx:hr>
          </gpxtpx:TrackPointExtension>
        </extensions>
      </trkpt>
      <trkpt lat="50.093274442479014" lon="8.645148742944002">
        <ele>87.0</ele>
        <time>2026-09-23T08:03:40Z</time>
        <extensions>
          <gpxtpx:TrackPointExtension>
            <gpxtpx:hr>167</gpxtpx:hr>
          </gpxtpx:TrackPointExtension>
        </extensions>
      </trkpt>
      <trkpt lat="50.093261282891035" lon="8.64504455588758">
        <ele>87.0</ele>
        <time>2026-09-23T08:03:43Z</time>
        <extensions>
          <gpxtpx:TrackPointExtension>
            <gpxtpx:hr>167</gpxtpx:hr>
          </gpxtpx:TrackPointExtension>
        </extensions>
      </trkpt>
      <trkpt lat="50.09325365535915" lon="8.644930897280574">
        <ele>87.0</ele>
        <time>2026-09-23T08:03:46Z</time>
        <extensions>
          <gpxtpx:TrackPointExtension>
            <gpxtpx:hr>167</gpxtpx:hr>
          </gpxtpx:TrackPointExtension>
        </extensions>
      </trkpt>
      <trkpt lat="50.09325751103461" lon="8.644823273643851">
        <ele>87.0</ele>
        <time>2026-09-23T08:03:49Z</time>
        <extensions>
          <gpxtpx:TrackPointExtension>
            <gpxtpx:hr>167</gpxtpx:hr>
          </gpxtpx:TrackPointExtension>
        </extensions>
      </trkpt>
      <trkpt lat="50.09327720850706" lon="8.644734844565392">
        <ele>87.0</ele>
        <time>2026-09-23T08:03:52Z</time>
        <extensions>
          <gpxtpx:TrackPointExtension>
            <gpxtpx:hr>167</gpxtpx:hr>
          </gpxtpx:TrackPointExtension>
        </extensions>
      </trkpt>
      <trkpt lat="50.09328098036349" lon="8.644634429365396">
        <ele>87.0</ele>
        <time>2026-09-23T08:03:55Z</time>
        <extensions>
          <gpxtpx:TrackPointExtension>
            <gpxtpx:hr>167</gpxtpx:hr>
          </gpxtpx:TrackPointExtension>
        </extensions>
      </trkpt>
      <trkpt lat="50.09325868450105" lon="8.644513478502631">
        <ele>87.0</ele>
        <time>2026-09-23T08:03:58Z</time>
        <extensions>
          <gpxtpx:TrackPointExtension>
            <gpxtpx:hr>167</gpxtpx:hr>
          </gpxtpx:TrackPointExtension>
        </extensions>
      </trkpt>
      <trkpt lat="50.093219205737114" lon="8.644384481012821">
        <ele>87.0</ele>
        <time>2026-09-23T08:04:01Z</time>
        <extensions>
          <gpxtpx:TrackPointExtension>
            <gpxtpx:hr>167</gpxtpx:hr>
          </gpxtpx:TrackPointExtension>
        </extensions>
      </trkpt>
      <trkpt lat="50.09319179691374" lon="8.644268894568086">
        <ele>87.0</ele>
        <time>2026-09-23T08:04:04Z</time>
        <extensions>
          <gpxtpx:TrackPointExtension>
            <gpxtpx:hr>167</gpxtpx:hr>
          </gpxtpx:TrackPointExtension>
        </extensions>
      </trkpt>
      <trkpt lat="50.09317545220256" lon="8.6441835667938">
        <ele>87.0</ele>
        <time>2026-09-23T08:04:07Z</time>
        <extensions>
          <gpxtpx:TrackPointExtension>
            <gpxtpx:hr>167</gpxtpx:hr>
          </gpxtpx:TrackPointExtension>
        </extensions>
      </trkpt>
      <trkpt lat="50.093158688396215" lon="8.644097233191133">
        <ele>87.0</ele>
        <time>2026-09-23T08:04:10Z</time>
        <extensions>
          <gpxtpx:TrackPointExtension>
            <gpxtpx:hr>167</gpxtpx:hr>
          </gpxtpx:TrackPointExtension>
        </extensions>
      </trkpt>
      <trkpt lat="50.09313597343862" lon="8.643990447744727">
        <ele>86.0</ele>
        <time>2026-09-23T08:04:13Z</time>
        <extensions>
          <gpxtpx:TrackPointExtension>
            <gpxtpx:hr>167</gpxtpx:hr>
          </gpxtpx:TrackPointExtension>
        </extensions>
      </trkpt>
      <trkpt lat="50.09310747496784" lon="8.643876537680626">
        <ele>86.0</ele>
        <time>2026-09-23T08:04:16Z</time>
        <extensions>
          <gpxtpx:TrackPointExtension>
            <gpxtpx:hr>167</gpxtpx:hr>
          </gpxtpx:TrackPointExtension>
        </extensions>
      </trkpt>
      <trkpt lat="50.0930698402226" lon="8.643761370331049">
        <ele>86.0</ele>
        <time>2026-09-23T08:04:19Z</time>
        <extensions>
          <gpxtpx:TrackPointExtension>
            <gpxtpx:hr>167</gpxtpx:hr>
          </gpxtpx:TrackPointExtension>
        </extensions>
      </trkpt>
      <trkpt lat="50.09302097372711" lon="8.643603036180139">
        <ele>86.0</ele>
        <time>2026-09-23T08:04:22Z</time>
        <extensions>
          <gpxtpx:TrackPointExtension>
            <gpxtpx:hr>167</gpxtpx:hr>
          </gpxtpx:TrackPointExtension>
        </extensions>
      </trkpt>
      <trkpt lat="50.09296263568103" lon="8.643398936837912">
        <ele>86.0</ele>
        <time>2026-09-23T08:04:25Z</time>
        <extensions>
          <gpxtpx:TrackPointExtension>
            <gpxtpx:hr>167</gpxtpx:hr>
          </gpxtpx:TrackPointExtension>
        </extensions>
      </trkpt>
      <trkpt lat="50.09291703812778" lon="8.643208248540759">
        <ele>86.0</ele>
        <time>2026-09-23T08:04:28Z</time>
        <extensions>
          <gpxtpx:TrackPointExtension>
            <gpxtpx:hr>167</gpxtpx:hr>
          </gpxtpx:TrackPointExtension>
        </extensions>
      </trkpt>
      <trkpt lat="50.092852246016264" lon="8.643052680417895">
        <ele>86.0</ele>
        <time>2026-09-23T08:04:31Z</time>
        <extensions>
          <gpxtpx:TrackPointExtension>
            <gpxtpx:hr>166</gpxtpx:hr>
          </gpxtpx:TrackPointExtension>
        </extensions>
      </trkpt>
      <trkpt lat="50.09277957491577" lon="8.64291898906231">
        <ele>86.0</ele>
        <time>2026-09-23T08:04:34Z</time>
        <extensions>
          <gpxtpx:TrackPointExtension>
            <gpxtpx:hr>166</gpxtpx:hr>
          </gpxtpx:TrackPointExtension>
        </extensions>
      </trkpt>
      <trkpt lat="50.092735486105084" lon="8.642800888046622">
        <ele>86.0</ele>
        <time>2026-09-23T08:04:37Z</time>
        <extensions>
          <gpxtpx:TrackPointExtension>
            <gpxtpx:hr>166</gpxtpx:hr>
          </gpxtpx:TrackPointExtension>
        </extensions>
      </trkpt>
      <trkpt lat="50.092762392014265" lon="8.642790243029594">
        <ele>86.0</ele>
        <time>2026-09-23T08:04:40Z</time>
        <extensions>
          <gpxtpx:TrackPointExtension>
            <gpxtpx:hr>166</gpxtpx:hr>
          </gpxtpx:TrackPointExtension>
        </extensions>
      </trkpt>
      <trkpt lat="50.09281444363296" lon="8.642871798947453">
        <ele>86.0</ele>
        <time>2026-09-23T08:04:43Z</time>
        <extensions>
          <gpxtpx:TrackPointExtension>
            <gpxtpx:hr>166</gpxtpx:hr>
          </gpxtpx:TrackPointExtension>
        </extensions>
      </trkpt>
      <trkpt lat="50.09286540560424" lon="8.642989648506045">
        <ele>86.0</ele>
        <time>2026-09-23T08:04:46Z</time>
        <extensions>
          <gpxtpx:TrackPointExtension>
            <gpxtpx:hr>167</gpxtpx:hr>
          </gpxtpx:TrackPointExtension>
        </extensions>
      </trkpt>
      <trkpt lat="50.09290689602494" lon="8.643123675137758">
        <ele>86.0</ele>
        <time>2026-09-23T08:04:49Z</time>
        <extensions>
          <gpxtpx:TrackPointExtension>
            <gpxtpx:hr>167</gpxtpx:hr>
          </gpxtpx:TrackPointExtension>
        </extensions>
      </trkpt>
      <trkpt lat="50.09293757379055" lon="8.643256528303027">
        <ele>86.0</ele>
        <time>2026-09-23T08:04:52Z</time>
        <extensions>
          <gpxtpx:TrackPointExtension>
            <gpxtpx:hr>168</gpxtpx:hr>
          </gpxtpx:TrackPointExtension>
        </extensions>
      </trkpt>
      <trkpt lat="50.092967832461" lon="8.643382508307695">
        <ele>86.0</ele>
        <time>2026-09-23T08:04:55Z</time>
        <extensions>
          <gpxtpx:TrackPointExtension>
            <gpxtpx:hr>168</gpxtpx:hr>
          </gpxtpx:TrackPointExtension>
        </extensions>
      </trkpt>
      <trkpt lat="50.0929887033999" lon="8.64349608309567">
        <ele>86.0</ele>
        <time>2026-09-23T08:04:58Z</time>
        <extensions>
          <gpxtpx:TrackPointExtension>
            <gpxtpx:hr>168</gpxtpx:hr>
          </gpxtpx:TrackPointExtension>
        </extensions>
      </trkpt>
      <trkpt lat="50.09299758821726" lon="8.643612004816532">
        <ele>86.0</ele>
        <time>2026-09-23T08:05:01Z</time>
        <extensions>
          <gpxtpx:TrackPointExtension>
            <gpxtpx:hr>168</gpxtpx:hr>
          </gpxtpx:TrackPointExtension>
        </extensions>
      </trkpt>
      <trkpt lat="50.09301234036684" lon="8.643731698393822">
        <ele>86.0</ele>
        <time>2026-09-23T08:05:04Z</time>
        <extensions>
          <gpxtpx:TrackPointExtension>
            <gpxtpx:hr>168</gpxtpx:hr>
          </gpxtpx:TrackPointExtension>
        </extensions>
      </trkpt>
      <trkpt lat="50.093035977333784" lon="8.643840495496988">
        <ele>86.0</ele>
        <time>2026-09-23T08:05:07Z</time>
        <extensions>
          <gpxtpx:TrackPointExtension>
            <gpxtpx:hr>168</gpxtpx:hr>
          </gpxtpx:TrackPointExtension>
        </extensions>
      </trkpt>
      <trkpt lat="50.09307595901191" lon="8.643962200731039">
        <ele>86.0</ele>
        <time>2026-09-23T08:05:10Z</time>
        <extensions>
          <gpxtpx:TrackPointExtension>
            <gpxtpx:hr>168</gpxtpx:hr>
          </gpxtpx:TrackPointExtension>
        </extensions>
      </trkpt>
      <trkpt lat="50.09311149828136" lon="8.6440971493721">
        <ele>86.0</ele>
        <time>2026-09-23T08:05:13Z</time>
        <extensions>
          <gpxtpx:TrackPointExtension>
            <gpxtpx:hr>168</gpxtpx:hr>
          </gpxtpx:TrackPointExtension>
        </extensions>
      </trkpt>
      <trkpt lat="50.093117197975516" lon="8.644226901233196">
        <ele>86.0</ele>
        <time>2026-09-23T08:05:16Z</time>
        <extensions>
          <gpxtpx:TrackPointExtension>
            <gpxtpx:hr>168</gpxtpx:hr>
          </gpxtpx:TrackPointExtension>
        </extensions>
      </trkpt>
      <trkpt lat="50.093113258481026" lon="8.644344750791788">
        <ele>86.0</ele>
        <time>2026-09-23T08:05:19Z</time>
        <extensions>
          <gpxtpx:TrackPointExtension>
            <gpxtpx:hr>168</gpxtpx:hr>
          </gpxtpx:TrackPointExtension>
        </extensions>
      </trkpt>
      <trkpt lat="50.0931110791862" lon="8.64442496560514">
        <ele>86.0</ele>
        <time>2026-09-23T08:05:22Z</time>
        <extensions>
          <gpxtpx:TrackPointExtension>
            <gpxtpx:hr>169</gpxtpx:hr>
          </gpxtpx:TrackPointExtension>
        </extensions>
      </trkpt>
      <trkpt lat="50.093106385320425" lon="8.6445530410856">
        <ele>86.0</ele>
        <time>2026-09-23T08:05:25Z</time>
        <extensions>
          <gpxtpx:TrackPointExtension>
            <gpxtpx:hr>168</gpxtpx:hr>
          </gpxtpx:TrackPointExtension>
        </extensions>
      </trkpt>
      <trkpt lat="50.09310822933912" lon="8.644662676379085">
        <ele>86.0</ele>
        <time>2026-09-23T08:05:28Z</time>
        <extensions>
          <gpxtpx:TrackPointExtension>
            <gpxtpx:hr>168</gpxtpx:hr>
          </gpxtpx:TrackPointExtension>
        </extensions>
      </trkpt>
      <trkpt lat="50.093113677576184" lon="8.644742975011468">
        <ele>86.0</ele>
        <time>2026-09-23T08:05:31Z</time>
        <extensions>
          <gpxtpx:TrackPointExtension>
            <gpxtpx:hr>168</gpxtpx:hr>
          </gpxtpx:TrackPointExtension>
        </extensions>
      </trkpt>
      <trkpt lat="50.0931179523468" lon="8.644820675253868">
        <ele>86.0</ele>
        <time>2026-09-23T08:05:34Z</time>
        <extensions>
          <gpxtpx:TrackPointExtension>
            <gpxtpx:hr>168</gpxtpx:hr>
          </gpxtpx:TrackPointExtension>
        </extensions>
      </trkpt>
      <trkpt lat="50.093126837164164" lon="8.644882868975401">
        <ele>86.0</ele>
        <time>2026-09-23T08:05:37Z</time>
        <extensions>
          <gpxtpx:TrackPointExtension>
            <gpxtpx:hr>168</gpxtpx:hr>
          </gpxtpx:TrackPointExtension>
        </extensions>
      </trkpt>
      <trkpt lat="50.093137649819255" lon="8.64493953064084">
        <ele>86.0</ele>
        <time>2026-09-23T08:05:40Z</time>
        <extensions>
          <gpxtpx:TrackPointExtension>
            <gpxtpx:hr>168</gpxtpx:hr>
          </gpxtpx:TrackPointExtension>
        </extensions>
      </trkpt>
      <trkpt lat="50.09315340779722" lon="8.645001389086246">
        <ele>86.0</ele>
        <time>2026-09-23T08:05:43Z</time>
        <extensions>
          <gpxtpx:TrackPointExtension>
            <gpxtpx:hr>167</gpxtpx:hr>
          </gpxtpx:TrackPointExtension>
        </extensions>
      </trkpt>
      <trkpt lat="50.09318685159087" lon="8.645073054358363">
        <ele>86.0</ele>
        <time>2026-09-23T08:05:46Z</time>
        <extensions>
          <gpxtpx:TrackPointExtension>
            <gpxtpx:hr>166</gpxtpx:hr>
          </gpxtpx:TrackPointExtension>
        </extensions>
      </trkpt>
      <trkpt lat="50.09322725236416" lon="8.645150335505605">
        <ele>85.0</ele>
        <time>2026-09-23T08:05:49Z</time>
        <extensions>
          <gpxtpx:TrackPointExtension>
            <gpxtpx:hr>164</gpxtpx:hr>
          </gpxtpx:TrackPointExtension>
        </extensions>
      </trkpt>
      <trkpt lat="50.09325306862593" lon="8.645213535055518">
        <ele>85.0</ele>
        <time>2026-09-23T08:05:52Z</time>
        <extensions>
          <gpxtpx:TrackPointExtension>
            <gpxtpx:hr>164</gpxtpx:hr>
          </gpxtpx:TrackPointExtension>
        </extensions>
      </trkpt>
      <trkpt lat="50.0932630430907" lon="8.645271956920624">
        <ele>85.0</ele>
        <time>2026-09-23T08:05:55Z</time>
        <extensions>
          <gpxtpx:TrackPointExtension>
            <gpxtpx:hr>161</gpxtpx:hr>
          </gpxtpx:TrackPointExtension>
        </extensions>
      </trkpt>
      <trkpt lat="50.0932733528316" lon="8.645333647727966">
        <ele>85.0</ele>
        <time>2026-09-23T08:05:58Z</time>
        <extensions>
          <gpxtpx:TrackPointExtension>
            <gpxtpx:hr>160</gpxtpx:hr>
          </gpxtpx:TrackPointExtension>
        </extensions>
      </trkpt>
      <trkpt lat="50.09328315965831" lon="8.645393075421453">
        <ele>85.0</ele>
        <time>2026-09-23T08:06:01Z</time>
        <extensions>
          <gpxtpx:TrackPointExtension>
            <gpxtpx:hr>159</gpxtpx:hr>
          </gpxtpx:TrackPointExtension>
        </extensions>
      </trkpt>
      <trkpt lat="50.09328416548669" lon="8.645439930260181">
        <ele>85.0</ele>
        <time>2026-09-23T08:06:04Z</time>
        <extensions>
          <gpxtpx:TrackPointExtension>
            <gpxtpx:hr>157</gpxtpx:hr>
          </gpxtpx:TrackPointExtension>
        </extensions>
      </trkpt>
      <trkpt lat="50.09328383021057" lon="8.645473038777709">
        <ele>85.0</ele>
        <time>2026-09-23T08:06:07Z</time>
        <extensions>
          <gpxtpx:TrackPointExtension>
            <gpxtpx:hr>155</gpxtpx:hr>
          </gpxtpx:TrackPointExtension>
        </extensions>
      </trkpt>
      <trkpt lat="50.09328458458185" lon="8.645496340468526">
        <ele>85.0</ele>
        <time>2026-09-23T08:06:10Z</time>
        <extensions>
          <gpxtpx:TrackPointExtension>
            <gpxtpx:hr>153</gpxtpx:hr>
          </gpxtpx:TrackPointExtension>
        </extensions>
      </trkpt>
      <trkpt lat="50.093285758048296" lon="8.645523581653833">
        <ele>85.0</ele>
        <time>2026-09-23T08:06:13Z</time>
        <extensions>
          <gpxtpx:TrackPointExtension>
            <gpxtpx:hr>152</gpxtpx:hr>
          </gpxtpx:TrackPointExtension>
        </extensions>
      </trkpt>
      <trkpt lat="50.09328458458185" lon="8.645566496998072">
        <ele>85.0</ele>
        <time>2026-09-23T08:06:16Z</time>
        <extensions>
          <gpxtpx:TrackPointExtension>
            <gpxtpx:hr>148</gpxtpx:hr>
          </gpxtpx:TrackPointExtension>
        </extensions>
      </trkpt>
      <trkpt lat="50.09328357875347" lon="8.645631792023778">
        <ele>85.0</ele>
        <time>2026-09-23T08:06:19Z</time>
        <extensions>
          <gpxtpx:TrackPointExtension>
            <gpxtpx:hr>145</gpxtpx:hr>
          </gpxtpx:TrackPointExtension>
        </extensions>
      </trkpt>
      <trkpt lat="50.09328165091574" lon="8.645735308527946">
        <ele>85.0</ele>
        <time>2026-09-23T08:06:22Z</time>
        <extensions>
          <gpxtpx:TrackPointExtension>
            <gpxtpx:hr>143</gpxtpx:hr>
          </gpxtpx:TrackPointExtension>
        </extensions>
      </trkpt>
      <trkpt lat="50.093295481055975" lon="8.645863300189376">
        <ele>85.0</ele>
        <time>2026-09-23T08:06:25Z</time>
        <extensions>
          <gpxtpx:TrackPointExtension>
            <gpxtpx:hr>142</gpxtpx:hr>
          </gpxtpx:TrackPointExtension>
        </extensions>
      </trkpt>
      <trkpt lat="50.09332607500255" lon="8.645983161404729">
        <ele>85.0</ele>
        <time>2026-09-23T08:06:28Z</time>
        <extensions>
          <gpxtpx:TrackPointExtension>
            <gpxtpx:hr>141</gpxtpx:hr>
          </gpxtpx:TrackPointExtension>
        </extensions>
      </trkpt>
      <trkpt lat="50.09334376081824" lon="8.64609807729721">
        <ele>85.0</ele>
        <time>2026-09-23T08:06:31Z</time>
        <extensions>
          <gpxtpx:TrackPointExtension>
            <gpxtpx:hr>141</gpxtpx:hr>
          </gpxtpx:TrackPointExtension>
        </extensions>
      </trkpt>
      <trkpt lat="50.09336429648101" lon="8.646198073402047">
        <ele>85.0</ele>
        <time>2026-09-23T08:06:34Z</time>
        <extensions>
          <gpxtpx:TrackPointExtension>
            <gpxtpx:hr>140</gpxtpx:hr>
          </gpxtpx:TrackPointExtension>
        </extensions>
      </trkpt>
      <trkpt lat="50.09337980300188" lon="8.646292453631759">
        <ele>85.0</ele>
        <time>2026-09-23T08:06:37Z</time>
        <extensions>
          <gpxtpx:TrackPointExtension>
            <gpxtpx:hr>139</gpxtpx:hr>
          </gpxtpx:TrackPointExtension>
        </extensions>
      </trkpt>
      <trkpt lat="50.093391286209226" lon="8.646391360089183">
        <ele>85.0</ele>
        <time>2026-09-23T08:06:40Z</time>
        <extensions>
          <gpxtpx:TrackPointExtension>
            <gpxtpx:hr>139</gpxtpx:hr>
          </gpxtpx:TrackPointExtension>
        </extensions>
      </trkpt>
      <trkpt lat="50.09341006167233" lon="8.646508371457458">
        <ele>85.0</ele>
        <time>2026-09-23T08:06:43Z</time>
        <extensions>
          <gpxtpx:TrackPointExtension>
            <gpxtpx:hr>139</gpxtpx:hr>
          </gpxtpx:TrackPointExtension>
        </extensions>
      </trkpt>
      <trkpt lat="50.09343537501991" lon="8.646630076691508">
        <ele>85.0</ele>
        <time>2026-09-23T08:06:46Z</time>
        <extensions>
          <gpxtpx:TrackPointExtension>
            <gpxtpx:hr>139</gpxtpx:hr>
          </gpxtpx:TrackPointExtension>
        </extensions>
      </trkpt>
      <trkpt lat="50.09346638806164" lon="8.646741136908531">
        <ele>85.0</ele>
        <time>2026-09-23T08:06:49Z</time>
        <extensions>
          <gpxtpx:TrackPointExtension>
            <gpxtpx:hr>139</gpxtpx:hr>
          </gpxtpx:TrackPointExtension>
        </extensions>
      </trkpt>
      <trkpt lat="50.093500167131424" lon="8.646844737231731">
        <ele>85.0</ele>
        <time>2026-09-23T08:06:52Z</time>
        <extensions>
          <gpxtpx:TrackPointExtension>
            <gpxtpx:hr>139</gpxtpx:hr>
          </gpxtpx:TrackPointExtension>
        </extensions>
      </trkpt>
      <trkpt lat="50.093538304790854" lon="8.646964598447084">
        <ele>85.0</ele>
        <time>2026-09-23T08:06:55Z</time>
        <extensions>
          <gpxtpx:TrackPointExtension>
            <gpxtpx:hr>140</gpxtpx:hr>
          </gpxtpx:TrackPointExtension>
        </extensions>
      </trkpt>
      <trkpt lat="50.093597481027246" lon="8.647062750533223">
        <ele>85.0</ele>
        <time>2026-09-23T08:06:58Z</time>
        <extensions>
          <gpxtpx:TrackPointExtension>
            <gpxtpx:hr>140</gpxtpx:hr>
          </gpxtpx:TrackPointExtension>
        </extensions>
      </trkpt>
      <trkpt lat="50.09365716017783" lon="8.647146234288812">
        <ele>85.0</ele>
        <time>2026-09-23T08:07:01Z</time>
        <extensions>
          <gpxtpx:TrackPointExtension>
            <gpxtpx:hr>142</gpxtpx:hr>
          </gpxtpx:TrackPointExtension>
        </extensions>
      </trkpt>
      <trkpt lat="50.093698147684336" lon="8.647240530699492">
        <ele>85.0</ele>
        <time>2026-09-23T08:07:04Z</time>
        <extensions>
          <gpxtpx:TrackPointExtension>
            <gpxtpx:hr>142</gpxtpx:hr>
          </gpxtpx:TrackPointExtension>
        </extensions>
      </trkpt>
      <trkpt lat="50.09372371248901" lon="8.647353099659085">
        <ele>85.0</ele>
        <time>2026-09-23T08:07:07Z</time>
        <extensions>
          <gpxtpx:TrackPointExtension>
            <gpxtpx:hr>142</gpxtpx:hr>
          </gpxtpx:TrackPointExtension>
        </extensions>
      </trkpt>
      <trkpt lat="50.093733351677656" lon="8.647464830428362">
        <ele>85.0</ele>
        <time>2026-09-23T08:07:10Z</time>
        <extensions>
          <gpxtpx:TrackPointExtension>
            <gpxtpx:hr>142</gpxtpx:hr>
          </gpxtpx:TrackPointExtension>
        </extensions>
      </trkpt>
      <trkpt lat="50.09371994063258" lon="8.647556444630027">
        <ele>85.0</ele>
        <time>2026-09-23T08:07:13Z</time>
        <extensions>
          <gpxtpx:TrackPointExtension>
            <gpxtpx:hr>142</gpxtpx:hr>
          </gpxtpx:TrackPointExtension>
        </extensions>
      </trkpt>
      <trkpt lat="50.093710385262966" lon="8.647615788504481">
        <ele>85.0</ele>
        <time>2026-09-23T08:07:16Z</time>
        <extensions>
          <gpxtpx:TrackPointExtension>
            <gpxtpx:hr>144</gpxtpx:hr>
          </gpxtpx:TrackPointExtension>
        </extensions>
      </trkpt>
      <trkpt lat="50.093701081350446" lon="8.647656105458736">
        <ele>85.0</ele>
        <time>2026-09-23T08:07:19Z</time>
        <extensions>
          <gpxtpx:TrackPointExtension>
            <gpxtpx:hr>145</gpxtpx:hr>
          </gpxtpx:TrackPointExtension>
        </extensions>
      </trkpt>
      <trkpt lat="50.0936671346426" lon="8.64767923951149">
        <ele>85.0</ele>
        <time>2026-09-23T08:07:22Z</time>
        <extensions>
          <gpxtpx:TrackPointExtension>
            <gpxtpx:hr>145</gpxtpx:hr>
          </gpxtpx:TrackPointExtension>
        </extensions>
      </trkpt>
      <trkpt lat="50.09360904805362" lon="8.64771000109613">
        <ele>86.0</ele>
        <time>2026-09-23T08:07:25Z</time>
        <extensions>
          <gpxtpx:TrackPointExtension>
            <gpxtpx:hr>146</gpxtpx:hr>
          </gpxtpx:TrackPointExtension>
        </extensions>
      </trkpt>
      <trkpt lat="50.09354526177049" lon="8.64773833192885">
        <ele>87.0</ele>
        <time>2026-09-23T08:07:28Z</time>
        <extensions>
          <gpxtpx:TrackPointExtension>
            <gpxtpx:hr>147</gpxtpx:hr>
          </gpxtpx:TrackPointExtension>
        </extensions>
      </trkpt>
      <trkpt lat="50.09347795508802" lon="8.64775543101132">
        <ele>88.0</ele>
        <time>2026-09-23T08:07:31Z</time>
        <extensions>
          <gpxtpx:TrackPointExtension>
            <gpxtpx:hr>149</gpxtpx:hr>
          </gpxtpx:TrackPointExtension>
        </extensions>
      </trkpt>
      <trkpt lat="50.09340318851173" lon="8.647790886461735">
        <ele>88.0</ele>
        <time>2026-09-23T08:07:34Z</time>
        <extensions>
          <gpxtpx:TrackPointExtension>
            <gpxtpx:hr>153</gpxtpx:hr>
          </gpxtpx:TrackPointExtension>
        </extensions>
      </trkpt>
      <trkpt lat="50.09332657791674" lon="8.647829946130514">
        <ele>88.0</ele>
        <time>2026-09-23T08:07:37Z</time>
        <extensions>
          <gpxtpx:TrackPointExtension>
            <gpxtpx:hr>156</gpxtpx:hr>
          </gpxtpx:TrackPointExtension>
        </extensions>
      </trkpt>
      <trkpt lat="50.09324099868536" lon="8.647841596975923">
        <ele>89.0</ele>
        <time>2026-09-23T08:07:40Z</time>
        <extensions>
          <gpxtpx:TrackPointExtension>
            <gpxtpx:hr>158</gpxtpx:hr>
          </gpxtpx:TrackPointExtension>
        </extensions>
      </trkpt>
      <trkpt lat="50.09316883049905" lon="8.64778870716691">
        <ele>89.0</ele>
        <time>2026-09-23T08:07:43Z</time>
        <extensions>
          <gpxtpx:TrackPointExtension>
            <gpxtpx:hr>159</gpxtpx:hr>
          </gpxtpx:TrackPointExtension>
        </extensions>
      </trkpt>
      <trkpt lat="50.09312616661191" lon="8.647683765739202">
        <ele>89.0</ele>
        <time>2026-09-23T08:07:46Z</time>
        <extensions>
          <gpxtpx:TrackPointExtension>
            <gpxtpx:hr>159</gpxtpx:hr>
          </gpxtpx:TrackPointExtension>
        </extensions>
      </trkpt>
      <trkpt lat="50.09309188462794" lon="8.647578153759241">
        <ele>89.0</ele>
        <time>2026-09-23T08:07:49Z</time>
        <extensions>
          <gpxtpx:TrackPointExtension>
            <gpxtpx:hr>160</gpxtpx:hr>
          </gpxtpx:TrackPointExtension>
        </extensions>
      </trkpt>
      <trkpt lat="50.09305223822594" lon="8.647464495152235">
        <ele>89.0</ele>
        <time>2026-09-23T08:07:52Z</time>
        <extensions>
          <gpxtpx:TrackPointExtension>
            <gpxtpx:hr>161</gpxtpx:hr>
          </gpxtpx:TrackPointExtension>
        </extensions>
      </trkpt>
      <trkpt lat="50.093015441671014" lon="8.647338850423694">
        <ele>89.0</ele>
        <time>2026-09-23T08:07:55Z</time>
        <extensions>
          <gpxtpx:TrackPointExtension>
            <gpxtpx:hr>162</gpxtpx:hr>
          </gpxtpx:TrackPointExtension>
        </extensions>
      </trkpt>
      <trkpt lat="50.09298040531576" lon="8.647226365283132">
        <ele>89.0</ele>
        <time>2026-09-23T08:07:58Z</time>
        <extensions>
          <gpxtpx:TrackPointExtension>
            <gpxtpx:hr>163</gpxtpx:hr>
          </gpxtpx:TrackPointExtension>
        </extensions>
      </trkpt>
      <trkpt lat="50.092941680923104" lon="8.647110359743237">
        <ele>89.0</ele>
        <time>2026-09-23T08:08:01Z</time>
        <extensions>
          <gpxtpx:TrackPointExtension>
            <gpxtpx:hr>163</gpxtpx:hr>
          </gpxtpx:TrackPointExtension>
        </extensions>
      </trkpt>
      <trkpt lat="50.09290714748204" lon="8.646978931501508">
        <ele>89.0</ele>
        <time>2026-09-23T08:08:04Z</time>
        <extensions>
          <gpxtpx:TrackPointExtension>
            <gpxtpx:hr>164</gpxtpx:hr>
          </gpxtpx:TrackPointExtension>
        </extensions>
      </trkpt>
      <trkpt lat="50.092885103076696" lon="8.646845491603017">
        <ele>89.0</ele>
        <time>2026-09-23T08:08:07Z</time>
        <extensions>
          <gpxtpx:TrackPointExtension>
            <gpxtpx:hr>164</gpxtpx:hr>
          </gpxtpx:TrackPointExtension>
        </extensions>
      </trkpt>
      <trkpt lat="50.092873284593225" lon="8.646699897944927">
        <ele>89.0</ele>
        <time>2026-09-23T08:08:10Z</time>
        <extensions>
          <gpxtpx:TrackPointExtension>
            <gpxtpx:hr>164</gpxtpx:hr>
          </gpxtpx:TrackPointExtension>
        </extensions>
      </trkpt>
      <trkpt lat="50.092866411432624" lon="8.646561093628407">
        <ele>89.0</ele>
        <time>2026-09-23T08:08:13Z</time>
        <extensions>
          <gpxtpx:TrackPointExtension>
            <gpxtpx:hr>164</gpxtpx:hr>
          </gpxtpx:TrackPointExtension>
        </extensions>
      </trkpt>
      <trkpt lat="50.09284805506468" lon="8.646422876045108">
        <ele>89.0</ele>
        <time>2026-09-23T08:08:16Z</time>
        <extensions>
          <gpxtpx:TrackPointExtension>
            <gpxtpx:hr>165</gpxtpx:hr>
          </gpxtpx:TrackPointExtension>
        </extensions>
      </trkpt>
      <trkpt lat="50.092822909355164" lon="8.646289436146617">
        <ele>89.0</ele>
        <time>2026-09-23T08:08:19Z</time>
        <extensions>
          <gpxtpx:TrackPointExtension>
            <gpxtpx:hr>166</gpxtpx:hr>
          </gpxtpx:TrackPointExtension>
        </extensions>
      </trkpt>
      <trkpt lat="50.092797596007586" lon="8.646179549396038">
        <ele>89.0</ele>
        <time>2026-09-23T08:08:22Z</time>
        <extensions>
          <gpxtpx:TrackPointExtension>
            <gpxtpx:hr>167</gpxtpx:hr>
          </gpxtpx:TrackPointExtension>
        </extensions>
      </trkpt>
      <trkpt lat="50.0927709415555" lon="8.646070584654808">
        <ele>89.0</ele>
        <time>2026-09-23T08:08:25Z</time>
        <extensions>
          <gpxtpx:TrackPointExtension>
            <gpxtpx:hr>167</gpxtpx:hr>
          </gpxtpx:TrackPointExtension>
        </extensions>
      </trkpt>
      <trkpt lat="50.09273615665734" lon="8.645915854722261">
        <ele>89.0</ele>
        <time>2026-09-23T08:08:28Z</time>
        <extensions>
          <gpxtpx:TrackPointExtension>
            <gpxtpx:hr>167</gpxtpx:hr>
          </gpxtpx:TrackPointExtension>
        </extensions>
      </trkpt>
      <trkpt lat="50.09270363487303" lon="8.645746288821101">
        <ele>89.0</ele>
        <time>2026-09-23T08:08:31Z</time>
        <extensions>
          <gpxtpx:TrackPointExtension>
            <gpxtpx:hr>168</gpxtpx:hr>
          </gpxtpx:TrackPointExtension>
        </extensions>
      </trkpt>
      <trkpt lat="50.09268678724766" lon="8.64558795467019">
        <ele>89.0</ele>
        <time>2026-09-23T08:08:34Z</time>
        <extensions>
          <gpxtpx:TrackPointExtension>
            <gpxtpx:hr>168</gpxtpx:hr>
          </gpxtpx:TrackPointExtension>
        </extensions>
      </trkpt>
      <trkpt lat="50.092672538012266" lon="8.645455688238144">
        <ele>89.0</ele>
        <time>2026-09-23T08:08:37Z</time>
        <extensions>
          <gpxtpx:TrackPointExtension>
            <gpxtpx:hr>169</gpxtpx:hr>
          </gpxtpx:TrackPointExtension>
        </extensions>
      </trkpt>
      <trkpt lat="50.092650074511766" lon="8.645324930548668">
        <ele>89.0</ele>
        <time>2026-09-23T08:08:40Z</time>
        <extensions>
          <gpxtpx:TrackPointExtension>
            <gpxtpx:hr>169</gpxtpx:hr>
          </gpxtpx:TrackPointExtension>
        </extensions>
      </trkpt>
      <trkpt lat="50.09261311031878" lon="8.645185539498925">
        <ele>89.0</ele>
        <time>2026-09-23T08:08:43Z</time>
        <extensions>
          <gpxtpx:TrackPointExtension>
            <gpxtpx:hr>169</gpxtpx:hr>
          </gpxtpx:TrackPointExtension>
        </extensions>
      </trkpt>
      <trkpt lat="50.09257153607905" lon="8.645041286945343">
        <ele>89.0</ele>
        <time>2026-09-23T08:08:46Z</time>
        <extensions>
          <gpxtpx:TrackPointExtension>
            <gpxtpx:hr>168</gpxtpx:hr>
          </gpxtpx:TrackPointExtension>
        </extensions>
      </trkpt>
      <trkpt lat="50.09251344949007" lon="8.644876582548022">
        <ele>89.0</ele>
        <time>2026-09-23T08:08:49Z</time>
        <extensions>
          <gpxtpx:TrackPointExtension>
            <gpxtpx:hr>168</gpxtpx:hr>
          </gpxtpx:TrackPointExtension>
        </extensions>
      </trkpt>
      <trkpt lat="50.09244740009308" lon="8.644719086587429">
        <ele>89.0</ele>
        <time>2026-09-23T08:08:52Z</time>
        <extensions>
          <gpxtpx:TrackPointExtension>
            <gpxtpx:hr>167</gpxtpx:hr>
          </gpxtpx:TrackPointExtension>
        </extensions>
      </trkpt>
      <trkpt lat="50.09237380698323" lon="8.644581539556384">
        <ele>89.0</ele>
        <time>2026-09-23T08:08:55Z</time>
        <extensions>
          <gpxtpx:TrackPointExtension>
            <gpxtpx:hr>168</gpxtpx:hr>
          </gpxtpx:TrackPointExtension>
        </extensions>
      </trkpt>
      <trkpt lat="50.09231060743332" lon="8.644462767988443">
        <ele>89.0</ele>
        <time>2026-09-23T08:08:58Z</time>
        <extensions>
          <gpxtpx:TrackPointExtension>
            <gpxtpx:hr>168</gpxtpx:hr>
          </gpxtpx:TrackPointExtension>
        </extensions>
      </trkpt>
      <trkpt lat="50.09225704707205" lon="8.64431943744421">
        <ele>89.0</ele>
        <time>2026-09-23T08:09:01Z</time>
        <extensions>
          <gpxtpx:TrackPointExtension>
            <gpxtpx:hr>169</gpxtpx:hr>
          </gpxtpx:TrackPointExtension>
        </extensions>
      </trkpt>
      <trkpt lat="50.09219837374985" lon="8.644176358357072">
        <ele>89.0</ele>
        <time>2026-09-23T08:09:04Z</time>
        <extensions>
          <gpxtpx:TrackPointExtension>
            <gpxtpx:hr>169</gpxtpx:hr>
          </gpxtpx:TrackPointExtension>
        </extensions>
      </trkpt>
      <trkpt lat="50.0921440590173" lon="8.644058760255575">
        <ele>89.0</ele>
        <time>2026-09-23T08:09:07Z</time>
        <extensions>
          <gpxtpx:TrackPointExtension>
            <gpxtpx:hr>169</gpxtpx:hr>
          </gpxtpx:TrackPointExtension>
        </extensions>
      </trkpt>
      <trkpt lat="50.092087564989924" lon="8.643949208781123">
        <ele>89.0</ele>
        <time>2026-09-23T08:09:10Z</time>
        <extensions>
          <gpxtpx:TrackPointExtension>
            <gpxtpx:hr>169</gpxtpx:hr>
          </gpxtpx:TrackPointExtension>
        </extensions>
      </trkpt>
      <trkpt lat="50.0920283049345" lon="8.643828677013516">
        <ele>89.0</ele>
        <time>2026-09-23T08:09:13Z</time>
        <extensions>
          <gpxtpx:TrackPointExtension>
            <gpxtpx:hr>169</gpxtpx:hr>
          </gpxtpx:TrackPointExtension>
        </extensions>
      </trkpt>
      <trkpt lat="50.09195839986205" lon="8.643694398924708">
        <ele>89.0</ele>
        <time>2026-09-23T08:09:16Z</time>
        <extensions>
          <gpxtpx:TrackPointExtension>
            <gpxtpx:hr>170</gpxtpx:hr>
          </gpxtpx:TrackPointExtension>
        </extensions>
      </trkpt>
      <trkpt lat="50.09187960997224" lon="8.643537238240242">
        <ele>89.0</ele>
        <time>2026-09-23T08:09:19Z</time>
        <extensions>
          <gpxtpx:TrackPointExtension>
            <gpxtpx:hr>170</gpxtpx:hr>
          </gpxtpx:TrackPointExtension>
        </extensions>
      </trkpt>
      <trkpt lat="50.091808531433344" lon="8.643405977636576">
        <ele>89.0</ele>
        <time>2026-09-23T08:09:22Z</time>
        <extensions>
          <gpxtpx:TrackPointExtension>
            <gpxtpx:hr>171</gpxtpx:hr>
          </gpxtpx:TrackPointExtension>
        </extensions>
      </trkpt>
      <trkpt lat="50.09173946455121" lon="8.64327815361321">
        <ele>89.0</ele>
        <time>2026-09-23T08:09:25Z</time>
        <extensions>
          <gpxtpx:TrackPointExtension>
            <gpxtpx:hr>171</gpxtpx:hr>
          </gpxtpx:TrackPointExtension>
        </extensions>
      </trkpt>
      <trkpt lat="50.091663943603635" lon="8.643159633502364">
        <ele>89.0</ele>
        <time>2026-09-23T08:09:28Z</time>
        <extensions>
          <gpxtpx:TrackPointExtension>
            <gpxtpx:hr>171</gpxtpx:hr>
          </gpxtpx:TrackPointExtension>
        </extensions>
      </trkpt>
      <trkpt lat="50.09159739129245" lon="8.643061146140099">
        <ele>89.0</ele>
        <time>2026-09-23T08:09:31Z</time>
        <extensions>
          <gpxtpx:TrackPointExtension>
            <gpxtpx:hr>171</gpxtpx:hr>
          </gpxtpx:TrackPointExtension>
        </extensions>
      </trkpt>
      <trkpt lat="50.09153310209513" lon="8.64297615364194">
        <ele>89.0</ele>
        <time>2026-09-23T08:09:34Z</time>
        <extensions>
          <gpxtpx:TrackPointExtension>
            <gpxtpx:hr>172</gpxtpx:hr>
          </gpxtpx:TrackPointExtension>
        </extensions>
      </trkpt>
      <trkpt lat="50.091466968879104" lon="8.642884287983179">
        <ele>90.0</ele>
        <time>2026-09-23T08:09:37Z</time>
        <extensions>
          <gpxtpx:TrackPointExtension>
            <gpxtpx:hr>172</gpxtpx:hr>
          </gpxtpx:TrackPointExtension>
        </extensions>
      </trkpt>
      <trkpt lat="50.09140477515757" lon="8.642785297706723">
        <ele>90.0</ele>
        <time>2026-09-23T08:09:40Z</time>
        <extensions>
          <gpxtpx:TrackPointExtension>
            <gpxtpx:hr>173</gpxtpx:hr>
          </gpxtpx:TrackPointExtension>
        </extensions>
      </trkpt>
      <trkpt lat="50.0913498736918" lon="8.642672477290034">
        <ele>90.0</ele>
        <time>2026-09-23T08:09:43Z</time>
        <extensions>
          <gpxtpx:TrackPointExtension>
            <gpxtpx:hr>173</gpxtpx:hr>
          </gpxtpx:TrackPointExtension>
        </extensions>
      </trkpt>
      <trkpt lat="50.09130519814789" lon="8.642552699893713">
        <ele>90.0</ele>
        <time>2026-09-23T08:09:46Z</time>
        <extensions>
          <gpxtpx:TrackPointExtension>
            <gpxtpx:hr>173</gpxtpx:hr>
          </gpxtpx:TrackPointExtension>
        </extensions>
      </trkpt>
      <trkpt lat="50.09125867858529" lon="8.642430743202567">
        <ele>89.0</ele>
        <time>2026-09-23T08:09:49Z</time>
        <extensions>
          <gpxtpx:TrackPointExtension>
            <gpxtpx:hr>173</gpxtpx:hr>
          </gpxtpx:TrackPointExtension>
        </extensions>
      </trkpt>
      <trkpt lat="50.091212997213006" lon="8.642291771247983">
        <ele>89.0</ele>
        <time>2026-09-23T08:09:52Z</time>
        <extensions>
          <gpxtpx:TrackPointExtension>
            <gpxtpx:hr>173</gpxtpx:hr>
          </gpxtpx:TrackPointExtension>
        </extensions>
      </trkpt>
      <trkpt lat="50.09118525311351" lon="8.642150284722447">
        <ele>89.0</ele>
        <time>2026-09-23T08:09:55Z</time>
        <extensions>
          <gpxtpx:TrackPointExtension>
            <gpxtpx:hr>172</gpxtpx:hr>
          </gpxtpx:TrackPointExtension>
        </extensions>
      </trkpt>
      <trkpt lat="50.091147953644395" lon="8.64201407879591">
        <ele>89.0</ele>
        <time>2026-09-23T08:09:58Z</time>
        <extensions>
          <gpxtpx:TrackPointExtension>
            <gpxtpx:hr>173</gpxtpx:hr>
          </gpxtpx:TrackPointExtension>
        </extensions>
      </trkpt>
      <trkpt lat="50.09111400693655" lon="8.641879884526134">
        <ele>89.0</ele>
        <time>2026-09-23T08:10:01Z</time>
        <extensions>
          <gpxtpx:TrackPointExtension>
            <gpxtpx:hr>173</gpxtpx:hr>
          </gpxtpx:TrackPointExtension>
        </extensions>
      </trkpt>
      <trkpt lat="50.09106623008847" lon="8.641750467941165">
        <ele>88.0</ele>
        <time>2026-09-23T08:10:04Z</time>
        <extensions>
          <gpxtpx:TrackPointExtension>
            <gpxtpx:hr>172</gpxtpx:hr>
          </gpxtpx:TrackPointExtension>
        </extensions>
      </trkpt>
      <trkpt lat="50.091004204005" lon="8.641619458794594">
        <ele>88.0</ele>
        <time>2026-09-23T08:10:07Z</time>
        <extensions>
          <gpxtpx:TrackPointExtension>
            <gpxtpx:hr>171</gpxtpx:hr>
          </gpxtpx:TrackPointExtension>
        </extensions>
      </trkpt>
      <trkpt lat="50.09093698114157" lon="8.641472440212965">
        <ele>87.0</ele>
        <time>2026-09-23T08:10:10Z</time>
        <extensions>
          <gpxtpx:TrackPointExtension>
            <gpxtpx:hr>172</gpxtpx:hr>
          </gpxtpx:TrackPointExtension>
        </extensions>
      </trkpt>
      <trkpt lat="50.09087277576327" lon="8.641339167952538">
        <ele>87.0</ele>
        <time>2026-09-23T08:10:13Z</time>
        <extensions>
          <gpxtpx:TrackPointExtension>
            <gpxtpx:hr>172</gpxtpx:hr>
          </gpxtpx:TrackPointExtension>
        </extensions>
      </trkpt>
      <trkpt lat="50.09083514101803" lon="8.641215953975916">
        <ele>87.0</ele>
        <time>2026-09-23T08:10:16Z</time>
        <extensions>
          <gpxtpx:TrackPointExtension>
            <gpxtpx:hr>173</gpxtpx:hr>
          </gpxtpx:TrackPointExtension>
        </extensions>
      </trkpt>
      <trkpt lat="50.090763894841075" lon="8.641061140224338">
        <ele>87.0</ele>
        <time>2026-09-23T08:10:19Z</time>
        <extensions>
          <gpxtpx:TrackPointExtension>
            <gpxtpx:hr>173</gpxtpx:hr>
          </gpxtpx:TrackPointExtension>
        </extensions>
      </trkpt>
      <trkpt lat="50.090686697512865" lon="8.64091663621366">
        <ele>87.0</ele>
        <time>2026-09-23T08:10:22Z</time>
        <extensions>
          <gpxtpx:TrackPointExtension>
            <gpxtpx:hr>173</gpxtpx:hr>
          </gpxtpx:TrackPointExtension>
        </extensions>
      </trkpt>
      <trkpt lat="50.09062207303941" lon="8.640791242942214">
        <ele>87.0</ele>
        <time>2026-09-23T08:10:25Z</time>
        <extensions>
          <gpxtpx:TrackPointExtension>
            <gpxtpx:hr>173</gpxtpx:hr>
          </gpxtpx:TrackPointExtension>
        </extensions>
      </trkpt>
      <trkpt lat="50.09056775830686" lon="8.640677249059081">
        <ele>87.0</ele>
        <time>2026-09-23T08:10:28Z</time>
        <extensions>
          <gpxtpx:TrackPointExtension>
            <gpxtpx:hr>173</gpxtpx:hr>
          </gpxtpx:TrackPointExtension>
        </extensions>
      </trkpt>
      <trkpt lat="50.09050958789885" lon="8.640557639300823">
        <ele>87.0</ele>
        <time>2026-09-23T08:10:31Z</time>
        <extensions>
          <gpxtpx:TrackPointExtension>
            <gpxtpx:hr>173</gpxtpx:hr>
          </gpxtpx:TrackPointExtension>
        </extensions>
      </trkpt>
      <trkpt lat="50.09044345468283" lon="8.640436939895153">
        <ele>87.0</ele>
        <time>2026-09-23T08:10:34Z</time>
        <extensions>
          <gpxtpx:TrackPointExtension>
            <gpxtpx:hr>172</gpxtpx:hr>
          </gpxtpx:TrackPointExtension>
        </extensions>
      </trkpt>
      <trkpt lat="50.09038452990353" lon="8.640324287116528">
        <ele>87.0</ele>
        <time>2026-09-23T08:10:37Z</time>
        <extensions>
          <gpxtpx:TrackPointExtension>
            <gpxtpx:hr>172</gpxtpx:hr>
          </gpxtpx:TrackPointExtension>
        </extensions>
      </trkpt>
      <trkpt lat="50.090335411950946" lon="8.640218256041408">
        <ele>87.0</ele>
        <time>2026-09-23T08:10:40Z</time>
        <extensions>
          <gpxtpx:TrackPointExtension>
            <gpxtpx:hr>172</gpxtpx:hr>
          </gpxtpx:TrackPointExtension>
        </extensions>
      </trkpt>
      <trkpt lat="50.090247904881835" lon="8.640098478645086">
        <ele>87.0</ele>
        <time>2026-09-23T08:10:43Z</time>
        <extensions>
          <gpxtpx:TrackPointExtension>
            <gpxtpx:hr>172</gpxtpx:hr>
          </gpxtpx:TrackPointExtension>
        </extensions>
      </trkpt>
      <trkpt lat="50.090136006474495" lon="8.63994525745511">
        <ele>87.0</ele>
        <time>2026-09-23T08:10:46Z</time>
        <extensions>
          <gpxtpx:TrackPointExtension>
            <gpxtpx:hr>172</gpxtpx:hr>
          </gpxtpx:TrackPointExtension>
        </extensions>
      </trkpt>
      <trkpt lat="50.09006232954562" lon="8.63980695605278">
        <ele>87.0</ele>
        <time>2026-09-23T08:10:49Z</time>
        <extensions>
          <gpxtpx:TrackPointExtension>
            <gpxtpx:hr>172</gpxtpx:hr>
          </gpxtpx:TrackPointExtension>
        </extensions>
      </trkpt>
      <trkpt lat="50.090006003156304" lon="8.63969799131155">
        <ele>87.0</ele>
        <time>2026-09-23T08:10:52Z</time>
        <extensions>
          <gpxtpx:TrackPointExtension>
            <gpxtpx:hr>172</gpxtpx:hr>
          </gpxtpx:TrackPointExtension>
        </extensions>
      </trkpt>
      <trkpt lat="50.089958142489195" lon="8.639618279412389">
        <ele>87.0</ele>
        <time>2026-09-23T08:10:55Z</time>
        <extensions>
          <gpxtpx:TrackPointExtension>
            <gpxtpx:hr>172</gpxtpx:hr>
          </gpxtpx:TrackPointExtension>
        </extensions>
      </trkpt>
      <trkpt lat="50.08990868926048" lon="8.639550134539604">
        <ele>87.0</ele>
        <time>2026-09-23T08:10:58Z</time>
        <extensions>
          <gpxtpx:TrackPointExtension>
            <gpxtpx:hr>172</gpxtpx:hr>
          </gpxtpx:TrackPointExtension>
        </extensions>
      </trkpt>
      <trkpt lat="50.08987197652459" lon="8.639476038515568">
        <ele>87.0</ele>
        <time>2026-09-23T08:11:01Z</time>
        <extensions>
          <gpxtpx:TrackPointExtension>
            <gpxtpx:hr>172</gpxtpx:hr>
          </gpxtpx:TrackPointExtension>
        </extensions>
      </trkpt>
      <trkpt lat="50.089841801673174" lon="8.639383083209395">
        <ele>87.0</ele>
        <time>2026-09-23T08:11:04Z</time>
        <extensions>
          <gpxtpx:TrackPointExtension>
            <gpxtpx:hr>172</gpxtpx:hr>
          </gpxtpx:TrackPointExtension>
        </extensions>
      </trkpt>
      <trkpt lat="50.08980215527117" lon="8.639277638867497">
        <ele>87.0</ele>
        <time>2026-09-23T08:11:07Z</time>
        <extensions>
          <gpxtpx:TrackPointExtension>
            <gpxtpx:hr>172</gpxtpx:hr>
          </gpxtpx:TrackPointExtension>
        </extensions>
      </trkpt>
      <trkpt lat="50.08975764736533" lon="8.639176385477185">
        <ele>87.0</ele>
        <time>2026-09-23T08:11:10Z</time>
        <extensions>
          <gpxtpx:TrackPointExtension>
            <gpxtpx:hr>94</gpxtpx:hr>
          </gpxtpx:TrackPointExtension>
        </extensions>
      </trkpt>
      <trkpt lat="50.08972286246717" lon="8.639078987762332">
        <ele>88.0</ele>
        <time>2026-09-23T08:11:13Z</time>
        <extensions>
          <gpxtpx:TrackPointExtension>
            <gpxtpx:hr>94</gpxtpx:hr>
          </gpxtpx:TrackPointExtension>
        </extensions>
      </trkpt>
      <trkpt lat="50.089685982093215" lon="8.63898603245616">
        <ele>88.0</ele>
        <time>2026-09-23T08:11:16Z</time>
        <extensions>
          <gpxtpx:TrackPointExtension>
            <gpxtpx:hr>97</gpxtpx:hr>
          </gpxtpx:TrackPointExtension>
        </extensions>
      </trkpt>
      <trkpt lat="50.08964993990958" lon="8.63890690729022">
        <ele>88.0</ele>
        <time>2026-09-23T08:11:19Z</time>
        <extensions>
          <gpxtpx:TrackPointExtension>
            <gpxtpx:hr>100</gpxtpx:hr>
          </gpxtpx:TrackPointExtension>
        </extensions>
      </trkpt>
      <trkpt lat="50.08962177671492" lon="8.638840271160007">
        <ele>88.0</ele>
        <time>2026-09-23T08:11:22Z</time>
        <extensions>
          <gpxtpx:TrackPointExtension>
            <gpxtpx:hr>104</gpxtpx:hr>
          </gpxtpx:TrackPointExtension>
        </extensions>
      </trkpt>
      <trkpt lat="50.08959386497736" lon="8.638769276440144">
        <ele>88.0</ele>
        <time>2026-09-23T08:11:25Z</time>
        <extensions>
          <gpxtpx:TrackPointExtension>
            <gpxtpx:hr>107</gpxtpx:hr>
          </gpxtpx:TrackPointExtension>
        </extensions>
      </trkpt>
      <trkpt lat="50.089577939361334" lon="8.638698952272534">
        <ele>88.0</ele>
        <time>2026-09-23T08:11:28Z</time>
        <extensions>
          <gpxtpx:TrackPointExtension>
            <gpxtpx:hr>108</gpxtpx:hr>
          </gpxtpx:TrackPointExtension>
        </extensions>
      </trkpt>
      <trkpt lat="50.08957534097135" lon="8.638639356940985">
        <ele>88.0</ele>
        <time>2026-09-23T08:11:31Z</time>
        <extensions>
          <gpxtpx:TrackPointExtension>
            <gpxtpx:hr>111</gpxtpx:hr>
          </gpxtpx:TrackPointExtension>
        </extensions>
      </trkpt>
      <trkpt lat="50.08956645615399" lon="8.638588562607765">
        <ele>88.0</ele>
        <time>2026-09-23T08:11:34Z</time>
        <extensions>
          <gpxtpx:TrackPointExtension>
            <gpxtpx:hr>114</gpxtpx:hr>
          </gpxtpx:TrackPointExtension>
        </extensions>
      </trkpt>
      <trkpt lat="50.0895297434181" lon="8.63853164948523">
        <ele>88.0</ele>
        <time>2026-09-23T08:11:37Z</time>
        <extensions>
          <gpxtpx:TrackPointExtension>
            <gpxtpx:hr>117</gpxtpx:hr>
          </gpxtpx:TrackPointExtension>
        </extensions>
      </trkpt>
      <trkpt lat="50.089471992105246" lon="8.638465348631144">
        <ele>87.0</ele>
        <time>2026-09-23T08:11:40Z</time>
        <extensions>
          <gpxtpx:TrackPointExtension>
            <gpxtpx:hr>120</gpxtpx:hr>
          </gpxtpx:TrackPointExtension>
        </extensions>
      </trkpt>
      <trkpt lat="50.08942672982812" lon="8.638391336426139">
        <ele>87.0</ele>
        <time>2026-09-23T08:11:43Z</time>
        <extensions>
          <gpxtpx:TrackPointExtension>
            <gpxtpx:hr>123</gpxtpx:hr>
          </gpxtpx:TrackPointExtension>
        </extensions>
      </trkpt>
      <trkpt lat="50.08937995880842" lon="8.638314977288246">
        <ele>87.0</ele>
        <time>2026-09-23T08:11:46Z</time>
        <extensions>
          <gpxtpx:TrackPointExtension>
            <gpxtpx:hr>126</gpxtpx:hr>
          </gpxtpx:TrackPointExtension>
        </extensions>
      </trkpt>
      <trkpt lat="50.08932958357036" lon="8.638232331722975">
        <ele>87.0</ele>
        <time>2026-09-23T08:11:49Z</time>
        <extensions>
          <gpxtpx:TrackPointExtension>
            <gpxtpx:hr>129</gpxtpx:hr>
          </gpxtpx:TrackPointExtension>
        </extensions>
      </trkpt>
      <trkpt lat="50.089269652962685" lon="8.638142980635166">
        <ele>87.0</ele>
        <time>2026-09-23T08:11:52Z</time>
        <extensions>
          <gpxtpx:TrackPointExtension>
            <gpxtpx:hr>132</gpxtpx:hr>
          </gpxtpx:TrackPointExtension>
        </extensions>
      </trkpt>
      <trkpt lat="50.08921810425818" lon="8.638051366433501">
        <ele>87.0</ele>
        <time>2026-09-23T08:11:55Z</time>
        <extensions>
          <gpxtpx:TrackPointExtension>
            <gpxtpx:hr>137</gpxtpx:hr>
          </gpxtpx:TrackPointExtension>
        </extensions>
      </trkpt>
      <trkpt lat="50.089174350723624" lon="8.637949861586094">
        <ele>87.0</ele>
        <time>2026-09-23T08:11:58Z</time>
        <extensions>
          <gpxtpx:TrackPointExtension>
            <gpxtpx:hr>144</gpxtpx:hr>
          </gpxtpx:TrackPointExtension>
        </extensions>
      </trkpt>
      <trkpt lat="50.089141158387065" lon="8.637855732813478">
        <ele>87.0</ele>
        <time>2026-09-23T08:12:01Z</time>
        <extensions>
          <gpxtpx:TrackPointExtension>
            <gpxtpx:hr>153</gpxtpx:hr>
          </gpxtpx:TrackPointExtension>
        </extensions>
      </trkpt>
      <trkpt lat="50.089117269963026" lon="8.637767555192113">
        <ele>87.0</ele>
        <time>2026-09-23T08:12:04Z</time>
        <extensions>
          <gpxtpx:TrackPointExtension>
            <gpxtpx:hr>159</gpxtpx:hr>
          </gpxtpx:TrackPointExtension>
        </extensions>
      </trkpt>
      <trkpt lat="50.08910369127989" lon="8.637682562693954">
        <ele>87.0</ele>
        <time>2026-09-23T08:12:07Z</time>
        <extensions>
          <gpxtpx:TrackPointExtension>
            <gpxtpx:hr>159</gpxtpx:hr>
          </gpxtpx:TrackPointExtension>
        </extensions>
      </trkpt>
      <trkpt lat="50.08909556083381" lon="8.637595558539033">
        <ele>87.0</ele>
        <time>2026-09-23T08:12:10Z</time>
        <extensions>
          <gpxtpx:TrackPointExtension>
            <gpxtpx:hr>160</gpxtpx:hr>
          </gpxtpx:TrackPointExtension>
        </extensions>
      </trkpt>
      <trkpt lat="50.08908960968256" lon="8.637504195794463">
        <ele>87.0</ele>
        <time>2026-09-23T08:12:13Z</time>
        <extensions>
          <gpxtpx:TrackPointExtension>
            <gpxtpx:hr>159</gpxtpx:hr>
          </gpxtpx:TrackPointExtension>
        </extensions>
      </trkpt>
      <trkpt lat="50.08908860385418" lon="8.637406630441546">
        <ele>87.0</ele>
        <time>2026-09-23T08:12:16Z</time>
        <extensions>
          <gpxtpx:TrackPointExtension>
            <gpxtpx:hr>159</gpxtpx:hr>
          </gpxtpx:TrackPointExtension>
        </extensions>
      </trkpt>
      <trkpt lat="50.08908474817872" lon="8.637312334030867">
        <ele>87.0</ele>
        <time>2026-09-23T08:12:19Z</time>
        <extensions>
          <gpxtpx:TrackPointExtension>
            <gpxtpx:hr>158</gpxtpx:hr>
          </gpxtpx:TrackPointExtension>
        </extensions>
      </trkpt>
      <trkpt lat="50.089080138131976" lon="8.63723237067461">
        <ele>87.0</ele>
        <time>2026-09-23T08:12:22Z</time>
        <extensions>
          <gpxtpx:TrackPointExtension>
            <gpxtpx:hr>158</gpxtpx:hr>
          </gpxtpx:TrackPointExtension>
        </extensions>
      </trkpt>
      <trkpt lat="50.08907695300877" lon="8.637156262993813">
        <ele>87.0</ele>
        <time>2026-09-23T08:12:25Z</time>
        <extensions>
          <gpxtpx:TrackPointExtension>
            <gpxtpx:hr>158</gpxtpx:hr>
          </gpxtpx:TrackPointExtension>
        </extensions>
      </trkpt>
      <trkpt lat="50.0890772882849" lon="8.637068504467607">
        <ele>87.0</ele>
        <time>2026-09-23T08:12:28Z</time>
        <extensions>
          <gpxtpx:TrackPointExtension>
            <gpxtpx:hr>158</gpxtpx:hr>
          </gpxtpx:TrackPointExtension>
        </extensions>
      </trkpt>
      <trkpt lat="50.089081060141325" lon="8.636975297704339">
        <ele>87.0</ele>
        <time>2026-09-23T08:12:31Z</time>
        <extensions>
          <gpxtpx:TrackPointExtension>
            <gpxtpx:hr>158</gpxtpx:hr>
          </gpxtpx:TrackPointExtension>
        </extensions>
      </trkpt>
      <trkpt lat="50.08908432908356" lon="8.636891478672624">
        <ele>87.0</ele>
        <time>2026-09-23T08:12:34Z</time>
        <extensions>
          <gpxtpx:TrackPointExtension>
            <gpxtpx:hr>157</gpxtpx:hr>
          </gpxtpx:TrackPointExtension>
        </extensions>
      </trkpt>
      <trkpt lat="50.089080641046166" lon="8.636807492002845">
        <ele>87.0</ele>
        <time>2026-09-23T08:12:37Z</time>
        <extensions>
          <gpxtpx:TrackPointExtension>
            <gpxtpx:hr>157</gpxtpx:hr>
          </gpxtpx:TrackPointExtension>
        </extensions>
      </trkpt>
      <trkpt lat="50.08907695300877" lon="8.636746555566788">
        <ele>87.0</ele>
        <time>2026-09-23T08:12:39Z</time>
        <extensions>
          <gpxtpx:TrackPointExtension>
            <gpxtpx:hr>158</gpxtpx:hr>
          </gpxtpx:TrackPointExtension>
        </extensions>
      </trkpt>
      <trkpt lat="50.08907410316169" lon="8.636644044891">
        <ele>87.0</ele>
        <time>2026-09-23T08:12:42Z</time>
        <extensions>
          <gpxtpx:TrackPointExtension>
            <gpxtpx:hr>158</gpxtpx:hr>
          </gpxtpx:TrackPointExtension>
        </extensions>
      </trkpt>
      <trkpt lat="50.08906186558306" lon="8.636532481759787">
        <ele>87.0</ele>
        <time>2026-09-23T08:12:45Z</time>
        <extensions>
          <gpxtpx:TrackPointExtension>
            <gpxtpx:hr>158</gpxtpx:hr>
          </gpxtpx:TrackPointExtension>
        </extensions>
      </trkpt>
      <trkpt lat="50.0890321098268" lon="8.63642904907465">
        <ele>87.0</ele>
        <time>2026-09-23T08:12:48Z</time>
        <extensions>
          <gpxtpx:TrackPointExtension>
            <gpxtpx:hr>157</gpxtpx:hr>
          </gpxtpx:TrackPointExtension>
        </extensions>
      </trkpt>
      <trkpt lat="50.08899539709091" lon="8.636389151215553">
        <ele>87.0</ele>
        <time>2026-09-23T08:12:51Z</time>
        <extensions>
          <gpxtpx:TrackPointExtension>
            <gpxtpx:hr>156</gpxtpx:hr>
          </gpxtpx:TrackPointExtension>
        </extensions>
      </trkpt>
      <trkpt lat="50.08896195329726" lon="8.636382445693016">
        <ele>87.0</ele>
        <time>2026-09-23T08:12:54Z</time>
        <extensions>
          <gpxtpx:TrackPointExtension>
            <gpxtpx:hr>155</gpxtpx:hr>
          </gpxtpx:TrackPointExtension>
        </extensions>
      </trkpt>
      <trkpt lat="50.08891576901078" lon="8.636346068233252">
        <ele>87.0</ele>
        <time>2026-09-23T08:12:57Z</time>
        <extensions>
          <gpxtpx:TrackPointExtension>
            <gpxtpx:hr>154</gpxtpx:hr>
          </gpxtpx:TrackPointExtension>
        </extensions>
      </trkpt>
      <trkpt lat="50.08887075819075" lon="8.636278929188848">
        <ele>87.0</ele>
        <time>2026-09-23T08:13:00Z</time>
        <extensions>
          <gpxtpx:TrackPointExtension>
            <gpxtpx:hr>154</gpxtpx:hr>
          </gpxtpx:TrackPointExtension>
        </extensions>
      </trkpt>
      <trkpt lat="50.08881124667823" lon="8.636219585314393">
        <ele>87.0</ele>
        <time>2026-09-23T08:13:03Z</time>
        <extensions>
          <gpxtpx:TrackPointExtension>
            <gpxtpx:hr>154</gpxtpx:hr>
          </gpxtpx:TrackPointExtension>
        </extensions>
      </trkpt>
      <trkpt lat="50.088737485930324" lon="8.636191170662642">
        <ele>87.0</ele>
        <time>2026-09-23T08:13:06Z</time>
        <extensions>
          <gpxtpx:TrackPointExtension>
            <gpxtpx:hr>154</gpxtpx:hr>
          </gpxtpx:TrackPointExtension>
        </extensions>
      </trkpt>
      <trkpt lat="50.088677387684584" lon="8.636185470968485">
        <ele>87.0</ele>
        <time>2026-09-23T08:13:09Z</time>
        <extensions>
          <gpxtpx:TrackPointExtension>
            <gpxtpx:hr>154</gpxtpx:hr>
          </gpxtpx:TrackPointExtension>
        </extensions>
      </trkpt>
      <trkpt lat="50.08862575516105" lon="8.636198965832591">
        <ele>87.0</ele>
        <time>2026-09-23T08:13:12Z</time>
        <extensions>
          <gpxtpx:TrackPointExtension>
            <gpxtpx:hr>154</gpxtpx:hr>
          </gpxtpx:TrackPointExtension>
        </extensions>
      </trkpt>
    </trkseg>
  </trk>
</gpx>