<?xml version="1.0" encoding="UTF-8"?>
<gpx xmlns="http://www.topografix.com/GPX/1/1" xmlns:gpxtpx="http://www.garmin.com/xmlschemas/TrackPointExtension/v1" xmlns:xsi="http://www.w3.org/2001/XMLSchema-instance" xsi:schemaLocation="http://www.topografix.com/GPX/1/1 http://www.topografix.com/GPX/1/1/gpx.xsd" version="1.1" creator="gpx.py -- https://github.com/tkrajina/gpxpy">
  <trk>
    <name>gpx from keep</name>
    <type>Run</type>
    <trkseg>
      <trkpt lat="-33.786083506420255" lon="151.08581062406301">
        <ele>80.0</ele>
        <time>2026-08-27T21:24:05Z</time>
        <extensions>
          <gpxtpx:TrackPointExtension>
            <gpxtpx:hr>80</gpxtpx:hr>
          </gpxtpx:TrackPointExtension>
        </extensions>
      </trkpt>
      <trkpt lat="-33.786037154495716" lon="151.08585831709206">
        <ele>80.0</ele>
        <time>2026-08-27T21:24:08Z</time>
        <extensions>
          <gpxtpx:TrackPointExtension>
            <gpxtpx:hr>85</gpxtpx:hr>
          </gpxtpx:TrackPointExtension>
        </extensions>
      </trkpt>
      <trkpt lat="-33.7859739549458" lon="151.08592042699456">
        <ele>81.0</ele>
        <time>2026-08-27T21:24:11Z</time>
        <extensions>
          <gpxtpx:TrackPointExtension>
            <gpxtpx:hr>88</gpxtpx:hr>
          </gpxtpx:TrackPointExtension>
        </extensions>
      </trkpt>
      <trkpt lat="-33.78590488806367" lon="151.0859863087535">
        <ele>81.0</ele>
        <time>2026-08-27T21:24:14Z</time>
        <extensions>
          <gpxtpx:TrackPointExtension>
            <gpxtpx:hr>91</gpxtpx:hr>
          </gpxtpx:TrackPointExtension>
        </extensions>
      </trkpt>
      <trkpt lat="-33.785865576937795" lon="151.08602603897452">
        <ele>81.0</ele>
        <time>2026-08-27T21:24:17Z</time>
        <extensions>
          <gpxtpx:TrackPointExtension>
            <gpxtpx:hr>98</gpxtpx:hr>
          </gpxtpx:TrackPointExtension>
        </extensions>
      </trkpt>
      <trkpt lat="-33.78579827025533" lon="151.0860889032483">
        <ele>81.0</ele>
        <time>2026-08-27T21:24:20Z</time>
        <extensions>
          <gpxtpx:TrackPointExtension>
            <gpxtpx:hr>104</gpxtpx:hr>
          </gpxtpx:TrackPointExtension>
        </extensions>
      </trkpt>
      <trkpt lat="-33.785744374617934" lon="151.08613634482026">
        <ele>81.0</ele>
        <time>2026-08-27T21:24:23Z</time>
        <extensions>
          <gpxtpx:TrackPointExtension>
            <gpxtpx:hr>109</gpxtpx:hr>
          </gpxtpx:TrackPointExtension>
        </extensions>
      </trkpt>
      <trkpt lat="-33.78568151034415" lon="151.0861951019615">
        <ele>81.0</ele>
        <time>2026-08-27T21:24:26Z</time>
        <extensions>
          <gpxtpx:TrackPointExtension>
            <gpxtpx:hr>112</gpxtpx:hr>
          </gpxtpx:TrackPointExtension>
        </extensions>
      </trkpt>
      <trkpt lat="-33.785624764859676" lon="151.0862551163882">
        <ele>81.0</ele>
        <time>2026-08-27T21:24:29Z</time>
        <extensions>
          <gpxtpx:TrackPointExtension>
            <gpxtpx:hr>116</gpxtpx:hr>
          </gpxtpx:TrackPointExtension>
        </extensions>
      </trkpt>
      <trkpt lat="-33.785563074052334" lon="151.08631420880556">
        <ele>81.0</ele>
        <time>2026-08-27T21:24:32Z</time>
        <extensions>
          <gpxtpx:TrackPointExtension>
            <gpxtpx:hr>121</gpxtpx:hr>
          </gpxtpx:TrackPointExtension>
        </extensions>
      </trkpt>
      <trkpt lat="-33.78552376292646" lon="151.08635033480823">
        <ele>81.0</ele>
        <time>2026-08-27T21:24:35Z</time>
        <extensions>
          <gpxtpx:TrackPointExtension>
            <gpxtpx:hr>125</gpxtpx:hr>
          </gpxtpx:TrackPointExtension>
        </extensions>
      </trkpt>
      <trkpt lat="-33.78545729443431" lon="151.08641277998686">
        <ele>81.0</ele>
        <time>2026-08-27T21:24:38Z</time>
        <extensions>
          <gpxtpx:TrackPointExtension>
            <gpxtpx:hr>125</gpxtpx:hr>
          </gpxtpx:TrackPointExtension>
        </extensions>
      </trkpt>
      <trkpt lat="-33.78539325669408" lon="151.0864784102887">
        <ele>81.0</ele>
        <time>2026-08-27T21:24:41Z</time>
        <extensions>
          <gpxtpx:TrackPointExtension>
            <gpxtpx:hr>127</gpxtpx:hr>
          </gpxtpx:TrackPointExtension>
        </extensions>
      </trkpt>
      <trkpt lat="-33.7853335775435" lon="151.08654328621924">
        <ele>81.0</ele>
        <time>2026-08-27T21:24:44Z</time>
        <extensions>
          <gpxtpx:TrackPointExtension>
            <gpxtpx:hr>130</gpxtpx:hr>
          </gpxtpx:TrackPointExtension>
        </extensions>
      </trkpt>
      <trkpt lat="-33.78529820591211" lon="151.08658460900187">
        <ele>81.0</ele>
        <time>2026-08-27T21:24:47Z</time>
        <extensions>
          <gpxtpx:TrackPointExtension>
            <gpxtpx:hr>131</gpxtpx:hr>
          </gpxtpx:TrackPointExtension>
        </extensions>
      </trkpt>
      <trkpt lat="-33.7852384429425" lon="151.0866530891508">
        <ele>81.0</ele>
        <time>2026-08-27T21:24:50Z</time>
        <extensions>
          <gpxtpx:TrackPointExtension>
            <gpxtpx:hr>132</gpxtpx:hr>
          </gpxtpx:TrackPointExtension>
        </extensions>
      </trkpt>
      <trkpt lat="-33.78517138771713" lon="151.08670514076948">
        <ele>81.0</ele>
        <time>2026-08-27T21:24:53Z</time>
        <extensions>
          <gpxtpx:TrackPointExtension>
            <gpxtpx:hr>132</gpxtpx:hr>
          </gpxtpx:TrackPointExtension>
        </extensions>
      </trkpt>
      <trkpt lat="-33.78509318456054" lon="151.0867400933057">
        <ele>81.0</ele>
        <time>2026-08-27T21:24:56Z</time>
        <extensions>
          <gpxtpx:TrackPointExtension>
            <gpxtpx:hr>138</gpxtpx:hr>
          </gpxtpx:TrackPointExtension>
        </extensions>
      </trkpt>
      <trkpt lat="-33.785047167912126" lon="151.08676825650036">
        <ele>81.0</ele>
        <time>2026-08-27T21:24:59Z</time>
        <extensions>
          <gpxtpx:TrackPointExtension>
            <gpxtpx:hr>142</gpxtpx:hr>
          </gpxtpx:TrackPointExtension>
        </extensions>
      </trkpt>
      <trkpt lat="-33.78497550264001" lon="151.08682961203158">
        <ele>81.0</ele>
        <time>2026-08-27T21:25:02Z</time>
        <extensions>
          <gpxtpx:TrackPointExtension>
            <gpxtpx:hr>145</gpxtpx:hr>
          </gpxtpx:TrackPointExtension>
        </extensions>
      </trkpt>
      <trkpt lat="-33.78490551374853" lon="151.0868973378092">
        <ele>81.0</ele>
        <time>2026-08-27T21:25:05Z</time>
        <extensions>
          <gpxtpx:TrackPointExtension>
            <gpxtpx:hr>146</gpxtpx:hr>
          </gpxtpx:TrackPointExtension>
        </extensions>
      </trkpt>
      <trkpt lat="-33.78483661450446" lon="151.08696238137782">
        <ele>80.0</ele>
        <time>2026-08-27T21:25:08Z</time>
        <extensions>
          <gpxtpx:TrackPointExtension>
            <gpxtpx:hr>146</gpxtpx:hr>
          </gpxtpx:TrackPointExtension>
        </extensions>
      </trkpt>
      <trkpt lat="-33.784795543178916" lon="151.0869990941137">
        <ele>80.0</ele>
        <time>2026-08-27T21:25:11Z</time>
        <extensions>
          <gpxtpx:TrackPointExtension>
            <gpxtpx:hr>147</gpxtpx:hr>
          </gpxtpx:TrackPointExtension>
        </extensions>
      </trkpt>
      <trkpt lat="-33.78473108634353" lon="151.0870617069304">
        <ele>80.0</ele>
        <time>2026-08-27T21:25:14Z</time>
        <extensions>
          <gpxtpx:TrackPointExtension>
            <gpxtpx:hr>147</gpxtpx:hr>
          </gpxtpx:TrackPointExtension>
        </extensions>
      </trkpt>
      <trkpt lat="-33.7846720777452" lon="151.08712951652706">
        <ele>80.0</ele>
        <time>2026-08-27T21:25:17Z</time>
        <extensions>
          <gpxtpx:TrackPointExtension>
            <gpxtpx:hr>148</gpxtpx:hr>
          </gpxtpx:TrackPointExtension>
        </extensions>
      </trkpt>
      <trkpt lat="-33.78460745327175" lon="151.08719129115343">
        <ele>80.0</ele>
        <time>2026-08-27T21:25:20Z</time>
        <extensions>
          <gpxtpx:TrackPointExtension>
            <gpxtpx:hr>149</gpxtpx:hr>
          </gpxtpx:TrackPointExtension>
        </extensions>
      </trkpt>
      <trkpt lat="-33.78456755541265" lon="151.08722540549934">
        <ele>79.0</ele>
        <time>2026-08-27T21:25:23Z</time>
        <extensions>
          <gpxtpx:TrackPointExtension>
            <gpxtpx:hr>149</gpxtpx:hr>
          </gpxtpx:TrackPointExtension>
        </extensions>
      </trkpt>
      <trkpt lat="-33.78450653515756" lon="151.08728089369833">
        <ele>79.0</ele>
        <time>2026-08-27T21:25:26Z</time>
        <extensions>
          <gpxtpx:TrackPointExtension>
            <gpxtpx:hr>150</gpxtpx:hr>
          </gpxtpx:TrackPointExtension>
        </extensions>
      </trkpt>
      <trkpt lat="-33.78444300033152" lon="151.0873262397945">
        <ele>79.0</ele>
        <time>2026-08-27T21:25:29Z</time>
        <extensions>
          <gpxtpx:TrackPointExtension>
            <gpxtpx:hr>150</gpxtpx:hr>
          </gpxtpx:TrackPointExtension>
        </extensions>
      </trkpt>
      <trkpt lat="-33.78437225706875" lon="151.0873661376536">
        <ele>79.0</ele>
        <time>2026-08-27T21:25:32Z</time>
        <extensions>
          <gpxtpx:TrackPointExtension>
            <gpxtpx:hr>150</gpxtpx:hr>
          </gpxtpx:TrackPointExtension>
        </extensions>
      </trkpt>
      <trkpt lat="-33.78432917408645" lon="151.08739371411502">
        <ele>78.0</ele>
        <time>2026-08-27T21:25:35Z</time>
        <extensions>
          <gpxtpx:TrackPointExtension>
            <gpxtpx:hr>150</gpxtpx:hr>
          </gpxtpx:TrackPointExtension>
        </extensions>
      </trkpt>
      <trkpt lat="-33.78425281494856" lon="151.0874396469444">
        <ele>78.0</ele>
        <time>2026-08-27T21:25:38Z</time>
        <extensions>
          <gpxtpx:TrackPointExtension>
            <gpxtpx:hr>150</gpxtpx:hr>
          </gpxtpx:TrackPointExtension>
        </extensions>
      </trkpt>
      <trkpt lat="-33.78417226485908" lon="151.08747870661318">
        <ele>78.0</ele>
        <time>2026-08-27T21:25:41Z</time>
        <extensions>
          <gpxtpx:TrackPointExtension>
            <gpxtpx:hr>151</gpxtpx:hr>
          </gpxtpx:TrackPointExtension>
        </extensions>
      </trkpt>
      <trkpt lat="-33.784092301502824" lon="151.0875165089965">
        <ele>77.0</ele>
        <time>2026-08-27T21:25:44Z</time>
        <extensions>
          <gpxtpx:TrackPointExtension>
            <gpxtpx:hr>151</gpxtpx:hr>
          </gpxtpx:TrackPointExtension>
        </extensions>
      </trkpt>
      <trkpt lat="-33.784045949578285" lon="151.08754291199148">
        <ele>76.0</ele>
        <time>2026-08-27T21:25:47Z</time>
        <extensions>
          <gpxtpx:TrackPointExtension>
            <gpxtpx:hr>152</gpxtpx:hr>
          </gpxtpx:TrackPointExtension>
        </extensions>
      </trkpt>
      <trkpt lat="-33.78397185355425" lon="151.08759102411568">
        <ele>76.0</ele>
        <time>2026-08-27T21:25:50Z</time>
        <extensions>
          <gpxtpx:TrackPointExtension>
            <gpxtpx:hr>152</gpxtpx:hr>
          </gpxtpx:TrackPointExtension>
        </extensions>
      </trkpt>
      <trkpt lat="-33.78389993682504" lon="151.08764248900115">
        <ele>76.0</ele>
        <time>2026-08-27T21:25:53Z</time>
        <extensions>
          <gpxtpx:TrackPointExtension>
            <gpxtpx:hr>152</gpxtpx:hr>
          </gpxtpx:TrackPointExtension>
        </extensions>
      </trkpt>
      <trkpt lat="-33.78382793627679" lon="151.08769303187728">
        <ele>75.0</ele>
        <time>2026-08-27T21:25:56Z</time>
        <extensions>
          <gpxtpx:TrackPointExtension>
            <gpxtpx:hr>152</gpxtpx:hr>
          </gpxtpx:TrackPointExtension>
        </extensions>
      </trkpt>
      <trkpt lat="-33.783782506361604" lon="151.08772077597678">
        <ele>74.0</ele>
        <time>2026-08-27T21:25:59Z</time>
        <extensions>
          <gpxtpx:TrackPointExtension>
            <gpxtpx:hr>152</gpxtpx:hr>
          </gpxtpx:TrackPointExtension>
        </extensions>
      </trkpt>
      <trkpt lat="-33.783702878281474" lon="151.0877628531307">
        <ele>74.0</ele>
        <time>2026-08-27T21:26:02Z</time>
        <extensions>
          <gpxtpx:TrackPointExtension>
            <gpxtpx:hr>153</gpxtpx:hr>
          </gpxtpx:TrackPointExtension>
        </extensions>
      </trkpt>
      <trkpt lat="-33.78362316638231" lon="151.08780392445624">
        <ele>74.0</ele>
        <time>2026-08-27T21:26:05Z</time>
        <extensions>
          <gpxtpx:TrackPointExtension>
            <gpxtpx:hr>153</gpxtpx:hr>
          </gpxtpx:TrackPointExtension>
        </extensions>
      </trkpt>
      <trkpt lat="-33.78354546613991" lon="151.0878439899534">
        <ele>73.0</ele>
        <time>2026-08-27T21:26:08Z</time>
        <extensions>
          <gpxtpx:TrackPointExtension>
            <gpxtpx:hr>153</gpxtpx:hr>
          </gpxtpx:TrackPointExtension>
        </extensions>
      </trkpt>
      <trkpt lat="-33.78350053913891" lon="151.08786930330098">
        <ele>72.0</ele>
        <time>2026-08-27T21:26:11Z</time>
        <extensions>
          <gpxtpx:TrackPointExtension>
            <gpxtpx:hr>154</gpxtpx:hr>
          </gpxtpx:TrackPointExtension>
        </extensions>
      </trkpt>
      <trkpt lat="-33.78342526964843" lon="151.08791020698845">
        <ele>72.0</ele>
        <time>2026-08-27T21:26:14Z</time>
        <extensions>
          <gpxtpx:TrackPointExtension>
            <gpxtpx:hr>154</gpxtpx:hr>
          </gpxtpx:TrackPointExtension>
        </extensions>
      </trkpt>
      <trkpt lat="-33.783350670710206" lon="151.0879499372095">
        <ele>72.0</ele>
        <time>2026-08-27T21:26:17Z</time>
        <extensions>
          <gpxtpx:TrackPointExtension>
            <gpxtpx:hr>154</gpxtpx:hr>
          </gpxtpx:TrackPointExtension>
        </extensions>
      </trkpt>
      <trkpt lat="-33.78327867016196" lon="151.08798991888762">
        <ele>71.0</ele>
        <time>2026-08-27T21:26:20Z</time>
        <extensions>
          <gpxtpx:TrackPointExtension>
            <gpxtpx:hr>155</gpxtpx:hr>
          </gpxtpx:TrackPointExtension>
        </extensions>
      </trkpt>
      <trkpt lat="-33.78323609009385" lon="151.0880128853023">
        <ele>71.0</ele>
        <time>2026-08-27T21:26:23Z</time>
        <extensions>
          <gpxtpx:TrackPointExtension>
            <gpxtpx:hr>156</gpxtpx:hr>
          </gpxtpx:TrackPointExtension>
        </extensions>
      </trkpt>
      <trkpt lat="-33.78316861577332" lon="151.08805630356073">
        <ele>71.0</ele>
        <time>2026-08-27T21:26:26Z</time>
        <extensions>
          <gpxtpx:TrackPointExtension>
            <gpxtpx:hr>156</gpxtpx:hr>
          </gpxtpx:TrackPointExtension>
        </extensions>
      </trkpt>
      <trkpt lat="-33.783105751499534" lon="151.08810793608427">
        <ele>70.0</ele>
        <time>2026-08-27T21:26:29Z</time>
        <extensions>
          <gpxtpx:TrackPointExtension>
            <gpxtpx:hr>157</gpxtpx:hr>
          </gpxtpx:TrackPointExtension>
        </extensions>
      </trkpt>
      <trkpt lat="-33.78304255194962" lon="151.08815973624587">
        <ele>70.0</ele>
        <time>2026-08-27T21:26:32Z</time>
        <extensions>
          <gpxtpx:TrackPointExtension>
            <gpxtpx:hr>157</gpxtpx:hr>
          </gpxtpx:TrackPointExtension>
        </extensions>
      </trkpt>
      <trkpt lat="-33.7830123770982" lon="151.0881822835654">
        <ele>70.0</ele>
        <time>2026-08-27T21:26:35Z</time>
        <extensions>
          <gpxtpx:TrackPointExtension>
            <gpxtpx:hr>158</gpxtpx:hr>
          </gpxtpx:TrackPointExtension>
        </extensions>
      </trkpt>
      <trkpt lat="-33.782970467582345" lon="151.08816820196807">
        <ele>70.0</ele>
        <time>2026-08-27T21:26:38Z</time>
        <extensions>
          <gpxtpx:TrackPointExtension>
            <gpxtpx:hr>158</gpxtpx:hr>
          </gpxtpx:TrackPointExtension>
        </extensions>
      </trkpt>
      <trkpt lat="-33.78292914479971" lon="151.0881164856255">
        <ele>69.0</ele>
        <time>2026-08-27T21:26:41Z</time>
        <extensions>
          <gpxtpx:TrackPointExtension>
            <gpxtpx:hr>158</gpxtpx:hr>
          </gpxtpx:TrackPointExtension>
        </extensions>
      </trkpt>
      <trkpt lat="-33.78287885338068" lon="151.0880644340068">
        <ele>68.0</ele>
        <time>2026-08-27T21:26:44Z</time>
        <extensions>
          <gpxtpx:TrackPointExtension>
            <gpxtpx:hr>158</gpxtpx:hr>
          </gpxtpx:TrackPointExtension>
        </extensions>
      </trkpt>
      <trkpt lat="-33.78284331411123" lon="151.08803660608828">
        <ele>68.0</ele>
        <time>2026-08-27T21:26:47Z</time>
        <extensions>
          <gpxtpx:TrackPointExtension>
            <gpxtpx:hr>158</gpxtpx:hr>
          </gpxtpx:TrackPointExtension>
        </extensions>
      </trkpt>
      <trkpt lat="-33.78278221003711" lon="151.0879858955741">
        <ele>68.0</ele>
        <time>2026-08-27T21:26:50Z</time>
        <extensions>
          <gpxtpx:TrackPointExtension>
            <gpxtpx:hr>159</gpxtpx:hr>
          </gpxtpx:TrackPointExtension>
        </extensions>
      </trkpt>
      <trkpt lat="-33.78271725028753" lon="151.08793451450765">
        <ele>67.0</ele>
        <time>2026-08-27T21:26:53Z</time>
        <extensions>
          <gpxtpx:TrackPointExtension>
            <gpxtpx:hr>159</gpxtpx:hr>
          </gpxtpx:TrackPointExtension>
        </extensions>
      </trkpt>
      <trkpt lat="-33.78264047205448" lon="151.08790752477944">
        <ele>67.0</ele>
        <time>2026-08-27T21:26:56Z</time>
        <extensions>
          <gpxtpx:TrackPointExtension>
            <gpxtpx:hr>159</gpxtpx:hr>
          </gpxtpx:TrackPointExtension>
        </extensions>
      </trkpt>
      <trkpt lat="-33.78258959390223" lon="151.0879013221711">
        <ele>66.0</ele>
        <time>2026-08-27T21:26:59Z</time>
        <extensions>
          <gpxtpx:TrackPointExtension>
            <gpxtpx:hr>159</gpxtpx:hr>
          </gpxtpx:TrackPointExtension>
        </extensions>
      </trkpt>
      <trkpt lat="-33.782503763213754" lon="151.08788380399346">
        <ele>66.0</ele>
        <time>2026-08-27T21:27:02Z</time>
        <extensions>
          <gpxtpx:TrackPointExtension>
            <gpxtpx:hr>159</gpxtpx:hr>
          </gpxtpx:TrackPointExtension>
        </extensions>
      </trkpt>
      <trkpt lat="-33.78242430277169" lon="151.0878519527614">
        <ele>66.0</ele>
        <time>2026-08-27T21:27:05Z</time>
        <extensions>
          <gpxtpx:TrackPointExtension>
            <gpxtpx:hr>160</gpxtpx:hr>
          </gpxtpx:TrackPointExtension>
        </extensions>
      </trkpt>
      <trkpt lat="-33.782350458204746" lon="151.087813898921">
        <ele>66.0</ele>
        <time>2026-08-27T21:27:08Z</time>
        <extensions>
          <gpxtpx:TrackPointExtension>
            <gpxtpx:hr>162</gpxtpx:hr>
          </gpxtpx:TrackPointExtension>
        </extensions>
      </trkpt>
      <trkpt lat="-33.78230913542211" lon="151.087790094316">
        <ele>66.0</ele>
        <time>2026-08-27T21:27:11Z</time>
        <extensions>
          <gpxtpx:TrackPointExtension>
            <gpxtpx:hr>162</gpxtpx:hr>
          </gpxtpx:TrackPointExtension>
        </extensions>
      </trkpt>
      <trkpt lat="-33.782247276976705" lon="151.08775489032269">
        <ele>66.0</ele>
        <time>2026-08-27T21:27:14Z</time>
        <extensions>
          <gpxtpx:TrackPointExtension>
            <gpxtpx:hr>162</gpxtpx:hr>
          </gpxtpx:TrackPointExtension>
        </extensions>
      </trkpt>
      <trkpt lat="-33.78218558616936" lon="151.08772563748062">
        <ele>66.0</ele>
        <time>2026-08-27T21:27:17Z</time>
        <extensions>
          <gpxtpx:TrackPointExtension>
            <gpxtpx:hr>163</gpxtpx:hr>
          </gpxtpx:TrackPointExtension>
        </extensions>
      </trkpt>
      <trkpt lat="-33.782112412154675" lon="151.08770669437945">
        <ele>66.0</ele>
        <time>2026-08-27T21:27:20Z</time>
        <extensions>
          <gpxtpx:TrackPointExtension>
            <gpxtpx:hr>162</gpxtpx:hr>
          </gpxtpx:TrackPointExtension>
        </extensions>
      </trkpt>
      <trkpt lat="-33.782065557315946" lon="151.08769948594272">
        <ele>66.0</ele>
        <time>2026-08-27T21:27:23Z</time>
        <extensions>
          <gpxtpx:TrackPointExtension>
            <gpxtpx:hr>162</gpxtpx:hr>
          </gpxtpx:TrackPointExtension>
        </extensions>
      </trkpt>
      <trkpt lat="-33.78199146129191" lon="151.0876729991287">
        <ele>67.0</ele>
        <time>2026-08-27T21:27:26Z</time>
        <extensions>
          <gpxtpx:TrackPointExtension>
            <gpxtpx:hr>160</gpxtpx:hr>
          </gpxtpx:TrackPointExtension>
        </extensions>
      </trkpt>
      <trkpt lat="-33.78192080184817" lon="151.0876402258873">
        <ele>67.0</ele>
        <time>2026-08-27T21:27:29Z</time>
        <extensions>
          <gpxtpx:TrackPointExtension>
            <gpxtpx:hr>158</gpxtpx:hr>
          </gpxtpx:TrackPointExtension>
        </extensions>
      </trkpt>
      <trkpt lat="-33.781849052757025" lon="151.08760619536042">
        <ele>67.0</ele>
        <time>2026-08-27T21:27:32Z</time>
        <extensions>
          <gpxtpx:TrackPointExtension>
            <gpxtpx:hr>156</gpxtpx:hr>
          </gpxtpx:TrackPointExtension>
        </extensions>
      </trkpt>
      <trkpt lat="-33.781805550679564" lon="151.08758163638413">
        <ele>68.0</ele>
        <time>2026-08-27T21:27:35Z</time>
        <extensions>
          <gpxtpx:TrackPointExtension>
            <gpxtpx:hr>155</gpxtpx:hr>
          </gpxtpx:TrackPointExtension>
        </extensions>
      </trkpt>
      <trkpt lat="-33.781732795760036" lon="151.0875289980322">
        <ele>68.0</ele>
        <time>2026-08-27T21:27:38Z</time>
        <extensions>
          <gpxtpx:TrackPointExtension>
            <gpxtpx:hr>153</gpxtpx:hr>
          </gpxtpx:TrackPointExtension>
        </extensions>
      </trkpt>
      <trkpt lat="-33.78166020847857" lon="151.08748013153672">
        <ele>68.0</ele>
        <time>2026-08-27T21:27:41Z</time>
        <extensions>
          <gpxtpx:TrackPointExtension>
            <gpxtpx:hr>152</gpxtpx:hr>
          </gpxtpx:TrackPointExtension>
        </extensions>
      </trkpt>
      <trkpt lat="-33.78158493898809" lon="151.087449118495">
        <ele>69.0</ele>
        <time>2026-08-27T21:27:44Z</time>
        <extensions>
          <gpxtpx:TrackPointExtension>
            <gpxtpx:hr>151</gpxtpx:hr>
          </gpxtpx:TrackPointExtension>
        </extensions>
      </trkpt>
      <trkpt lat="-33.78153800033033" lon="151.08744895085692">
        <ele>69.0</ele>
        <time>2026-08-27T21:27:47Z</time>
        <extensions>
          <gpxtpx:TrackPointExtension>
            <gpxtpx:hr>152</gpxtpx:hr>
          </gpxtpx:TrackPointExtension>
        </extensions>
      </trkpt>
      <trkpt lat="-33.78145610913634" lon="151.08747602440417">
        <ele>70.0</ele>
        <time>2026-08-27T21:27:50Z</time>
        <extensions>
          <gpxtpx:TrackPointExtension>
            <gpxtpx:hr>152</gpxtpx:hr>
          </gpxtpx:TrackPointExtension>
        </extensions>
      </trkpt>
      <trkpt lat="-33.781370278447866" lon="151.08750469051301">
        <ele>70.0</ele>
        <time>2026-08-27T21:27:53Z</time>
        <extensions>
          <gpxtpx:TrackPointExtension>
            <gpxtpx:hr>152</gpxtpx:hr>
          </gpxtpx:TrackPointExtension>
        </extensions>
      </trkpt>
      <trkpt lat="-33.78129140473902" lon="151.08753260225058">
        <ele>70.0</ele>
        <time>2026-08-27T21:27:56Z</time>
        <extensions>
          <gpxtpx:TrackPointExtension>
            <gpxtpx:hr>152</gpxtpx:hr>
          </gpxtpx:TrackPointExtension>
        </extensions>
      </trkpt>
      <trkpt lat="-33.78124647773802" lon="151.08754995279014">
        <ele>70.0</ele>
        <time>2026-08-27T21:27:59Z</time>
        <extensions>
          <gpxtpx:TrackPointExtension>
            <gpxtpx:hr>151</gpxtpx:hr>
          </gpxtpx:TrackPointExtension>
        </extensions>
      </trkpt>
      <trkpt lat="-33.781177746132016" lon="151.08757828362286">
        <ele>71.0</ele>
        <time>2026-08-27T21:28:02Z</time>
        <extensions>
          <gpxtpx:TrackPointExtension>
            <gpxtpx:hr>150</gpxtpx:hr>
          </gpxtpx:TrackPointExtension>
        </extensions>
      </trkpt>
      <trkpt lat="-33.78111328929663" lon="151.08760820701718">
        <ele>71.0</ele>
        <time>2026-08-27T21:28:05Z</time>
        <extensions>
          <gpxtpx:TrackPointExtension>
            <gpxtpx:hr>146</gpxtpx:hr>
          </gpxtpx:TrackPointExtension>
        </extensions>
      </trkpt>
      <trkpt lat="-33.781047156080604" lon="151.0876362863928">
        <ele>72.0</ele>
        <time>2026-08-27T21:28:08Z</time>
        <extensions>
          <gpxtpx:TrackPointExtension>
            <gpxtpx:hr>144</gpxtpx:hr>
          </gpxtpx:TrackPointExtension>
        </extensions>
      </trkpt>
      <trkpt lat="-33.781005162745714" lon="151.0876528825611">
        <ele>72.0</ele>
        <time>2026-08-27T21:28:11Z</time>
        <extensions>
          <gpxtpx:TrackPointExtension>
            <gpxtpx:hr>143</gpxtpx:hr>
          </gpxtpx:TrackPointExtension>
        </extensions>
      </trkpt>
      <trkpt lat="-33.78093115054071" lon="151.08768473379314">
        <ele>73.0</ele>
        <time>2026-08-27T21:28:14Z</time>
        <extensions>
          <gpxtpx:TrackPointExtension>
            <gpxtpx:hr>144</gpxtpx:hr>
          </gpxtpx:TrackPointExtension>
        </extensions>
      </trkpt>
      <trkpt lat="-33.780855713412166" lon="151.08772035688162">
        <ele>73.0</ele>
        <time>2026-08-27T21:28:17Z</time>
        <extensions>
          <gpxtpx:TrackPointExtension>
            <gpxtpx:hr>144</gpxtpx:hr>
          </gpxtpx:TrackPointExtension>
        </extensions>
      </trkpt>
      <trkpt lat="-33.78078178502619" lon="151.0877538844943">
        <ele>74.0</ele>
        <time>2026-08-27T21:28:20Z</time>
        <extensions>
          <gpxtpx:TrackPointExtension>
            <gpxtpx:hr>144</gpxtpx:hr>
          </gpxtpx:TrackPointExtension>
        </extensions>
      </trkpt>
      <trkpt lat="-33.78073778003454" lon="151.08777039684355">
        <ele>75.0</ele>
        <time>2026-08-27T21:28:23Z</time>
        <extensions>
          <gpxtpx:TrackPointExtension>
            <gpxtpx:hr>145</gpxtpx:hr>
          </gpxtpx:TrackPointExtension>
        </extensions>
      </trkpt>
      <trkpt lat="-33.7806657794863" lon="151.08779663220048">
        <ele>76.0</ele>
        <time>2026-08-27T21:28:26Z</time>
        <extensions>
          <gpxtpx:TrackPointExtension>
            <gpxtpx:hr>146</gpxtpx:hr>
          </gpxtpx:TrackPointExtension>
        </extensions>
      </trkpt>
      <trkpt lat="-33.78059444949031" lon="151.08782412484288">
        <ele>76.0</ele>
        <time>2026-08-27T21:28:29Z</time>
        <extensions>
          <gpxtpx:TrackPointExtension>
            <gpxtpx:hr>146</gpxtpx:hr>
          </gpxtpx:TrackPointExtension>
        </extensions>
      </trkpt>
      <trkpt lat="-33.78052320331335" lon="151.08785228803754">
        <ele>77.0</ele>
        <time>2026-08-27T21:28:32Z</time>
        <extensions>
          <gpxtpx:TrackPointExtension>
            <gpxtpx:hr>149</gpxtpx:hr>
          </gpxtpx:TrackPointExtension>
        </extensions>
      </trkpt>
      <trkpt lat="-33.780479952692986" lon="151.08786938712">
        <ele>78.0</ele>
        <time>2026-08-27T21:28:35Z</time>
        <extensions>
          <gpxtpx:TrackPointExtension>
            <gpxtpx:hr>150</gpxtpx:hr>
          </gpxtpx:TrackPointExtension>
        </extensions>
      </trkpt>
      <trkpt lat="-33.78040736541152" lon="151.08789989724755">
        <ele>79.0</ele>
        <time>2026-08-27T21:28:38Z</time>
        <extensions>
          <gpxtpx:TrackPointExtension>
            <gpxtpx:hr>151</gpxtpx:hr>
          </gpxtpx:TrackPointExtension>
        </extensions>
      </trkpt>
      <trkpt lat="-33.780333856120706" lon="151.08792864717543">
        <ele>79.0</ele>
        <time>2026-08-27T21:28:41Z</time>
        <extensions>
          <gpxtpx:TrackPointExtension>
            <gpxtpx:hr>152</gpxtpx:hr>
          </gpxtpx:TrackPointExtension>
        </extensions>
      </trkpt>
      <trkpt lat="-33.78025967627764" lon="151.08795412816107">
        <ele>80.0</ele>
        <time>2026-08-27T21:28:44Z</time>
        <extensions>
          <gpxtpx:TrackPointExtension>
            <gpxtpx:hr>153</gpxtpx:hr>
          </gpxtpx:TrackPointExtension>
        </extensions>
      </trkpt>
      <trkpt lat="-33.78021625801921" lon="151.08796804212034">
        <ele>81.0</ele>
        <time>2026-08-27T21:28:47Z</time>
        <extensions>
          <gpxtpx:TrackPointExtension>
            <gpxtpx:hr>154</gpxtpx:hr>
          </gpxtpx:TrackPointExtension>
        </extensions>
      </trkpt>
      <trkpt lat="-33.780142748728395" lon="151.08798438683152">
        <ele>82.0</ele>
        <time>2026-08-27T21:28:50Z</time>
        <extensions>
          <gpxtpx:TrackPointExtension>
            <gpxtpx:hr>155</gpxtpx:hr>
          </gpxtpx:TrackPointExtension>
        </extensions>
      </trkpt>
      <trkpt lat="-33.7800666410476" lon="151.0879975464195">
        <ele>82.0</ele>
        <time>2026-08-27T21:28:53Z</time>
        <extensions>
          <gpxtpx:TrackPointExtension>
            <gpxtpx:hr>155</gpxtpx:hr>
          </gpxtpx:TrackPointExtension>
        </extensions>
      </trkpt>
      <trkpt lat="-33.779989359900355" lon="151.08800643123686">
        <ele>82.0</ele>
        <time>2026-08-27T21:28:56Z</time>
        <extensions>
          <gpxtpx:TrackPointExtension>
            <gpxtpx:hr>155</gpxtpx:hr>
          </gpxtpx:TrackPointExtension>
        </extensions>
      </trkpt>
      <trkpt lat="-33.77994275651872" lon="151.08800743706524">
        <ele>83.0</ele>
        <time>2026-08-27T21:28:59Z</time>
        <extensions>
          <gpxtpx:TrackPointExtension>
            <gpxtpx:hr>155</gpxtpx:hr>
          </gpxtpx:TrackPointExtension>
        </extensions>
      </trkpt>
      <trkpt lat="-33.779867235571146" lon="151.0880099516362">
        <ele>84.0</ele>
        <time>2026-08-27T21:29:02Z</time>
        <extensions>
          <gpxtpx:TrackPointExtension>
            <gpxtpx:hr>155</gpxtpx:hr>
          </gpxtpx:TrackPointExtension>
        </extensions>
      </trkpt>
      <trkpt lat="-33.779792385175824" lon="151.0880152322352">
        <ele>84.0</ele>
        <time>2026-08-27T21:29:05Z</time>
        <extensions>
          <gpxtpx:TrackPointExtension>
            <gpxtpx:hr>155</gpxtpx:hr>
          </gpxtpx:TrackPointExtension>
        </extensions>
      </trkpt>
      <trkpt lat="-33.77971644513309" lon="151.08802378177643">
        <ele>85.0</ele>
        <time>2026-08-27T21:29:08Z</time>
        <extensions>
          <gpxtpx:TrackPointExtension>
            <gpxtpx:hr>156</gpxtpx:hr>
          </gpxtpx:TrackPointExtension>
        </extensions>
      </trkpt>
      <trkpt lat="-33.779670763760805" lon="151.08803065493703">
        <ele>86.0</ele>
        <time>2026-08-27T21:29:11Z</time>
        <extensions>
          <gpxtpx:TrackPointExtension>
            <gpxtpx:hr>158</gpxtpx:hr>
          </gpxtpx:TrackPointExtension>
        </extensions>
      </trkpt>
      <trkpt lat="-33.779593985527754" lon="151.08803291805089">
        <ele>87.0</ele>
        <time>2026-08-27T21:29:14Z</time>
        <extensions>
          <gpxtpx:TrackPointExtension>
            <gpxtpx:hr>157</gpxtpx:hr>
          </gpxtpx:TrackPointExtension>
        </extensions>
      </trkpt>
      <trkpt lat="-33.77951938658953" lon="151.0880319122225">
        <ele>87.0</ele>
        <time>2026-08-27T21:29:17Z</time>
        <extensions>
          <gpxtpx:TrackPointExtension>
            <gpxtpx:hr>157</gpxtpx:hr>
          </gpxtpx:TrackPointExtension>
        </extensions>
      </trkpt>
      <trkpt lat="-33.779447972774506" lon="151.08803065493703">
        <ele>88.0</ele>
        <time>2026-08-27T21:29:20Z</time>
        <extensions>
          <gpxtpx:TrackPointExtension>
            <gpxtpx:hr>156</gpxtpx:hr>
          </gpxtpx:TrackPointExtension>
        </extensions>
      </trkpt>
      <trkpt lat="-33.77940606325865" lon="151.0880266316235">
        <ele>89.0</ele>
        <time>2026-08-27T21:29:23Z</time>
        <extensions>
          <gpxtpx:TrackPointExtension>
            <gpxtpx:hr>156</gpxtpx:hr>
          </gpxtpx:TrackPointExtension>
        </extensions>
      </trkpt>
      <trkpt lat="-33.77933808602393" lon="151.0880242008716">
        <ele>90.0</ele>
        <time>2026-08-27T21:29:26Z</time>
        <extensions>
          <gpxtpx:TrackPointExtension>
            <gpxtpx:hr>156</gpxtpx:hr>
          </gpxtpx:TrackPointExtension>
        </extensions>
      </trkpt>
      <trkpt lat="-33.7792650796473" lon="151.08802772127092">
        <ele>90.0</ele>
        <time>2026-08-27T21:29:29Z</time>
        <extensions>
          <gpxtpx:TrackPointExtension>
            <gpxtpx:hr>156</gpxtpx:hr>
          </gpxtpx:TrackPointExtension>
        </extensions>
      </trkpt>
      <trkpt lat="-33.779186541214585" lon="151.0880263801664">
        <ele>91.0</ele>
        <time>2026-08-27T21:29:32Z</time>
        <extensions>
          <gpxtpx:TrackPointExtension>
            <gpxtpx:hr>156</gpxtpx:hr>
          </gpxtpx:TrackPointExtension>
        </extensions>
      </trkpt>
      <trkpt lat="-33.7791390158236" lon="151.0880229435861">
        <ele>92.0</ele>
        <time>2026-08-27T21:29:35Z</time>
        <extensions>
          <gpxtpx:TrackPointExtension>
            <gpxtpx:hr>157</gpxtpx:hr>
          </gpxtpx:TrackPointExtension>
        </extensions>
      </trkpt>
      <trkpt lat="-33.779063411056995" lon="151.0880266316235">
        <ele>93.0</ele>
        <time>2026-08-27T21:29:38Z</time>
        <extensions>
          <gpxtpx:TrackPointExtension>
            <gpxtpx:hr>158</gpxtpx:hr>
          </gpxtpx:TrackPointExtension>
        </extensions>
      </trkpt>
      <trkpt lat="-33.77899778075516" lon="151.088064936921">
        <ele>93.0</ele>
        <time>2026-08-27T21:29:41Z</time>
        <extensions>
          <gpxtpx:TrackPointExtension>
            <gpxtpx:hr>158</gpxtpx:hr>
          </gpxtpx:TrackPointExtension>
        </extensions>
      </trkpt>
      <trkpt lat="-33.77893986180425" lon="151.0881334170699">
        <ele>94.0</ele>
        <time>2026-08-27T21:29:44Z</time>
        <extensions>
          <gpxtpx:TrackPointExtension>
            <gpxtpx:hr>156</gpxtpx:hr>
          </gpxtpx:TrackPointExtension>
        </extensions>
      </trkpt>
      <trkpt lat="-33.77890734001994" lon="151.08818102627993">
        <ele>94.0</ele>
        <time>2026-08-27T21:29:47Z</time>
        <extensions>
          <gpxtpx:TrackPointExtension>
            <gpxtpx:hr>156</gpxtpx:hr>
          </gpxtpx:TrackPointExtension>
        </extensions>
      </trkpt>
      <trkpt lat="-33.7788578029722" lon="151.088260486722">
        <ele>95.0</ele>
        <time>2026-08-27T21:29:50Z</time>
        <extensions>
          <gpxtpx:TrackPointExtension>
            <gpxtpx:hr>157</gpxtpx:hr>
          </gpxtpx:TrackPointExtension>
        </extensions>
      </trkpt>
      <trkpt lat="-33.77881455235183" lon="151.0883390251547">
        <ele>95.0</ele>
        <time>2026-08-27T21:29:53Z</time>
        <extensions>
          <gpxtpx:TrackPointExtension>
            <gpxtpx:hr>157</gpxtpx:hr>
          </gpxtpx:TrackPointExtension>
        </extensions>
      </trkpt>
      <trkpt lat="-33.77877230755985" lon="151.08841848559678">
        <ele>95.0</ele>
        <time>2026-08-27T21:29:56Z</time>
        <extensions>
          <gpxtpx:TrackPointExtension>
            <gpxtpx:hr>156</gpxtpx:hr>
          </gpxtpx:TrackPointExtension>
        </extensions>
      </trkpt>
      <trkpt lat="-33.77874598838389" lon="151.08846710063517">
        <ele>95.0</ele>
        <time>2026-08-27T21:29:59Z</time>
        <extensions>
          <gpxtpx:TrackPointExtension>
            <gpxtpx:hr>156</gpxtpx:hr>
          </gpxtpx:TrackPointExtension>
        </extensions>
      </trkpt>
      <trkpt lat="-33.77869955264032" lon="151.0885472316295">
        <ele>95.0</ele>
        <time>2026-08-27T21:30:02Z</time>
        <extensions>
          <gpxtpx:TrackPointExtension>
            <gpxtpx:hr>155</gpxtpx:hr>
          </gpxtpx:TrackPointExtension>
        </extensions>
      </trkpt>
      <trkpt lat="-33.77865127287805" lon="151.08862459659576">
        <ele>94.0</ele>
        <time>2026-08-27T21:30:05Z</time>
        <extensions>
          <gpxtpx:TrackPointExtension>
            <gpxtpx:hr>154</gpxtpx:hr>
          </gpxtpx:TrackPointExtension>
        </extensions>
      </trkpt>
      <trkpt lat="-33.77860416658223" lon="151.08870380558074">
        <ele>94.0</ele>
        <time>2026-08-27T21:30:08Z</time>
        <extensions>
          <gpxtpx:TrackPointExtension>
            <gpxtpx:hr>154</gpxtpx:hr>
          </gpxtpx:TrackPointExtension>
        </extensions>
      </trkpt>
      <trkpt lat="-33.778577260673046" lon="151.08875275589526">
        <ele>94.0</ele>
        <time>2026-08-27T21:30:11Z</time>
        <extensions>
          <gpxtpx:TrackPointExtension>
            <gpxtpx:hr>154</gpxtpx:hr>
          </gpxtpx:TrackPointExtension>
        </extensions>
      </trkpt>
      <trkpt lat="-33.77853333950043" lon="151.0888292826712">
        <ele>94.0</ele>
        <time>2026-08-27T21:30:14Z</time>
        <extensions>
          <gpxtpx:TrackPointExtension>
            <gpxtpx:hr>154</gpxtpx:hr>
          </gpxtpx:TrackPointExtension>
        </extensions>
      </trkpt>
      <trkpt lat="-33.778483886271715" lon="151.08890329487622">
        <ele>94.0</ele>
        <time>2026-08-27T21:30:17Z</time>
        <extensions>
          <gpxtpx:TrackPointExtension>
            <gpxtpx:hr>153</gpxtpx:hr>
          </gpxtpx:TrackPointExtension>
        </extensions>
      </trkpt>
      <trkpt lat="-33.77843091264367" lon="151.08897345140576">
        <ele>93.0</ele>
        <time>2026-08-27T21:30:20Z</time>
        <extensions>
          <gpxtpx:TrackPointExtension>
            <gpxtpx:hr>153</gpxtpx:hr>
          </gpxtpx:TrackPointExtension>
        </extensions>
      </trkpt>
      <trkpt lat="-33.77839948050678" lon="151.08901217579842">
        <ele>93.0</ele>
        <time>2026-08-27T21:30:23Z</time>
        <extensions>
          <gpxtpx:TrackPointExtension>
            <gpxtpx:hr>153</gpxtpx:hr>
          </gpxtpx:TrackPointExtension>
        </extensions>
      </trkpt>
      <trkpt lat="-33.778349943459034" lon="151.08907168731093">
        <ele>93.0</ele>
        <time>2026-08-27T21:30:26Z</time>
        <extensions>
          <gpxtpx:TrackPointExtension>
            <gpxtpx:hr>152</gpxtpx:hr>
          </gpxtpx:TrackPointExtension>
        </extensions>
      </trkpt>
      <trkpt lat="-33.778301160782576" lon="151.08912851661444">
        <ele>93.0</ele>
        <time>2026-08-27T21:30:29Z</time>
        <extensions>
          <gpxtpx:TrackPointExtension>
            <gpxtpx:hr>151</gpxtpx:hr>
          </gpxtpx:TrackPointExtension>
        </extensions>
      </trkpt>
      <trkpt lat="-33.778252713382244" lon="151.08918484300375">
        <ele>93.0</ele>
        <time>2026-08-27T21:30:32Z</time>
        <extensions>
          <gpxtpx:TrackPointExtension>
            <gpxtpx:hr>149</gpxtpx:hr>
          </gpxtpx:TrackPointExtension>
        </extensions>
      </trkpt>
      <trkpt lat="-33.7782237958163" lon="151.08921929262578">
        <ele>93.0</ele>
        <time>2026-08-27T21:30:35Z</time>
        <extensions>
          <gpxtpx:TrackPointExtension>
            <gpxtpx:hr>148</gpxtpx:hr>
          </gpxtpx:TrackPointExtension>
        </extensions>
      </trkpt>
      <trkpt lat="-33.778174091130495" lon="151.0892803966999">
        <ele>93.0</ele>
        <time>2026-08-27T21:30:38Z</time>
        <extensions>
          <gpxtpx:TrackPointExtension>
            <gpxtpx:hr>149</gpxtpx:hr>
          </gpxtpx:TrackPointExtension>
        </extensions>
      </trkpt>
      <trkpt lat="-33.77812237478793" lon="151.0893477872014">
        <ele>93.0</ele>
        <time>2026-08-27T21:30:41Z</time>
        <extensions>
          <gpxtpx:TrackPointExtension>
            <gpxtpx:hr>150</gpxtpx:hr>
          </gpxtpx:TrackPointExtension>
        </extensions>
      </trkpt>
      <trkpt lat="-33.778075352311134" lon="151.08941945247352">
        <ele>92.0</ele>
        <time>2026-08-27T21:30:44Z</time>
        <extensions>
          <gpxtpx:TrackPointExtension>
            <gpxtpx:hr>150</gpxtpx:hr>
          </gpxtpx:TrackPointExtension>
        </extensions>
      </trkpt>
      <trkpt lat="-33.77805037423968" lon="151.0894648823887">
        <ele>92.0</ele>
        <time>2026-08-27T21:30:47Z</time>
        <extensions>
          <gpxtpx:TrackPointExtension>
            <gpxtpx:hr>150</gpxtpx:hr>
          </gpxtpx:TrackPointExtension>
        </extensions>
      </trkpt>
      <trkpt lat="-33.77800678834319" lon="151.0895417444408">
        <ele>92.0</ele>
        <time>2026-08-27T21:30:50Z</time>
        <extensions>
          <gpxtpx:TrackPointExtension>
            <gpxtpx:hr>151</gpxtpx:hr>
          </gpxtpx:TrackPointExtension>
        </extensions>
      </trkpt>
      <trkpt lat="-33.77796521410346" lon="151.08962061814964">
        <ele>92.0</ele>
        <time>2026-08-27T21:30:53Z</time>
        <extensions>
          <gpxtpx:TrackPointExtension>
            <gpxtpx:hr>151</gpxtpx:hr>
          </gpxtpx:TrackPointExtension>
        </extensions>
      </trkpt>
      <trkpt lat="-33.77793646417558" lon="151.0897026769817">
        <ele>92.0</ele>
        <time>2026-08-27T21:30:56Z</time>
        <extensions>
          <gpxtpx:TrackPointExtension>
            <gpxtpx:hr>148</gpxtpx:hr>
          </gpxtpx:TrackPointExtension>
        </extensions>
      </trkpt>
      <trkpt lat="-33.777937553822994" lon="151.08975271694362">
        <ele>92.0</ele>
        <time>2026-08-27T21:30:59Z</time>
        <extensions>
          <gpxtpx:TrackPointExtension>
            <gpxtpx:hr>145</gpxtpx:hr>
          </gpxtpx:TrackPointExtension>
        </extensions>
      </trkpt>
      <trkpt lat="-33.77797074615955" lon="151.0898314230144">
        <ele>92.0</ele>
        <time>2026-08-27T21:31:02Z</time>
        <extensions>
          <gpxtpx:TrackPointExtension>
            <gpxtpx:hr>144</gpxtpx:hr>
          </gpxtpx:TrackPointExtension>
        </extensions>
      </trkpt>
      <trkpt lat="-33.77801785245538" lon="151.08990920707583">
        <ele>91.0</ele>
        <time>2026-08-27T21:31:05Z</time>
        <extensions>
          <gpxtpx:TrackPointExtension>
            <gpxtpx:hr>143</gpxtpx:hr>
          </gpxtpx:TrackPointExtension>
        </extensions>
      </trkpt>
      <trkpt lat="-33.77806621603668" lon="151.08998590148985">
        <ele>91.0</ele>
        <time>2026-08-27T21:31:08Z</time>
        <extensions>
          <gpxtpx:TrackPointExtension>
            <gpxtpx:hr>140</gpxtpx:hr>
          </gpxtpx:TrackPointExtension>
        </extensions>
      </trkpt>
      <trkpt lat="-33.778094463050365" lon="151.09003292396665">
        <ele>91.0</ele>
        <time>2026-08-27T21:31:11Z</time>
        <extensions>
          <gpxtpx:TrackPointExtension>
            <gpxtpx:hr>140</gpxtpx:hr>
          </gpxtpx:TrackPointExtension>
        </extensions>
      </trkpt>
      <trkpt lat="-33.77814064733684" lon="151.09010878019035">
        <ele>91.0</ele>
        <time>2026-08-27T21:31:14Z</time>
        <extensions>
          <gpxtpx:TrackPointExtension>
            <gpxtpx:hr>140</gpxtpx:hr>
          </gpxtpx:TrackPointExtension>
        </extensions>
      </trkpt>
      <trkpt lat="-33.77818448469043" lon="151.0901821218431">
        <ele>91.0</ele>
        <time>2026-08-27T21:31:17Z</time>
        <extensions>
          <gpxtpx:TrackPointExtension>
            <gpxtpx:hr>139</gpxtpx:hr>
          </gpxtpx:TrackPointExtension>
        </extensions>
      </trkpt>
      <trkpt lat="-33.778226813301444" lon="151.0902582295239">
        <ele>91.0</ele>
        <time>2026-08-27T21:31:20Z</time>
        <extensions>
          <gpxtpx:TrackPointExtension>
            <gpxtpx:hr>139</gpxtpx:hr>
          </gpxtpx:TrackPointExtension>
        </extensions>
      </trkpt>
      <trkpt lat="-33.77825430594385" lon="151.090303407982">
        <ele>91.0</ele>
        <time>2026-08-27T21:31:23Z</time>
        <extensions>
          <gpxtpx:TrackPointExtension>
            <gpxtpx:hr>139</gpxtpx:hr>
          </gpxtpx:TrackPointExtension>
        </extensions>
      </trkpt>
      <trkpt lat="-33.77829948440194" lon="151.09037993475795">
        <ele>91.0</ele>
        <time>2026-08-27T21:31:26Z</time>
        <extensions>
          <gpxtpx:TrackPointExtension>
            <gpxtpx:hr>139</gpxtpx:hr>
          </gpxtpx:TrackPointExtension>
        </extensions>
      </trkpt>
      <trkpt lat="-33.77834231592715" lon="151.0904585570097">
        <ele>91.0</ele>
        <time>2026-08-27T21:31:29Z</time>
        <extensions>
          <gpxtpx:TrackPointExtension>
            <gpxtpx:hr>138</gpxtpx:hr>
          </gpxtpx:TrackPointExtension>
        </extensions>
      </trkpt>
      <trkpt lat="-33.77838313579559" lon="151.09053910709918">
        <ele>91.0</ele>
        <time>2026-08-27T21:31:32Z</time>
        <extensions>
          <gpxtpx:TrackPointExtension>
            <gpxtpx:hr>137</gpxtpx:hr>
          </gpxtpx:TrackPointExtension>
        </extensions>
      </trkpt>
      <trkpt lat="-33.77840735949576" lon="151.09058520756662">
        <ele>90.0</ele>
        <time>2026-08-27T21:31:35Z</time>
        <extensions>
          <gpxtpx:TrackPointExtension>
            <gpxtpx:hr>136</gpxtpx:hr>
          </gpxtpx:TrackPointExtension>
        </extensions>
      </trkpt>
      <trkpt lat="-33.77844708971679" lon="151.09065821394324">
        <ele>90.0</ele>
        <time>2026-08-27T21:31:38Z</time>
        <extensions>
          <gpxtpx:TrackPointExtension>
            <gpxtpx:hr>135</gpxtpx:hr>
          </gpxtpx:TrackPointExtension>
        </extensions>
      </trkpt>
      <trkpt lat="-33.77848799340427" lon="151.09072828665376">
        <ele>90.0</ele>
        <time>2026-08-27T21:31:41Z</time>
        <extensions>
          <gpxtpx:TrackPointExtension>
            <gpxtpx:hr>134</gpxtpx:hr>
          </gpxtpx:TrackPointExtension>
        </extensions>
      </trkpt>
      <trkpt lat="-33.778528813272715" lon="151.09080171212554">
        <ele>89.0</ele>
        <time>2026-08-27T21:31:44Z</time>
        <extensions>
          <gpxtpx:TrackPointExtension>
            <gpxtpx:hr>134</gpxtpx:hr>
          </gpxtpx:TrackPointExtension>
        </extensions>
      </trkpt>
      <trkpt lat="-33.77855345606804" lon="151.09084672294557">
        <ele>88.0</ele>
        <time>2026-08-27T21:31:47Z</time>
        <extensions>
          <gpxtpx:TrackPointExtension>
            <gpxtpx:hr>133</gpxtpx:hr>
          </gpxtpx:TrackPointExtension>
        </extensions>
      </trkpt>
      <trkpt lat="-33.7785953655839" lon="151.09091880731285">
        <ele>88.0</ele>
        <time>2026-08-27T21:31:50Z</time>
        <extensions>
          <gpxtpx:TrackPointExtension>
            <gpxtpx:hr>133</gpxtpx:hr>
          </gpxtpx:TrackPointExtension>
        </extensions>
      </trkpt>
      <trkpt lat="-33.77863559871912" lon="151.09099122695625">
        <ele>88.0</ele>
        <time>2026-08-27T21:31:53Z</time>
        <extensions>
          <gpxtpx:TrackPointExtension>
            <gpxtpx:hr>132</gpxtpx:hr>
          </gpxtpx:TrackPointExtension>
        </extensions>
      </trkpt>
      <trkpt lat="-33.77867750823498" lon="151.0910629760474">
        <ele>87.0</ele>
        <time>2026-08-27T21:31:56Z</time>
        <extensions>
          <gpxtpx:TrackPointExtension>
            <gpxtpx:hr>130</gpxtpx:hr>
          </gpxtpx:TrackPointExtension>
        </extensions>
      </trkpt>
      <trkpt lat="-33.77870206721127" lon="151.0911047179252">
        <ele>86.0</ele>
        <time>2026-08-27T21:31:59Z</time>
        <extensions>
          <gpxtpx:TrackPointExtension>
            <gpxtpx:hr>129</gpxtpx:hr>
          </gpxtpx:TrackPointExtension>
        </extensions>
      </trkpt>
      <trkpt lat="-33.77874221652746" lon="151.0911737009883">
        <ele>86.0</ele>
        <time>2026-08-27T21:32:02Z</time>
        <extensions>
          <gpxtpx:TrackPointExtension>
            <gpxtpx:hr>128</gpxtpx:hr>
          </gpxtpx:TrackPointExtension>
        </extensions>
      </trkpt>
      <trkpt lat="-33.77878261730075" lon="151.0912429355085">
        <ele>86.0</ele>
        <time>2026-08-27T21:32:05Z</time>
        <extensions>
          <gpxtpx:TrackPointExtension>
            <gpxtpx:hr>127</gpxtpx:hr>
          </gpxtpx:TrackPointExtension>
        </extensions>
      </trkpt>
      <trkpt lat="-33.77882519736886" lon="151.09131468459964">
        <ele>85.0</ele>
        <time>2026-08-27T21:32:08Z</time>
        <extensions>
          <gpxtpx:TrackPointExtension>
            <gpxtpx:hr>127</gpxtpx:hr>
          </gpxtpx:TrackPointExtension>
        </extensions>
      </trkpt>
      <trkpt lat="-33.77885118126869" lon="151.0913576837629">
        <ele>85.0</ele>
        <time>2026-08-27T21:32:11Z</time>
        <extensions>
          <gpxtpx:TrackPointExtension>
            <gpxtpx:hr>127</gpxtpx:hr>
          </gpxtpx:TrackPointExtension>
        </extensions>
      </trkpt>
      <trkpt lat="-33.77889845520258" lon="151.0914195422083">
        <ele>85.0</ele>
        <time>2026-08-27T21:32:14Z</time>
        <extensions>
          <gpxtpx:TrackPointExtension>
            <gpxtpx:hr>127</gpxtpx:hr>
          </gpxtpx:TrackPointExtension>
        </extensions>
      </trkpt>
      <trkpt lat="-33.778964253142476" lon="151.0914420057088">
        <ele>84.0</ele>
        <time>2026-08-27T21:32:17Z</time>
        <extensions>
          <gpxtpx:TrackPointExtension>
            <gpxtpx:hr>127</gpxtpx:hr>
          </gpxtpx:TrackPointExtension>
        </extensions>
      </trkpt>
      <trkpt lat="-33.7790391035378" lon="151.0914150159806">
        <ele>83.0</ele>
        <time>2026-08-27T21:32:20Z</time>
        <extensions>
          <gpxtpx:TrackPointExtension>
            <gpxtpx:hr>127</gpxtpx:hr>
          </gpxtpx:TrackPointExtension>
        </extensions>
      </trkpt>
      <trkpt lat="-33.779081013053656" lon="151.09138534404337">
        <ele>82.0</ele>
        <time>2026-08-27T21:32:23Z</time>
        <extensions>
          <gpxtpx:TrackPointExtension>
            <gpxtpx:hr>127</gpxtpx:hr>
          </gpxtpx:TrackPointExtension>
        </extensions>
      </trkpt>
      <trkpt lat="-33.779143961146474" lon="151.0913306940347">
        <ele>82.0</ele>
        <time>2026-08-27T21:32:26Z</time>
        <extensions>
          <gpxtpx:TrackPointExtension>
            <gpxtpx:hr>127</gpxtpx:hr>
          </gpxtpx:TrackPointExtension>
        </extensions>
      </trkpt>
      <trkpt lat="-33.77920305356383" lon="151.09127528965473">
        <ele>82.0</ele>
        <time>2026-08-27T21:32:29Z</time>
        <extensions>
          <gpxtpx:TrackPointExtension>
            <gpxtpx:hr>126</gpxtpx:hr>
          </gpxtpx:TrackPointExtension>
        </extensions>
      </trkpt>
      <trkpt lat="-33.77926239743829" lon="151.0912218131125">
        <ele>81.0</ele>
        <time>2026-08-27T21:32:32Z</time>
        <extensions>
          <gpxtpx:TrackPointExtension>
            <gpxtpx:hr>126</gpxtpx:hr>
          </gpxtpx:TrackPointExtension>
        </extensions>
      </trkpt>
      <trkpt lat="-33.77929911017418" lon="151.09119264408946">
        <ele>81.0</ele>
        <time>2026-08-27T21:32:35Z</time>
        <extensions>
          <gpxtpx:TrackPointExtension>
            <gpxtpx:hr>126</gpxtpx:hr>
          </gpxtpx:TrackPointExtension>
        </extensions>
      </trkpt>
      <trkpt lat="-33.779363399371505" lon="151.09115199185908">
        <ele>81.0</ele>
        <time>2026-08-27T21:32:38Z</time>
        <extensions>
          <gpxtpx:TrackPointExtension>
            <gpxtpx:hr>125</gpxtpx:hr>
          </gpxtpx:TrackPointExtension>
        </extensions>
      </trkpt>
      <trkpt lat="-33.77942861057818" lon="151.09112248755991">
        <ele>80.0</ele>
        <time>2026-08-27T21:32:41Z</time>
        <extensions>
          <gpxtpx:TrackPointExtension>
            <gpxtpx:hr>125</gpxtpx:hr>
          </gpxtpx:TrackPointExtension>
        </extensions>
      </trkpt>
      <trkpt lat="-33.779491391032934" lon="151.09109264798462">
        <ele>80.0</ele>
        <time>2026-08-27T21:32:44Z</time>
        <extensions>
          <gpxtpx:TrackPointExtension>
            <gpxtpx:hr>127</gpxtpx:hr>
          </gpxtpx:TrackPointExtension>
        </extensions>
      </trkpt>
      <trkpt lat="-33.77953028306365" lon="151.0910727828741">
        <ele>80.0</ele>
        <time>2026-08-27T21:32:47Z</time>
        <extensions>
          <gpxtpx:TrackPointExtension>
            <gpxtpx:hr>127</gpxtpx:hr>
          </gpxtpx:TrackPointExtension>
        </extensions>
      </trkpt>
      <trkpt lat="-33.77959767356515" lon="151.09103539958596">
        <ele>80.0</ele>
        <time>2026-08-27T21:32:50Z</time>
        <extensions>
          <gpxtpx:TrackPointExtension>
            <gpxtpx:hr>127</gpxtpx:hr>
          </gpxtpx:TrackPointExtension>
        </extensions>
      </trkpt>
      <trkpt lat="-33.77966841682792" lon="151.09099172987044">
        <ele>80.0</ele>
        <time>2026-08-27T21:32:53Z</time>
        <extensions>
          <gpxtpx:TrackPointExtension>
            <gpxtpx:hr>127</gpxtpx:hr>
          </gpxtpx:TrackPointExtension>
        </extensions>
      </trkpt>
      <trkpt lat="-33.779743602499366" lon="151.09095258638263">
        <ele>80.0</ele>
        <time>2026-08-27T21:32:56Z</time>
        <extensions>
          <gpxtpx:TrackPointExtension>
            <gpxtpx:hr>127</gpxtpx:hr>
          </gpxtpx:TrackPointExtension>
        </extensions>
      </trkpt>
      <trkpt lat="-33.77978811040521" lon="151.0909305419773">
        <ele>80.0</ele>
        <time>2026-08-27T21:32:59Z</time>
        <extensions>
          <gpxtpx:TrackPointExtension>
            <gpxtpx:hr>126</gpxtpx:hr>
          </gpxtpx:TrackPointExtension>
        </extensions>
      </trkpt>
      <trkpt lat="-33.779851058498025" lon="151.0908893868327">
        <ele>80.0</ele>
        <time>2026-08-27T21:33:02Z</time>
        <extensions>
          <gpxtpx:TrackPointExtension>
            <gpxtpx:hr>125</gpxtpx:hr>
          </gpxtpx:TrackPointExtension>
        </extensions>
      </trkpt>
      <trkpt lat="-33.77989715896547" lon="151.0908333119005">
        <ele>79.0</ele>
        <time>2026-08-27T21:33:05Z</time>
        <extensions>
          <gpxtpx:TrackPointExtension>
            <gpxtpx:hr>124</gpxtpx:hr>
          </gpxtpx:TrackPointExtension>
        </extensions>
      </trkpt>
      <trkpt lat="-33.779913587495685" lon="151.0907551087439">
        <ele>79.0</ele>
        <time>2026-08-27T21:33:08Z</time>
        <extensions>
          <gpxtpx:TrackPointExtension>
            <gpxtpx:hr>124</gpxtpx:hr>
          </gpxtpx:TrackPointExtension>
        </extensions>
      </trkpt>
      <trkpt lat="-33.77990294247866" lon="151.0907054040581">
        <ele>79.0</ele>
        <time>2026-08-27T21:33:11Z</time>
        <extensions>
          <gpxtpx:TrackPointExtension>
            <gpxtpx:hr>124</gpxtpx:hr>
          </gpxtpx:TrackPointExtension>
        </extensions>
      </trkpt>
      <trkpt lat="-33.77986497245729" lon="151.09062150120735">
        <ele>79.0</ele>
        <time>2026-08-27T21:33:14Z</time>
        <extensions>
          <gpxtpx:TrackPointExtension>
            <gpxtpx:hr>125</gpxtpx:hr>
          </gpxtpx:TrackPointExtension>
        </extensions>
      </trkpt>
      <trkpt lat="-33.779827170073986" lon="151.09053424559534">
        <ele>79.0</ele>
        <time>2026-08-27T21:33:17Z</time>
        <extensions>
          <gpxtpx:TrackPointExtension>
            <gpxtpx:hr>127</gpxtpx:hr>
          </gpxtpx:TrackPointExtension>
        </extensions>
      </trkpt>
      <trkpt lat="-33.77979313954711" lon="151.09044891782105">
        <ele>79.0</ele>
        <time>2026-08-27T21:33:20Z</time>
        <extensions>
          <gpxtpx:TrackPointExtension>
            <gpxtpx:hr>127</gpxtpx:hr>
          </gpxtpx:TrackPointExtension>
        </extensions>
      </trkpt>
      <trkpt lat="-33.7797711789608" lon="151.09040114097297">
        <ele>80.0</ele>
        <time>2026-08-27T21:33:23Z</time>
        <extensions>
          <gpxtpx:TrackPointExtension>
            <gpxtpx:hr>127</gpxtpx:hr>
          </gpxtpx:TrackPointExtension>
        </extensions>
      </trkpt>
      <trkpt lat="-33.77973094582558" lon="151.09032117761672">
        <ele>80.0</ele>
        <time>2026-08-27T21:33:26Z</time>
        <extensions>
          <gpxtpx:TrackPointExtension>
            <gpxtpx:hr>129</gpxtpx:hr>
          </gpxtpx:TrackPointExtension>
        </extensions>
      </trkpt>
      <trkpt lat="-33.77969138324261" lon="151.09024163335562">
        <ele>80.0</ele>
        <time>2026-08-27T21:33:29Z</time>
        <extensions>
          <gpxtpx:TrackPointExtension>
            <gpxtpx:hr>131</gpxtpx:hr>
          </gpxtpx:TrackPointExtension>
        </extensions>
      </trkpt>
      <trkpt lat="-33.779651653021574" lon="151.0901635978371">
        <ele>81.0</ele>
        <time>2026-08-27T21:33:32Z</time>
        <extensions>
          <gpxtpx:TrackPointExtension>
            <gpxtpx:hr>134</gpxtpx:hr>
          </gpxtpx:TrackPointExtension>
        </extensions>
      </trkpt>
      <trkpt lat="-33.77962759695947" lon="151.09011883847415">
        <ele>82.0</ele>
        <time>2026-08-27T21:33:35Z</time>
        <extensions>
          <gpxtpx:TrackPointExtension>
            <gpxtpx:hr>136</gpxtpx:hr>
          </gpxtpx:TrackPointExtension>
        </extensions>
      </trkpt>
      <trkpt lat="-33.77958635799587" lon="151.09004482626915">
        <ele>82.0</ele>
        <time>2026-08-27T21:33:38Z</time>
        <extensions>
          <gpxtpx:TrackPointExtension>
            <gpxtpx:hr>138</gpxtpx:hr>
          </gpxtpx:TrackPointExtension>
        </extensions>
      </trkpt>
      <trkpt lat="-33.77954729832709" lon="151.0899669583887">
        <ele>82.0</ele>
        <time>2026-08-27T21:33:41Z</time>
        <extensions>
          <gpxtpx:TrackPointExtension>
            <gpxtpx:hr>140</gpxtpx:hr>
          </gpxtpx:TrackPointExtension>
        </extensions>
      </trkpt>
      <trkpt lat="-33.77951083704829" lon="151.08988598920405">
        <ele>83.0</ele>
        <time>2026-08-27T21:33:44Z</time>
        <extensions>
          <gpxtpx:TrackPointExtension>
            <gpxtpx:hr>140</gpxtpx:hr>
          </gpxtpx:TrackPointExtension>
        </extensions>
      </trkpt>
      <trkpt lat="-33.77948728390038" lon="151.0898406431079">
        <ele>84.0</ele>
        <time>2026-08-27T21:33:47Z</time>
        <extensions>
          <gpxtpx:TrackPointExtension>
            <gpxtpx:hr>141</gpxtpx:hr>
          </gpxtpx:TrackPointExtension>
        </extensions>
      </trkpt>
      <trkpt lat="-33.779446464031935" lon="151.08976503834128">
        <ele>85.0</ele>
        <time>2026-08-27T21:33:50Z</time>
        <extensions>
          <gpxtpx:TrackPointExtension>
            <gpxtpx:hr>142</gpxtpx:hr>
          </gpxtpx:TrackPointExtension>
        </extensions>
      </trkpt>
      <trkpt lat="-33.77941234968603" lon="151.08968247659504">
        <ele>85.0</ele>
        <time>2026-08-27T21:33:53Z</time>
        <extensions>
          <gpxtpx:TrackPointExtension>
            <gpxtpx:hr>143</gpxtpx:hr>
          </gpxtpx:TrackPointExtension>
        </extensions>
      </trkpt>
      <trkpt lat="-33.77939055673778" lon="151.08959589153528">
        <ele>85.0</ele>
        <time>2026-08-27T21:33:56Z</time>
        <extensions>
          <gpxtpx:TrackPointExtension>
            <gpxtpx:hr>144</gpxtpx:hr>
          </gpxtpx:TrackPointExtension>
        </extensions>
      </trkpt>
      <trkpt lat="-33.77938418649137" lon="151.08953998424113">
        <ele>86.0</ele>
        <time>2026-08-27T21:33:59Z</time>
        <extensions>
          <gpxtpx:TrackPointExtension>
            <gpxtpx:hr>147</gpxtpx:hr>
          </gpxtpx:TrackPointExtension>
        </extensions>
      </trkpt>
      <trkpt lat="-33.77937597222626" lon="151.0894466098398">
        <ele>87.0</ele>
        <time>2026-08-27T21:34:02Z</time>
        <extensions>
          <gpxtpx:TrackPointExtension>
            <gpxtpx:hr>149</gpxtpx:hr>
          </gpxtpx:TrackPointExtension>
        </extensions>
      </trkpt>
      <trkpt lat="-33.779355101287365" lon="151.08936061151326">
        <ele>87.0</ele>
        <time>2026-08-27T21:34:05Z</time>
        <extensions>
          <gpxtpx:TrackPointExtension>
            <gpxtpx:hr>150</gpxtpx:hr>
          </gpxtpx:TrackPointExtension>
        </extensions>
      </trkpt>
      <trkpt lat="-33.77931755036116" lon="151.08928291127086">
        <ele>87.0</ele>
        <time>2026-08-27T21:34:08Z</time>
        <extensions>
          <gpxtpx:TrackPointExtension>
            <gpxtpx:hr>151</gpxtpx:hr>
          </gpxtpx:TrackPointExtension>
        </extensions>
      </trkpt>
      <trkpt lat="-33.779288716614246" lon="151.08924360014498">
        <ele>88.0</ele>
        <time>2026-08-27T21:34:11Z</time>
        <extensions>
          <gpxtpx:TrackPointExtension>
            <gpxtpx:hr>151</gpxtpx:hr>
          </gpxtpx:TrackPointExtension>
        </extensions>
      </trkpt>
      <trkpt lat="-33.779232474043965" lon="151.08918559737504">
        <ele>88.0</ele>
        <time>2026-08-27T21:34:14Z</time>
        <extensions>
          <gpxtpx:TrackPointExtension>
            <gpxtpx:hr>152</gpxtpx:hr>
          </gpxtpx:TrackPointExtension>
        </extensions>
      </trkpt>
      <trkpt lat="-33.77917011268437" lon="151.08912608586252">
        <ele>88.0</ele>
        <time>2026-08-27T21:34:17Z</time>
        <extensions>
          <gpxtpx:TrackPointExtension>
            <gpxtpx:hr>151</gpxtpx:hr>
          </gpxtpx:TrackPointExtension>
        </extensions>
      </trkpt>
      <trkpt lat="-33.7791046500206" lon="151.0890679154545">
        <ele>89.0</ele>
        <time>2026-08-27T21:34:20Z</time>
        <extensions>
          <gpxtpx:TrackPointExtension>
            <gpxtpx:hr>151</gpxtpx:hr>
          </gpxtpx:TrackPointExtension>
        </extensions>
      </trkpt>
      <trkpt lat="-33.779065338894725" lon="151.089032208547">
        <ele>90.0</ele>
        <time>2026-08-27T21:34:23Z</time>
        <extensions>
          <gpxtpx:TrackPointExtension>
            <gpxtpx:hr>152</gpxtpx:hr>
          </gpxtpx:TrackPointExtension>
        </extensions>
      </trkpt>
      <trkpt lat="-33.77900163643062" lon="151.08896875754">
        <ele>90.0</ele>
        <time>2026-08-27T21:34:26Z</time>
        <extensions>
          <gpxtpx:TrackPointExtension>
            <gpxtpx:hr>153</gpxtpx:hr>
          </gpxtpx:TrackPointExtension>
        </extensions>
      </trkpt>
      <trkpt lat="-33.77894296310842" lon="151.08890145085752">
        <ele>90.0</ele>
        <time>2026-08-27T21:34:29Z</time>
        <extensions>
          <gpxtpx:TrackPointExtension>
            <gpxtpx:hr>153</gpxtpx:hr>
          </gpxtpx:TrackPointExtension>
        </extensions>
      </trkpt>
      <trkpt lat="-33.77888588234782" lon="151.08883908949792">
        <ele>91.0</ele>
        <time>2026-08-27T21:34:32Z</time>
        <extensions>
          <gpxtpx:TrackPointExtension>
            <gpxtpx:hr>153</gpxtpx:hr>
          </gpxtpx:TrackPointExtension>
        </extensions>
      </trkpt>
      <trkpt lat="-33.778850343078375" lon="151.08880589716136">
        <ele>92.0</ele>
        <time>2026-08-27T21:34:35Z</time>
        <extensions>
          <gpxtpx:TrackPointExtension>
            <gpxtpx:hr>154</gpxtpx:hr>
          </gpxtpx:TrackPointExtension>
        </extensions>
      </trkpt>
      <trkpt lat="-33.77879443578422" lon="151.08875535428524">
        <ele>93.0</ele>
        <time>2026-08-27T21:34:38Z</time>
        <extensions>
          <gpxtpx:TrackPointExtension>
            <gpxtpx:hr>155</gpxtpx:hr>
          </gpxtpx:TrackPointExtension>
        </extensions>
      </trkpt>
      <trkpt lat="-33.77874540165067" lon="151.0887010395527">
        <ele>93.0</ele>
        <time>2026-08-27T21:34:41Z</time>
        <extensions>
          <gpxtpx:TrackPointExtension>
            <gpxtpx:hr>155</gpxtpx:hr>
          </gpxtpx:TrackPointExtension>
        </extensions>
      </trkpt>
      <trkpt lat="-33.778713969513774" lon="151.0886326432228">
        <ele>93.0</ele>
        <time>2026-08-27T21:34:44Z</time>
        <extensions>
          <gpxtpx:TrackPointExtension>
            <gpxtpx:hr>155</gpxtpx:hr>
          </gpxtpx:TrackPointExtension>
        </extensions>
      </trkpt>
      <trkpt lat="-33.77871187403798" lon="151.08858310617507">
        <ele>93.0</ele>
        <time>2026-08-27T21:34:47Z</time>
        <extensions>
          <gpxtpx:TrackPointExtension>
            <gpxtpx:hr>155</gpxtpx:hr>
          </gpxtpx:TrackPointExtension>
        </extensions>
      </trkpt>
      <trkpt lat="-33.77875621430576" lon="151.08849023468792">
        <ele>93.0</ele>
        <time>2026-08-27T21:34:50Z</time>
        <extensions>
          <gpxtpx:TrackPointExtension>
            <gpxtpx:hr>153</gpxtpx:hr>
          </gpxtpx:TrackPointExtension>
        </extensions>
      </trkpt>
      <trkpt lat="-33.778823940083385" lon="151.08838068321347">
        <ele>93.0</ele>
        <time>2026-08-27T21:36:06Z</time>
        <extensions>
          <gpxtpx:TrackPointExtension>
            <gpxtpx:hr>121</gpxtpx:hr>
          </gpxtpx:TrackPointExtension>
        </extensions>
      </trkpt>
      <trkpt lat="-33.77883265726268" lon="151.08834698796272">
        <ele>92.0</ele>
        <time>2026-08-27T21:36:09Z</time>
        <extensions>
          <gpxtpx:TrackPointExtension>
            <gpxtpx:hr>118</gpxtpx:hr>
          </gpxtpx:TrackPointExtension>
        </extensions>
      </trkpt>
      <trkpt lat="-33.77885788679123" lon="151.0882728919387">
        <ele>92.0</ele>
        <time>2026-08-27T21:36:12Z</time>
        <extensions>
          <gpxtpx:TrackPointExtension>
            <gpxtpx:hr>118</gpxtpx:hr>
          </gpxtpx:TrackPointExtension>
        </extensions>
      </trkpt>
      <trkpt lat="-33.778895772993565" lon="151.0881933476776">
        <ele>92.0</ele>
        <time>2026-08-27T21:36:15Z</time>
        <extensions>
          <gpxtpx:TrackPointExtension>
            <gpxtpx:hr>121</gpxtpx:hr>
          </gpxtpx:TrackPointExtension>
        </extensions>
      </trkpt>
      <trkpt lat="-33.778935838490725" lon="151.0881117079407">
        <ele>92.0</ele>
        <time>2026-08-27T21:36:18Z</time>
        <extensions>
          <gpxtpx:TrackPointExtension>
            <gpxtpx:hr>120</gpxtpx:hr>
          </gpxtpx:TrackPointExtension>
        </extensions>
      </trkpt>
      <trkpt lat="-33.77894598059356" lon="151.08806460164487">
        <ele>92.0</ele>
        <time>2026-08-27T21:36:21Z</time>
        <extensions>
          <gpxtpx:TrackPointExtension>
            <gpxtpx:hr>119</gpxtpx:hr>
          </gpxtpx:TrackPointExtension>
        </extensions>
      </trkpt>
      <trkpt lat="-33.77890926785767" lon="151.08801757916808">
        <ele>92.0</ele>
        <time>2026-08-27T21:36:24Z</time>
        <extensions>
          <gpxtpx:TrackPointExtension>
            <gpxtpx:hr>118</gpxtpx:hr>
          </gpxtpx:TrackPointExtension>
        </extensions>
      </trkpt>
      <trkpt lat="-33.77883248962462" lon="151.08798371627927">
        <ele>92.0</ele>
        <time>2026-08-27T21:36:27Z</time>
        <extensions>
          <gpxtpx:TrackPointExtension>
            <gpxtpx:hr>120</gpxtpx:hr>
          </gpxtpx:TrackPointExtension>
        </extensions>
      </trkpt>
      <trkpt lat="-33.7787402048707" lon="151.08794691972435">
        <ele>92.0</ele>
        <time>2026-08-27T21:36:30Z</time>
        <extensions>
          <gpxtpx:TrackPointExtension>
            <gpxtpx:hr>120</gpxtpx:hr>
          </gpxtpx:TrackPointExtension>
        </extensions>
      </trkpt>
      <trkpt lat="-33.77868580631912" lon="151.08792252838612">
        <ele>92.0</ele>
        <time>2026-08-27T21:36:33Z</time>
        <extensions>
          <gpxtpx:TrackPointExtension>
            <gpxtpx:hr>120</gpxtpx:hr>
          </gpxtpx:TrackPointExtension>
        </extensions>
      </trkpt>
      <trkpt lat="-33.77860190346837" lon="151.0878884140402">
        <ele>92.0</ele>
        <time>2026-08-27T21:36:36Z</time>
        <extensions>
          <gpxtpx:TrackPointExtension>
            <gpxtpx:hr>120</gpxtpx:hr>
          </gpxtpx:TrackPointExtension>
        </extensions>
      </trkpt>
      <trkpt lat="-33.778519509360194" lon="151.0878558922559">
        <ele>92.0</ele>
        <time>2026-08-27T21:36:39Z</time>
        <extensions>
          <gpxtpx:TrackPointExtension>
            <gpxtpx:hr>122</gpxtpx:hr>
          </gpxtpx:TrackPointExtension>
        </extensions>
      </trkpt>
      <trkpt lat="-33.77843879163265" lon="151.08782110735774">
        <ele>92.0</ele>
        <time>2026-08-27T21:36:42Z</time>
        <extensions>
          <gpxtpx:TrackPointExtension>
            <gpxtpx:hr>124</gpxtpx:hr>
          </gpxtpx:TrackPointExtension>
        </extensions>
      </trkpt>
      <trkpt lat="-33.77838841639459" lon="151.08779554255307">
        <ele>92.0</ele>
        <time>2026-08-27T21:36:45Z</time>
        <extensions>
          <gpxtpx:TrackPointExtension>
            <gpxtpx:hr>124</gpxtpx:hr>
          </gpxtpx:TrackPointExtension>
        </extensions>
      </trkpt>
      <trkpt lat="-33.77830283716321" lon="151.08774709515274">
        <ele>91.0</ele>
        <time>2026-08-27T21:36:48Z</time>
        <extensions>
          <gpxtpx:TrackPointExtension>
            <gpxtpx:hr>124</gpxtpx:hr>
          </gpxtpx:TrackPointExtension>
        </extensions>
      </trkpt>
      <trkpt lat="-33.77822798676789" lon="151.08768850564957">
        <ele>91.0</ele>
        <time>2026-08-27T21:36:51Z</time>
        <extensions>
          <gpxtpx:TrackPointExtension>
            <gpxtpx:hr>125</gpxtpx:hr>
          </gpxtpx:TrackPointExtension>
        </extensions>
      </trkpt>
      <trkpt lat="-33.77816805616021" lon="151.08761692419648">
        <ele>90.0</ele>
        <time>2026-08-27T21:36:54Z</time>
        <extensions>
          <gpxtpx:TrackPointExtension>
            <gpxtpx:hr>126</gpxtpx:hr>
          </gpxtpx:TrackPointExtension>
        </extensions>
      </trkpt>
      <trkpt lat="-33.77813033759594" lon="151.0875781159848">
        <ele>90.0</ele>
        <time>2026-08-27T21:36:57Z</time>
        <extensions>
          <gpxtpx:TrackPointExtension>
            <gpxtpx:hr>126</gpxtpx:hr>
          </gpxtpx:TrackPointExtension>
        </extensions>
      </trkpt>
      <trkpt lat="-33.77806051634252" lon="151.08752598054707">
        <ele>89.0</ele>
        <time>2026-08-27T21:37:00Z</time>
        <extensions>
          <gpxtpx:TrackPointExtension>
            <gpxtpx:hr>126</gpxtpx:hr>
          </gpxtpx:TrackPointExtension>
        </extensions>
      </trkpt>
      <trkpt lat="-33.77801810391247" lon="151.08745649456978">
        <ele>88.0</ele>
        <time>2026-08-27T21:37:03Z</time>
        <extensions>
          <gpxtpx:TrackPointExtension>
            <gpxtpx:hr>127</gpxtpx:hr>
          </gpxtpx:TrackPointExtension>
        </extensions>
      </trkpt>
      <trkpt lat="-33.77802296541631" lon="151.0873661376536">
        <ele>88.0</ele>
        <time>2026-08-27T21:37:06Z</time>
        <extensions>
          <gpxtpx:TrackPointExtension>
            <gpxtpx:hr>128</gpxtpx:hr>
          </gpxtpx:TrackPointExtension>
        </extensions>
      </trkpt>
      <trkpt lat="-33.778043081983924" lon="151.08731140382588">
        <ele>88.0</ele>
        <time>2026-08-27T21:37:09Z</time>
        <extensions>
          <gpxtpx:TrackPointExtension>
            <gpxtpx:hr>127</gpxtpx:hr>
          </gpxtpx:TrackPointExtension>
        </extensions>
      </trkpt>
      <trkpt lat="-33.778083650395274" lon="151.08722548931837">
        <ele>87.0</ele>
        <time>2026-08-27T21:37:12Z</time>
        <extensions>
          <gpxtpx:TrackPointExtension>
            <gpxtpx:hr>127</gpxtpx:hr>
          </gpxtpx:TrackPointExtension>
        </extensions>
      </trkpt>
      <trkpt lat="-33.778118938207626" lon="151.08713932335377">
        <ele>87.0</ele>
        <time>2026-08-27T21:37:15Z</time>
        <extensions>
          <gpxtpx:TrackPointExtension>
            <gpxtpx:hr>127</gpxtpx:hr>
          </gpxtpx:TrackPointExtension>
        </extensions>
      </trkpt>
      <trkpt lat="-33.77814877778292" lon="151.08704729005694">
        <ele>87.0</ele>
        <time>2026-08-27T21:37:18Z</time>
        <extensions>
          <gpxtpx:TrackPointExtension>
            <gpxtpx:hr>127</gpxtpx:hr>
          </gpxtpx:TrackPointExtension>
        </extensions>
      </trkpt>
      <trkpt lat="-33.77816520631313" lon="151.0869901254773">
        <ele>87.0</ele>
        <time>2026-08-27T21:37:21Z</time>
        <extensions>
          <gpxtpx:TrackPointExtension>
            <gpxtpx:hr>128</gpxtpx:hr>
          </gpxtpx:TrackPointExtension>
        </extensions>
      </trkpt>
      <trkpt lat="-33.77819588407874" lon="151.0868952423334">
        <ele>87.0</ele>
        <time>2026-08-27T21:37:24Z</time>
        <extensions>
          <gpxtpx:TrackPointExtension>
            <gpxtpx:hr>129</gpxtpx:hr>
          </gpxtpx:TrackPointExtension>
        </extensions>
      </trkpt>
      <trkpt lat="-33.77823159098625" lon="151.08680069446564">
        <ele>87.0</ele>
        <time>2026-08-27T21:37:27Z</time>
        <extensions>
          <gpxtpx:TrackPointExtension>
            <gpxtpx:hr>130</gpxtpx:hr>
          </gpxtpx:TrackPointExtension>
        </extensions>
      </trkpt>
      <trkpt lat="-33.77826780080795" lon="151.08670840971172">
        <ele>87.0</ele>
        <time>2026-08-27T21:37:30Z</time>
        <extensions>
          <gpxtpx:TrackPointExtension>
            <gpxtpx:hr>132</gpxtpx:hr>
          </gpxtpx:TrackPointExtension>
        </extensions>
      </trkpt>
      <trkpt lat="-33.77828867174685" lon="151.08665568754077">
        <ele>87.0</ele>
        <time>2026-08-27T21:37:33Z</time>
        <extensions>
          <gpxtpx:TrackPointExtension>
            <gpxtpx:hr>132</gpxtpx:hr>
          </gpxtpx:TrackPointExtension>
        </extensions>
      </trkpt>
      <trkpt lat="-33.778319181874394" lon="151.08656859956682">
        <ele>87.0</ele>
        <time>2026-08-27T21:37:36Z</time>
        <extensions>
          <gpxtpx:TrackPointExtension>
            <gpxtpx:hr>132</gpxtpx:hr>
          </gpxtpx:TrackPointExtension>
        </extensions>
      </trkpt>
      <trkpt lat="-33.77834835089743" lon="151.08647933229804">
        <ele>88.0</ele>
        <time>2026-08-27T21:37:39Z</time>
        <extensions>
          <gpxtpx:TrackPointExtension>
            <gpxtpx:hr>133</gpxtpx:hr>
          </gpxtpx:TrackPointExtension>
        </extensions>
      </trkpt>
      <trkpt lat="-33.77838305197656" lon="151.0863898973912">
        <ele>88.0</ele>
        <time>2026-08-27T21:37:42Z</time>
        <extensions>
          <gpxtpx:TrackPointExtension>
            <gpxtpx:hr>135</gpxtpx:hr>
          </gpxtpx:TrackPointExtension>
        </extensions>
      </trkpt>
      <trkpt lat="-33.778404761105776" lon="151.0863367561251">
        <ele>88.0</ele>
        <time>2026-08-27T21:37:45Z</time>
        <extensions>
          <gpxtpx:TrackPointExtension>
            <gpxtpx:hr>135</gpxtpx:hr>
          </gpxtpx:TrackPointExtension>
        </extensions>
      </trkpt>
      <trkpt lat="-33.77843636088073" lon="151.0862500872463">
        <ele>88.0</ele>
        <time>2026-08-27T21:37:48Z</time>
        <extensions>
          <gpxtpx:TrackPointExtension>
            <gpxtpx:hr>135</gpxtpx:hr>
          </gpxtpx:TrackPointExtension>
        </extensions>
      </trkpt>
      <trkpt lat="-33.778464356437325" lon="151.0861602332443">
        <ele>88.0</ele>
        <time>2026-08-27T21:37:51Z</time>
        <extensions>
          <gpxtpx:TrackPointExtension>
            <gpxtpx:hr>136</gpxtpx:hr>
          </gpxtpx:TrackPointExtension>
        </extensions>
      </trkpt>
      <trkpt lat="-33.77849486656487" lon="151.08606970869005">
        <ele>88.0</ele>
        <time>2026-08-27T21:37:54Z</time>
        <extensions>
          <gpxtpx:TrackPointExtension>
            <gpxtpx:hr>136</gpxtpx:hr>
          </gpxtpx:TrackPointExtension>
        </extensions>
      </trkpt>
      <trkpt lat="-33.778515653684735" lon="151.0860156454146">
        <ele>89.0</ele>
        <time>2026-08-27T21:37:57Z</time>
        <extensions>
          <gpxtpx:TrackPointExtension>
            <gpxtpx:hr>137</gpxtpx:hr>
          </gpxtpx:TrackPointExtension>
        </extensions>
      </trkpt>
      <trkpt lat="-33.77854574471712" lon="151.08592352829874">
        <ele>89.0</ele>
        <time>2026-08-27T21:38:00Z</time>
        <extensions>
          <gpxtpx:TrackPointExtension>
            <gpxtpx:hr>137</gpxtpx:hr>
          </gpxtpx:TrackPointExtension>
        </extensions>
      </trkpt>
      <trkpt lat="-33.778569214046" lon="151.08583082444966">
        <ele>89.0</ele>
        <time>2026-08-27T21:38:03Z</time>
        <extensions>
          <gpxtpx:TrackPointExtension>
            <gpxtpx:hr>136</gpxtpx:hr>
          </gpxtpx:TrackPointExtension>
        </extensions>
      </trkpt>
      <trkpt lat="-33.7785657774657" lon="151.08574541285634">
        <ele>89.0</ele>
        <time>2026-08-27T21:38:06Z</time>
        <extensions>
          <gpxtpx:TrackPointExtension>
            <gpxtpx:hr>136</gpxtpx:hr>
          </gpxtpx:TrackPointExtension>
        </extensions>
      </trkpt>
      <trkpt lat="-33.778540045022964" lon="151.08570870012045">
        <ele>89.0</ele>
        <time>2026-08-27T21:38:09Z</time>
        <extensions>
          <gpxtpx:TrackPointExtension>
            <gpxtpx:hr>137</gpxtpx:hr>
          </gpxtpx:TrackPointExtension>
        </extensions>
      </trkpt>
      <trkpt lat="-33.77846854738891" lon="151.08568171039224">
        <ele>89.0</ele>
        <time>2026-08-27T21:38:12Z</time>
        <extensions>
          <gpxtpx:TrackPointExtension>
            <gpxtpx:hr>137</gpxtpx:hr>
          </gpxtpx:TrackPointExtension>
        </extensions>
      </trkpt>
      <trkpt lat="-33.77838539890945" lon="151.08567810617387">
        <ele>89.0</ele>
        <time>2026-08-27T21:38:15Z</time>
        <extensions>
          <gpxtpx:TrackPointExtension>
            <gpxtpx:hr>138</gpxtpx:hr>
          </gpxtpx:TrackPointExtension>
        </extensions>
      </trkpt>
      <trkpt lat="-33.77830090932548" lon="151.0856765974313">
        <ele>88.0</ele>
        <time>2026-08-27T21:38:18Z</time>
        <extensions>
          <gpxtpx:TrackPointExtension>
            <gpxtpx:hr>137</gpxtpx:hr>
          </gpxtpx:TrackPointExtension>
        </extensions>
      </trkpt>
      <trkpt lat="-33.77825061790645" lon="151.08567123301327">
        <ele>88.0</ele>
        <time>2026-08-27T21:38:21Z</time>
        <extensions>
          <gpxtpx:TrackPointExtension>
            <gpxtpx:hr>138</gpxtpx:hr>
          </gpxtpx:TrackPointExtension>
        </extensions>
      </trkpt>
      <trkpt lat="-33.77816688269377" lon="151.0856644436717">
        <ele>87.0</ele>
        <time>2026-08-27T21:38:24Z</time>
        <extensions>
          <gpxtpx:TrackPointExtension>
            <gpxtpx:hr>138</gpxtpx:hr>
          </gpxtpx:TrackPointExtension>
        </extensions>
      </trkpt>
      <trkpt lat="-33.77808448858559" lon="151.08567190356553">
        <ele>86.0</ele>
        <time>2026-08-27T21:38:27Z</time>
        <extensions>
          <gpxtpx:TrackPointExtension>
            <gpxtpx:hr>138</gpxtpx:hr>
          </gpxtpx:TrackPointExtension>
        </extensions>
      </trkpt>
      <trkpt lat="-33.7780012562871" lon="151.0856884997338">
        <ele>86.0</ele>
        <time>2026-08-27T21:38:30Z</time>
        <extensions>
          <gpxtpx:TrackPointExtension>
            <gpxtpx:hr>136</gpxtpx:hr>
          </gpxtpx:TrackPointExtension>
        </extensions>
      </trkpt>
      <trkpt lat="-33.77795297652483" lon="151.08570400625467">
        <ele>86.0</ele>
        <time>2026-08-27T21:38:33Z</time>
        <extensions>
          <gpxtpx:TrackPointExtension>
            <gpxtpx:hr>136</gpxtpx:hr>
          </gpxtpx:TrackPointExtension>
        </extensions>
      </trkpt>
      <trkpt lat="-33.7778923753649" lon="151.08571733348072">
        <ele>85.0</ele>
        <time>2026-08-27T21:38:36Z</time>
        <extensions>
          <gpxtpx:TrackPointExtension>
            <gpxtpx:hr>136</gpxtpx:hr>
          </gpxtpx:TrackPointExtension>
        </extensions>
      </trkpt>
      <trkpt lat="-33.77790167927742" lon="151.08569093048573">
        <ele>85.0</ele>
        <time>2026-08-27T21:38:39Z</time>
        <extensions>
          <gpxtpx:TrackPointExtension>
            <gpxtpx:hr>136</gpxtpx:hr>
          </gpxtpx:TrackPointExtension>
        </extensions>
      </trkpt>
      <trkpt lat="-33.77797443419695" lon="151.08567064628005">
        <ele>85.0</ele>
        <time>2026-08-27T21:38:42Z</time>
        <extensions>
          <gpxtpx:TrackPointExtension>
            <gpxtpx:hr>136</gpxtpx:hr>
          </gpxtpx:TrackPointExtension>
        </extensions>
      </trkpt>
      <trkpt lat="-33.778026988729835" lon="151.0856670420617">
        <ele>85.0</ele>
        <time>2026-08-27T21:38:45Z</time>
        <extensions>
          <gpxtpx:TrackPointExtension>
            <gpxtpx:hr>134</gpxtpx:hr>
          </gpxtpx:TrackPointExtension>
        </extensions>
      </trkpt>
      <trkpt lat="-33.778113992884755" lon="151.08567064628005">
        <ele>85.0</ele>
        <time>2026-08-27T21:38:48Z</time>
        <extensions>
          <gpxtpx:TrackPointExtension>
            <gpxtpx:hr>133</gpxtpx:hr>
          </gpxtpx:TrackPointExtension>
        </extensions>
      </trkpt>
      <trkpt lat="-33.778196554630995" lon="151.08567718416452">
        <ele>85.0</ele>
        <time>2026-08-27T21:38:51Z</time>
        <extensions>
          <gpxtpx:TrackPointExtension>
            <gpxtpx:hr>132</gpxtpx:hr>
          </gpxtpx:TrackPointExtension>
        </extensions>
      </trkpt>
      <trkpt lat="-33.778273751959205" lon="151.0856813751161">
        <ele>85.0</ele>
        <time>2026-08-27T21:38:54Z</time>
        <extensions>
          <gpxtpx:TrackPointExtension>
            <gpxtpx:hr>132</gpxtpx:hr>
          </gpxtpx:TrackPointExtension>
        </extensions>
      </trkpt>
      <trkpt lat="-33.778318762779236" lon="151.08568363822997">
        <ele>85.0</ele>
        <time>2026-08-27T21:38:57Z</time>
        <extensions>
          <gpxtpx:TrackPointExtension>
            <gpxtpx:hr>132</gpxtpx:hr>
          </gpxtpx:TrackPointExtension>
        </extensions>
      </trkpt>
      <trkpt lat="-33.778394786641" lon="151.0856903437525">
        <ele>85.0</ele>
        <time>2026-08-27T21:39:00Z</time>
        <extensions>
          <gpxtpx:TrackPointExtension>
            <gpxtpx:hr>132</gpxtpx:hr>
          </gpxtpx:TrackPointExtension>
        </extensions>
      </trkpt>
      <trkpt lat="-33.77847047522664" lon="151.0856924392283">
        <ele>85.0</ele>
        <time>2026-08-27T21:39:03Z</time>
        <extensions>
          <gpxtpx:TrackPointExtension>
            <gpxtpx:hr>132</gpxtpx:hr>
          </gpxtpx:TrackPointExtension>
        </extensions>
      </trkpt>
      <trkpt lat="-33.7785451579839" lon="151.0856892541051">
        <ele>85.0</ele>
        <time>2026-08-27T21:39:06Z</time>
        <extensions>
          <gpxtpx:TrackPointExtension>
            <gpxtpx:hr>133</gpxtpx:hr>
          </gpxtpx:TrackPointExtension>
        </extensions>
      </trkpt>
      <trkpt lat="-33.77858706749976" lon="151.08567760325968">
        <ele>85.0</ele>
        <time>2026-08-27T21:39:09Z</time>
        <extensions>
          <gpxtpx:TrackPointExtension>
            <gpxtpx:hr>133</gpxtpx:hr>
          </gpxtpx:TrackPointExtension>
        </extensions>
      </trkpt>
      <trkpt lat="-33.77864381298423" lon="151.0856247972697">
        <ele>85.0</ele>
        <time>2026-08-27T21:39:12Z</time>
        <extensions>
          <gpxtpx:TrackPointExtension>
            <gpxtpx:hr>133</gpxtpx:hr>
          </gpxtpx:TrackPointExtension>
        </extensions>
      </trkpt>
      <trkpt lat="-33.778682202100754" lon="151.08554491773248">
        <ele>86.0</ele>
        <time>2026-08-27T21:39:15Z</time>
        <extensions>
          <gpxtpx:TrackPointExtension>
            <gpxtpx:hr>133</gpxtpx:hr>
          </gpxtpx:TrackPointExtension>
        </extensions>
      </trkpt>
      <trkpt lat="-33.77871128730476" lon="151.08545363880694">
        <ele>87.0</ele>
        <time>2026-08-27T21:39:18Z</time>
        <extensions>
          <gpxtpx:TrackPointExtension>
            <gpxtpx:hr>133</gpxtpx:hr>
          </gpxtpx:TrackPointExtension>
        </extensions>
      </trkpt>
      <trkpt lat="-33.77872947603464" lon="151.08539789915085">
        <ele>88.0</ele>
        <time>2026-08-27T21:39:21Z</time>
        <extensions>
          <gpxtpx:TrackPointExtension>
            <gpxtpx:hr>133</gpxtpx:hr>
          </gpxtpx:TrackPointExtension>
        </extensions>
      </trkpt>
      <trkpt lat="-33.77876199781895" lon="151.08530594967306">
        <ele>88.0</ele>
        <time>2026-08-27T21:39:24Z</time>
        <extensions>
          <gpxtpx:TrackPointExtension>
            <gpxtpx:hr>135</gpxtpx:hr>
          </gpxtpx:TrackPointExtension>
        </extensions>
      </trkpt>
      <trkpt lat="-33.7787954416126" lon="151.08521483838558">
        <ele>89.0</ele>
        <time>2026-08-27T21:39:27Z</time>
        <extensions>
          <gpxtpx:TrackPointExtension>
            <gpxtpx:hr>136</gpxtpx:hr>
          </gpxtpx:TrackPointExtension>
        </extensions>
      </trkpt>
      <trkpt lat="-33.778828382492065" lon="151.0851237270981">
        <ele>89.0</ele>
        <time>2026-08-27T21:39:30Z</time>
        <extensions>
          <gpxtpx:TrackPointExtension>
            <gpxtpx:hr>136</gpxtpx:hr>
          </gpxtpx:TrackPointExtension>
        </extensions>
      </trkpt>
      <trkpt lat="-33.77884824760258" lon="151.08506974764168">
        <ele>90.0</ele>
        <time>2026-08-27T21:39:33Z</time>
        <extensions>
          <gpxtpx:TrackPointExtension>
            <gpxtpx:hr>137</gpxtpx:hr>
          </gpxtpx:TrackPointExtension>
        </extensions>
      </trkpt>
      <trkpt lat="-33.77888395451009" lon="151.08498240821064">
        <ele>90.0</ele>
        <time>2026-08-27T21:39:36Z</time>
        <extensions>
          <gpxtpx:TrackPointExtension>
            <gpxtpx:hr>137</gpxtpx:hr>
          </gpxtpx:TrackPointExtension>
        </extensions>
      </trkpt>
      <trkpt lat="-33.77892083488405" lon="151.0848985053599">
        <ele>90.0</ele>
        <time>2026-08-27T21:39:39Z</time>
        <extensions>
          <gpxtpx:TrackPointExtension>
            <gpxtpx:hr>137</gpxtpx:hr>
          </gpxtpx:TrackPointExtension>
        </extensions>
      </trkpt>
      <trkpt lat="-33.778955368325114" lon="151.0848155245185">
        <ele>90.0</ele>
        <time>2026-08-27T21:39:42Z</time>
        <extensions>
          <gpxtpx:TrackPointExtension>
            <gpxtpx:hr>139</gpxtpx:hr>
          </gpxtpx:TrackPointExtension>
        </extensions>
      </trkpt>
      <trkpt lat="-33.778970539569855" lon="151.08476280234754">
        <ele>90.0</ele>
        <time>2026-08-27T21:39:45Z</time>
        <extensions>
          <gpxtpx:TrackPointExtension>
            <gpxtpx:hr>140</gpxtpx:hr>
          </gpxtpx:TrackPointExtension>
        </extensions>
      </trkpt>
      <trkpt lat="-33.77899560146034" lon="151.0846757143736">
        <ele>90.0</ele>
        <time>2026-08-27T21:39:48Z</time>
        <extensions>
          <gpxtpx:TrackPointExtension>
            <gpxtpx:hr>140</gpxtpx:hr>
          </gpxtpx:TrackPointExtension>
        </extensions>
      </trkpt>
      <trkpt lat="-33.77902594394982" lon="151.08458024449646">
        <ele>90.0</ele>
        <time>2026-08-27T21:39:51Z</time>
        <extensions>
          <gpxtpx:TrackPointExtension>
            <gpxtpx:hr>140</gpxtpx:hr>
          </gpxtpx:TrackPointExtension>
        </extensions>
      </trkpt>
      <trkpt lat="-33.7790406960994" lon="151.0845007840544">
        <ele>90.0</ele>
        <time>2026-08-27T21:39:54Z</time>
        <extensions>
          <gpxtpx:TrackPointExtension>
            <gpxtpx:hr>140</gpxtpx:hr>
          </gpxtpx:TrackPointExtension>
        </extensions>
      </trkpt>
      <trkpt lat="-33.77896919846535" lon="151.08450983650982">
        <ele>90.0</ele>
        <time>2026-08-27T21:40:59Z</time>
        <extensions>
          <gpxtpx:TrackPointExtension>
            <gpxtpx:hr>112</gpxtpx:hr>
          </gpxtpx:TrackPointExtension>
        </extensions>
      </trkpt>
      <trkpt lat="-33.77894137054682" lon="151.08451654203236">
        <ele>91.0</ele>
        <time>2026-08-27T21:41:02Z</time>
        <extensions>
          <gpxtpx:TrackPointExtension>
            <gpxtpx:hr>111</gpxtpx:hr>
          </gpxtpx:TrackPointExtension>
        </extensions>
      </trkpt>
      <trkpt lat="-33.77887071110308" lon="151.0845250915736">
        <ele>91.0</ele>
        <time>2026-08-27T21:41:05Z</time>
        <extensions>
          <gpxtpx:TrackPointExtension>
            <gpxtpx:hr>114</gpxtpx:hr>
          </gpxtpx:TrackPointExtension>
        </extensions>
      </trkpt>
      <trkpt lat="-33.77878915518522" lon="151.0845330543816">
        <ele>91.0</ele>
        <time>2026-08-27T21:41:08Z</time>
        <extensions>
          <gpxtpx:TrackPointExtension>
            <gpxtpx:hr>115</gpxtpx:hr>
          </gpxtpx:TrackPointExtension>
        </extensions>
      </trkpt>
      <trkpt lat="-33.77870550379157" lon="151.08453741297126">
        <ele>91.0</ele>
        <time>2026-08-27T21:41:11Z</time>
        <extensions>
          <gpxtpx:TrackPointExtension>
            <gpxtpx:hr>113</gpxtpx:hr>
          </gpxtpx:TrackPointExtension>
        </extensions>
      </trkpt>
      <trkpt lat="-33.77865504473448" lon="151.08454051427543">
        <ele>91.0</ele>
        <time>2026-08-27T21:41:14Z</time>
        <extensions>
          <gpxtpx:TrackPointExtension>
            <gpxtpx:hr>112</gpxtpx:hr>
          </gpxtpx:TrackPointExtension>
        </extensions>
      </trkpt>
      <trkpt lat="-33.7785694655031" lon="151.08455040492117">
        <ele>90.0</ele>
        <time>2026-08-27T21:41:17Z</time>
        <extensions>
          <gpxtpx:TrackPointExtension>
            <gpxtpx:hr>113</gpxtpx:hr>
          </gpxtpx:TrackPointExtension>
        </extensions>
      </trkpt>
      <trkpt lat="-33.77848790958524" lon="151.08456063084304">
        <ele>90.0</ele>
        <time>2026-08-27T21:41:20Z</time>
        <extensions>
          <gpxtpx:TrackPointExtension>
            <gpxtpx:hr>115</gpxtpx:hr>
          </gpxtpx:TrackPointExtension>
        </extensions>
      </trkpt>
      <trkpt lat="-33.77840735949576" lon="151.08456431888044">
        <ele>90.0</ele>
        <time>2026-08-27T21:41:23Z</time>
        <extensions>
          <gpxtpx:TrackPointExtension>
            <gpxtpx:hr>122</gpxtpx:hr>
          </gpxtpx:TrackPointExtension>
        </extensions>
      </trkpt>
      <trkpt lat="-33.778359247371554" lon="151.0845649894327">
        <ele>90.0</ele>
        <time>2026-08-27T21:41:26Z</time>
        <extensions>
          <gpxtpx:TrackPointExtension>
            <gpxtpx:hr>122</gpxtpx:hr>
          </gpxtpx:TrackPointExtension>
        </extensions>
      </trkpt>
      <trkpt lat="-33.77828238531947" lon="151.08456783927977">
        <ele>90.0</ele>
        <time>2026-08-27T21:41:29Z</time>
        <extensions>
          <gpxtpx:TrackPointExtension>
            <gpxtpx:hr>120</gpxtpx:hr>
          </gpxtpx:TrackPointExtension>
        </extensions>
      </trkpt>
      <trkpt lat="-33.77820803783834" lon="151.08457119204104">
        <ele>91.0</ele>
        <time>2026-08-27T21:41:32Z</time>
        <extensions>
          <gpxtpx:TrackPointExtension>
            <gpxtpx:hr>120</gpxtpx:hr>
          </gpxtpx:TrackPointExtension>
        </extensions>
      </trkpt>
      <trkpt lat="-33.778129164129496" lon="151.08457420952618">
        <ele>91.0</ele>
        <time>2026-08-27T21:41:35Z</time>
        <extensions>
          <gpxtpx:TrackPointExtension>
            <gpxtpx:hr>121</gpxtpx:hr>
          </gpxtpx:TrackPointExtension>
        </extensions>
      </trkpt>
      <trkpt lat="-33.778080213814974" lon="151.08457605354488">
        <ele>91.0</ele>
        <time>2026-08-27T21:41:38Z</time>
        <extensions>
          <gpxtpx:TrackPointExtension>
            <gpxtpx:hr>123</gpxtpx:hr>
          </gpxtpx:TrackPointExtension>
        </extensions>
      </trkpt>
      <trkpt lat="-33.7779994122684" lon="151.08457923866808">
        <ele>91.0</ele>
        <time>2026-08-27T21:41:41Z</time>
        <extensions>
          <gpxtpx:TrackPointExtension>
            <gpxtpx:hr>125</gpxtpx:hr>
          </gpxtpx:TrackPointExtension>
        </extensions>
      </trkpt>
      <trkpt lat="-33.77791978418827" lon="151.08458368107677">
        <ele>91.0</ele>
        <time>2026-08-27T21:41:44Z</time>
        <extensions>
          <gpxtpx:TrackPointExtension>
            <gpxtpx:hr>123</gpxtpx:hr>
          </gpxtpx:TrackPointExtension>
        </extensions>
      </trkpt>
      <trkpt lat="-33.777840910479426" lon="151.0845887940377">
        <ele>92.0</ele>
        <time>2026-08-27T21:41:47Z</time>
        <extensions>
          <gpxtpx:TrackPointExtension>
            <gpxtpx:hr>124</gpxtpx:hr>
          </gpxtpx:TrackPointExtension>
        </extensions>
      </trkpt>
      <trkpt lat="-33.777794474735856" lon="151.08459080569446">
        <ele>92.0</ele>
        <time>2026-08-27T21:41:50Z</time>
        <extensions>
          <gpxtpx:TrackPointExtension>
            <gpxtpx:hr>124</gpxtpx:hr>
          </gpxtpx:TrackPointExtension>
        </extensions>
      </trkpt>
      <trkpt lat="-33.777718199416995" lon="151.0845917277038">
        <ele>92.0</ele>
        <time>2026-08-27T21:41:53Z</time>
        <extensions>
          <gpxtpx:TrackPointExtension>
            <gpxtpx:hr>127</gpxtpx:hr>
          </gpxtpx:TrackPointExtension>
        </extensions>
      </trkpt>
      <trkpt lat="-33.777639996260405" lon="151.08458921313286">
        <ele>92.0</ele>
        <time>2026-08-27T21:41:56Z</time>
        <extensions>
          <gpxtpx:TrackPointExtension>
            <gpxtpx:hr>128</gpxtpx:hr>
          </gpxtpx:TrackPointExtension>
        </extensions>
      </trkpt>
      <trkpt lat="-33.77756271511316" lon="151.0845864471048">
        <ele>93.0</ele>
        <time>2026-08-27T21:41:59Z</time>
        <extensions>
          <gpxtpx:TrackPointExtension>
            <gpxtpx:hr>130</gpxtpx:hr>
          </gpxtpx:TrackPointExtension>
        </extensions>
      </trkpt>
      <trkpt lat="-33.77751803956926" lon="151.08458502218127">
        <ele>93.0</ele>
        <time>2026-08-27T21:42:02Z</time>
        <extensions>
          <gpxtpx:TrackPointExtension>
            <gpxtpx:hr>131</gpxtpx:hr>
          </gpxtpx:TrackPointExtension>
        </extensions>
      </trkpt>
      <trkpt lat="-33.77744536846876" lon="151.0845835134387">
        <ele>93.0</ele>
        <time>2026-08-27T21:42:05Z</time>
        <extensions>
          <gpxtpx:TrackPointExtension>
            <gpxtpx:hr>132</gpxtpx:hr>
          </gpxtpx:TrackPointExtension>
        </extensions>
      </trkpt>
      <trkpt lat="-33.77737009897828" lon="151.08457831665874">
        <ele>93.0</ele>
        <time>2026-08-27T21:42:08Z</time>
        <extensions>
          <gpxtpx:TrackPointExtension>
            <gpxtpx:hr>133</gpxtpx:hr>
          </gpxtpx:TrackPointExtension>
        </extensions>
      </trkpt>
      <trkpt lat="-33.77729080617428" lon="151.08456825837493">
        <ele>93.0</ele>
        <time>2026-08-27T21:42:11Z</time>
        <extensions>
          <gpxtpx:TrackPointExtension>
            <gpxtpx:hr>134</gpxtpx:hr>
          </gpxtpx:TrackPointExtension>
        </extensions>
      </trkpt>
      <trkpt lat="-33.77724185585976" lon="151.0845607984811">
        <ele>94.0</ele>
        <time>2026-08-27T21:42:14Z</time>
        <extensions>
          <gpxtpx:TrackPointExtension>
            <gpxtpx:hr>134</gpxtpx:hr>
          </gpxtpx:TrackPointExtension>
        </extensions>
      </trkpt>
      <trkpt lat="-33.77716247923672" lon="151.0845539253205">
        <ele>94.0</ele>
        <time>2026-08-27T21:42:17Z</time>
        <extensions>
          <gpxtpx:TrackPointExtension>
            <gpxtpx:hr>135</gpxtpx:hr>
          </gpxtpx:TrackPointExtension>
        </extensions>
      </trkpt>
      <trkpt lat="-33.777088886126876" lon="151.0845470521599">
        <ele>94.0</ele>
        <time>2026-08-27T21:42:20Z</time>
        <extensions>
          <gpxtpx:TrackPointExtension>
            <gpxtpx:hr>135</gpxtpx:hr>
          </gpxtpx:TrackPointExtension>
        </extensions>
      </trkpt>
      <trkpt lat="-33.777016969397664" lon="151.08453741297126">
        <ele>94.0</ele>
        <time>2026-08-27T21:42:23Z</time>
        <extensions>
          <gpxtpx:TrackPointExtension>
            <gpxtpx:hr>136</gpxtpx:hr>
          </gpxtpx:TrackPointExtension>
        </extensions>
      </trkpt>
      <trkpt lat="-33.77697321586311" lon="151.08452911488712">
        <ele>94.0</ele>
        <time>2026-08-27T21:42:26Z</time>
        <extensions>
          <gpxtpx:TrackPointExtension>
            <gpxtpx:hr>137</gpxtpx:hr>
          </gpxtpx:TrackPointExtension>
        </extensions>
      </trkpt>
      <trkpt lat="-33.77690054476261" lon="151.08451310545206">
        <ele>94.0</ele>
        <time>2026-08-27T21:42:29Z</time>
        <extensions>
          <gpxtpx:TrackPointExtension>
            <gpxtpx:hr>134</gpxtpx:hr>
          </gpxtpx:TrackPointExtension>
        </extensions>
      </trkpt>
      <trkpt lat="-33.77682661637664" lon="151.08450011350214">
        <ele>94.0</ele>
        <time>2026-08-27T21:42:32Z</time>
        <extensions>
          <gpxtpx:TrackPointExtension>
            <gpxtpx:hr>134</gpxtpx:hr>
          </gpxtpx:TrackPointExtension>
        </extensions>
      </trkpt>
      <trkpt lat="-33.77675201743841" lon="151.08448963612318">
        <ele>95.0</ele>
        <time>2026-08-27T21:42:35Z</time>
        <extensions>
          <gpxtpx:TrackPointExtension>
            <gpxtpx:hr>134</gpxtpx:hr>
          </gpxtpx:TrackPointExtension>
        </extensions>
      </trkpt>
      <trkpt lat="-33.77670734189451" lon="151.0844810027629">
        <ele>95.0</ele>
        <time>2026-08-27T21:42:38Z</time>
        <extensions>
          <gpxtpx:TrackPointExtension>
            <gpxtpx:hr>135</gpxtpx:hr>
          </gpxtpx:TrackPointExtension>
        </extensions>
      </trkpt>
      <trkpt lat="-33.77663031220436" lon="151.08445920981467">
        <ele>95.0</ele>
        <time>2026-08-27T21:42:41Z</time>
        <extensions>
          <gpxtpx:TrackPointExtension>
            <gpxtpx:hr>136</gpxtpx:hr>
          </gpxtpx:TrackPointExtension>
        </extensions>
      </trkpt>
      <trkpt lat="-33.77655294723809" lon="151.08444043435156">
        <ele>95.0</ele>
        <time>2026-08-27T21:42:44Z</time>
        <extensions>
          <gpxtpx:TrackPointExtension>
            <gpxtpx:hr>136</gpxtpx:hr>
          </gpxtpx:TrackPointExtension>
        </extensions>
      </trkpt>
      <trkpt lat="-33.77647549845278" lon="151.08442408964038">
        <ele>95.0</ele>
        <time>2026-08-27T21:42:47Z</time>
        <extensions>
          <gpxtpx:TrackPointExtension>
            <gpxtpx:hr>136</gpxtpx:hr>
          </gpxtpx:TrackPointExtension>
        </extensions>
      </trkpt>
      <trkpt lat="-33.77642855979502" lon="151.0844141151756">
        <ele>95.0</ele>
        <time>2026-08-27T21:42:50Z</time>
        <extensions>
          <gpxtpx:TrackPointExtension>
            <gpxtpx:hr>137</gpxtpx:hr>
          </gpxtpx:TrackPointExtension>
        </extensions>
      </trkpt>
      <trkpt lat="-33.77635178156197" lon="151.0843971837312">
        <ele>95.0</ele>
        <time>2026-08-27T21:42:53Z</time>
        <extensions>
          <gpxtpx:TrackPointExtension>
            <gpxtpx:hr>137</gpxtpx:hr>
          </gpxtpx:TrackPointExtension>
        </extensions>
      </trkpt>
      <trkpt lat="-33.776276260614395" lon="151.084378156811">
        <ele>95.0</ele>
        <time>2026-08-27T21:42:56Z</time>
        <extensions>
          <gpxtpx:TrackPointExtension>
            <gpxtpx:hr>136</gpxtpx:hr>
          </gpxtpx:TrackPointExtension>
        </extensions>
      </trkpt>
      <trkpt lat="-33.77620266750455" lon="151.08435745351017">
        <ele>95.0</ele>
        <time>2026-08-27T21:42:59Z</time>
        <extensions>
          <gpxtpx:TrackPointExtension>
            <gpxtpx:hr>136</gpxtpx:hr>
          </gpxtpx:TrackPointExtension>
        </extensions>
      </trkpt>
      <trkpt lat="-33.77615975216031" lon="151.084343791008">
        <ele>95.0</ele>
        <time>2026-08-27T21:43:02Z</time>
        <extensions>
          <gpxtpx:TrackPointExtension>
            <gpxtpx:hr>136</gpxtpx:hr>
          </gpxtpx:TrackPointExtension>
        </extensions>
      </trkpt>
      <trkpt lat="-33.77608691342175" lon="151.08432048931718">
        <ele>95.0</ele>
        <time>2026-08-27T21:43:05Z</time>
        <extensions>
          <gpxtpx:TrackPointExtension>
            <gpxtpx:hr>135</gpxtpx:hr>
          </gpxtpx:TrackPointExtension>
        </extensions>
      </trkpt>
      <trkpt lat="-33.776011392474174" lon="151.08429509215057">
        <ele>95.0</ele>
        <time>2026-08-27T21:43:08Z</time>
        <extensions>
          <gpxtpx:TrackPointExtension>
            <gpxtpx:hr>136</gpxtpx:hr>
          </gpxtpx:TrackPointExtension>
        </extensions>
      </trkpt>
      <trkpt lat="-33.77593444660306" lon="151.08426684513688">
        <ele>95.0</ele>
        <time>2026-08-27T21:43:11Z</time>
        <extensions>
          <gpxtpx:TrackPointExtension>
            <gpxtpx:hr>135</gpxtpx:hr>
          </gpxtpx:TrackPointExtension>
        </extensions>
      </trkpt>
      <trkpt lat="-33.77588708885014" lon="151.0842489078641">
        <ele>95.0</ele>
        <time>2026-08-27T21:43:14Z</time>
        <extensions>
          <gpxtpx:TrackPointExtension>
            <gpxtpx:hr>135</gpxtpx:hr>
          </gpxtpx:TrackPointExtension>
        </extensions>
      </trkpt>
      <trkpt lat="-33.775808215141296" lon="151.0842230077833">
        <ele>95.0</ele>
        <time>2026-08-27T21:43:17Z</time>
        <extensions>
          <gpxtpx:TrackPointExtension>
            <gpxtpx:hr>135</gpxtpx:hr>
          </gpxtpx:TrackPointExtension>
        </extensions>
      </trkpt>
      <trkpt lat="-33.77573906444013" lon="151.08420289121568">
        <ele>94.0</ele>
        <time>2026-08-27T21:43:20Z</time>
        <extensions>
          <gpxtpx:TrackPointExtension>
            <gpxtpx:hr>134</gpxtpx:hr>
          </gpxtpx:TrackPointExtension>
        </extensions>
      </trkpt>
      <trkpt lat="-33.775673769414425" lon="151.08418319374323">
        <ele>94.0</ele>
        <time>2026-08-27T21:43:23Z</time>
        <extensions>
          <gpxtpx:TrackPointExtension>
            <gpxtpx:hr>133</gpxtpx:hr>
          </gpxtpx:TrackPointExtension>
        </extensions>
      </trkpt>
      <trkpt lat="-33.77563144080341" lon="151.08417003415525">
        <ele>94.0</ele>
        <time>2026-08-27T21:43:26Z</time>
        <extensions>
          <gpxtpx:TrackPointExtension>
            <gpxtpx:hr>133</gpxtpx:hr>
          </gpxtpx:TrackPointExtension>
        </extensions>
      </trkpt>
      <trkpt lat="-33.7755592726171" lon="151.08414195477962">
        <ele>94.0</ele>
        <time>2026-08-27T21:43:29Z</time>
        <extensions>
          <gpxtpx:TrackPointExtension>
            <gpxtpx:hr>132</gpxtpx:hr>
          </gpxtpx:TrackPointExtension>
        </extensions>
      </trkpt>
      <trkpt lat="-33.775488110259175" lon="151.0841083433479">
        <ele>94.0</ele>
        <time>2026-08-27T21:43:32Z</time>
        <extensions>
          <gpxtpx:TrackPointExtension>
            <gpxtpx:hr>133</gpxtpx:hr>
          </gpxtpx:TrackPointExtension>
        </extensions>
      </trkpt>
      <trkpt lat="-33.77541879191995" lon="151.08407800085843">
        <ele>94.0</ele>
        <time>2026-08-27T21:43:35Z</time>
        <extensions>
          <gpxtpx:TrackPointExtension>
            <gpxtpx:hr>134</gpxtpx:hr>
          </gpxtpx:TrackPointExtension>
        </extensions>
      </trkpt>
      <trkpt lat="-33.77537696622312" lon="151.08406358398497">
        <ele>94.0</ele>
        <time>2026-08-27T21:43:38Z</time>
        <extensions>
          <gpxtpx:TrackPointExtension>
            <gpxtpx:hr>133</gpxtpx:hr>
          </gpxtpx:TrackPointExtension>
        </extensions>
      </trkpt>
      <trkpt lat="-33.77530789934099" lon="151.08403609134257">
        <ele>94.0</ele>
        <time>2026-08-27T21:43:41Z</time>
        <extensions>
          <gpxtpx:TrackPointExtension>
            <gpxtpx:hr>134</gpxtpx:hr>
          </gpxtpx:TrackPointExtension>
        </extensions>
      </trkpt>
      <trkpt lat="-33.77524553798139" lon="151.08400851488113">
        <ele>94.0</ele>
        <time>2026-08-27T21:43:44Z</time>
        <extensions>
          <gpxtpx:TrackPointExtension>
            <gpxtpx:hr>134</gpxtpx:hr>
          </gpxtpx:TrackPointExtension>
        </extensions>
      </trkpt>
      <trkpt lat="-33.77519063651562" lon="151.0839754063636">
        <ele>94.0</ele>
        <time>2026-08-27T21:43:47Z</time>
        <extensions>
          <gpxtpx:TrackPointExtension>
            <gpxtpx:hr>135</gpxtpx:hr>
          </gpxtpx:TrackPointExtension>
        </extensions>
      </trkpt>
      <trkpt lat="-33.77515275031328" lon="151.0839529428631">
        <ele>95.0</ele>
        <time>2026-08-27T21:43:50Z</time>
        <extensions>
          <gpxtpx:TrackPointExtension>
            <gpxtpx:hr>135</gpxtpx:hr>
          </gpxtpx:TrackPointExtension>
        </extensions>
      </trkpt>
      <trkpt lat="-33.775082509964705" lon="151.08391840942204">
        <ele>95.0</ele>
        <time>2026-08-27T21:43:53Z</time>
        <extensions>
          <gpxtpx:TrackPointExtension>
            <gpxtpx:hr>135</gpxtpx:hr>
          </gpxtpx:TrackPointExtension>
        </extensions>
      </trkpt>
      <trkpt lat="-33.77500858157873" lon="151.08388680964708">
        <ele>96.0</ele>
        <time>2026-08-27T21:43:56Z</time>
        <extensions>
          <gpxtpx:TrackPointExtension>
            <gpxtpx:hr>136</gpxtpx:hr>
          </gpxtpx:TrackPointExtension>
        </extensions>
      </trkpt>
      <trkpt lat="-33.774935407564044" lon="151.08385914936662">
        <ele>96.0</ele>
        <time>2026-08-27T21:43:59Z</time>
        <extensions>
          <gpxtpx:TrackPointExtension>
            <gpxtpx:hr>137</gpxtpx:hr>
          </gpxtpx:TrackPointExtension>
        </extensions>
      </trkpt>
      <trkpt lat="-33.7748945876956" lon="151.08383961953223">
        <ele>96.0</ele>
        <time>2026-08-27T21:44:02Z</time>
        <extensions>
          <gpxtpx:TrackPointExtension>
            <gpxtpx:hr>137</gpxtpx:hr>
          </gpxtpx:TrackPointExtension>
        </extensions>
      </trkpt>
      <trkpt lat="-33.77482334151864" lon="151.0837977938354">
        <ele>96.0</ele>
        <time>2026-08-27T21:44:05Z</time>
        <extensions>
          <gpxtpx:TrackPointExtension>
            <gpxtpx:hr>138</gpxtpx:hr>
          </gpxtpx:TrackPointExtension>
        </extensions>
      </trkpt>
      <trkpt lat="-33.774750335142016" lon="151.08375730924308">
        <ele>97.0</ele>
        <time>2026-08-27T21:44:08Z</time>
        <extensions>
          <gpxtpx:TrackPointExtension>
            <gpxtpx:hr>139</gpxtpx:hr>
          </gpxtpx:TrackPointExtension>
        </extensions>
      </trkpt>
      <trkpt lat="-33.77467950806022" lon="151.0837216861546">
        <ele>98.0</ele>
        <time>2026-08-27T21:44:11Z</time>
        <extensions>
          <gpxtpx:TrackPointExtension>
            <gpxtpx:hr>140</gpxtpx:hr>
          </gpxtpx:TrackPointExtension>
        </extensions>
      </trkpt>
      <trkpt lat="-33.77463667653501" lon="151.08370140194893">
        <ele>98.0</ele>
        <time>2026-08-27T21:44:14Z</time>
        <extensions>
          <gpxtpx:TrackPointExtension>
            <gpxtpx:hr>141</gpxtpx:hr>
          </gpxtpx:TrackPointExtension>
        </extensions>
      </trkpt>
      <trkpt lat="-33.77456434071064" lon="151.08366795815527">
        <ele>98.0</ele>
        <time>2026-08-27T21:44:17Z</time>
        <extensions>
          <gpxtpx:TrackPointExtension>
            <gpxtpx:hr>141</gpxtpx:hr>
          </gpxtpx:TrackPointExtension>
        </extensions>
      </trkpt>
      <trkpt lat="-33.77449301071465" lon="151.08363082632422">
        <ele>98.0</ele>
        <time>2026-08-27T21:44:20Z</time>
        <extensions>
          <gpxtpx:TrackPointExtension>
            <gpxtpx:hr>142</gpxtpx:hr>
          </gpxtpx:TrackPointExtension>
        </extensions>
      </trkpt>
      <trkpt lat="-33.77442201599479" lon="151.0835874080658">
        <ele>99.0</ele>
        <time>2026-08-27T21:44:23Z</time>
        <extensions>
          <gpxtpx:TrackPointExtension>
            <gpxtpx:hr>142</gpxtpx:hr>
          </gpxtpx:TrackPointExtension>
        </extensions>
      </trkpt>
      <trkpt lat="-33.77437926828861" lon="151.08355907723308">
        <ele>100.0</ele>
        <time>2026-08-27T21:44:26Z</time>
        <extensions>
          <gpxtpx:TrackPointExtension>
            <gpxtpx:hr>143</gpxtpx:hr>
          </gpxtpx:TrackPointExtension>
        </extensions>
      </trkpt>
      <trkpt lat="-33.77430969849229" lon="151.0835092049092">
        <ele>100.0</ele>
        <time>2026-08-27T21:44:29Z</time>
        <extensions>
          <gpxtpx:TrackPointExtension>
            <gpxtpx:hr>144</gpxtpx:hr>
          </gpxtpx:TrackPointExtension>
        </extensions>
      </trkpt>
      <trkpt lat="-33.77424054779112" lon="151.0834608413279">
        <ele>100.0</ele>
        <time>2026-08-27T21:44:32Z</time>
        <extensions>
          <gpxtpx:TrackPointExtension>
            <gpxtpx:hr>144</gpxtpx:hr>
          </gpxtpx:TrackPointExtension>
        </extensions>
      </trkpt>
      <trkpt lat="-33.774172738194466" lon="151.08341365121305">
        <ele>101.0</ele>
        <time>2026-08-27T21:44:35Z</time>
        <extensions>
          <gpxtpx:TrackPointExtension>
            <gpxtpx:hr>145</gpxtpx:hr>
          </gpxtpx:TrackPointExtension>
        </extensions>
      </trkpt>
      <trkpt lat="-33.774134516716" lon="151.08338808640838">
        <ele>101.0</ele>
        <time>2026-08-27T21:44:38Z</time>
        <extensions>
          <gpxtpx:TrackPointExtension>
            <gpxtpx:hr>145</gpxtpx:hr>
          </gpxtpx:TrackPointExtension>
        </extensions>
      </trkpt>
      <trkpt lat="-33.77407534047961" lon="151.08334844000638">
        <ele>101.0</ele>
        <time>2026-08-27T21:44:41Z</time>
        <extensions>
          <gpxtpx:TrackPointExtension>
            <gpxtpx:hr>146</gpxtpx:hr>
          </gpxtpx:TrackPointExtension>
        </extensions>
      </trkpt>
      <trkpt lat="-33.77402186393738" lon="151.08331642113626">
        <ele>102.0</ele>
        <time>2026-08-27T21:44:44Z</time>
        <extensions>
          <gpxtpx:TrackPointExtension>
            <gpxtpx:hr>147</gpxtpx:hr>
          </gpxtpx:TrackPointExtension>
        </extensions>
      </trkpt>
      <trkpt lat="-33.7739791162312" lon="151.08332714997232">
        <ele>102.0</ele>
        <time>2026-08-27T21:44:47Z</time>
        <extensions>
          <gpxtpx:TrackPointExtension>
            <gpxtpx:hr>147</gpxtpx:hr>
          </gpxtpx:TrackPointExtension>
        </extensions>
      </trkpt>
      <trkpt lat="-33.77396126277745" lon="151.08336294069886">
        <ele>103.0</ele>
        <time>2026-08-27T21:44:50Z</time>
        <extensions>
          <gpxtpx:TrackPointExtension>
            <gpxtpx:hr>148</gpxtpx:hr>
          </gpxtpx:TrackPointExtension>
        </extensions>
      </trkpt>
      <trkpt lat="-33.773938212543726" lon="151.08345547690988">
        <ele>103.0</ele>
        <time>2026-08-27T21:44:53Z</time>
        <extensions>
          <gpxtpx:TrackPointExtension>
            <gpxtpx:hr>148</gpxtpx:hr>
          </gpxtpx:TrackPointExtension>
        </extensions>
      </trkpt>
      <trkpt lat="-33.773918598890305" lon="151.0835646931082">
        <ele>104.0</ele>
        <time>2026-08-27T21:44:56Z</time>
        <extensions>
          <gpxtpx:TrackPointExtension>
            <gpxtpx:hr>148</gpxtpx:hr>
          </gpxtpx:TrackPointExtension>
        </extensions>
      </trkpt>
      <trkpt lat="-33.773905439302325" lon="151.08367692679167">
        <ele>104.0</ele>
        <time>2026-08-27T21:44:59Z</time>
        <extensions>
          <gpxtpx:TrackPointExtension>
            <gpxtpx:hr>149</gpxtpx:hr>
          </gpxtpx:TrackPointExtension>
        </extensions>
      </trkpt>
      <trkpt lat="-33.77390233799815" lon="151.08374264091253">
        <ele>105.0</ele>
        <time>2026-08-27T21:45:02Z</time>
        <extensions>
          <gpxtpx:TrackPointExtension>
            <gpxtpx:hr>150</gpxtpx:hr>
          </gpxtpx:TrackPointExtension>
        </extensions>
      </trkpt>
      <trkpt lat="-33.77390116453171" lon="151.0838516894728">
        <ele>104.0</ele>
        <time>2026-08-27T21:45:05Z</time>
        <extensions>
          <gpxtpx:TrackPointExtension>
            <gpxtpx:hr>150</gpxtpx:hr>
          </gpxtpx:TrackPointExtension>
        </extensions>
      </trkpt>
      <trkpt lat="-33.77390367910266" lon="151.0839598160237">
        <ele>104.0</ele>
        <time>2026-08-27T21:45:08Z</time>
        <extensions>
          <gpxtpx:TrackPointExtension>
            <gpxtpx:hr>148</gpxtpx:hr>
          </gpxtpx:TrackPointExtension>
        </extensions>
      </trkpt>
      <trkpt lat="-33.77391164191067" lon="151.08406291343272">
        <ele>103.0</ele>
        <time>2026-08-27T21:45:11Z</time>
        <extensions>
          <gpxtpx:TrackPointExtension>
            <gpxtpx:hr>148</gpxtpx:hr>
          </gpxtpx:TrackPointExtension>
        </extensions>
      </trkpt>
      <trkpt lat="-33.77391750924289" lon="151.08412083238363">
        <ele>103.0</ele>
        <time>2026-08-27T21:45:14Z</time>
        <extensions>
          <gpxtpx:TrackPointExtension>
            <gpxtpx:hr>148</gpxtpx:hr>
          </gpxtpx:TrackPointExtension>
        </extensions>
      </trkpt>
      <trkpt lat="-33.7739222869277" lon="151.08421621844172">
        <ele>103.0</ele>
        <time>2026-08-27T21:45:17Z</time>
        <extensions>
          <gpxtpx:TrackPointExtension>
            <gpxtpx:hr>147</gpxtpx:hr>
          </gpxtpx:TrackPointExtension>
        </extensions>
      </trkpt>
      <trkpt lat="-33.77392765134573" lon="151.08431453816593">
        <ele>103.0</ele>
        <time>2026-08-27T21:45:20Z</time>
        <extensions>
          <gpxtpx:TrackPointExtension>
            <gpxtpx:hr>147</gpxtpx:hr>
          </gpxtpx:TrackPointExtension>
        </extensions>
      </trkpt>
      <trkpt lat="-33.77393435686827" lon="151.08441763557494">
        <ele>102.0</ele>
        <time>2026-08-27T21:45:23Z</time>
        <extensions>
          <gpxtpx:TrackPointExtension>
            <gpxtpx:hr>146</gpxtpx:hr>
          </gpxtpx:TrackPointExtension>
        </extensions>
      </trkpt>
      <trkpt lat="-33.7739378772676" lon="151.08447924256325">
        <ele>102.0</ele>
        <time>2026-08-27T21:45:26Z</time>
        <extensions>
          <gpxtpx:TrackPointExtension>
            <gpxtpx:hr>146</gpxtpx:hr>
          </gpxtpx:TrackPointExtension>
        </extensions>
      </trkpt>
      <trkpt lat="-33.77393997274339" lon="151.08457974158227">
        <ele>102.0</ele>
        <time>2026-08-27T21:45:29Z</time>
        <extensions>
          <gpxtpx:TrackPointExtension>
            <gpxtpx:hr>145</gpxtpx:hr>
          </gpxtpx:TrackPointExtension>
        </extensions>
      </trkpt>
      <trkpt lat="-33.773942068219185" lon="151.08467772603035">
        <ele>102.0</ele>
        <time>2026-08-27T21:45:32Z</time>
        <extensions>
          <gpxtpx:TrackPointExtension>
            <gpxtpx:hr>143</gpxtpx:hr>
          </gpxtpx:TrackPointExtension>
        </extensions>
      </trkpt>
      <trkpt lat="-33.77394181676209" lon="151.0847730282694">
        <ele>102.0</ele>
        <time>2026-08-27T21:45:35Z</time>
        <extensions>
          <gpxtpx:TrackPointExtension>
            <gpxtpx:hr>142</gpxtpx:hr>
          </gpxtpx:TrackPointExtension>
        </extensions>
      </trkpt>
      <trkpt lat="-33.77394139766693" lon="151.0848298575729">
        <ele>102.0</ele>
        <time>2026-08-27T21:45:38Z</time>
        <extensions>
          <gpxtpx:TrackPointExtension>
            <gpxtpx:hr>141</gpxtpx:hr>
          </gpxtpx:TrackPointExtension>
        </extensions>
      </trkpt>
      <trkpt lat="-33.77394340932369" lon="151.08492247760296">
        <ele>102.0</ele>
        <time>2026-08-27T21:45:41Z</time>
        <extensions>
          <gpxtpx:TrackPointExtension>
            <gpxtpx:hr>140</gpxtpx:hr>
          </gpxtpx:TrackPointExtension>
        </extensions>
      </trkpt>
      <trkpt lat="-33.77394391223788" lon="151.08501442708075">
        <ele>102.0</ele>
        <time>2026-08-27T21:45:44Z</time>
        <extensions>
          <gpxtpx:TrackPointExtension>
            <gpxtpx:hr>140</gpxtpx:hr>
          </gpxtpx:TrackPointExtension>
        </extensions>
      </trkpt>
      <trkpt lat="-33.77394374459982" lon="151.08510738238692">
        <ele>101.0</ele>
        <time>2026-08-27T21:45:47Z</time>
        <extensions>
          <gpxtpx:TrackPointExtension>
            <gpxtpx:hr>140</gpxtpx:hr>
          </gpxtpx:TrackPointExtension>
        </extensions>
      </trkpt>
      <trkpt lat="-33.7739447504282" lon="151.08516345731914">
        <ele>101.0</ele>
        <time>2026-08-27T21:45:50Z</time>
        <extensions>
          <gpxtpx:TrackPointExtension>
            <gpxtpx:hr>139</gpxtpx:hr>
          </gpxtpx:TrackPointExtension>
        </extensions>
      </trkpt>
      <trkpt lat="-33.77394810318947" lon="151.08525683172047">
        <ele>101.0</ele>
        <time>2026-08-27T21:45:53Z</time>
        <extensions>
          <gpxtpx:TrackPointExtension>
            <gpxtpx:hr>138</gpxtpx:hr>
          </gpxtpx:TrackPointExtension>
        </extensions>
      </trkpt>
      <trkpt lat="-33.77395095303655" lon="151.0853520501405">
        <ele>101.0</ele>
        <time>2026-08-27T21:45:56Z</time>
        <extensions>
          <gpxtpx:TrackPointExtension>
            <gpxtpx:hr>137</gpxtpx:hr>
          </gpxtpx:TrackPointExtension>
        </extensions>
      </trkpt>
      <trkpt lat="-33.77395363524556" lon="151.08544978313148">
        <ele>101.0</ele>
        <time>2026-08-27T21:45:59Z</time>
        <extensions>
          <gpxtpx:TrackPointExtension>
            <gpxtpx:hr>136</gpxtpx:hr>
          </gpxtpx:TrackPointExtension>
        </extensions>
      </trkpt>
      <trkpt lat="-33.77395497635007" lon="151.0855103842914">
        <ele>101.0</ele>
        <time>2026-08-27T21:46:02Z</time>
        <extensions>
          <gpxtpx:TrackPointExtension>
            <gpxtpx:hr>136</gpxtpx:hr>
          </gpxtpx:TrackPointExtension>
        </extensions>
      </trkpt>
      <trkpt lat="-33.773957658559084" lon="151.0856092069298">
        <ele>101.0</ele>
        <time>2026-08-27T21:46:05Z</time>
        <extensions>
          <gpxtpx:TrackPointExtension>
            <gpxtpx:hr>135</gpxtpx:hr>
          </gpxtpx:TrackPointExtension>
        </extensions>
      </trkpt>
      <trkpt lat="-33.773972913622856" lon="151.08570157550275">
        <ele>101.0</ele>
        <time>2026-08-27T21:46:08Z</time>
        <extensions>
          <gpxtpx:TrackPointExtension>
            <gpxtpx:hr>135</gpxtpx:hr>
          </gpxtpx:TrackPointExtension>
        </extensions>
      </trkpt>
      <trkpt lat="-33.774017337709665" lon="151.08577743172646">
        <ele>101.0</ele>
        <time>2026-08-27T21:46:11Z</time>
        <extensions>
          <gpxtpx:TrackPointExtension>
            <gpxtpx:hr>134</gpxtpx:hr>
          </gpxtpx:TrackPointExtension>
        </extensions>
      </trkpt>
      <trkpt lat="-33.774056397378445" lon="151.0858090315014">
        <ele>101.0</ele>
        <time>2026-08-27T21:46:14Z</time>
        <extensions>
          <gpxtpx:TrackPointExtension>
            <gpxtpx:hr>133</gpxtpx:hr>
          </gpxtpx:TrackPointExtension>
        </extensions>
      </trkpt>
      <trkpt lat="-33.77413518726826" lon="151.08582998625934">
        <ele>100.0</ele>
        <time>2026-08-27T21:46:17Z</time>
        <extensions>
          <gpxtpx:TrackPointExtension>
            <gpxtpx:hr>133</gpxtpx:hr>
          </gpxtpx:TrackPointExtension>
        </extensions>
      </trkpt>
      <trkpt lat="-33.774218168109655" lon="151.0858372785151">
        <ele>100.0</ele>
        <time>2026-08-27T21:46:20Z</time>
        <extensions>
          <gpxtpx:TrackPointExtension>
            <gpxtpx:hr>133</gpxtpx:hr>
          </gpxtpx:TrackPointExtension>
        </extensions>
      </trkpt>
      <trkpt lat="-33.77429896965623" lon="151.08584063127637">
        <ele>100.0</ele>
        <time>2026-08-27T21:46:23Z</time>
        <extensions>
          <gpxtpx:TrackPointExtension>
            <gpxtpx:hr>133</gpxtpx:hr>
          </gpxtpx:TrackPointExtension>
        </extensions>
      </trkpt>
      <trkpt lat="-33.774345237761736" lon="151.08584029600024">
        <ele>100.0</ele>
        <time>2026-08-27T21:46:26Z</time>
        <extensions>
          <gpxtpx:TrackPointExtension>
            <gpxtpx:hr>133</gpxtpx:hr>
          </gpxtpx:TrackPointExtension>
        </extensions>
      </trkpt>
      <trkpt lat="-33.77441983669996" lon="151.08584163710475">
        <ele>100.0</ele>
        <time>2026-08-27T21:46:29Z</time>
        <extensions>
          <gpxtpx:TrackPointExtension>
            <gpxtpx:hr>133</gpxtpx:hr>
          </gpxtpx:TrackPointExtension>
        </extensions>
      </trkpt>
      <trkpt lat="-33.7744920887053" lon="151.08584482222795">
        <ele>100.0</ele>
        <time>2026-08-27T21:46:32Z</time>
        <extensions>
          <gpxtpx:TrackPointExtension>
            <gpxtpx:hr>133</gpxtpx:hr>
          </gpxtpx:TrackPointExtension>
        </extensions>
      </trkpt>
      <trkpt lat="-33.7745629157871" lon="151.08584959991276">
        <ele>100.0</ele>
        <time>2026-08-27T21:46:35Z</time>
        <extensions>
          <gpxtpx:TrackPointExtension>
            <gpxtpx:hr>133</gpxtpx:hr>
          </gpxtpx:TrackPointExtension>
        </extensions>
      </trkpt>
      <trkpt lat="-33.77460574731231" lon="151.08585345558822">
        <ele>100.0</ele>
        <time>2026-08-27T21:46:38Z</time>
        <extensions>
          <gpxtpx:TrackPointExtension>
            <gpxtpx:hr>132</gpxtpx:hr>
          </gpxtpx:TrackPointExtension>
        </extensions>
      </trkpt>
      <trkpt lat="-33.774675065651536" lon="151.08585773035884">
        <ele>100.0</ele>
        <time>2026-08-27T21:46:41Z</time>
        <extensions>
          <gpxtpx:TrackPointExtension>
            <gpxtpx:hr>132</gpxtpx:hr>
          </gpxtpx:TrackPointExtension>
        </extensions>
      </trkpt>
      <trkpt lat="-33.774741953238845" lon="151.08585773035884">
        <ele>99.0</ele>
        <time>2026-08-27T21:46:44Z</time>
        <extensions>
          <gpxtpx:TrackPointExtension>
            <gpxtpx:hr>131</gpxtpx:hr>
          </gpxtpx:TrackPointExtension>
        </extensions>
      </trkpt>
      <trkpt lat="-33.77480875700712" lon="151.08583945780993">
        <ele>99.0</ele>
        <time>2026-08-27T21:46:47Z</time>
        <extensions>
          <gpxtpx:TrackPointExtension>
            <gpxtpx:hr>131</gpxtpx:hr>
          </gpxtpx:TrackPointExtension>
        </extensions>
      </trkpt>
      <trkpt lat="-33.774838764220476" lon="151.0858076903969">
        <ele>99.0</ele>
        <time>2026-08-27T21:46:50Z</time>
        <extensions>
          <gpxtpx:TrackPointExtension>
            <gpxtpx:hr>130</gpxtpx:hr>
          </gpxtpx:TrackPointExtension>
        </extensions>
      </trkpt>
      <trkpt lat="-33.774867095053196" lon="151.0857350192964">
        <ele>98.0</ele>
        <time>2026-08-27T21:46:53Z</time>
        <extensions>
          <gpxtpx:TrackPointExtension>
            <gpxtpx:hr>130</gpxtpx:hr>
          </gpxtpx:TrackPointExtension>
        </extensions>
      </trkpt>
      <trkpt lat="-33.77487128600478" lon="151.0856509488076">
        <ele>97.0</ele>
        <time>2026-08-27T21:46:56Z</time>
        <extensions>
          <gpxtpx:TrackPointExtension>
            <gpxtpx:hr>129</gpxtpx:hr>
          </gpxtpx:TrackPointExtension>
        </extensions>
      </trkpt>
      <trkpt lat="-33.7748684361577" lon="151.08555338345468">
        <ele>96.0</ele>
        <time>2026-08-27T21:46:59Z</time>
        <extensions>
          <gpxtpx:TrackPointExtension>
            <gpxtpx:hr>129</gpxtpx:hr>
          </gpxtpx:TrackPointExtension>
        </extensions>
      </trkpt>
      <trkpt lat="-33.77487086690962" lon="151.08549177646637">
        <ele>96.0</ele>
        <time>2026-08-27T21:47:02Z</time>
        <extensions>
          <gpxtpx:TrackPointExtension>
            <gpxtpx:hr>129</gpxtpx:hr>
          </gpxtpx:TrackPointExtension>
        </extensions>
      </trkpt>
      <trkpt lat="-33.77487505786121" lon="151.0853901039809">
        <ele>96.0</ele>
        <time>2026-08-27T21:47:05Z</time>
        <extensions>
          <gpxtpx:TrackPointExtension>
            <gpxtpx:hr>129</gpxtpx:hr>
          </gpxtpx:TrackPointExtension>
        </extensions>
      </trkpt>
      <trkpt lat="-33.77487857826054" lon="151.08528750948608">
        <ele>95.0</ele>
        <time>2026-08-27T21:47:08Z</time>
        <extensions>
          <gpxtpx:TrackPointExtension>
            <gpxtpx:hr>128</gpxtpx:hr>
          </gpxtpx:TrackPointExtension>
        </extensions>
      </trkpt>
      <trkpt lat="-33.774880254641175" lon="151.0851855855435">
        <ele>95.0</ele>
        <time>2026-08-27T21:47:11Z</time>
        <extensions>
          <gpxtpx:TrackPointExtension>
            <gpxtpx:hr>126</gpxtpx:hr>
          </gpxtpx:TrackPointExtension>
        </extensions>
      </trkpt>
      <trkpt lat="-33.774879751726985" lon="151.08512749895453">
        <ele>95.0</ele>
        <time>2026-08-27T21:47:14Z</time>
        <extensions>
          <gpxtpx:TrackPointExtension>
            <gpxtpx:hr>126</gpxtpx:hr>
          </gpxtpx:TrackPointExtension>
        </extensions>
      </trkpt>
      <trkpt lat="-33.774879248812795" lon="151.0850407462567">
        <ele>95.0</ele>
        <time>2026-08-27T21:47:17Z</time>
        <extensions>
          <gpxtpx:TrackPointExtension>
            <gpxtpx:hr>125</gpxtpx:hr>
          </gpxtpx:TrackPointExtension>
        </extensions>
      </trkpt>
      <trkpt lat="-33.7748998682946" lon="151.08497905544937">
        <ele>95.0</ele>
        <time>2026-08-27T21:47:20Z</time>
        <extensions>
          <gpxtpx:TrackPointExtension>
            <gpxtpx:hr>125</gpxtpx:hr>
          </gpxtpx:TrackPointExtension>
        </extensions>
      </trkpt>
      <trkpt lat="-33.774938341230154" lon="151.08491769991815">
        <ele>94.0</ele>
        <time>2026-08-27T21:47:23Z</time>
        <extensions>
          <gpxtpx:TrackPointExtension>
            <gpxtpx:hr>126</gpxtpx:hr>
          </gpxtpx:TrackPointExtension>
        </extensions>
      </trkpt>
      <trkpt lat="-33.77495803870261" lon="151.08486690558493">
        <ele>94.0</ele>
        <time>2026-08-27T21:47:26Z</time>
        <extensions>
          <gpxtpx:TrackPointExtension>
            <gpxtpx:hr>127</gpxtpx:hr>
          </gpxtpx:TrackPointExtension>
        </extensions>
      </trkpt>
      <trkpt lat="-33.774995086714625" lon="151.08477897942066">
        <ele>94.0</ele>
        <time>2026-08-27T21:47:29Z</time>
        <extensions>
          <gpxtpx:TrackPointExtension>
            <gpxtpx:hr>127</gpxtpx:hr>
          </gpxtpx:TrackPointExtension>
        </extensions>
      </trkpt>
      <trkpt lat="-33.775038504973054" lon="151.08471678569913">
        <ele>93.0</ele>
        <time>2026-08-27T21:47:32Z</time>
        <extensions>
          <gpxtpx:TrackPointExtension>
            <gpxtpx:hr>128</gpxtpx:hr>
          </gpxtpx:TrackPointExtension>
        </extensions>
      </trkpt>
      <trkpt lat="-33.775072786957026" lon="151.08468300662935">
        <ele>92.0</ele>
        <time>2026-08-27T21:47:35Z</time>
        <extensions>
          <gpxtpx:TrackPointExtension>
            <gpxtpx:hr>128</gpxtpx:hr>
          </gpxtpx:TrackPointExtension>
        </extensions>
      </trkpt>
      <trkpt lat="-33.77508770674467" lon="151.08466850593686">
        <ele>92.0</ele>
        <time>2026-08-27T21:47:38Z</time>
        <extensions>
          <gpxtpx:TrackPointExtension>
            <gpxtpx:hr>128</gpxtpx:hr>
          </gpxtpx:TrackPointExtension>
        </extensions>
      </trkpt>
      <trkpt lat="-33.77510857768357" lon="151.08463782817125">
        <ele>91.0</ele>
        <time>2026-08-27T21:47:41Z</time>
        <extensions>
          <gpxtpx:TrackPointExtension>
            <gpxtpx:hr>128</gpxtpx:hr>
          </gpxtpx:TrackPointExtension>
        </extensions>
      </trkpt>
      <trkpt lat="-33.77513464540243" lon="151.08460170216858">
        <ele>91.0</ele>
        <time>2026-08-27T21:47:44Z</time>
        <extensions>
          <gpxtpx:TrackPointExtension>
            <gpxtpx:hr>127</gpxtpx:hr>
          </gpxtpx:TrackPointExtension>
        </extensions>
      </trkpt>
      <trkpt lat="-33.77515945583582" lon="151.0845642350614">
        <ele>90.0</ele>
        <time>2026-08-27T21:47:47Z</time>
        <extensions>
          <gpxtpx:TrackPointExtension>
            <gpxtpx:hr>126</gpxtpx:hr>
          </gpxtpx:TrackPointExtension>
        </extensions>
      </trkpt>
      <trkpt lat="-33.775156857445836" lon="151.08453070744872">
        <ele>90.0</ele>
        <time>2026-08-27T21:47:50Z</time>
        <extensions>
          <gpxtpx:TrackPointExtension>
            <gpxtpx:hr>126</gpxtpx:hr>
          </gpxtpx:TrackPointExtension>
        </extensions>
      </trkpt>
      <trkpt lat="-33.77512140199542" lon="151.08445367775857">
        <ele>90.0</ele>
        <time>2026-08-27T21:47:53Z</time>
        <extensions>
          <gpxtpx:TrackPointExtension>
            <gpxtpx:hr>126</gpxtpx:hr>
          </gpxtpx:TrackPointExtension>
        </extensions>
      </trkpt>
      <trkpt lat="-33.7750722002238" lon="151.08436675742269">
        <ele>90.0</ele>
        <time>2026-08-27T21:47:56Z</time>
        <extensions>
          <gpxtpx:TrackPointExtension>
            <gpxtpx:hr>126</gpxtpx:hr>
          </gpxtpx:TrackPointExtension>
        </extensions>
      </trkpt>
      <trkpt lat="-33.77502894960344" lon="151.08427623286843">
        <ele>90.0</ele>
        <time>2026-08-27T21:47:59Z</time>
        <extensions>
          <gpxtpx:TrackPointExtension>
            <gpxtpx:hr>127</gpxtpx:hr>
          </gpxtpx:TrackPointExtension>
        </extensions>
      </trkpt>
      <trkpt lat="-33.77500656992197" lon="151.08422258868814">
        <ele>91.0</ele>
        <time>2026-08-27T21:48:02Z</time>
        <extensions>
          <gpxtpx:TrackPointExtension>
            <gpxtpx:hr>126</gpxtpx:hr>
          </gpxtpx:TrackPointExtension>
        </extensions>
      </trkpt>
      <trkpt lat="-33.77496759407222" lon="151.08413759618998">
        <ele>91.0</ele>
        <time>2026-08-27T21:48:05Z</time>
        <extensions>
          <gpxtpx:TrackPointExtension>
            <gpxtpx:hr>127</gpxtpx:hr>
          </gpxtpx:TrackPointExtension>
        </extensions>
      </trkpt>
      <trkpt lat="-33.77492845058441" lon="151.0840572975576">
        <ele>91.0</ele>
        <time>2026-08-27T21:48:08Z</time>
        <extensions>
          <gpxtpx:TrackPointExtension>
            <gpxtpx:hr>128</gpxtpx:hr>
          </gpxtpx:TrackPointExtension>
        </extensions>
      </trkpt>
      <trkpt lat="-33.7748943362385" lon="151.08397951349616">
        <ele>92.0</ele>
        <time>2026-08-27T21:48:11Z</time>
        <extensions>
          <gpxtpx:TrackPointExtension>
            <gpxtpx:hr>130</gpxtpx:hr>
          </gpxtpx:TrackPointExtension>
        </extensions>
      </trkpt>
      <trkpt lat="-33.77488151192665" lon="151.0839339159429">
        <ele>93.0</ele>
        <time>2026-08-27T21:48:14Z</time>
        <extensions>
          <gpxtpx:TrackPointExtension>
            <gpxtpx:hr>132</gpxtpx:hr>
          </gpxtpx:TrackPointExtension>
        </extensions>
      </trkpt>
      <trkpt lat="-33.77486818470061" lon="151.0838775895536">
        <ele>93.0</ele>
        <time>2026-08-27T21:48:17Z</time>
        <extensions>
          <gpxtpx:TrackPointExtension>
            <gpxtpx:hr>133</gpxtpx:hr>
          </gpxtpx:TrackPointExtension>
        </extensions>
      </trkpt>
      <trkpt lat="-33.77486986108124" lon="151.08385018073022">
        <ele>94.0</ele>
        <time>2026-08-27T21:48:20Z</time>
        <extensions>
          <gpxtpx:TrackPointExtension>
            <gpxtpx:hr>136</gpxtpx:hr>
          </gpxtpx:TrackPointExtension>
        </extensions>
      </trkpt>
      <trkpt lat="-33.77489911392331" lon="151.08384808525443">
        <ele>95.0</ele>
        <time>2026-08-27T21:48:23Z</time>
        <extensions>
          <gpxtpx:TrackPointExtension>
            <gpxtpx:hr>139</gpxtpx:hr>
          </gpxtpx:TrackPointExtension>
        </extensions>
      </trkpt>
      <trkpt lat="-33.774933982640505" lon="151.08386434614658">
        <ele>96.0</ele>
        <time>2026-08-27T21:48:26Z</time>
        <extensions>
          <gpxtpx:TrackPointExtension>
            <gpxtpx:hr>139</gpxtpx:hr>
          </gpxtpx:TrackPointExtension>
        </extensions>
      </trkpt>
      <trkpt lat="-33.775012185797095" lon="151.08390239998698">
        <ele>96.0</ele>
        <time>2026-08-27T21:48:29Z</time>
        <extensions>
          <gpxtpx:TrackPointExtension>
            <gpxtpx:hr>138</gpxtpx:hr>
          </gpxtpx:TrackPointExtension>
        </extensions>
      </trkpt>
      <trkpt lat="-33.775097178295255" lon="151.08394489623606">
        <ele>97.0</ele>
        <time>2026-08-27T21:48:32Z</time>
        <extensions>
          <gpxtpx:TrackPointExtension>
            <gpxtpx:hr>139</gpxtpx:hr>
          </gpxtpx:TrackPointExtension>
        </extensions>
      </trkpt>
      <trkpt lat="-33.77517856657505" lon="151.08398705720901">
        <ele>97.0</ele>
        <time>2026-08-27T21:48:35Z</time>
        <extensions>
          <gpxtpx:TrackPointExtension>
            <gpxtpx:hr>139</gpxtpx:hr>
          </gpxtpx:TrackPointExtension>
        </extensions>
      </trkpt>
      <trkpt lat="-33.77522508613765" lon="151.08401144854724">
        <ele>97.0</ele>
        <time>2026-08-27T21:48:38Z</time>
        <extensions>
          <gpxtpx:TrackPointExtension>
            <gpxtpx:hr>142</gpxtpx:hr>
          </gpxtpx:TrackPointExtension>
        </extensions>
      </trkpt>
      <trkpt lat="-33.77530253492296" lon="151.08405025675893">
        <ele>97.0</ele>
        <time>2026-08-27T21:48:41Z</time>
        <extensions>
          <gpxtpx:TrackPointExtension>
            <gpxtpx:hr>142</gpxtpx:hr>
          </gpxtpx:TrackPointExtension>
        </extensions>
      </trkpt>
      <trkpt lat="-33.77537579275668" lon="151.08408512547612">
        <ele>96.0</ele>
        <time>2026-08-27T21:48:44Z</time>
        <extensions>
          <gpxtpx:TrackPointExtension>
            <gpxtpx:hr>144</gpxtpx:hr>
          </gpxtpx:TrackPointExtension>
        </extensions>
      </trkpt>
      <trkpt lat="-33.77544628456235" lon="151.08411261811852">
        <ele>96.0</ele>
        <time>2026-08-27T21:48:47Z</time>
        <extensions>
          <gpxtpx:TrackPointExtension>
            <gpxtpx:hr>145</gpxtpx:hr>
          </gpxtpx:TrackPointExtension>
        </extensions>
      </trkpt>
      <trkpt lat="-33.77549137920141" lon="151.0841305553913">
        <ele>96.0</ele>
        <time>2026-08-27T21:48:50Z</time>
        <extensions>
          <gpxtpx:TrackPointExtension>
            <gpxtpx:hr>145</gpxtpx:hr>
          </gpxtpx:TrackPointExtension>
        </extensions>
      </trkpt>
      <trkpt lat="-33.77556539140642" lon="151.0841611493379">
        <ele>95.0</ele>
        <time>2026-08-27T21:48:53Z</time>
        <extensions>
          <gpxtpx:TrackPointExtension>
            <gpxtpx:hr>144</gpxtpx:hr>
          </gpxtpx:TrackPointExtension>
        </extensions>
      </trkpt>
      <trkpt lat="-33.77563940361142" lon="151.08418503776193">
        <ele>95.0</ele>
        <time>2026-08-27T21:48:56Z</time>
        <extensions>
          <gpxtpx:TrackPointExtension>
            <gpxtpx:hr>144</gpxtpx:hr>
          </gpxtpx:TrackPointExtension>
        </extensions>
      </trkpt>
      <trkpt lat="-33.77572246827185" lon="151.0842103511095">
        <ele>94.0</ele>
        <time>2026-08-27T21:48:59Z</time>
        <extensions>
          <gpxtpx:TrackPointExtension>
            <gpxtpx:hr>142</gpxtpx:hr>
          </gpxtpx:TrackPointExtension>
        </extensions>
      </trkpt>
      <trkpt lat="-33.77577560953796" lon="151.08423063531518">
        <ele>94.0</ele>
        <time>2026-08-27T21:49:02Z</time>
        <extensions>
          <gpxtpx:TrackPointExtension>
            <gpxtpx:hr>142</gpxtpx:hr>
          </gpxtpx:TrackPointExtension>
        </extensions>
      </trkpt>
      <trkpt lat="-33.77586554735899" lon="151.0842642467469">
        <ele>93.0</ele>
        <time>2026-08-27T21:49:05Z</time>
        <extensions>
          <gpxtpx:TrackPointExtension>
            <gpxtpx:hr>141</gpxtpx:hr>
          </gpxtpx:TrackPointExtension>
        </extensions>
      </trkpt>
      <trkpt lat="-33.77595338970423" lon="151.08429878018796">
        <ele>93.0</ele>
        <time>2026-08-27T21:49:08Z</time>
        <extensions>
          <gpxtpx:TrackPointExtension>
            <gpxtpx:hr>141</gpxtpx:hr>
          </gpxtpx:TrackPointExtension>
        </extensions>
      </trkpt>
      <trkpt lat="-33.77603427506983" lon="151.0843321401626">
        <ele>93.0</ele>
        <time>2026-08-27T21:49:11Z</time>
        <extensions>
          <gpxtpx:TrackPointExtension>
            <gpxtpx:hr>140</gpxtpx:hr>
          </gpxtpx:TrackPointExtension>
        </extensions>
      </trkpt>
      <trkpt lat="-33.776081716641784" lon="151.08434949070215">
        <ele>93.0</ele>
        <time>2026-08-27T21:49:14Z</time>
        <extensions>
          <gpxtpx:TrackPointExtension>
            <gpxtpx:hr>140</gpxtpx:hr>
          </gpxtpx:TrackPointExtension>
        </extensions>
      </trkpt>
      <trkpt lat="-33.77616059035063" lon="151.08437564224005">
        <ele>93.0</ele>
        <time>2026-08-27T21:49:17Z</time>
        <extensions>
          <gpxtpx:TrackPointExtension>
            <gpxtpx:hr>139</gpxtpx:hr>
          </gpxtpx:TrackPointExtension>
        </extensions>
      </trkpt>
      <trkpt lat="-33.77624214626849" lon="151.08440020121634">
        <ele>93.0</ele>
        <time>2026-08-27T21:49:20Z</time>
        <extensions>
          <gpxtpx:TrackPointExtension>
            <gpxtpx:hr>139</gpxtpx:hr>
          </gpxtpx:TrackPointExtension>
        </extensions>
      </trkpt>
      <trkpt lat="-33.776326635852456" lon="151.0844217427075">
        <ele>93.0</ele>
        <time>2026-08-27T21:49:23Z</time>
        <extensions>
          <gpxtpx:TrackPointExtension>
            <gpxtpx:hr>139</gpxtpx:hr>
          </gpxtpx:TrackPointExtension>
        </extensions>
      </trkpt>
      <trkpt lat="-33.77637709490955" lon="151.0844338964671">
        <ele>94.0</ele>
        <time>2026-08-27T21:49:26Z</time>
        <extensions>
          <gpxtpx:TrackPointExtension>
            <gpxtpx:hr>138</gpxtpx:hr>
          </gpxtpx:TrackPointExtension>
        </extensions>
      </trkpt>
      <trkpt lat="-33.7764591537416" lon="151.08445283956826">
        <ele>94.0</ele>
        <time>2026-08-27T21:49:29Z</time>
        <extensions>
          <gpxtpx:TrackPointExtension>
            <gpxtpx:hr>138</gpxtpx:hr>
          </gpxtpx:TrackPointExtension>
        </extensions>
      </trkpt>
      <trkpt lat="-33.776540542021394" lon="151.08447102829814">
        <ele>94.0</ele>
        <time>2026-08-27T21:49:32Z</time>
        <extensions>
          <gpxtpx:TrackPointExtension>
            <gpxtpx:hr>139</gpxtpx:hr>
          </gpxtpx:TrackPointExtension>
        </extensions>
      </trkpt>
      <trkpt lat="-33.77662008628249" lon="151.08448779210448">
        <ele>94.0</ele>
        <time>2026-08-27T21:49:35Z</time>
        <extensions>
          <gpxtpx:TrackPointExtension>
            <gpxtpx:hr>140</gpxtpx:hr>
          </gpxtpx:TrackPointExtension>
        </extensions>
      </trkpt>
      <trkpt lat="-33.776666689664125" lon="151.08449860475957">
        <ele>95.0</ele>
        <time>2026-08-27T21:49:38Z</time>
        <extensions>
          <gpxtpx:TrackPointExtension>
            <gpxtpx:hr>140</gpxtpx:hr>
          </gpxtpx:TrackPointExtension>
        </extensions>
      </trkpt>
      <trkpt lat="-33.77674640156329" lon="151.08451645821333">
        <ele>95.0</ele>
        <time>2026-08-27T21:49:41Z</time>
        <extensions>
          <gpxtpx:TrackPointExtension>
            <gpxtpx:hr>139</gpxtpx:hr>
          </gpxtpx:TrackPointExtension>
        </extensions>
      </trkpt>
      <trkpt lat="-33.776827873662114" lon="151.08453263528645">
        <ele>95.0</ele>
        <time>2026-08-27T21:49:44Z</time>
        <extensions>
          <gpxtpx:TrackPointExtension>
            <gpxtpx:hr>139</gpxtpx:hr>
          </gpxtpx:TrackPointExtension>
        </extensions>
      </trkpt>
      <trkpt lat="-33.77691169269383" lon="151.08454369939864">
        <ele>95.0</ele>
        <time>2026-08-27T21:49:47Z</time>
        <extensions>
          <gpxtpx:TrackPointExtension>
            <gpxtpx:hr>139</gpxtpx:hr>
          </gpxtpx:TrackPointExtension>
        </extensions>
      </trkpt>
      <trkpt lat="-33.7769631575793" lon="151.08455032110214">
        <ele>95.0</ele>
        <time>2026-08-27T21:49:50Z</time>
        <extensions>
          <gpxtpx:TrackPointExtension>
            <gpxtpx:hr>140</gpxtpx:hr>
          </gpxtpx:TrackPointExtension>
        </extensions>
      </trkpt>
      <trkpt lat="-33.77704848535359" lon="151.08456297777593">
        <ele>95.0</ele>
        <time>2026-08-27T21:49:53Z</time>
        <extensions>
          <gpxtpx:TrackPointExtension>
            <gpxtpx:hr>139</gpxtpx:hr>
          </gpxtpx:TrackPointExtension>
        </extensions>
      </trkpt>
      <trkpt lat="-33.77712761051953" lon="151.08457563444972">
        <ele>95.0</ele>
        <time>2026-08-27T21:49:56Z</time>
        <extensions>
          <gpxtpx:TrackPointExtension>
            <gpxtpx:hr>139</gpxtpx:hr>
          </gpxtpx:TrackPointExtension>
        </extensions>
      </trkpt>
      <trkpt lat="-33.77720095217228" lon="151.0845874529332">
        <ele>94.0</ele>
        <time>2026-08-27T21:49:59Z</time>
        <extensions>
          <gpxtpx:TrackPointExtension>
            <gpxtpx:hr>137</gpxtpx:hr>
          </gpxtpx:TrackPointExtension>
        </extensions>
      </trkpt>
      <trkpt lat="-33.777246717363596" lon="151.08459281735122">
        <ele>94.0</ele>
        <time>2026-08-27T21:50:02Z</time>
        <extensions>
          <gpxtpx:TrackPointExtension>
            <gpxtpx:hr>136</gpxtpx:hr>
          </gpxtpx:TrackPointExtension>
        </extensions>
      </trkpt>
      <trkpt lat="-33.77732525579631" lon="151.08460061252117">
        <ele>94.0</ele>
        <time>2026-08-27T21:50:05Z</time>
        <extensions>
          <gpxtpx:TrackPointExtension>
            <gpxtpx:hr>136</gpxtpx:hr>
          </gpxtpx:TrackPointExtension>
        </extensions>
      </trkpt>
      <trkpt lat="-33.777405470609665" lon="151.08460664749146">
        <ele>94.0</ele>
        <time>2026-08-27T21:50:08Z</time>
        <extensions>
          <gpxtpx:TrackPointExtension>
            <gpxtpx:hr>137</gpxtpx:hr>
          </gpxtpx:TrackPointExtension>
        </extensions>
      </trkpt>
      <trkpt lat="-33.77748618833721" lon="151.08460974879563">
        <ele>93.0</ele>
        <time>2026-08-27T21:50:11Z</time>
        <extensions>
          <gpxtpx:TrackPointExtension>
            <gpxtpx:hr>136</gpxtpx:hr>
          </gpxtpx:TrackPointExtension>
        </extensions>
      </trkpt>
      <trkpt lat="-33.77753337845206" lon="151.0846110060811">
        <ele>93.0</ele>
        <time>2026-08-27T21:50:14Z</time>
        <extensions>
          <gpxtpx:TrackPointExtension>
            <gpxtpx:hr>136</gpxtpx:hr>
          </gpxtpx:TrackPointExtension>
        </extensions>
      </trkpt>
      <trkpt lat="-33.77761200070381" lon="151.0846123471856">
        <ele>93.0</ele>
        <time>2026-08-27T21:50:17Z</time>
        <extensions>
          <gpxtpx:TrackPointExtension>
            <gpxtpx:hr>136</gpxtpx:hr>
          </gpxtpx:TrackPointExtension>
        </extensions>
      </trkpt>
      <trkpt lat="-33.7776886112988" lon="151.08461092226207">
        <ele>93.0</ele>
        <time>2026-08-27T21:50:20Z</time>
        <extensions>
          <gpxtpx:TrackPointExtension>
            <gpxtpx:hr>137</gpxtpx:hr>
          </gpxtpx:TrackPointExtension>
        </extensions>
      </trkpt>
      <trkpt lat="-33.777764635160565" lon="151.08460815623403">
        <ele>93.0</ele>
        <time>2026-08-27T21:50:23Z</time>
        <extensions>
          <gpxtpx:TrackPointExtension>
            <gpxtpx:hr>136</gpxtpx:hr>
          </gpxtpx:TrackPointExtension>
        </extensions>
      </trkpt>
      <trkpt lat="-33.77781140618026" lon="151.08460631221533">
        <ele>93.0</ele>
        <time>2026-08-27T21:50:26Z</time>
        <extensions>
          <gpxtpx:TrackPointExtension>
            <gpxtpx:hr>136</gpxtpx:hr>
          </gpxtpx:TrackPointExtension>
        </extensions>
      </trkpt>
      <trkpt lat="-33.7778855022043" lon="151.08460111543536">
        <ele>92.0</ele>
        <time>2026-08-27T21:50:29Z</time>
        <extensions>
          <gpxtpx:TrackPointExtension>
            <gpxtpx:hr>136</gpxtpx:hr>
          </gpxtpx:TrackPointExtension>
        </extensions>
      </trkpt>
      <trkpt lat="-33.777956580743194" lon="151.08459658920765">
        <ele>92.0</ele>
        <time>2026-08-27T21:50:32Z</time>
        <extensions>
          <gpxtpx:TrackPointExtension>
            <gpxtpx:hr>135</gpxtpx:hr>
          </gpxtpx:TrackPointExtension>
        </extensions>
      </trkpt>
      <trkpt lat="-33.778028916567564" lon="151.08459600247443">
        <ele>92.0</ele>
        <time>2026-08-27T21:50:35Z</time>
        <extensions>
          <gpxtpx:TrackPointExtension>
            <gpxtpx:hr>133</gpxtpx:hr>
          </gpxtpx:TrackPointExtension>
        </extensions>
      </trkpt>
      <trkpt lat="-33.77807518467307" lon="151.08459717594087">
        <ele>92.0</ele>
        <time>2026-08-27T21:50:38Z</time>
        <extensions>
          <gpxtpx:TrackPointExtension>
            <gpxtpx:hr>133</gpxtpx:hr>
          </gpxtpx:TrackPointExtension>
        </extensions>
      </trkpt>
      <trkpt lat="-33.778158500790596" lon="151.08459600247443">
        <ele>92.0</ele>
        <time>2026-08-27T21:50:41Z</time>
        <extensions>
          <gpxtpx:TrackPointExtension>
            <gpxtpx:hr>132</gpxtpx:hr>
          </gpxtpx:TrackPointExtension>
        </extensions>
      </trkpt>
      <trkpt lat="-33.77824014052749" lon="151.08459440991282">
        <ele>92.0</ele>
        <time>2026-08-27T21:50:44Z</time>
        <extensions>
          <gpxtpx:TrackPointExtension>
            <gpxtpx:hr>132</gpxtpx:hr>
          </gpxtpx:TrackPointExtension>
        </extensions>
      </trkpt>
      <trkpt lat="-33.77831800840795" lon="151.0845898836851">
        <ele>91.0</ele>
        <time>2026-08-27T21:50:47Z</time>
        <extensions>
          <gpxtpx:TrackPointExtension>
            <gpxtpx:hr>132</gpxtpx:hr>
          </gpxtpx:TrackPointExtension>
        </extensions>
      </trkpt>
      <trkpt lat="-33.77836477942765" lon="151.0845864471048">
        <ele>91.0</ele>
        <time>2026-08-27T21:50:50Z</time>
        <extensions>
          <gpxtpx:TrackPointExtension>
            <gpxtpx:hr>132</gpxtpx:hr>
          </gpxtpx:TrackPointExtension>
        </extensions>
      </trkpt>
      <trkpt lat="-33.77844256348908" lon="151.08457881957293">
        <ele>91.0</ele>
        <time>2026-08-27T21:50:53Z</time>
        <extensions>
          <gpxtpx:TrackPointExtension>
            <gpxtpx:hr>132</gpxtpx:hr>
          </gpxtpx:TrackPointExtension>
        </extensions>
      </trkpt>
      <trkpt lat="-33.7785192579031" lon="151.08457203023136">
        <ele>91.0</ele>
        <time>2026-08-27T21:50:56Z</time>
        <extensions>
          <gpxtpx:TrackPointExtension>
            <gpxtpx:hr>131</gpxtpx:hr>
          </gpxtpx:TrackPointExtension>
        </extensions>
      </trkpt>
      <trkpt lat="-33.77859318628907" lon="151.0845644865185">
        <ele>90.0</ele>
        <time>2026-08-27T21:50:59Z</time>
        <extensions>
          <gpxtpx:TrackPointExtension>
            <gpxtpx:hr>130</gpxtpx:hr>
          </gpxtpx:TrackPointExtension>
        </extensions>
      </trkpt>
      <trkpt lat="-33.7786366045475" lon="151.0845592059195">
        <ele>90.0</ele>
        <time>2026-08-27T21:51:02Z</time>
        <extensions>
          <gpxtpx:TrackPointExtension>
            <gpxtpx:hr>129</gpxtpx:hr>
          </gpxtpx:TrackPointExtension>
        </extensions>
      </trkpt>
      <trkpt lat="-33.778714472427964" lon="151.08455090783536">
        <ele>90.0</ele>
        <time>2026-08-27T21:51:05Z</time>
        <extensions>
          <gpxtpx:TrackPointExtension>
            <gpxtpx:hr>128</gpxtpx:hr>
          </gpxtpx:TrackPointExtension>
        </extensions>
      </trkpt>
      <trkpt lat="-33.77880063839257" lon="151.08454579487443">
        <ele>90.0</ele>
        <time>2026-08-27T21:51:08Z</time>
        <extensions>
          <gpxtpx:TrackPointExtension>
            <gpxtpx:hr>128</gpxtpx:hr>
          </gpxtpx:TrackPointExtension>
        </extensions>
      </trkpt>
      <trkpt lat="-33.77888923510909" lon="151.08454185537994">
        <ele>90.0</ele>
        <time>2026-08-27T21:51:11Z</time>
        <extensions>
          <gpxtpx:TrackPointExtension>
            <gpxtpx:hr>128</gpxtpx:hr>
          </gpxtpx:TrackPointExtension>
        </extensions>
      </trkpt>
      <trkpt lat="-33.77893919125199" lon="151.08453875407577">
        <ele>90.0</ele>
        <time>2026-08-27T21:51:14Z</time>
        <extensions>
          <gpxtpx:TrackPointExtension>
            <gpxtpx:hr>128</gpxtpx:hr>
          </gpxtpx:TrackPointExtension>
        </extensions>
      </trkpt>
      <trkpt lat="-33.77900457009673" lon="151.0845330543816">
        <ele>90.0</ele>
        <time>2026-08-27T21:51:17Z</time>
        <extensions>
          <gpxtpx:TrackPointExtension>
            <gpxtpx:hr>128</gpxtpx:hr>
          </gpxtpx:TrackPointExtension>
        </extensions>
      </trkpt>
      <trkpt lat="-33.77906517125666" lon="151.0845271870494">
        <ele>90.0</ele>
        <time>2026-08-27T21:51:20Z</time>
        <extensions>
          <gpxtpx:TrackPointExtension>
            <gpxtpx:hr>127</gpxtpx:hr>
          </gpxtpx:TrackPointExtension>
        </extensions>
      </trkpt>
      <trkpt lat="-33.77913876436651" lon="151.08450380153954">
        <ele>90.0</ele>
        <time>2026-08-27T21:51:23Z</time>
        <extensions>
          <gpxtpx:TrackPointExtension>
            <gpxtpx:hr>126</gpxtpx:hr>
          </gpxtpx:TrackPointExtension>
        </extensions>
      </trkpt>
      <trkpt lat="-33.77918788231909" lon="151.08448552899063">
        <ele>90.0</ele>
        <time>2026-08-27T21:51:26Z</time>
        <extensions>
          <gpxtpx:TrackPointExtension>
            <gpxtpx:hr>126</gpxtpx:hr>
          </gpxtpx:TrackPointExtension>
        </extensions>
      </trkpt>
      <trkpt lat="-33.77927027642727" lon="151.08446105383337">
        <ele>90.0</ele>
        <time>2026-08-27T21:51:29Z</time>
        <extensions>
          <gpxtpx:TrackPointExtension>
            <gpxtpx:hr>126</gpxtpx:hr>
          </gpxtpx:TrackPointExtension>
        </extensions>
      </trkpt>
      <trkpt lat="-33.77935325726867" lon="151.08444311656058">
        <ele>90.0</ele>
        <time>2026-08-27T21:51:32Z</time>
        <extensions>
          <gpxtpx:TrackPointExtension>
            <gpxtpx:hr>126</gpxtpx:hr>
          </gpxtpx:TrackPointExtension>
        </extensions>
      </trkpt>
      <trkpt lat="-33.7794379144907" lon="151.08442794531584">
        <ele>90.0</ele>
        <time>2026-08-27T21:51:35Z</time>
        <extensions>
          <gpxtpx:TrackPointExtension>
            <gpxtpx:hr>126</gpxtpx:hr>
          </gpxtpx:TrackPointExtension>
        </extensions>
      </trkpt>
      <trkpt lat="-33.77948770299554" lon="151.08441864140332">
        <ele>91.0</ele>
        <time>2026-08-27T21:51:38Z</time>
        <extensions>
          <gpxtpx:TrackPointExtension>
            <gpxtpx:hr>127</gpxtpx:hr>
          </gpxtpx:TrackPointExtension>
        </extensions>
      </trkpt>
      <trkpt lat="-33.77957143820822" lon="151.08440623618662">
        <ele>91.0</ele>
        <time>2026-08-27T21:51:41Z</time>
        <extensions>
          <gpxtpx:TrackPointExtension>
            <gpxtpx:hr>128</gpxtpx:hr>
          </gpxtpx:TrackPointExtension>
        </extensions>
      </trkpt>
      <trkpt lat="-33.77965576015413" lon="151.08439911156893">
        <ele>91.0</ele>
        <time>2026-08-27T21:51:44Z</time>
        <extensions>
          <gpxtpx:TrackPointExtension>
            <gpxtpx:hr>131</gpxtpx:hr>
          </gpxtpx:TrackPointExtension>
        </extensions>
      </trkpt>
      <trkpt lat="-33.779740585014224" lon="151.08439039438963">
        <ele>92.0</ele>
        <time>2026-08-27T21:51:47Z</time>
        <extensions>
          <gpxtpx:TrackPointExtension>
            <gpxtpx:hr>133</gpxtpx:hr>
          </gpxtpx:TrackPointExtension>
        </extensions>
      </trkpt>
      <trkpt lat="-33.77979263663292" lon="151.08438301831484">
        <ele>92.0</ele>
        <time>2026-08-27T21:51:50Z</time>
        <extensions>
          <gpxtpx:TrackPointExtension>
            <gpxtpx:hr>135</gpxtpx:hr>
          </gpxtpx:TrackPointExtension>
        </extensions>
      </trkpt>
      <trkpt lat="-33.779876958578825" lon="151.0843712836504">
        <ele>92.0</ele>
        <time>2026-08-27T21:51:53Z</time>
        <extensions>
          <gpxtpx:TrackPointExtension>
            <gpxtpx:hr>135</gpxtpx:hr>
          </gpxtpx:TrackPointExtension>
        </extensions>
      </trkpt>
      <trkpt lat="-33.77996019087732" lon="151.0843586269766">
        <ele>93.0</ele>
        <time>2026-08-27T21:51:56Z</time>
        <extensions>
          <gpxtpx:TrackPointExtension>
            <gpxtpx:hr>136</gpxtpx:hr>
          </gpxtpx:TrackPointExtension>
        </extensions>
      </trkpt>
      <trkpt lat="-33.78004174679518" lon="151.08434664085507">
        <ele>93.0</ele>
        <time>2026-08-27T21:51:59Z</time>
        <extensions>
          <gpxtpx:TrackPointExtension>
            <gpxtpx:hr>137</gpxtpx:hr>
          </gpxtpx:TrackPointExtension>
        </extensions>
      </trkpt>
      <trkpt lat="-33.78008943982422" lon="151.08434278517962">
        <ele>93.0</ele>
        <time>2026-08-27T21:52:02Z</time>
        <extensions>
          <gpxtpx:TrackPointExtension>
            <gpxtpx:hr>137</gpxtpx:hr>
          </gpxtpx:TrackPointExtension>
        </extensions>
      </trkpt>
      <trkpt lat="-33.780167642980814" lon="151.08433490619063">
        <ele>93.0</ele>
        <time>2026-08-27T21:52:05Z</time>
        <extensions>
          <gpxtpx:TrackPointExtension>
            <gpxtpx:hr>138</gpxtpx:hr>
          </gpxtpx:TrackPointExtension>
        </extensions>
      </trkpt>
      <trkpt lat="-33.78024366684258" lon="151.08431663364172">
        <ele>93.0</ele>
        <time>2026-08-27T21:52:08Z</time>
        <extensions>
          <gpxtpx:TrackPointExtension>
            <gpxtpx:hr>138</gpxtpx:hr>
          </gpxtpx:TrackPointExtension>
        </extensions>
      </trkpt>
      <trkpt lat="-33.78032145090401" lon="151.08429324813187">
        <ele>92.0</ele>
        <time>2026-08-27T21:52:11Z</time>
        <extensions>
          <gpxtpx:TrackPointExtension>
            <gpxtpx:hr>139</gpxtpx:hr>
          </gpxtpx:TrackPointExtension>
        </extensions>
      </trkpt>
      <trkpt lat="-33.780369563028216" lon="151.0842837765813">
        <ele>92.0</ele>
        <time>2026-08-27T21:52:14Z</time>
        <extensions>
          <gpxtpx:TrackPointExtension>
            <gpxtpx:hr>138</gpxtpx:hr>
          </gpxtpx:TrackPointExtension>
        </extensions>
      </trkpt>
      <trkpt lat="-33.78045178949833" lon="151.08427329920232">
        <ele>92.0</ele>
        <time>2026-08-27T21:52:17Z</time>
        <extensions>
          <gpxtpx:TrackPointExtension>
            <gpxtpx:hr>139</gpxtpx:hr>
          </gpxtpx:TrackPointExtension>
        </extensions>
      </trkpt>
      <trkpt lat="-33.7805378716439" lon="151.08426273800433">
        <ele>92.0</ele>
        <time>2026-08-27T21:52:20Z</time>
        <extensions>
          <gpxtpx:TrackPointExtension>
            <gpxtpx:hr>140</gpxtpx:hr>
          </gpxtpx:TrackPointExtension>
        </extensions>
      </trkpt>
      <trkpt lat="-33.78062386997044" lon="151.08424798585474">
        <ele>91.0</ele>
        <time>2026-08-27T21:52:23Z</time>
        <extensions>
          <gpxtpx:TrackPointExtension>
            <gpxtpx:hr>140</gpxtpx:hr>
          </gpxtpx:TrackPointExtension>
        </extensions>
      </trkpt>
      <trkpt lat="-33.78067156299949" lon="151.08423868194222">
        <ele>91.0</ele>
        <time>2026-08-27T21:52:26Z</time>
        <extensions>
          <gpxtpx:TrackPointExtension>
            <gpxtpx:hr>141</gpxtpx:hr>
          </gpxtpx:TrackPointExtension>
        </extensions>
      </trkpt>
      <trkpt lat="-33.78074448555708" lon="151.0842174757272">
        <ele>90.0</ele>
        <time>2026-08-27T21:52:29Z</time>
        <extensions>
          <gpxtpx:TrackPointExtension>
            <gpxtpx:hr>140</gpxtpx:hr>
          </gpxtpx:TrackPointExtension>
        </extensions>
      </trkpt>
      <trkpt lat="-33.78081816248596" lon="151.08419769443572">
        <ele>90.0</ele>
        <time>2026-08-27T21:52:32Z</time>
        <extensions>
          <gpxtpx:TrackPointExtension>
            <gpxtpx:hr>140</gpxtpx:hr>
          </gpxtpx:TrackPointExtension>
        </extensions>
      </trkpt>
      <trkpt lat="-33.780893851071596" lon="151.08418461866677">
        <ele>89.0</ele>
        <time>2026-08-27T21:52:35Z</time>
        <extensions>
          <gpxtpx:TrackPointExtension>
            <gpxtpx:hr>139</gpxtpx:hr>
          </gpxtpx:TrackPointExtension>
        </extensions>
      </trkpt>
      <trkpt lat="-33.78093844279647" lon="151.0841783322394">
        <ele>89.0</ele>
        <time>2026-08-27T21:52:38Z</time>
        <extensions>
          <gpxtpx:TrackPointExtension>
            <gpxtpx:hr>139</gpxtpx:hr>
          </gpxtpx:TrackPointExtension>
        </extensions>
      </trkpt>
      <trkpt lat="-33.78101178444922" lon="151.08417154289782">
        <ele>88.0</ele>
        <time>2026-08-27T21:52:41Z</time>
        <extensions>
          <gpxtpx:TrackPointExtension>
            <gpxtpx:hr>138</gpxtpx:hr>
          </gpxtpx:TrackPointExtension>
        </extensions>
      </trkpt>
      <trkpt lat="-33.78108277916908" lon="151.08416165225208">
        <ele>87.0</ele>
        <time>2026-08-27T21:52:44Z</time>
        <extensions>
          <gpxtpx:TrackPointExtension>
            <gpxtpx:hr>137</gpxtpx:hr>
          </gpxtpx:TrackPointExtension>
        </extensions>
      </trkpt>
      <trkpt lat="-33.78115578554571" lon="151.0841479897499">
        <ele>86.0</ele>
        <time>2026-08-27T21:52:47Z</time>
        <extensions>
          <gpxtpx:TrackPointExtension>
            <gpxtpx:hr>136</gpxtpx:hr>
          </gpxtpx:TrackPointExtension>
        </extensions>
      </trkpt>
      <trkpt lat="-33.781202640384436" lon="151.08414044603705">
        <ele>86.0</ele>
        <time>2026-08-27T21:52:50Z</time>
        <extensions>
          <gpxtpx:TrackPointExtension>
            <gpxtpx:hr>135</gpxtpx:hr>
          </gpxtpx:TrackPointExtension>
        </extensions>
      </trkpt>
      <trkpt lat="-33.781281765550375" lon="151.08412519097328">
        <ele>85.0</ele>
        <time>2026-08-27T21:52:53Z</time>
        <extensions>
          <gpxtpx:TrackPointExtension>
            <gpxtpx:hr>133</gpxtpx:hr>
          </gpxtpx:TrackPointExtension>
        </extensions>
      </trkpt>
      <trkpt lat="-33.781358543783426" lon="151.0841115284711">
        <ele>84.0</ele>
        <time>2026-08-27T21:52:56Z</time>
        <extensions>
          <gpxtpx:TrackPointExtension>
            <gpxtpx:hr>132</gpxtpx:hr>
          </gpxtpx:TrackPointExtension>
        </extensions>
      </trkpt>
      <trkpt lat="-33.78143196925521" lon="151.08410113491118">
        <ele>83.0</ele>
        <time>2026-08-27T21:52:59Z</time>
        <extensions>
          <gpxtpx:TrackPointExtension>
            <gpxtpx:hr>132</gpxtpx:hr>
          </gpxtpx:TrackPointExtension>
        </extensions>
      </trkpt>
      <trkpt lat="-33.78147496841848" lon="151.08409635722637">
        <ele>83.0</ele>
        <time>2026-08-27T21:53:02Z</time>
        <extensions>
          <gpxtpx:TrackPointExtension>
            <gpxtpx:hr>132</gpxtpx:hr>
          </gpxtpx:TrackPointExtension>
        </extensions>
      </trkpt>
      <trkpt lat="-33.78153867088258" lon="151.0840943455696">
        <ele>82.0</ele>
        <time>2026-08-27T21:53:05Z</time>
        <extensions>
          <gpxtpx:TrackPointExtension>
            <gpxtpx:hr>130</gpxtpx:hr>
          </gpxtpx:TrackPointExtension>
        </extensions>
      </trkpt>
      <trkpt lat="-33.781586196273565" lon="151.08412695117295">
        <ele>81.0</ele>
        <time>2026-08-27T21:53:08Z</time>
        <extensions>
          <gpxtpx:TrackPointExtension>
            <gpxtpx:hr>128</gpxtpx:hr>
          </gpxtpx:TrackPointExtension>
        </extensions>
      </trkpt>
      <trkpt lat="-33.7816034629941" lon="151.08421462588012">
        <ele>80.0</ele>
        <time>2026-08-27T21:53:11Z</time>
        <extensions>
          <gpxtpx:TrackPointExtension>
            <gpxtpx:hr>126</gpxtpx:hr>
          </gpxtpx:TrackPointExtension>
        </extensions>
      </trkpt>
      <trkpt lat="-33.781601870432496" lon="151.08428134582937">
        <ele>80.0</ele>
        <time>2026-08-27T21:53:14Z</time>
        <extensions>
          <gpxtpx:TrackPointExtension>
            <gpxtpx:hr>126</gpxtpx:hr>
          </gpxtpx:TrackPointExtension>
        </extensions>
      </trkpt>
      <trkpt lat="-33.78159667365253" lon="151.0843953397125">
        <ele>79.0</ele>
        <time>2026-08-27T21:53:17Z</time>
        <extensions>
          <gpxtpx:TrackPointExtension>
            <gpxtpx:hr>125</gpxtpx:hr>
          </gpxtpx:TrackPointExtension>
        </extensions>
      </trkpt>
      <trkpt lat="-33.78159424290061" lon="151.08450514264405">
        <ele>78.0</ele>
        <time>2026-08-27T21:53:20Z</time>
        <extensions>
          <gpxtpx:TrackPointExtension>
            <gpxtpx:hr>126</gpxtpx:hr>
          </gpxtpx:TrackPointExtension>
        </extensions>
      </trkpt>
      <trkpt lat="-33.78159189596772" lon="151.0846110060811">
        <ele>78.0</ele>
        <time>2026-08-27T21:53:23Z</time>
        <extensions>
          <gpxtpx:TrackPointExtension>
            <gpxtpx:hr>126</gpxtpx:hr>
          </gpxtpx:TrackPointExtension>
        </extensions>
      </trkpt>
      <trkpt lat="-33.78158871084452" lon="151.08467588201165">
        <ele>78.0</ele>
        <time>2026-08-27T21:53:26Z</time>
        <extensions>
          <gpxtpx:TrackPointExtension>
            <gpxtpx:hr>126</gpxtpx:hr>
          </gpxtpx:TrackPointExtension>
        </extensions>
      </trkpt>
      <trkpt lat="-33.78158560954034" lon="151.08478442765772">
        <ele>77.0</ele>
        <time>2026-08-27T21:53:29Z</time>
        <extensions>
          <gpxtpx:TrackPointExtension>
            <gpxtpx:hr>126</gpxtpx:hr>
          </gpxtpx:TrackPointExtension>
        </extensions>
      </trkpt>
      <trkpt lat="-33.78158736974001" lon="151.08488995581865">
        <ele>77.0</ele>
        <time>2026-08-27T21:53:32Z</time>
        <extensions>
          <gpxtpx:TrackPointExtension>
            <gpxtpx:hr>125</gpxtpx:hr>
          </gpxtpx:TrackPointExtension>
        </extensions>
      </trkpt>
      <trkpt lat="-33.78158577717841" lon="151.0849931370467">
        <ele>76.0</ele>
        <time>2026-08-27T21:53:35Z</time>
        <extensions>
          <gpxtpx:TrackPointExtension>
            <gpxtpx:hr>125</gpxtpx:hr>
          </gpxtpx:TrackPointExtension>
        </extensions>
      </trkpt>
      <trkpt lat="-33.781580748036504" lon="151.0850544925779">
        <ele>76.0</ele>
        <time>2026-08-27T21:53:38Z</time>
        <extensions>
          <gpxtpx:TrackPointExtension>
            <gpxtpx:hr>124</gpxtpx:hr>
          </gpxtpx:TrackPointExtension>
        </extensions>
      </trkpt>
      <trkpt lat="-33.781573036685586" lon="151.0851546563208">
        <ele>76.0</ele>
        <time>2026-08-27T21:53:41Z</time>
        <extensions>
          <gpxtpx:TrackPointExtension>
            <gpxtpx:hr>124</gpxtpx:hr>
          </gpxtpx:TrackPointExtension>
        </extensions>
      </trkpt>
      <trkpt lat="-33.7815738748759" lon="151.08525364659727">
        <ele>75.0</ele>
        <time>2026-08-27T21:53:44Z</time>
        <extensions>
          <gpxtpx:TrackPointExtension>
            <gpxtpx:hr>123</gpxtpx:hr>
          </gpxtpx:TrackPointExtension>
        </extensions>
      </trkpt>
      <trkpt lat="-33.781580748036504" lon="151.08535213395953">
        <ele>75.0</ele>
        <time>2026-08-27T21:53:47Z</time>
        <extensions>
          <gpxtpx:TrackPointExtension>
            <gpxtpx:hr>124</gpxtpx:hr>
          </gpxtpx:TrackPointExtension>
        </extensions>
      </trkpt>
      <trkpt lat="-33.78158167004585" lon="151.08541114255786">
        <ele>75.0</ele>
        <time>2026-08-27T21:53:50Z</time>
        <extensions>
          <gpxtpx:TrackPointExtension>
            <gpxtpx:hr>124</gpxtpx:hr>
          </gpxtpx:TrackPointExtension>
        </extensions>
      </trkpt>
      <trkpt lat="-33.781576892361045" lon="151.08550803735852">
        <ele>75.0</ele>
        <time>2026-08-27T21:53:53Z</time>
        <extensions>
          <gpxtpx:TrackPointExtension>
            <gpxtpx:hr>125</gpxtpx:hr>
          </gpxtpx:TrackPointExtension>
        </extensions>
      </trkpt>
      <trkpt lat="-33.78156800754368" lon="151.08560618944466">
        <ele>75.0</ele>
        <time>2026-08-27T21:53:56Z</time>
        <extensions>
          <gpxtpx:TrackPointExtension>
            <gpxtpx:hr>126</gpxtpx:hr>
          </gpxtpx:TrackPointExtension>
        </extensions>
      </trkpt>
      <trkpt lat="-33.78156406804919" lon="151.085704844445">
        <ele>75.0</ele>
        <time>2026-08-27T21:53:59Z</time>
        <extensions>
          <gpxtpx:TrackPointExtension>
            <gpxtpx:hr>126</gpxtpx:hr>
          </gpxtpx:TrackPointExtension>
        </extensions>
      </trkpt>
      <trkpt lat="-33.78157320432365" lon="151.08574675396085">
        <ele>75.0</ele>
        <time>2026-08-27T21:54:02Z</time>
        <extensions>
          <gpxtpx:TrackPointExtension>
            <gpxtpx:hr>126</gpxtpx:hr>
          </gpxtpx:TrackPointExtension>
        </extensions>
      </trkpt>
      <trkpt lat="-33.7816256750375" lon="151.0857651103288">
        <ele>75.0</ele>
        <time>2026-08-27T21:54:05Z</time>
        <extensions>
          <gpxtpx:TrackPointExtension>
            <gpxtpx:hr>126</gpxtpx:hr>
          </gpxtpx:TrackPointExtension>
        </extensions>
      </trkpt>
      <trkpt lat="-33.78170991316438" lon="151.08577474951744">
        <ele>75.0</ele>
        <time>2026-08-27T21:54:08Z</time>
        <extensions>
          <gpxtpx:TrackPointExtension>
            <gpxtpx:hr>127</gpxtpx:hr>
          </gpxtpx:TrackPointExtension>
        </extensions>
      </trkpt>
      <trkpt lat="-33.78180596977472" lon="151.08579637482762">
        <ele>75.0</ele>
        <time>2026-08-27T21:54:11Z</time>
        <extensions>
          <gpxtpx:TrackPointExtension>
            <gpxtpx:hr>127</gpxtpx:hr>
          </gpxtpx:TrackPointExtension>
        </extensions>
      </trkpt>
      <trkpt lat="-33.781861793249846" lon="151.08581397682428">
        <ele>75.0</ele>
        <time>2026-08-27T21:54:14Z</time>
        <extensions>
          <gpxtpx:TrackPointExtension>
            <gpxtpx:hr>127</gpxtpx:hr>
          </gpxtpx:TrackPointExtension>
        </extensions>
      </trkpt>
      <trkpt lat="-33.7819504737854" lon="151.0858402121812">
        <ele>75.0</ele>
        <time>2026-08-27T21:54:17Z</time>
        <extensions>
          <gpxtpx:TrackPointExtension>
            <gpxtpx:hr>128</gpxtpx:hr>
          </gpxtpx:TrackPointExtension>
        </extensions>
      </trkpt>
      <trkpt lat="-33.782038651406765" lon="151.08585915528238">
        <ele>74.0</ele>
        <time>2026-08-27T21:54:20Z</time>
        <extensions>
          <gpxtpx:TrackPointExtension>
            <gpxtpx:hr>129</gpxtpx:hr>
          </gpxtpx:TrackPointExtension>
        </extensions>
      </trkpt>
      <trkpt lat="-33.78212339244783" lon="151.08587658964097">
        <ele>73.0</ele>
        <time>2026-08-27T21:54:23Z</time>
        <extensions>
          <gpxtpx:TrackPointExtension>
            <gpxtpx:hr>131</gpxtpx:hr>
          </gpxtpx:TrackPointExtension>
        </extensions>
      </trkpt>
      <trkpt lat="-33.78216094337404" lon="151.08590743504465">
        <ele>73.0</ele>
        <time>2026-08-27T21:54:26Z</time>
        <extensions>
          <gpxtpx:TrackPointExtension>
            <gpxtpx:hr>132</gpxtpx:hr>
          </gpxtpx:TrackPointExtension>
        </extensions>
      </trkpt>
      <trkpt lat="-33.78219950012863" lon="151.08599460683763">
        <ele>72.0</ele>
        <time>2026-08-27T21:54:29Z</time>
        <extensions>
          <gpxtpx:TrackPointExtension>
            <gpxtpx:hr>133</gpxtpx:hr>
          </gpxtpx:TrackPointExtension>
        </extensions>
      </trkpt>
      <trkpt lat="-33.78223478794098" lon="151.08609410002828">
        <ele>72.0</ele>
        <time>2026-08-27T21:54:32Z</time>
        <extensions>
          <gpxtpx:TrackPointExtension>
            <gpxtpx:hr>133</gpxtpx:hr>
          </gpxtpx:TrackPointExtension>
        </extensions>
      </trkpt>
      <trkpt lat="-33.78227669745684" lon="151.08618739061058">
        <ele>71.0</ele>
        <time>2026-08-27T21:54:35Z</time>
        <extensions>
          <gpxtpx:TrackPointExtension>
            <gpxtpx:hr>134</gpxtpx:hr>
          </gpxtpx:TrackPointExtension>
        </extensions>
      </trkpt>
      <trkpt lat="-33.782309303060174" lon="151.08623432926834">
        <ele>71.0</ele>
        <time>2026-08-27T21:54:38Z</time>
        <extensions>
          <gpxtpx:TrackPointExtension>
            <gpxtpx:hr>133</gpxtpx:hr>
          </gpxtpx:TrackPointExtension>
        </extensions>
      </trkpt>
      <trkpt lat="-33.78237308934331" lon="151.08629803173244">
        <ele>71.0</ele>
        <time>2026-08-27T21:54:41Z</time>
        <extensions>
          <gpxtpx:TrackPointExtension>
            <gpxtpx:hr>133</gpxtpx:hr>
          </gpxtpx:TrackPointExtension>
        </extensions>
      </trkpt>
      <trkpt lat="-33.782443748787045" lon="151.08634782023728">
        <ele>71.0</ele>
        <time>2026-08-27T21:54:44Z</time>
        <extensions>
          <gpxtpx:TrackPointExtension>
            <gpxtpx:hr>132</gpxtpx:hr>
          </gpxtpx:TrackPointExtension>
        </extensions>
      </trkpt>
      <trkpt lat="-33.78252404741943" lon="151.08638218604028">
        <ele>71.0</ele>
        <time>2026-08-27T21:54:47Z</time>
        <extensions>
          <gpxtpx:TrackPointExtension>
            <gpxtpx:hr>131</gpxtpx:hr>
          </gpxtpx:TrackPointExtension>
        </extensions>
      </trkpt>
      <trkpt lat="-33.78257350064814" lon="151.08640054240823">
        <ele>71.0</ele>
        <time>2026-08-27T21:54:50Z</time>
        <extensions>
          <gpxtpx:TrackPointExtension>
            <gpxtpx:hr>131</gpxtpx:hr>
          </gpxtpx:TrackPointExtension>
        </extensions>
      </trkpt>
      <trkpt lat="-33.78265639767051" lon="151.08642803505063">
        <ele>71.0</ele>
        <time>2026-08-27T21:54:53Z</time>
        <extensions>
          <gpxtpx:TrackPointExtension>
            <gpxtpx:hr>132</gpxtpx:hr>
          </gpxtpx:TrackPointExtension>
        </extensions>
      </trkpt>
      <trkpt lat="-33.782737450674176" lon="151.08643381856382">
        <ele>70.0</ele>
        <time>2026-08-27T21:54:56Z</time>
        <extensions>
          <gpxtpx:TrackPointExtension>
            <gpxtpx:hr>132</gpxtpx:hr>
          </gpxtpx:TrackPointExtension>
        </extensions>
      </trkpt>
      <trkpt lat="-33.78281724639237" lon="151.0864147078246">
        <ele>70.0</ele>
        <time>2026-08-27T21:54:59Z</time>
        <extensions>
          <gpxtpx:TrackPointExtension>
            <gpxtpx:hr>132</gpxtpx:hr>
          </gpxtpx:TrackPointExtension>
        </extensions>
      </trkpt>
      <trkpt lat="-33.7828641012311" lon="151.08638721518219">
        <ele>70.0</ele>
        <time>2026-08-27T21:55:02Z</time>
        <extensions>
          <gpxtpx:TrackPointExtension>
            <gpxtpx:hr>132</gpxtpx:hr>
          </gpxtpx:TrackPointExtension>
        </extensions>
      </trkpt>
      <trkpt lat="-33.78293300047517" lon="151.08632351271808">
        <ele>69.0</ele>
        <time>2026-08-27T21:55:05Z</time>
        <extensions>
          <gpxtpx:TrackPointExtension>
            <gpxtpx:hr>133</gpxtpx:hr>
          </gpxtpx:TrackPointExtension>
        </extensions>
      </trkpt>
      <trkpt lat="-33.78300625830889" lon="151.0862789209932">
        <ele>68.0</ele>
        <time>2026-08-27T21:55:08Z</time>
        <extensions>
          <gpxtpx:TrackPointExtension>
            <gpxtpx:hr>134</gpxtpx:hr>
          </gpxtpx:TrackPointExtension>
        </extensions>
      </trkpt>
      <trkpt lat="-33.783091669902205" lon="151.0862603969872">
        <ele>67.0</ele>
        <time>2026-08-27T21:55:11Z</time>
        <extensions>
          <gpxtpx:TrackPointExtension>
            <gpxtpx:hr>134</gpxtpx:hr>
          </gpxtpx:TrackPointExtension>
        </extensions>
      </trkpt>
      <trkpt lat="-33.78314606845379" lon="151.08624924905598">
        <ele>67.0</ele>
        <time>2026-08-27T21:55:14Z</time>
        <extensions>
          <gpxtpx:TrackPointExtension>
            <gpxtpx:hr>133</gpxtpx:hr>
          </gpxtpx:TrackPointExtension>
        </extensions>
      </trkpt>
      <trkpt lat="-33.78323097713292" lon="151.08619912527502">
        <ele>67.0</ele>
        <time>2026-08-27T21:55:17Z</time>
        <extensions>
          <gpxtpx:TrackPointExtension>
            <gpxtpx:hr>132</gpxtpx:hr>
          </gpxtpx:TrackPointExtension>
        </extensions>
      </trkpt>
      <trkpt lat="-33.78329157829285" lon="151.0861176531762">
        <ele>66.0</ele>
        <time>2026-08-27T21:55:20Z</time>
        <extensions>
          <gpxtpx:TrackPointExtension>
            <gpxtpx:hr>131</gpxtpx:hr>
          </gpxtpx:TrackPointExtension>
        </extensions>
      </trkpt>
      <trkpt lat="-33.7833318952471" lon="151.08602352440357">
        <ele>66.0</ele>
        <time>2026-08-27T21:55:23Z</time>
        <extensions>
          <gpxtpx:TrackPointExtension>
            <gpxtpx:hr>131</gpxtpx:hr>
          </gpxtpx:TrackPointExtension>
        </extensions>
      </trkpt>
      <trkpt lat="-33.783349664881825" lon="151.08596342615783">
        <ele>66.0</ele>
        <time>2026-08-27T21:55:26Z</time>
        <extensions>
          <gpxtpx:TrackPointExtension>
            <gpxtpx:hr>132</gpxtpx:hr>
          </gpxtpx:TrackPointExtension>
        </extensions>
      </trkpt>
      <trkpt lat="-33.783374140039086" lon="151.08586410060525">
        <ele>66.0</ele>
        <time>2026-08-27T21:55:29Z</time>
        <extensions>
          <gpxtpx:TrackPointExtension>
            <gpxtpx:hr>133</gpxtpx:hr>
          </gpxtpx:TrackPointExtension>
        </extensions>
      </trkpt>
      <trkpt lat="-33.783420994877815" lon="151.0857825446874">
        <ele>66.0</ele>
        <time>2026-08-27T21:55:32Z</time>
        <extensions>
          <gpxtpx:TrackPointExtension>
            <gpxtpx:hr>132</gpxtpx:hr>
          </gpxtpx:TrackPointExtension>
        </extensions>
      </trkpt>
      <trkpt lat="-33.7834978569299" lon="151.08572714030743">
        <ele>66.0</ele>
        <time>2026-08-27T21:55:35Z</time>
        <extensions>
          <gpxtpx:TrackPointExtension>
            <gpxtpx:hr>131</gpxtpx:hr>
          </gpxtpx:TrackPointExtension>
        </extensions>
      </trkpt>
      <trkpt lat="-33.78354529850185" lon="151.0856967139989">
        <ele>66.0</ele>
        <time>2026-08-27T21:55:38Z</time>
        <extensions>
          <gpxtpx:TrackPointExtension>
            <gpxtpx:hr>131</gpxtpx:hr>
          </gpxtpx:TrackPointExtension>
        </extensions>
      </trkpt>
      <trkpt lat="-33.78361034207046" lon="151.08562865294516">
        <ele>66.0</ele>
        <time>2026-08-27T21:55:41Z</time>
        <extensions>
          <gpxtpx:TrackPointExtension>
            <gpxtpx:hr>132</gpxtpx:hr>
          </gpxtpx:TrackPointExtension>
        </extensions>
      </trkpt>
      <trkpt lat="-33.78363976255059" lon="151.08553594909608">
        <ele>66.0</ele>
        <time>2026-08-27T21:55:44Z</time>
        <extensions>
          <gpxtpx:TrackPointExtension>
            <gpxtpx:hr>133</gpxtpx:hr>
          </gpxtpx:TrackPointExtension>
        </extensions>
      </trkpt>
      <trkpt lat="-33.783640936017036" lon="151.08542882837355">
        <ele>66.0</ele>
        <time>2026-08-27T21:55:47Z</time>
        <extensions>
          <gpxtpx:TrackPointExtension>
            <gpxtpx:hr>134</gpxtpx:hr>
          </gpxtpx:TrackPointExtension>
        </extensions>
      </trkpt>
      <trkpt lat="-33.78364261239767" lon="151.0853644553572">
        <ele>66.0</ele>
        <time>2026-08-27T21:55:50Z</time>
        <extensions>
          <gpxtpx:TrackPointExtension>
            <gpxtpx:hr>135</gpxtpx:hr>
          </gpxtpx:TrackPointExtension>
        </extensions>
      </trkpt>
      <trkpt lat="-33.78365761600435" lon="151.0852626990527">
        <ele>66.0</ele>
        <time>2026-08-27T21:55:53Z</time>
        <extensions>
          <gpxtpx:TrackPointExtension>
            <gpxtpx:hr>136</gpxtpx:hr>
          </gpxtpx:TrackPointExtension>
        </extensions>
      </trkpt>
      <trkpt lat="-33.78367840312421" lon="151.08516848646104">
        <ele>66.0</ele>
        <time>2026-08-27T21:55:56Z</time>
        <extensions>
          <gpxtpx:TrackPointExtension>
            <gpxtpx:hr>137</gpxtpx:hr>
          </gpxtpx:TrackPointExtension>
        </extensions>
      </trkpt>
      <trkpt lat="-33.783705392852426" lon="151.0850824881345">
        <ele>66.0</ele>
        <time>2026-08-27T21:55:59Z</time>
        <extensions>
          <gpxtpx:TrackPointExtension>
            <gpxtpx:hr>137</gpxtpx:hr>
          </gpxtpx:TrackPointExtension>
        </extensions>
      </trkpt>
      <trkpt lat="-33.78373020328581" lon="151.08503529801965">
        <ele>66.0</ele>
        <time>2026-08-27T21:56:02Z</time>
        <extensions>
          <gpxtpx:TrackPointExtension>
            <gpxtpx:hr>137</gpxtpx:hr>
          </gpxtpx:TrackPointExtension>
        </extensions>
      </trkpt>
      <trkpt lat="-33.78377831541002" lon="151.08495265245438">
        <ele>66.0</ele>
        <time>2026-08-27T21:56:05Z</time>
        <extensions>
          <gpxtpx:TrackPointExtension>
            <gpxtpx:hr>137</gpxtpx:hr>
          </gpxtpx:TrackPointExtension>
        </extensions>
      </trkpt>
      <trkpt lat="-33.78382760100067" lon="151.08486757613719">
        <ele>66.0</ele>
        <time>2026-08-27T21:56:08Z</time>
        <extensions>
          <gpxtpx:TrackPointExtension>
            <gpxtpx:hr>138</gpxtpx:hr>
          </gpxtpx:TrackPointExtension>
        </extensions>
      </trkpt>
      <trkpt lat="-33.7838726118207" lon="151.08478602021933">
        <ele>67.0</ele>
        <time>2026-08-27T21:56:11Z</time>
        <extensions>
          <gpxtpx:TrackPointExtension>
            <gpxtpx:hr>139</gpxtpx:hr>
          </gpxtpx:TrackPointExtension>
        </extensions>
      </trkpt>
      <trkpt lat="-33.783898344263434" lon="151.08473857864738">
        <ele>67.0</ele>
        <time>2026-08-27T21:56:14Z</time>
        <extensions>
          <gpxtpx:TrackPointExtension>
            <gpxtpx:hr>140</gpxtpx:hr>
          </gpxtpx:TrackPointExtension>
        </extensions>
      </trkpt>
      <trkpt lat="-33.78393329679966" lon="151.0846524965018">
        <ele>67.0</ele>
        <time>2026-08-27T21:56:17Z</time>
        <extensions>
          <gpxtpx:TrackPointExtension>
            <gpxtpx:hr>140</gpxtpx:hr>
          </gpxtpx:TrackPointExtension>
        </extensions>
      </trkpt>
      <trkpt lat="-33.78392156213522" lon="151.08458024449646">
        <ele>67.0</ele>
        <time>2026-08-27T21:56:20Z</time>
        <extensions>
          <gpxtpx:TrackPointExtension>
            <gpxtpx:hr>141</gpxtpx:hr>
          </gpxtpx:TrackPointExtension>
        </extensions>
      </trkpt>
      <trkpt lat="-33.78385157324374" lon="151.08454084955156">
        <ele>67.0</ele>
        <time>2026-08-27T21:56:23Z</time>
        <extensions>
          <gpxtpx:TrackPointExtension>
            <gpxtpx:hr>140</gpxtpx:hr>
          </gpxtpx:TrackPointExtension>
        </extensions>
      </trkpt>
      <trkpt lat="-33.78379608504474" lon="151.08452634885907">
        <ele>68.0</ele>
        <time>2026-08-27T21:56:26Z</time>
        <extensions>
          <gpxtpx:TrackPointExtension>
            <gpxtpx:hr>141</gpxtpx:hr>
          </gpxtpx:TrackPointExtension>
        </extensions>
      </trkpt>
      <trkpt lat="-33.78370254300535" lon="151.08450522646308">
        <ele>68.0</ele>
        <time>2026-08-27T21:56:29Z</time>
        <extensions>
          <gpxtpx:TrackPointExtension>
            <gpxtpx:hr>141</gpxtpx:hr>
          </gpxtpx:TrackPointExtension>
        </extensions>
      </trkpt>
      <trkpt lat="-33.783615035936236" lon="151.0844830982387">
        <ele>68.0</ele>
        <time>2026-08-27T21:56:32Z</time>
        <extensions>
          <gpxtpx:TrackPointExtension>
            <gpxtpx:hr>141</gpxtpx:hr>
          </gpxtpx:TrackPointExtension>
        </extensions>
      </trkpt>
      <trkpt lat="-33.78352970816195" lon="151.08445711433887">
        <ele>69.0</ele>
        <time>2026-08-27T21:56:35Z</time>
        <extensions>
          <gpxtpx:TrackPointExtension>
            <gpxtpx:hr>142</gpxtpx:hr>
          </gpxtpx:TrackPointExtension>
        </extensions>
      </trkpt>
      <trkpt lat="-33.78347975201905" lon="151.08444269746542">
        <ele>69.0</ele>
        <time>2026-08-27T21:56:38Z</time>
        <extensions>
          <gpxtpx:TrackPointExtension>
            <gpxtpx:hr>143</gpxtpx:hr>
          </gpxtpx:TrackPointExtension>
        </extensions>
      </trkpt>
      <trkpt lat="-33.78340020775795" lon="151.08442157506943">
        <ele>69.0</ele>
        <time>2026-08-27T21:56:41Z</time>
        <extensions>
          <gpxtpx:TrackPointExtension>
            <gpxtpx:hr>144</gpxtpx:hr>
          </gpxtpx:TrackPointExtension>
        </extensions>
      </trkpt>
      <trkpt lat="-33.78332108259201" lon="151.08439785428345">
        <ele>70.0</ele>
        <time>2026-08-27T21:56:44Z</time>
        <extensions>
          <gpxtpx:TrackPointExtension>
            <gpxtpx:hr>144</gpxtpx:hr>
          </gpxtpx:TrackPointExtension>
        </extensions>
      </trkpt>
      <trkpt lat="-33.78324036486447" lon="151.08436977490783">
        <ele>70.0</ele>
        <time>2026-08-27T21:56:47Z</time>
        <extensions>
          <gpxtpx:TrackPointExtension>
            <gpxtpx:hr>146</gpxtpx:hr>
          </gpxtpx:TrackPointExtension>
        </extensions>
      </trkpt>
      <trkpt lat="-33.783192252740264" lon="151.08435208909214">
        <ele>70.0</ele>
        <time>2026-08-27T21:56:50Z</time>
        <extensions>
          <gpxtpx:TrackPointExtension>
            <gpxtpx:hr>146</gpxtpx:hr>
          </gpxtpx:TrackPointExtension>
        </extensions>
      </trkpt>
      <trkpt lat="-33.78311639651656" lon="151.08434731140733">
        <ele>70.0</ele>
        <time>2026-08-27T21:56:53Z</time>
        <extensions>
          <gpxtpx:TrackPointExtension>
            <gpxtpx:hr>146</gpxtpx:hr>
          </gpxtpx:TrackPointExtension>
        </extensions>
      </trkpt>
      <trkpt lat="-33.78306191414595" lon="151.084407242015">
        <ele>71.0</ele>
        <time>2026-08-27T21:56:56Z</time>
        <extensions>
          <gpxtpx:TrackPointExtension>
            <gpxtpx:hr>146</gpxtpx:hr>
          </gpxtpx:TrackPointExtension>
        </extensions>
      </trkpt>
      <trkpt lat="-33.78303048200905" lon="151.0845140274614">
        <ele>71.0</ele>
        <time>2026-08-27T21:56:59Z</time>
        <extensions>
          <gpxtpx:TrackPointExtension>
            <gpxtpx:hr>145</gpxtpx:hr>
          </gpxtpx:TrackPointExtension>
        </extensions>
      </trkpt>
      <trkpt lat="-33.783020339906216" lon="151.0845856089145">
        <ele>71.0</ele>
        <time>2026-08-27T21:57:02Z</time>
        <extensions>
          <gpxtpx:TrackPointExtension>
            <gpxtpx:hr>146</gpxtpx:hr>
          </gpxtpx:TrackPointExtension>
        </extensions>
      </trkpt>
      <trkpt lat="-33.783002737909555" lon="151.08470018953085">
        <ele>71.0</ele>
        <time>2026-08-27T21:57:05Z</time>
        <extensions>
          <gpxtpx:TrackPointExtension>
            <gpxtpx:hr>146</gpxtpx:hr>
          </gpxtpx:TrackPointExtension>
        </extensions>
      </trkpt>
      <trkpt lat="-33.782960157841444" lon="151.08478643931448">
        <ele>71.0</ele>
        <time>2026-08-27T21:57:08Z</time>
        <extensions>
          <gpxtpx:TrackPointExtension>
            <gpxtpx:hr>147</gpxtpx:hr>
          </gpxtpx:TrackPointExtension>
        </extensions>
      </trkpt>
      <trkpt lat="-33.782881954684854" lon="151.08481887727976">
        <ele>70.0</ele>
        <time>2026-08-27T21:57:11Z</time>
        <extensions>
          <gpxtpx:TrackPointExtension>
            <gpxtpx:hr>146</gpxtpx:hr>
          </gpxtpx:TrackPointExtension>
        </extensions>
      </trkpt>
      <trkpt lat="-33.78282495774329" lon="151.08481887727976">
        <ele>70.0</ele>
        <time>2026-08-27T21:57:14Z</time>
        <extensions>
          <gpxtpx:TrackPointExtension>
            <gpxtpx:hr>145</gpxtpx:hr>
          </gpxtpx:TrackPointExtension>
        </extensions>
      </trkpt>
      <trkpt lat="-33.78273317590356" lon="151.08481518924236">
        <ele>69.0</ele>
        <time>2026-08-27T21:57:17Z</time>
        <extensions>
          <gpxtpx:TrackPointExtension>
            <gpxtpx:hr>145</gpxtpx:hr>
          </gpxtpx:TrackPointExtension>
        </extensions>
      </trkpt>
      <trkpt lat="-33.782662600278854" lon="151.0848342999816">
        <ele>69.0</ele>
        <time>2026-08-27T21:57:20Z</time>
        <extensions>
          <gpxtpx:TrackPointExtension>
            <gpxtpx:hr>145</gpxtpx:hr>
          </gpxtpx:TrackPointExtension>
        </extensions>
      </trkpt>
      <trkpt lat="-33.78263016231358" lon="151.08489129692316">
        <ele>68.0</ele>
        <time>2026-08-27T21:57:23Z</time>
        <extensions>
          <gpxtpx:TrackPointExtension>
            <gpxtpx:hr>145</gpxtpx:hr>
          </gpxtpx:TrackPointExtension>
        </extensions>
      </trkpt>
      <trkpt lat="-33.78260367549956" lon="151.0849162749946">
        <ele>68.0</ele>
        <time>2026-08-27T21:57:26Z</time>
        <extensions>
          <gpxtpx:TrackPointExtension>
            <gpxtpx:hr>145</gpxtpx:hr>
          </gpxtpx:TrackPointExtension>
        </extensions>
      </trkpt>
      <trkpt lat="-33.78252857364714" lon="151.08493278734386">
        <ele>68.0</ele>
        <time>2026-08-27T21:57:29Z</time>
        <extensions>
          <gpxtpx:TrackPointExtension>
            <gpxtpx:hr>145</gpxtpx:hr>
          </gpxtpx:TrackPointExtension>
        </extensions>
      </trkpt>
      <trkpt lat="-33.78243628889322" lon="151.0849376488477">
        <ele>68.0</ele>
        <time>2026-08-27T21:57:32Z</time>
        <extensions>
          <gpxtpx:TrackPointExtension>
            <gpxtpx:hr>145</gpxtpx:hr>
          </gpxtpx:TrackPointExtension>
        </extensions>
      </trkpt>
      <trkpt lat="-33.782342579215765" lon="151.08494175598025">
        <ele>68.0</ele>
        <time>2026-08-27T21:57:35Z</time>
        <extensions>
          <gpxtpx:TrackPointExtension>
            <gpxtpx:hr>145</gpxtpx:hr>
          </gpxtpx:TrackPointExtension>
        </extensions>
      </trkpt>
      <trkpt lat="-33.782290276139975" lon="151.0849477071315">
        <ele>68.0</ele>
        <time>2026-08-27T21:57:38Z</time>
        <extensions>
          <gpxtpx:TrackPointExtension>
            <gpxtpx:hr>145</gpxtpx:hr>
          </gpxtpx:TrackPointExtension>
        </extensions>
      </trkpt>
      <trkpt lat="-33.782222885638475" lon="151.08498618006706">
        <ele>68.0</ele>
        <time>2026-08-27T21:57:41Z</time>
        <extensions>
          <gpxtpx:TrackPointExtension>
            <gpxtpx:hr>144</gpxtpx:hr>
          </gpxtpx:TrackPointExtension>
        </extensions>
      </trkpt>
      <trkpt lat="-33.78217636607587" lon="151.08505751006305">
        <ele>68.0</ele>
        <time>2026-08-27T21:57:44Z</time>
        <extensions>
          <gpxtpx:TrackPointExtension>
            <gpxtpx:hr>144</gpxtpx:hr>
          </gpxtpx:TrackPointExtension>
        </extensions>
      </trkpt>
      <trkpt lat="-33.78214946016669" lon="151.08515524305403">
        <ele>68.0</ele>
        <time>2026-08-27T21:57:47Z</time>
        <extensions>
          <gpxtpx:TrackPointExtension>
            <gpxtpx:hr>144</gpxtpx:hr>
          </gpxtpx:TrackPointExtension>
        </extensions>
      </trkpt>
      <trkpt lat="-33.7821404915303" lon="151.08522028662264">
        <ele>68.0</ele>
        <time>2026-08-27T21:57:50Z</time>
        <extensions>
          <gpxtpx:TrackPointExtension>
            <gpxtpx:hr>144</gpxtpx:hr>
          </gpxtpx:TrackPointExtension>
        </extensions>
      </trkpt>
      <trkpt lat="-33.78213160671294" lon="151.08532883226871">
        <ele>68.0</ele>
        <time>2026-08-27T21:57:53Z</time>
        <extensions>
          <gpxtpx:TrackPointExtension>
            <gpxtpx:hr>144</gpxtpx:hr>
          </gpxtpx:TrackPointExtension>
        </extensions>
      </trkpt>
      <trkpt lat="-33.78212867304683" lon="151.08543151058257">
        <ele>69.0</ele>
        <time>2026-08-27T21:57:56Z</time>
        <extensions>
          <gpxtpx:TrackPointExtension>
            <gpxtpx:hr>144</gpxtpx:hr>
          </gpxtpx:TrackPointExtension>
        </extensions>
      </trkpt>
      <trkpt lat="-33.78212498500943" lon="151.08552949503064">
        <ele>69.0</ele>
        <time>2026-08-27T21:57:59Z</time>
        <extensions>
          <gpxtpx:TrackPointExtension>
            <gpxtpx:hr>144</gpxtpx:hr>
          </gpxtpx:TrackPointExtension>
        </extensions>
      </trkpt>
      <trkpt lat="-33.782121716067195" lon="151.08559185639024">
        <ele>70.0</ele>
        <time>2026-08-27T21:58:02Z</time>
        <extensions>
          <gpxtpx:TrackPointExtension>
            <gpxtpx:hr>144</gpxtpx:hr>
          </gpxtpx:TrackPointExtension>
        </extensions>
      </trkpt>
      <trkpt lat="-33.78212154842913" lon="151.0856993123889">
        <ele>70.0</ele>
        <time>2026-08-27T21:58:05Z</time>
        <extensions>
          <gpxtpx:TrackPointExtension>
            <gpxtpx:hr>144</gpxtpx:hr>
          </gpxtpx:TrackPointExtension>
        </extensions>
      </trkpt>
      <trkpt lat="-33.78213068470359" lon="151.0858047567308">
        <ele>70.0</ele>
        <time>2026-08-27T21:58:08Z</time>
        <extensions>
          <gpxtpx:TrackPointExtension>
            <gpxtpx:hr>145</gpxtpx:hr>
          </gpxtpx:TrackPointExtension>
        </extensions>
      </trkpt>
      <trkpt lat="-33.78214476630092" lon="151.0859035793692">
        <ele>70.0</ele>
        <time>2026-08-27T21:58:11Z</time>
        <extensions>
          <gpxtpx:TrackPointExtension>
            <gpxtpx:hr>145</gpxtpx:hr>
          </gpxtpx:TrackPointExtension>
        </extensions>
      </trkpt>
      <trkpt lat="-33.78215675242245" lon="151.08595998957753">
        <ele>70.0</ele>
        <time>2026-08-27T21:58:14Z</time>
        <extensions>
          <gpxtpx:TrackPointExtension>
            <gpxtpx:hr>145</gpxtpx:hr>
          </gpxtpx:TrackPointExtension>
        </extensions>
      </trkpt>
      <trkpt lat="-33.782188603654504" lon="151.08605219051242">
        <ele>70.0</ele>
        <time>2026-08-27T21:58:17Z</time>
        <extensions>
          <gpxtpx:TrackPointExtension>
            <gpxtpx:hr>144</gpxtpx:hr>
          </gpxtpx:TrackPointExtension>
        </extensions>
      </trkpt>
      <trkpt lat="-33.782242834568024" lon="151.08615403063595">
        <ele>70.0</ele>
        <time>2026-08-27T21:58:20Z</time>
        <extensions>
          <gpxtpx:TrackPointExtension>
            <gpxtpx:hr>144</gpxtpx:hr>
          </gpxtpx:TrackPointExtension>
        </extensions>
      </trkpt>
      <trkpt lat="-33.782320534810424" lon="151.0862617380917">
        <ele>70.0</ele>
        <time>2026-08-27T21:58:23Z</time>
        <extensions>
          <gpxtpx:TrackPointExtension>
            <gpxtpx:hr>143</gpxtpx:hr>
          </gpxtpx:TrackPointExtension>
        </extensions>
      </trkpt>
      <trkpt lat="-33.782375855371356" lon="151.08631731010973">
        <ele>70.0</ele>
        <time>2026-08-27T21:58:26Z</time>
        <extensions>
          <gpxtpx:TrackPointExtension>
            <gpxtpx:hr>143</gpxtpx:hr>
          </gpxtpx:TrackPointExtension>
        </extensions>
      </trkpt>
      <trkpt lat="-33.78247819840908" lon="151.0863798391074">
        <ele>70.0</ele>
        <time>2026-08-27T21:58:29Z</time>
        <extensions>
          <gpxtpx:TrackPointExtension>
            <gpxtpx:hr>144</gpxtpx:hr>
          </gpxtpx:TrackPointExtension>
        </extensions>
      </trkpt>
      <trkpt lat="-33.7825826369226" lon="151.08641521073878">
        <ele>70.0</ele>
        <time>2026-08-27T21:58:32Z</time>
        <extensions>
          <gpxtpx:TrackPointExtension>
            <gpxtpx:hr>144</gpxtpx:hr>
          </gpxtpx:TrackPointExtension>
        </extensions>
      </trkpt>
      <trkpt lat="-33.78267986699939" lon="151.08643415383995">
        <ele>70.0</ele>
        <time>2026-08-27T21:58:35Z</time>
        <extensions>
          <gpxtpx:TrackPointExtension>
            <gpxtpx:hr>144</gpxtpx:hr>
          </gpxtpx:TrackPointExtension>
        </extensions>
      </trkpt>
      <trkpt lat="-33.78273485228419" lon="151.08643658459187">
        <ele>70.0</ele>
        <time>2026-08-27T21:58:38Z</time>
        <extensions>
          <gpxtpx:TrackPointExtension>
            <gpxtpx:hr>145</gpxtpx:hr>
          </gpxtpx:TrackPointExtension>
        </extensions>
      </trkpt>
      <trkpt lat="-33.78282864578068" lon="151.08640649355948">
        <ele>70.0</ele>
        <time>2026-08-27T21:58:41Z</time>
        <extensions>
          <gpxtpx:TrackPointExtension>
            <gpxtpx:hr>146</gpxtpx:hr>
          </gpxtpx:TrackPointExtension>
        </extensions>
      </trkpt>
      <trkpt lat="-33.78292285837233" lon="151.08633507974446">
        <ele>69.0</ele>
        <time>2026-08-27T21:58:44Z</time>
        <extensions>
          <gpxtpx:TrackPointExtension>
            <gpxtpx:hr>147</gpxtpx:hr>
          </gpxtpx:TrackPointExtension>
        </extensions>
      </trkpt>
      <trkpt lat="-33.783030062913895" lon="151.0862741433084">
        <ele>68.0</ele>
        <time>2026-08-27T21:58:47Z</time>
        <extensions>
          <gpxtpx:TrackPointExtension>
            <gpxtpx:hr>147</gpxtpx:hr>
          </gpxtpx:TrackPointExtension>
        </extensions>
      </trkpt>
      <trkpt lat="-33.783102398738265" lon="151.08625603839755">
        <ele>68.0</ele>
        <time>2026-08-27T21:58:50Z</time>
        <extensions>
          <gpxtpx:TrackPointExtension>
            <gpxtpx:hr>147</gpxtpx:hr>
          </gpxtpx:TrackPointExtension>
        </extensions>
      </trkpt>
      <trkpt lat="-33.78321211785078" lon="151.0862131230533">
        <ele>67.0</ele>
        <time>2026-08-27T21:58:53Z</time>
        <extensions>
          <gpxtpx:TrackPointExtension>
            <gpxtpx:hr>147</gpxtpx:hr>
          </gpxtpx:TrackPointExtension>
        </extensions>
      </trkpt>
      <trkpt lat="-33.78328973427415" lon="151.08612075448036">
        <ele>67.0</ele>
        <time>2026-08-27T21:58:56Z</time>
        <extensions>
          <gpxtpx:TrackPointExtension>
            <gpxtpx:hr>148</gpxtpx:hr>
          </gpxtpx:TrackPointExtension>
        </extensions>
      </trkpt>
      <trkpt lat="-33.78334195353091" lon="151.08599510975182">
        <ele>66.0</ele>
        <time>2026-08-27T21:58:59Z</time>
        <extensions>
          <gpxtpx:TrackPointExtension>
            <gpxtpx:hr>149</gpxtpx:hr>
          </gpxtpx:TrackPointExtension>
        </extensions>
      </trkpt>
      <trkpt lat="-33.7833630759269" lon="151.08591514639556">
        <ele>66.0</ele>
        <time>2026-08-27T21:59:02Z</time>
        <extensions>
          <gpxtpx:TrackPointExtension>
            <gpxtpx:hr>150</gpxtpx:hr>
          </gpxtpx:TrackPointExtension>
        </extensions>
      </trkpt>
      <trkpt lat="-33.78340498544276" lon="151.08579821884632">
        <ele>66.0</ele>
        <time>2026-08-27T21:59:05Z</time>
        <extensions>
          <gpxtpx:TrackPointExtension>
            <gpxtpx:hr>150</gpxtpx:hr>
          </gpxtpx:TrackPointExtension>
        </extensions>
      </trkpt>
      <trkpt lat="-33.78348687663674" lon="151.0857178363949">
        <ele>66.0</ele>
        <time>2026-08-27T21:59:08Z</time>
        <extensions>
          <gpxtpx:TrackPointExtension>
            <gpxtpx:hr>149</gpxtpx:hr>
          </gpxtpx:TrackPointExtension>
        </extensions>
      </trkpt>
      <trkpt lat="-33.783583687618375" lon="151.0856504458934">
        <ele>66.0</ele>
        <time>2026-08-27T21:59:11Z</time>
        <extensions>
          <gpxtpx:TrackPointExtension>
            <gpxtpx:hr>149</gpxtpx:hr>
          </gpxtpx:TrackPointExtension>
        </extensions>
      </trkpt>
      <trkpt lat="-33.783611096441746" lon="151.0856155771762">
        <ele>66.0</ele>
        <time>2026-08-27T21:59:14Z</time>
        <extensions>
          <gpxtpx:TrackPointExtension>
            <gpxtpx:hr>149</gpxtpx:hr>
          </gpxtpx:TrackPointExtension>
        </extensions>
      </trkpt>
      <trkpt lat="-33.783644288778305" lon="151.08549915254116">
        <ele>66.0</ele>
        <time>2026-08-27T21:59:17Z</time>
        <extensions>
          <gpxtpx:TrackPointExtension>
            <gpxtpx:hr>149</gpxtpx:hr>
          </gpxtpx:TrackPointExtension>
        </extensions>
      </trkpt>
      <trkpt lat="-33.783645294606686" lon="151.08538080006838">
        <ele>66.0</ele>
        <time>2026-08-27T21:59:20Z</time>
        <extensions>
          <gpxtpx:TrackPointExtension>
            <gpxtpx:hr>150</gpxtpx:hr>
          </gpxtpx:TrackPointExtension>
        </extensions>
      </trkpt>
      <trkpt lat="-33.78364998847246" lon="151.08526152558625">
        <ele>66.0</ele>
        <time>2026-08-27T21:59:23Z</time>
        <extensions>
          <gpxtpx:TrackPointExtension>
            <gpxtpx:hr>150</gpxtpx:hr>
          </gpxtpx:TrackPointExtension>
        </extensions>
      </trkpt>
      <trkpt lat="-33.78365719690919" lon="151.0851911175996">
        <ele>66.0</ele>
        <time>2026-08-27T21:59:26Z</time>
        <extensions>
          <gpxtpx:TrackPointExtension>
            <gpxtpx:hr>150</gpxtpx:hr>
          </gpxtpx:TrackPointExtension>
        </extensions>
      </trkpt>
      <trkpt lat="-33.78362450748682" lon="151.08508919365704">
        <ele>66.0</ele>
        <time>2026-08-27T21:59:29Z</time>
        <extensions>
          <gpxtpx:TrackPointExtension>
            <gpxtpx:hr>151</gpxtpx:hr>
          </gpxtpx:TrackPointExtension>
        </extensions>
      </trkpt>
    </trkseg>
  </trk>
</gpx>